phase,env_steps,env_steps_per_second,train_updates_per_second,samples_per_second,total_train_step_time,component_seconds,latest_update_seconds,latest_sample_seconds
warmup_unmeasured,64,93.87277402557939,0.0,0.0,0.6817738227546215,,,
warmup_unmeasured,128,1853.742331819248,0.0,0.0,0.03452475508674979,,,
warmup_unmeasured,192,1896.1242612091646,0.0,0.0,0.03375306213274598,,,
warmup_unmeasured,256,1892.3557178891404,0.0,0.0,0.033820279873907566,,,
warmup_unmeasured,320,1911.8136078820958,0.0,0.0,0.033476066775619984,,,
warmup_unmeasured,384,1914.6239695583615,0.0,0.0,0.033426929265260696,,,
warmup_unmeasured,448,1906.638581710899,0.0,0.0,0.03356692800298333,,,
warmup_unmeasured,512,1902.0559586799,0.0,0.0,0.03364780079573393,,,
warmup_unmeasured,576,1903.0116506350837,0.0,0.0,0.033630902878940105,,,
warmup_unmeasured,640,1909.870643103949,0.0,0.0,0.033510122913867235,,,
warmup_unmeasured,704,1910.5510215117395,0.0,0.0,0.0334981894120574,,,
warmup_unmeasured,768,1910.283028320912,0.0,0.0,0.03350288886576891,,,
warmup_unmeasured,832,1909.6703945771173,0.0,0.0,0.03351363679394126,,,
warmup_unmeasured,896,1907.7875508030036,0.0,0.0,0.03354671224951744,,,
warmup_unmeasured,960,1903.7585051758344,0.0,0.0,0.033617709297686815,,,
warmup_unmeasured,1024,1911.3120730509481,0.0,0.0,0.03348485101014376,,,
warmup_unmeasured,1088,1851.9939104726068,0.0,0.0,0.0345573490485549,,,
warmup_unmeasured,1152,1882.3247384960719,0.0,0.0,0.034000509418547153,,,
warmup_unmeasured,1216,1900.0507555752308,0.0,0.0,0.033683310728520155,,,
warmup_unmeasured,1280,1890.9519896099212,0.0,0.0,0.03384538600221276,,,
warmup_unmeasured,1344,1901.8247648307415,0.0,0.0,0.03365189116448164,,,
warmup_unmeasured,1408,1892.6138566828727,0.0,0.0,0.033815667033195496,,,
warmup_unmeasured,1472,1901.3560486609747,0.0,0.0,0.03366018692031503,,,
warmup_unmeasured,1536,1900.9368336176046,0.0,0.0,0.033667610026896,,,
warmup_unmeasured,1600,1896.7994077811516,0.0,0.0,0.03374104807153344,,,
warmup_unmeasured,1664,1910.188377668855,0.0,0.0,0.03350454894825816,,,
warmup_unmeasured,1728,1902.9706779809733,0.0,0.0,0.03363162698224187,,,
warmup_unmeasured,1792,1910.1269195052434,0.0,0.0,0.03350562695413828,,,
warmup_unmeasured,1856,1897.8500590928506,0.0,0.0,0.033722369000315666,,,
warmup_unmeasured,1920,1912.7942536684552,0.0,0.0,0.03345890436321497,,,
warmup_unmeasured,1984,1910.8247219557852,0.0,0.0,0.03349339123815298,,,
warmup_unmeasured,2048,1904.6137856452278,0.0,0.0,0.033602613024413586,,,
warmup_unmeasured,2112,1901.0900238268814,0.0,0.0,0.033664897084236145,,,
warmup_unmeasured,2176,1903.8834555132785,0.0,0.0,0.03361550299450755,,,
warmup_unmeasured,2240,1895.8951608342156,0.0,0.0,0.03375714085996151,,,
warmup_unmeasured,2304,1908.7436313493586,0.0,0.0,0.03352990886196494,,,
warmup_unmeasured,2368,1910.4027821369752,0.0,0.0,0.03350078873336315,,,
warmup_unmeasured,2432,1898.529477602044,0.0,0.0,0.0337103009223938,,,
warmup_unmeasured,2496,1910.4553351699365,0.0,0.0,0.03349986718967557,,,
warmup_unmeasured,2560,1908.6990715797044,0.0,0.0,0.033530691638588905,,,
warmup_unmeasured,2624,1910.070694722906,0.0,0.0,0.0335066132247448,,,
warmup_unmeasured,2688,1912.1383207763897,0.0,0.0,0.03347038198262453,,,
warmup_unmeasured,2752,1915.3762847936487,0.0,0.0,0.033413799945265055,,,
warmup_unmeasured,2816,1906.1709532978596,0.0,0.0,0.03357516275718808,,,
warmup_unmeasured,2880,1903.5278991048297,0.0,0.0,0.03362178197130561,,,
warmup_unmeasured,2944,1901.322327898619,0.0,0.0,0.033660783898085356,,,
warmup_unmeasured,3008,1910.7036667758591,0.0,0.0,0.03349551325663924,,,
warmup_unmeasured,3072,1923.2677961314455,0.0,0.0,0.033276697155088186,,,
warmup_unmeasured,3136,1924.6033618668503,0.0,0.0,0.033253605011850595,,,
warmup_unmeasured,3200,1920.7443135424307,0.0,0.0,0.03332041623070836,,,
warmup_unmeasured,3264,1915.6328928658954,0.0,0.0,0.03340932400897145,,,
warmup_unmeasured,3328,1922.7986204542337,0.0,0.0,0.03328481689095497,,,
warmup_unmeasured,3392,1916.6941731760596,0.0,0.0,0.033390825148671865,,,
warmup_unmeasured,3456,1919.8342073087515,0.0,0.0,0.033336211927235126,,,
warmup_unmeasured,3520,1915.9600263346138,0.0,0.0,0.03340361965820193,,,
warmup_unmeasured,3584,1916.5616559609252,0.0,0.0,0.03339313389733434,,,
warmup_unmeasured,3648,1917.8544675904616,0.0,0.0,0.03337062383070588,,,
warmup_unmeasured,3712,1919.883096779929,0.0,0.0,0.033335363026708364,,,
warmup_unmeasured,3776,1914.5518775977991,0.0,0.0,0.03342818794772029,,,
warmup_unmeasured,3840,1544.141989431108,0.0,0.0,0.0414469656534493,,,
warmup_unmeasured,3904,1807.4153682158826,0.0,0.0,0.0354096801020205,,,
warmup_unmeasured,3968,1805.1658696854706,0.0,0.0,0.035453805699944496,,,
warmup_unmeasured,4032,1912.6963993577945,0.0,0.0,0.03346061613410711,,,
warmup_unmeasured,4096,1913.9535078993658,0.0,0.0,0.03343863878399134,,,
warmup_unmeasured,4160,1917.225709082135,0.0,0.0,0.03338156780228019,,,
warmup_unmeasured,4224,1925.2971923086482,0.0,0.0,0.03324162121862173,,,
warmup_unmeasured,4288,1916.4216213772659,0.0,0.0,0.03339557396247983,,,
warmup_unmeasured,4352,1925.738473532384,0.0,0.0,0.03323400393128395,,,
warmup_unmeasured,4416,1941.0038169176012,0.0,0.0,0.03297262964770198,,,
warmup_unmeasured,4480,1922.5506313103408,0.0,0.0,0.03328911028802395,,,
warmup_unmeasured,4544,1939.2476312644937,0.0,0.0,0.0330024897120893,,,
warmup_unmeasured,4608,1903.1092016362875,0.0,0.0,0.03362917900085449,,,
warmup_unmeasured,4672,1924.982581282077,0.0,0.0,0.03324705408886075,,,
warmup_unmeasured,4736,1935.4167940959537,0.0,0.0,0.03306781267747283,,,
warmup_unmeasured,4800,1928.8541483668673,0.0,0.0,0.03318032110109925,,,
warmup_unmeasured,4864,1934.8844954556687,0.0,0.0,0.033076909836381674,,,
warmup_unmeasured,4928,1926.469360332592,0.0,0.0,0.03322139522060752,,,
warmup_unmeasured,4992,1935.6206524184147,0.0,0.0,0.033064329996705055,,,
warmup_unmeasured,5056,1936.9416061212783,0.0,0.0,0.033041780814528465,,,
warmup_unmeasured,5120,1930.2526796679856,0.0,0.0,0.0331562808714807,,,
warmup_unmeasured,5184,1924.3356692543605,0.0,0.0,0.03325823089107871,,,
warmup_unmeasured,5248,1921.4897345055292,0.0,0.0,0.033307489939033985,,,
warmup_unmeasured,5312,1931.564549854055,0.0,0.0,0.03313376195728779,,,
warmup_unmeasured,5376,1932.4123710540082,0.0,0.0,0.033119224943220615,,,
warmup_unmeasured,5440,1932.4108495347148,0.0,0.0,0.033119251020252705,,,
warmup_unmeasured,5504,1927.8057814022723,0.0,0.0,0.03319836501032114,,,
warmup_unmeasured,5568,1927.7078722738502,0.0,0.0,0.03320005116984248,,,
warmup_unmeasured,5632,1930.4243510952874,0.0,0.0,0.03315333230420947,,,
warmup_unmeasured,5696,1936.0779702175298,0.0,0.0,0.03305651992559433,,,
warmup_unmeasured,5760,1935.1450497862236,0.0,0.0,0.03307245625182986,,,
warmup_unmeasured,5824,1935.2908862214194,0.0,0.0,0.03306996403262019,,,
warmup_unmeasured,5888,1937.1570894280637,0.0,0.0,0.033038105349987745,,,
warmup_unmeasured,5952,1935.9944360583738,0.0,0.0,0.03305794624611735,,,
warmup_unmeasured,6016,1935.4557416455593,0.0,0.0,0.03306714724749327,,,
warmup_unmeasured,6080,1937.4381934254964,0.0,0.0,0.0330333118326962,,,
warmup_unmeasured,6144,1927.0367284724284,0.0,0.0,0.03321161400526762,,,
warmup_unmeasured,6208,1934.4783842422137,0.0,0.0,0.03308385377749801,,,
warmup_unmeasured,6272,1920.3067935897034,0.0,0.0,0.03332800790667534,,,
warmup_unmeasured,6336,1897.1922083058919,0.0,0.0,0.03373406222090125,,,
warmup_unmeasured,6400,1931.085375924094,0.0,0.0,0.033141983672976494,,,
warmup_unmeasured,6464,1928.5106636338603,0.0,0.0,0.033186230808496475,,,
warmup_unmeasured,6528,1925.7159972382356,0.0,0.0,0.03323439182713628,,,
warmup_unmeasured,6592,1933.8729655572547,0.0,0.0,0.033094211015850306,,,
warmup_unmeasured,6656,1931.5786659671855,0.0,0.0,0.03313351981341839,,,
warmup_unmeasured,6720,1919.7338884401236,0.0,0.0,0.033337953966110945,,,
warmup_unmeasured,6784,1939.4883969406596,0.0,0.0,0.03299839282408357,,,
warmup_unmeasured,6848,1931.540010025421,0.0,0.0,0.033134182915091515,,,
warmup_unmeasured,6912,1934.2046440685933,0.0,0.0,0.033088536001741886,,,
warmup_unmeasured,6976,1933.92510342406,0.0,0.0,0.033093318808823824,,,
warmup_unmeasured,7040,1933.05153949304,0.0,0.0,0.033108273986727,,,
warmup_unmeasured,7104,1933.5380821694102,0.0,0.0,0.033099942840635777,,,
warmup_unmeasured,7168,1944.4341658019641,0.0,0.0,0.03291445970535278,,,
warmup_unmeasured,7232,1929.106501245086,0.0,0.0,0.03317598067224026,,,
warmup_unmeasured,7296,1939.9512136382884,0.0,0.0,0.03299052035436034,,,
warmup_unmeasured,7360,1929.4567262126104,0.0,0.0,0.033169958740472794,,,
warmup_unmeasured,7424,1933.6937698807822,0.0,0.0,0.033097277861088514,,,
warmup_unmeasured,7488,1785.7079040614888,0.0,0.0,0.03584012808278203,,,
warmup_unmeasured,7552,1853.7418067602962,0.0,0.0,0.034524764865636826,,,
warmup_unmeasured,7616,1924.1945502626502,0.0,0.0,0.03326067002490163,,,
warmup_unmeasured,7680,1925.0945049030754,0.0,0.0,0.033245121128857136,,,
warmup_unmeasured,7744,1929.3984910090946,0.0,0.0,0.033170959912240505,,,
warmup_unmeasured,7808,1777.0522478155983,0.0,0.0,0.03601469798013568,,,
warmup_unmeasured,7872,1910.8273520278942,0.0,0.0,0.03349334513768554,,,
warmup_unmeasured,7936,1933.3814132264833,0.0,0.0,0.03310262504965067,,,
warmup_unmeasured,8000,1932.497199545016,0.0,0.0,0.03311777114868164,,,
warmup_unmeasured,8064,1928.3039172661527,0.0,0.0,0.033189788926392794,,,
warmup_unmeasured,8128,1760.8322141786841,0.0,0.0,0.03634644998237491,,,
warmup_unmeasured,8192,1921.188988411231,0.0,0.0,0.03331270394846797,,,
warmup_unmeasured,8256,1930.8740895291767,0.0,0.0,0.033145610243082047,,,
warmup_unmeasured,8320,1931.509743285869,0.0,0.0,0.03313470212742686,,,
warmup_unmeasured,8384,1933.9979542018368,0.0,0.0,0.0330920722335577,,,
warmup_unmeasured,8448,1785.2421912627499,0.0,0.0,0.035849477630108595,,,
warmup_unmeasured,8512,1861.0735834747757,0.0,0.0,0.03438875311985612,,,
warmup_unmeasured,8576,1686.6144972933828,0.0,0.0,0.03794583771377802,,,
warmup_unmeasured,8640,1912.8123295944924,0.0,0.0,0.03345858817920089,,,
warmup_unmeasured,8704,1900.5767787215755,0.0,0.0,0.033673988189548254,,,
warmup_unmeasured,8768,1911.750582529193,0.0,0.0,0.0334771703928709,,,
warmup_unmeasured,8832,1589.077036379747,0.0,0.0,0.04027495114132762,,,
warmup_unmeasured,8896,1804.966493898644,0.0,0.0,0.035457721911370754,,,
warmup_unmeasured,8960,1857.040058445322,0.0,0.0,0.034463446121662855,,,
warmup_unmeasured,9024,1856.9366606836388,0.0,0.0,0.03446536511182785,,,
warmup_unmeasured,9088,1904.2292509962572,0.0,0.0,0.033609398640692234,,,
warmup_unmeasured,9152,1910.7566348310925,0.0,0.0,0.03349458472803235,,,
warmup_unmeasured,9216,1904.1944520988577,0.0,0.0,0.03361001284793019,,,
warmup_unmeasured,9280,1898.164042259497,0.0,0.0,0.03371679084375501,,,
warmup_unmeasured,9344,1905.5319977223285,0.0,0.0,0.03358642105013132,,,
warmup_unmeasured,9408,1912.8875653219404,0.0,0.0,0.033457272220402956,,,
warmup_unmeasured,9472,1906.8028772853402,0.0,0.0,0.03356403578072786,,,
warmup_unmeasured,9536,1911.1344560768275,0.0,0.0,0.033487963024526834,,,
warmup_unmeasured,9600,1870.7969579771348,0.0,0.0,0.034210019279271364,,,
warmup_unmeasured,9664,1732.1773046193352,0.0,0.0,0.03694771882146597,,,
warmup_unmeasured,9728,1748.8648766623505,0.0,0.0,0.036595165729522705,,,
warmup_unmeasured,9792,1890.3288364006276,0.0,0.0,0.033856543246656656,,,
warmup_unmeasured,9856,1897.6098255848021,0.0,0.0,0.033726638182997704,,,
warmup_unmeasured,9920,1606.7815849877666,0.0,0.0,0.039831175934523344,,,
warmup_unmeasured,9984,1705.7466510070385,0.0,0.0,0.03752022609114647,,,
warmup_unmeasured,10048,1861.8260357139804,0.0,0.0,0.03437485499307513,,,
warmup_unmeasured,10112,1876.8545119829073,0.0,0.0,0.034099606331437826,,,
warmup_unmeasured,10176,1879.8424584828147,0.0,0.0,0.03404540615156293,,,
warmup_unmeasured,10240,1863.2818650942747,0.0,0.0,0.034347997047007084,,,
warmup_unmeasured,10304,1887.7913168163063,0.0,0.0,0.03390205232426524,,,
warmup_unmeasured,10368,1902.9037026891915,0.0,0.0,0.033632810693234205,,,
warmup_unmeasured,10432,1892.8543909570672,0.0,0.0,0.03381136991083622,,,
warmup_unmeasured,10496,1888.049845774661,0.0,0.0,0.03389741014689207,,,
warmup_unmeasured,10560,1774.443591656106,0.0,0.0,0.036067644134163857,,,
warmup_unmeasured,10624,1899.5704686855413,0.0,0.0,0.033691827207803726,,,
warmup_unmeasured,10688,1903.3748956816175,0.0,0.0,0.03362448466941714,,,
warmup_unmeasured,10752,1809.955866476548,0.0,0.0,0.035359978210181,,,
warmup_unmeasured,10816,1738.1735884586217,0.0,0.0,0.036820258013904095,,,
warmup_unmeasured,10880,1733.7050349882102,0.0,0.0,0.03691516071557999,,,
warmup_unmeasured,10944,1732.9686926936404,0.0,0.0,0.03693084605038166,,,
warmup_unmeasured,11008,1845.745177440326,0.0,0.0,0.03467434225603938,,,
warmup_unmeasured,11072,1747.4272894151316,0.0,0.0,0.03662527212873101,,,
warmup_unmeasured,11136,1634.6626852146155,0.0,0.0,0.03915180824697018,,,
warmup_unmeasured,11200,1810.9159252953546,0.0,0.0,0.03534123208373785,,,
warmup_unmeasured,11264,1886.4913435961587,0.0,0.0,0.033925414085388184,,,
warmup_unmeasured,11328,1891.0999317842147,0.0,0.0,0.03384273825213313,,,
warmup_unmeasured,11392,1840.9032210760913,0.0,0.0,0.034765542950481176,,,
warmup_unmeasured,11456,1884.8836592782432,0.0,0.0,0.033954350277781487,,,
warmup_unmeasured,11520,1689.4208808454819,0.0,0.0,0.037882803939282894,,,
warmup_unmeasured,11584,1888.834943085839,0.0,0.0,0.033883320633322,,,
warmup_unmeasured,11648,1891.0227835307833,0.0,0.0,0.03384411893785,,,
warmup_unmeasured,11712,1891.5842491325711,0.0,0.0,0.03383407322689891,,,
warmup_unmeasured,11776,1898.7189499893734,0.0,0.0,0.03370693698525429,,,
warmup_unmeasured,11840,1910.1903157227844,0.0,0.0,0.03350451495498419,,,
warmup_unmeasured,11904,1909.0934487662105,0.0,0.0,0.0335237649269402,,,
warmup_unmeasured,11968,1903.192636493836,0.0,0.0,0.033627704717218876,,,
warmup_unmeasured,12032,1909.4259657234313,0.0,0.0,0.033517926931381226,,,
warmup_unmeasured,12096,1901.2903179539394,0.0,0.0,0.03366135060787201,,,
warmup_unmeasured,12160,1902.5441402114832,0.0,0.0,0.033639166969805956,,,
warmup_unmeasured,12224,1886.970245915668,0.0,0.0,0.033916804008185863,,,
warmup_unmeasured,12288,1900.6411721867755,0.0,0.0,0.03367284731939435,,,
warmup_unmeasured,12352,1863.503479275891,0.0,0.0,0.03434391226619482,,,
warmup_unmeasured,12416,1856.980743203563,0.0,0.0,0.03446454694494605,,,
warmup_unmeasured,12480,1892.5443508491087,0.0,0.0,0.033816908951848745,,,
warmup_unmeasured,12544,1883.399234153392,0.0,0.0,0.03398111183196306,,,
warmup_unmeasured,12608,1881.7747844284197,0.0,0.0,0.03401044616475701,,,
warmup_unmeasured,12672,1888.5732925506127,0.0,0.0,0.03388801496475935,,,
warmup_unmeasured,12736,1889.858908417763,0.0,0.0,0.03386496193706989,,,
warmup_unmeasured,12800,1893.871002481067,0.0,0.0,0.03379322029650211,,,
warmup_unmeasured,12864,1895.3646944017653,0.0,0.0,0.033766588661819696,,,
warmup_unmeasured,12928,1895.5041519773401,0.0,0.0,0.03376410435885191,,,
warmup_unmeasured,12992,1900.237457825717,0.0,0.0,0.03368000127375126,,,
warmup_unmeasured,13056,1912.8716178351806,0.0,0.0,0.03345755115151405,,,
warmup_unmeasured,13120,1895.3120273853713,0.0,0.0,0.03376752696931362,,,
warmup_unmeasured,13184,1902.3277570142018,0.0,0.0,0.033642993308603764,,,
warmup_unmeasured,13248,1913.793973831286,0.0,0.0,0.03344142623245716,,,
warmup_unmeasured,13312,1907.503256332986,0.0,0.0,0.033551712054759264,,,
warmup_unmeasured,13376,1915.6080085903075,0.0,0.0,0.033409758005291224,,,
warmup_unmeasured,13440,1910.6307276106718,0.0,0.0,0.03349679196253419,,,
warmup_unmeasured,13504,1890.5617685580705,0.0,0.0,0.033852371852844954,,,
warmup_unmeasured,13568,1904.3223357234442,0.0,0.0,0.03360775578767061,,,
warmup_unmeasured,13632,1903.4391889204371,0.0,0.0,0.0336233489215374,,,
warmup_unmeasured,13696,1895.894036262919,0.0,0.0,0.033757160883396864,,,
warmup_unmeasured,13760,1898.7836635776243,0.0,0.0,0.0337057881988585,,,
warmup_unmeasured,13824,1897.9142679194285,0.0,0.0,0.03372122813016176,,,
warmup_unmeasured,13888,1906.4515451273514,0.0,0.0,0.03357022115960717,,,
warmup_unmeasured,13952,1904.6377516322927,0.0,0.0,0.03360219020396471,,,
warmup_unmeasured,14016,1894.1879255460503,0.0,0.0,0.03378756623715162,,,
warmup_unmeasured,14080,1884.0158634685638,0.0,0.0,0.033969989977777004,,,
warmup_unmeasured,14144,1894.4150728662037,0.0,0.0,0.033783514983952045,,,
warmup_unmeasured,14208,1905.8019363616495,0.0,0.0,0.033581663854420185,,,
warmup_unmeasured,14272,1899.0918678039602,0.0,0.0,0.033700318075716496,,,
warmup_unmeasured,14336,1906.1621497833792,0.0,0.0,0.033575317822396755,,,
warmup_unmeasured,14400,1902.2154899372947,0.0,0.0,0.033644978888332844,,,
warmup_unmeasured,14464,1906.2162411304237,0.0,0.0,0.033574365079402924,,,
warmup_unmeasured,14528,1909.69676999649,0.0,0.0,0.033513173926621675,,,
warmup_unmeasured,14592,1870.9313463702376,0.0,0.0,0.03420756198465824,,,
warmup_unmeasured,14656,1893.6822354416627,0.0,0.0,0.0337965888902545,,,
warmup_unmeasured,14720,1901.594626969156,0.0,0.0,0.03365596383810043,,,
warmup_unmeasured,14784,1920.8825912232608,0.0,0.0,0.03331801760941744,,,
warmup_unmeasured,14848,1913.2641523635834,0.0,0.0,0.03345068683847785,,,
warmup_unmeasured,14912,1917.3517113303458,0.0,0.0,0.03337937407195568,,,
warmup_unmeasured,14976,1914.5250745352687,0.0,0.0,0.033428655937314034,,,
warmup_unmeasured,15040,1901.883610755743,0.0,0.0,0.03365084994584322,,,
warmup_unmeasured,15104,1911.085931429064,0.0,0.0,0.03348881332203746,,,
warmup_unmeasured,15168,1913.6432058033956,0.0,0.0,0.03344406094402075,,,
warmup_unmeasured,15232,1914.9243978357065,0.0,0.0,0.03342168498784304,,,
warmup_unmeasured,15296,1911.708169071901,0.0,0.0,0.03347791312262416,,,
warmup_unmeasured,15360,1908.487884981069,0.0,0.0,0.03353440202772617,,,
warmup_unmeasured,15424,1911.2944773181687,0.0,0.0,0.033485159277915955,,,
warmup_unmeasured,15488,1915.9673447199036,0.0,0.0,0.03340349206700921,,,
warmup_unmeasured,15552,1914.4031500751948,0.0,0.0,0.033430784940719604,,,
warmup_unmeasured,15616,1917.7490036461788,0.0,0.0,0.03337245900183916,,,
warmup_unmeasured,15680,1897.149521795003,0.0,0.0,0.03373482124879956,,,
warmup_unmeasured,15744,1913.5823777102044,0.0,0.0,0.03344512404873967,,,
warmup_unmeasured,15808,1908.163536358213,0.0,0.0,0.03354010218754411,,,
warmup_unmeasured,15872,1894.6960015006591,0.0,0.0,0.033778505865484476,,,
warmup_unmeasured,15936,1921.7567433425108,0.0,0.0,0.03330286219716072,,,
warmup_unmeasured,16000,1833.696025692433,0.0,0.0,0.03490218613296747,,,
warmup_unmeasured,16064,1887.7186644865621,0.0,0.0,0.03390335710719228,,,
warmup_unmeasured,16128,1900.9786652939608,0.0,0.0,0.03366686915978789,,,
warmup_unmeasured,16192,1902.5352121473036,0.0,0.0,0.03363932482898235,,,
warmup_unmeasured,16256,1891.2437852029936,0.0,0.0,0.033840164076536894,,,
warmup_unmeasured,16320,1886.336768851248,0.0,0.0,0.03392819408327341,,,
warmup_unmeasured,16384,1878.771399801839,0.0,0.0,0.034064814914017916,,,
warmup_unmeasured,16448,1885.0026022807197,0.0,0.0,0.033952207770198584,,,
warmup_unmeasured,16512,1881.20789950178,0.0,0.0,0.03402069490402937,,,
warmup_unmeasured,16576,1843.2156089578655,0.0,0.0,0.03472192818298936,,,
warmup_unmeasured,16640,1568.2896881326544,0.0,0.0,0.04080878710374236,,,
warmup_unmeasured,16704,1833.013926784113,0.0,0.0,0.03491517389193177,,,
warmup_unmeasured,16768,1851.032543309663,0.0,0.0,0.0345752970315516,,,
warmup_unmeasured,16832,1848.5611439388038,0.0,0.0,0.03462152183055878,,,
warmup_unmeasured,16896,1880.6089063929642,0.0,0.0,0.03403153084218502,,,
warmup_unmeasured,16960,1899.2415063708818,0.0,0.0,0.03369766287505627,,,
warmup_unmeasured,17024,1895.4623517612413,0.0,0.0,0.033764848951250315,,,
warmup_unmeasured,17088,1863.4694202258313,0.0,0.0,0.03434453997761011,,,
warmup_unmeasured,17152,1874.9048792561068,0.0,0.0,0.03413506504148245,,,
warmup_unmeasured,17216,1877.3783336405634,0.0,0.0,0.034090091940015554,,,
warmup_unmeasured,17280,1896.7516868715134,0.0,0.0,0.033741896972060204,,,
warmup_unmeasured,17344,1882.5400758769144,0.0,0.0,0.03399662021547556,,,
warmup_unmeasured,17408,1880.1067875955891,0.0,0.0,0.03404061961919069,,,
warmup_unmeasured,17472,1890.1906072049762,0.0,0.0,0.03385901916772127,,,
warmup_unmeasured,17536,1896.6577703392702,0.0,0.0,0.033743567764759064,,,
warmup_unmeasured,17600,1896.0697209348743,0.0,0.0,0.03375403303653002,,,
warmup_unmeasured,17664,1874.044635572515,0.0,0.0,0.03415073407813907,,,
warmup_unmeasured,17728,1877.2213256698121,0.0,0.0,0.03409294318407774,,,
warmup_unmeasured,17792,1846.2082507062432,0.0,0.0,0.034665645100176334,,,
warmup_unmeasured,17856,1878.7983154935673,0.0,0.0,0.03406432690098882,,,
warmup_unmeasured,17920,1882.5822364110368,0.0,0.0,0.03399585885927081,,,
warmup_unmeasured,17984,1889.5431983811507,0.0,0.0,0.03387062018737197,,,
warmup_unmeasured,18048,1878.4025168161288,0.0,0.0,0.03407150460407138,,,
warmup_unmeasured,18112,1885.7268472031537,0.0,0.0,0.033939167857170105,,,
warmup_unmeasured,18176,1892.238762974184,0.0,0.0,0.03382237022742629,,,
warmup_unmeasured,18240,1882.8651863193131,0.0,0.0,0.03399075008928776,,,
warmup_unmeasured,18304,1877.254325165298,0.0,0.0,0.034092343878000975,,,
warmup_unmeasured,18368,1826.817953865371,0.0,0.0,0.03503359481692314,,,
warmup_unmeasured,18432,1843.2713534701174,0.0,0.0,0.03472087811678648,,,
warmup_unmeasured,18496,1883.400963372958,0.0,0.0,0.03398108063265681,,,
warmup_unmeasured,18560,1886.4785002403687,0.0,0.0,0.03392564505338669,,,
warmup_unmeasured,18624,1892.6049433884557,0.0,0.0,0.033815826289355755,,,
warmup_unmeasured,18688,1893.7282364374082,0.0,0.0,0.033795767929404974,,,
warmup_unmeasured,18752,1885.7716086525415,0.0,0.0,0.03393836226314306,,,
warmup_unmeasured,18816,1870.5666300594098,0.0,0.0,0.03421423165127635,,,
warmup_unmeasured,18880,1883.5231007630998,0.0,0.0,0.03397887712344527,,,
warmup_unmeasured,18944,1889.3227757546629,0.0,0.0,0.03387457178905606,,,
warmup_unmeasured,19008,1754.8404543958002,0.0,0.0,0.03647055197507143,,,
warmup_unmeasured,19072,1859.8410396482318,0.0,0.0,0.03441154304891825,,,
warmup_unmeasured,19136,443.99155828132325,0.0,0.0,0.14414688479155302,,,
warmup_unmeasured,19200,1787.754693369834,0.0,0.0,0.03579909494146705,,,
warmup_unmeasured,19264,1826.7815319062106,0.0,0.0,0.0350342933088541,,,
warmup_unmeasured,19328,1837.2452889384974,0.0,0.0,0.03483476070687175,,,
warmup_unmeasured,19392,1839.9466062278516,0.0,0.0,0.034783618059009314,,,
warmup_unmeasured,19456,1850.8786895592907,0.0,0.0,0.03457817109301686,,,
warmup_unmeasured,19520,1869.403686450247,0.0,0.0,0.03423551609739661,,,
warmup_unmeasured,19584,188.60794956229324,0.0,0.0,0.3393282210454345,,,
warmup_unmeasured,19648,1810.7784015390048,0.0,0.0,0.03534391615539789,,,
warmup_unmeasured,19712,1856.4753123036285,0.0,0.0,0.0344739300198853,,,
warmup_unmeasured,19776,1854.4784318225309,0.0,0.0,0.03451105114072561,,,
warmup_unmeasured,19840,1856.6921498433844,0.0,0.0,0.03446990391239524,,,
warmup_unmeasured,19904,190.29674977336356,0.0,0.0,0.33631683187559247,,,
warmup_unmeasured,19968,1815.3884543743732,0.0,0.0,0.03525416273623705,,,
warmup_unmeasured,20032,1866.4206207261966,0.0,0.0,0.034290234092622995,,,
warmup_unmeasured,20096,1859.5451912362096,0.0,0.0,0.034417017828673124,,,
warmup_unmeasured,20160,1867.8983202133227,0.0,0.0,0.03426310699433088,,,
warmup_unmeasured,20224,1868.3830927388879,0.0,0.0,0.03425421705469489,,,
warmup_unmeasured,20288,1873.3566053320355,0.0,0.0,0.0341632766649127,,,
warmup_unmeasured,20352,416.57401144868913,0.0,0.0,0.15363416401669383,,,
warmup_unmeasured,20416,1836.4515406935586,0.0,0.0,0.03484981693327427,,,
warmup_unmeasured,20480,1724.2826839964084,0.0,0.0,0.03711688378825784,,,
warmup_unmeasured,20544,1856.2893629230957,0.0,0.0,0.034477383363991976,,,
warmup_unmeasured,20608,1877.9752702496542,0.0,0.0,0.0340792560018599,,,
warmup_unmeasured,20672,1889.1735793984162,0.0,0.0,0.033877247013151646,,,
warmup_unmeasured,20736,1807.7679035625295,0.0,0.0,0.035402774810791016,,,
warmup_unmeasured,20800,378.2102506991405,0.0,0.0,0.16921804705634713,,,
warmup_unmeasured,20864,1815.8801310218225,0.0,0.0,0.03524461714550853,,,
warmup_unmeasured,20928,1891.721119974599,0.0,0.0,0.03383162524551153,,,
warmup_unmeasured,20992,1424.6959032372843,0.0,0.0,0.044921867083758116,,,
warmup_unmeasured,21056,1863.8465900454075,0.0,0.0,0.03433758998289704,,,
warmup_unmeasured,21120,1681.4469738495322,0.0,0.0,0.038062455132603645,,,
warmup_unmeasured,21184,1898.5127982893805,0.0,0.0,0.03371059708297253,,,
warmup_unmeasured,21248,1625.6670542992663,0.0,0.0,0.039368454832583666,,,
warmup_unmeasured,21312,1518.7556588085454,0.0,0.0,0.04213976068422198,,,
warmup_unmeasured,21376,1891.0527313970158,0.0,0.0,0.03384358296170831,,,
warmup_unmeasured,21440,1917.9301540170763,0.0,0.0,0.033369306940585375,,,
warmup_unmeasured,21504,1689.1843198403424,0.0,0.0,0.03788810921832919,,,
warmup_unmeasured,21568,1714.5807537069452,0.0,0.0,0.0373269091360271,,,
warmup_unmeasured,21632,1490.911806601405,0.0,0.0,0.04292675107717514,,,
warmup_unmeasured,21696,1679.6799485298343,0.0,0.0,0.03810249688103795,,,
warmup_unmeasured,21760,1758.57246271306,0.0,0.0,0.0363931548781693,,,
warmup_unmeasured,21824,1373.5391766157572,0.0,0.0,0.04659495782107115,,,
warmup_unmeasured,21888,1871.966276673901,0.0,0.0,0.03418865008279681,,,
warmup_unmeasured,21952,1598.5494387686758,0.0,0.0,0.04003629693761468,,,
warmup_unmeasured,22016,1852.6662606334673,0.0,0.0,0.034544807858765125,,,
warmup_unmeasured,22080,1837.4954643437468,0.0,0.0,0.03483001794666052,,,
warmup_unmeasured,22144,1488.701955872909,0.0,0.0,0.04299047216773033,,,
warmup_unmeasured,22208,1876.6329653735643,0.0,0.0,0.0341036319732666,,,
warmup_unmeasured,22272,1861.3146619732577,0.0,0.0,0.03438429906964302,,,
warmup_unmeasured,22336,1421.497374910614,0.0,0.0,0.04502294631674886,,,
warmup_unmeasured,22400,1880.5057235045,0.0,0.0,0.034033398143947124,,,
warmup_unmeasured,22464,1377.709580598614,0.0,0.0,0.046453912276774645,,,
warmup_unmeasured,22528,1735.077956797846,0.0,0.0,0.03688595071434975,,,
warmup_unmeasured,22592,1905.4390852868912,0.0,0.0,0.03358805878087878,,,
warmup_unmeasured,22656,1405.754964406635,0.0,0.0,0.0455271378159523,,,
warmup_unmeasured,22720,1875.0673580784626,0.0,0.0,0.03413210716098547,,,
warmup_unmeasured,22784,1861.6372478198164,0.0,0.0,0.03437834093347192,,,
warmup_unmeasured,22848,1361.156884726307,0.0,0.0,0.04701882693916559,,,
warmup_unmeasured,22912,1897.3114526451118,0.0,0.0,0.03373194206506014,,,
warmup_unmeasured,22976,1337.109114149127,0.0,0.0,0.04786445572972298,,,
warmup_unmeasured,23040,1897.0252180946886,0.0,0.0,0.03373703174293041,,,
warmup_unmeasured,23104,1903.2422106996844,0.0,0.0,0.03362682880833745,,,
warmup_unmeasured,23168,1388.5286862825385,0.0,0.0,0.04609195375815034,,,
warmup_unmeasured,23232,1894.3752006534762,0.0,0.0,0.033784226048737764,,,
warmup_unmeasured,23296,1550.608569668683,0.0,0.0,0.041274117305874825,,,
warmup_unmeasured,23360,1503.46499657096,0.0,0.0,0.04256833391264081,,,
warmup_unmeasured,23424,1898.9944920588362,0.0,0.0,0.033702046144753695,,,
warmup_unmeasured,23488,1369.0301649526566,0.0,0.0,0.04674842208623886,,,
warmup_unmeasured,23552,1869.7782513992868,0.0,0.0,0.034228657837957144,,,
warmup_unmeasured,23616,1442.51656269112,0.0,0.0,0.04436690825968981,,,
warmup_unmeasured,23680,1875.034665649469,0.0,0.0,0.03413270227611065,,,
warmup_unmeasured,23744,1881.9983457075712,0.0,0.0,0.03400640608742833,,,
warmup_unmeasured,23808,1784.639060325324,0.0,0.0,0.03586159320548177,,,
warmup_unmeasured,23872,1837.5175252964075,0.0,0.0,0.034829599782824516,,,
warmup_unmeasured,23936,1856.5378303531875,0.0,0.0,0.03447276912629604,,,
warmup_unmeasured,24000,1850.0327267681691,0.0,0.0,0.0345939826220274,,,
warmup_unmeasured,24064,1870.817584844585,0.0,0.0,0.034209642093628645,,,
warmup_unmeasured,24128,1875.78009580991,0.0,0.0,0.03411913802847266,,,
warmup_unmeasured,24192,1865.3634304631287,0.0,0.0,0.0343096680007875,,,
warmup_unmeasured,24256,1874.5378708224623,0.0,0.0,0.03414174821227789,,,
warmup_unmeasured,24320,1882.8116898618393,0.0,0.0,0.033991715870797634,,,
warmup_unmeasured,24384,1880.1481962040416,0.0,0.0,0.03403986990451813,,,
warmup_unmeasured,24448,1898.537764916689,0.0,0.0,0.03371015377342701,,,
warmup_unmeasured,24512,1880.583920170794,0.0,0.0,0.034031982999294996,,,
warmup_unmeasured,24576,1873.1886274832257,0.0,0.0,0.0341663402505219,,,
warmup_unmeasured,24640,1843.9141544631977,0.0,0.0,0.03470877418294549,,,
warmup_unmeasured,24704,1877.119411475971,0.0,0.0,0.03409479418769479,,,
warmup_unmeasured,24768,1888.703420953862,0.0,0.0,0.03388568013906479,,,
warmup_unmeasured,24832,1890.4617551544256,0.0,0.0,0.03385416278615594,,,
warmup_unmeasured,24896,1889.4519424742189,0.0,0.0,0.03387225605547428,,,
warmup_unmeasured,24960,1881.3115199916467,0.0,0.0,0.03401882108300924,,,
warmup_unmeasured,25024,1882.8228583504344,0.0,0.0,0.03399151423946023,,,
warmup_unmeasured,25088,1891.2451905360786,0.0,0.0,0.03384013893082738,,,
warmup_unmeasured,25152,1837.9010725365729,0.0,0.0,0.03482233127579093,,,
warmup_unmeasured,25216,1880.481383256736,0.0,0.0,0.03403383865952492,,,
warmup_unmeasured,25280,1894.2990642733648,0.0,0.0,0.033785583917051554,,,
warmup_unmeasured,25344,1872.485102458304,0.0,0.0,0.03417917713522911,,,
warmup_unmeasured,25408,1880.8025399566843,0.0,0.0,0.03402802720665932,,,
warmup_unmeasured,25472,1870.187372075944,0.0,0.0,0.034221170004457235,,,
warmup_unmeasured,25536,1818.0155665593543,0.0,0.0,0.035203218925744295,,,
warmup_unmeasured,25600,1859.5480342747187,0.0,0.0,0.03441696520894766,,,
warmup_unmeasured,25664,1845.2245130921046,0.0,0.0,0.034684126265347004,,,
warmup_unmeasured,25728,1825.666121114582,0.0,0.0,0.03505569789558649,,,
warmup_unmeasured,25792,1868.5716762919099,0.0,0.0,0.03425075998529792,,,
warmup_unmeasured,25856,1864.939563597834,0.0,0.0,0.03431746596470475,,,
warmup_unmeasured,25920,1841.0064192192674,0.0,0.0,0.034763594157993793,,,
warmup_unmeasured,25984,1889.0162280979175,0.0,0.0,0.03388006892055273,,,
warmup_unmeasured,26048,1783.8055064044868,0.0,0.0,0.03587835095822811,,,
warmup_unmeasured,26112,1881.803692889873,0.0,0.0,0.034009923692792654,,,
warmup_unmeasured,26176,1889.0727001777025,0.0,0.0,0.033879056107252836,,,
warmup_unmeasured,26240,1849.735210514834,0.0,0.0,0.03459954680874944,,,
warmup_unmeasured,26304,1845.9410942602935,0.0,0.0,0.03467066213488579,,,
warmup_unmeasured,26368,1874.8694558590587,0.0,0.0,0.03413570998236537,,,
warmup_unmeasured,26432,1777.2621202014043,0.0,0.0,0.0360104450955987,,,
warmup_unmeasured,26496,1881.2931589683608,0.0,0.0,0.03401915309950709,,,
warmup_unmeasured,26560,1831.3068103439775,0.0,0.0,0.03494772128760815,,,
warmup_unmeasured,26624,1860.4738173406902,0.0,0.0,0.034399839118123055,,,
warmup_unmeasured,26688,1889.6869449603862,0.0,0.0,0.033868043683469296,,,
warmup_unmeasured,26752,1896.8492777812833,0.0,0.0,0.03374016098678112,,,
warmup_unmeasured,26816,1900.0132724347532,0.0,0.0,0.03368397522717714,,,
warmup_unmeasured,26880,1889.9029306891798,0.0,0.0,0.033864173106849194,,,
warmup_unmeasured,26944,1899.5164125535052,0.0,0.0,0.03369278600439429,,,
warmup_unmeasured,27008,1677.9306654089578,0.0,0.0,0.03814221965149045,,,
warmup_unmeasured,27072,1872.9891562178202,0.0,0.0,0.03416997892782092,,,
warmup_unmeasured,27136,1862.98860799004,0.0,0.0,0.034353403840214014,,,
warmup_unmeasured,27200,1818.159699770654,0.0,0.0,0.03520042821764946,,,
warmup_unmeasured,27264,1860.840402922132,0.0,0.0,0.034393062349408865,,,
warmup_unmeasured,27328,1859.853296350515,0.0,0.0,0.03441131627187133,,,
warmup_unmeasured,27392,1852.5036705232437,0.0,0.0,0.034547839779406786,,,
warmup_unmeasured,27456,1848.0008465586384,0.0,0.0,0.03463201876729727,,,
warmup_unmeasured,27520,1874.010522300145,0.0,0.0,0.03415135573595762,,,
warmup_unmeasured,27584,1868.8134816665472,0.0,0.0,0.03424632828682661,,,
warmup_unmeasured,27648,1797.0931858098277,0.0,0.0,0.0356130669824779,,,
warmup_unmeasured,27712,1837.4415670950427,0.0,0.0,0.03483103960752487,,,
warmup_unmeasured,27776,1860.1932262274895,0.0,0.0,0.034405027981847525,,,
warmup_unmeasured,27840,1895.297155690842,0.0,0.0,0.0337677919305861,,,
warmup_unmeasured,27904,1841.611785333214,0.0,0.0,0.03475216683000326,,,
warmup_unmeasured,27968,1857.0623151841403,0.0,0.0,0.03446303308010101,,,
warmup_unmeasured,28032,1851.4976751564625,0.0,0.0,0.03456661105155945,,,
warmup_unmeasured,28096,1768.364301671557,0.0,0.0,0.03619163762778044,,,
warmup_unmeasured,28160,1785.565367085037,0.0,0.0,0.03584298910573125,,,
warmup_unmeasured,28224,1816.7498936564014,0.0,0.0,0.03522774390876293,,,
warmup_unmeasured,28288,1779.3427027970927,0.0,0.0,0.03596833813935518,,,
warmup_unmeasured,28352,1870.228014046303,0.0,0.0,0.034220426343381405,,,
warmup_unmeasured,28416,1340.3932610747545,0.0,0.0,0.04774718126282096,,,
warmup_unmeasured,28480,1858.1949260779174,0.0,0.0,0.03444202709943056,,,
warmup_unmeasured,28544,1869.9962232700516,0.0,0.0,0.03422466805204749,,,
warmup_unmeasured,28608,1397.8830847413674,0.0,0.0,0.0457835141569376,,,
warmup_unmeasured,28672,1861.8772112432555,0.0,0.0,0.034373910166323185,,,
warmup_unmeasured,28736,1495.7709428762535,0.0,0.0,0.04278729995712638,,,
warmup_unmeasured,28800,1647.7698824840033,0.0,0.0,0.038840374909341335,,,
warmup_unmeasured,28864,1875.190924268779,0.0,0.0,0.03412985801696777,,,
warmup_unmeasured,28928,1417.4615416983563,0.0,0.0,0.04515113681554794,,,
warmup_unmeasured,28992,1873.371338980415,0.0,0.0,0.034163007978349924,,,
warmup_unmeasured,29056,1892.0238579086972,0.0,0.0,0.03382621193304658,,,
warmup_unmeasured,29120,1369.2841450921824,0.0,0.0,0.046739751007407904,,,
warmup_unmeasured,29184,1846.712051179144,0.0,0.0,0.0346561879850924,,,
warmup_unmeasured,29248,1879.0171882163945,0.0,0.0,0.03406035900115967,,,
warmup_unmeasured,29312,1890.201525458158,0.0,0.0,0.0338588235899806,,,
warmup_unmeasured,29376,1888.8787359478872,0.0,0.0,0.03388253506273031,,,
warmup_unmeasured,29440,1830.8867169116393,0.0,0.0,0.034955739974975586,,,
warmup_unmeasured,29504,1697.7374310732068,0.0,0.0,0.03769723093137145,,,
warmup_unmeasured,29568,1877.8484119100601,0.0,0.0,0.03408155823126435,,,
warmup_unmeasured,29632,1803.8793554620686,0.0,0.0,0.035479091107845306,,,
warmup_unmeasured,29696,1851.4315305393425,0.0,0.0,0.03456784598529339,,,
warmup_unmeasured,29760,1835.1655415243015,0.0,0.0,0.034874238073825836,,,
warmup_unmeasured,29824,1809.061115298882,0.0,0.0,0.035377467051148415,,,
warmup_unmeasured,29888,1858.7590348190388,0.0,0.0,0.034431574400514364,,,
warmup_unmeasured,29952,1876.7169393495878,0.0,0.0,0.034102106001228094,,,
warmup_unmeasured,30016,1800.0077359012312,0.0,0.0,0.035555402748286724,,,
warmup_unmeasured,30080,1816.8964202650905,0.0,0.0,0.03522490290924907,,,
warmup_unmeasured,30144,1786.4804214410115,0.0,0.0,0.035824629943817854,,,
warmup_unmeasured,30208,1859.8194209305839,0.0,0.0,0.034411943051964045,,,
warmup_unmeasured,30272,1880.1834849794577,0.0,0.0,0.03403923101723194,,,
warmup_unmeasured,30336,1889.0293916326548,0.0,0.0,0.033879832830280066,,,
warmup_unmeasured,30400,1807.4021528948408,0.0,0.0,0.035409939009696245,,,
warmup_unmeasured,30464,1886.7076354036026,0.0,0.0,0.03392152488231659,,,
warmup_unmeasured,30528,1884.5687047487188,0.0,0.0,0.03396002482622862,,,
warmup_unmeasured,30592,1856.9557787420342,0.0,0.0,0.03446501027792692,,,
warmup_unmeasured,30656,1890.2003296433254,0.0,0.0,0.03385884501039982,,,
warmup_unmeasured,30720,1889.9357538235429,0.0,0.0,0.033863584976643324,,,
warmup_unmeasured,30784,1870.6990247614028,0.0,0.0,0.03421181021258235,,,
warmup_unmeasured,30848,1888.5466929205604,0.0,0.0,0.03388849226757884,,,
warmup_unmeasured,30912,1813.0732264746482,0.0,0.0,0.03529918100684881,,,
warmup_unmeasured,30976,1854.4513576835373,0.0,0.0,0.03451155498623848,,,
warmup_unmeasured,31040,1728.5056748654308,0.0,0.0,0.0370262018404901,,,
warmup_unmeasured,31104,1883.2374500293922,0.0,0.0,0.033984031062573195,,,
warmup_unmeasured,31168,1896.4290905496316,0.0,0.0,0.03374763671308756,,,
warmup_unmeasured,31232,1898.687840770714,0.0,0.0,0.033707489259541035,,,
warmup_unmeasured,31296,1900.0490481820939,0.0,0.0,0.03368334099650383,,,
warmup_unmeasured,31360,1903.9423761578496,0.0,0.0,0.033614462707191706,,,
warmup_unmeasured,31424,1898.1734274440817,0.0,0.0,0.03371662413701415,,,
warmup_unmeasured,31488,1905.3019655174871,0.0,0.0,0.0335904760286212,,,
warmup_unmeasured,31552,1903.9987155114584,0.0,0.0,0.033613468054682016,,,
warmup_unmeasured,31616,1895.1407948653869,0.0,0.0,0.03377057798206806,,,
warmup_unmeasured,31680,1309.1792383090708,0.0,0.0,0.0488855903968215,,,
warmup_unmeasured,31744,1872.7114120746712,0.0,0.0,0.03417504671961069,,,
warmup_unmeasured,31808,1630.1701419065373,0.0,0.0,0.03925970569252968,,,
warmup_unmeasured,31872,1863.9148633587024,0.0,0.0,0.034336332231760025,,,
warmup_unmeasured,31936,1893.0129298973986,0.0,0.0,0.0338085382245481,,,
warmup_unmeasured,32000,1895.0985403176392,0.0,0.0,0.03377133095636964,,,
warmup_unmeasured,32064,1889.985601428897,0.0,0.0,0.03386269183829427,,,
warmup_unmeasured,32128,1894.9169220954345,0.0,0.0,0.033774567767977715,,,
warmup_unmeasured,32192,1890.9676517554028,0.0,0.0,0.033845105674117804,,,
warmup_unmeasured,32256,1894.535691958171,0.0,0.0,0.03378136409446597,,,
warmup_unmeasured,32320,1885.780509448362,0.0,0.0,0.03393820207566023,,,
warmup_unmeasured,32384,1883.1544912850416,0.0,0.0,0.03398552816361189,,,
warmup_unmeasured,32448,1879.1556892480125,0.0,0.0,0.03405784862115979,,,
warmup_unmeasured,32512,1899.397573390564,0.0,0.0,0.033694894053041935,,,
warmup_unmeasured,32576,1848.8784533960163,0.0,0.0,0.03461557999253273,,,
warmup_unmeasured,32640,1479.9874853958613,0.0,0.0,0.04324360890313983,,,
warmup_unmeasured,32704,1884.3221077937521,0.0,0.0,0.033964469097554684,,,
warmup_unmeasured,32768,1872.5260229418884,0.0,0.0,0.03417843021452427,,,
rollout_update,64,49.89113830523703,10.9136865042706,190550.23461803506,1.2827929402701557,"{""policy_inference_time"": 0.06619119411334395, ""env_step_time"": 0.03428196720778942, ""replay_insert_time"": 0.0007621878758072853, ""logging_time"": 0.00015143398195505142, ""total_train_step_time"": 1.2827929402701557}",0.13685100711882114,0.010849265847355127
rollout_update,128,1500.7635178557823,10.562546912588347,190550.23461803506,0.04264495987445116,"{""policy_inference_time"": 0.00695508299395442, ""env_step_time"": 0.03428439702838659, ""replay_insert_time"": 0.0009577381424605846, ""logging_time"": 0.00017703697085380554, ""total_train_step_time"": 0.04264495987445116}",0.13685100711882114,0.010849265847355127
rollout_update,192,1592.357919925383,10.251679695439137,190550.23461803506,0.04019196890294552,"{""policy_inference_time"": 0.006834897678345442, ""env_step_time"": 0.032389434054493904, ""replay_insert_time"": 0.0005952427163720131, ""logging_time"": 0.00011909939348697662, ""total_train_step_time"": 0.04019196890294552}",0.13685100711882114,0.010849265847355127
rollout_update,256,1600.3176984573527,9.960003980798588,190550.23461803506,0.039992059115320444,"{""policy_inference_time"": 0.006824066862463951, ""env_step_time"": 0.032222389709204435, ""replay_insert_time"": 0.0005791047587990761, ""logging_time"": 0.00011698901653289795, ""total_train_step_time"": 0.039992059115320444}",0.13685100711882114,0.010849265847355127
rollout_update,320,62.474534624857135,11.522447285413103,202536.47594675102,1.024417394772172,"{""policy_inference_time"": 0.0068017179146409035, ""env_step_time"": 0.032204295974224806, ""replay_insert_time"": 0.0005767988041043282, ""logging_time"": 0.00011643208563327789, ""total_train_step_time"": 1.024417394772172}",0.14124005055055022,0.01099051395431161
rollout_update,384,1468.9115391842352,11.319493101287483,202536.47594675102,0.043569676112383604,"{""policy_inference_time"": 0.006898231338709593, ""env_step_time"": 0.03532518306747079, ""replay_insert_time"": 0.0009508319199085236, ""logging_time"": 0.0001253080554306507, ""total_train_step_time"": 0.043569676112383604}",0.14124005055055022,0.01099051395431161
rollout_update,448,1583.819819118425,11.137551145041181,202536.47594675102,0.040408636908978224,"{""policy_inference_time"": 0.007016579154878855, ""env_step_time"": 0.032435506116598845, ""replay_insert_time"": 0.0005883378908038139, ""logging_time"": 0.00011669797822833061, ""total_train_step_time"": 0.040408636908978224}",0.14124005055055022,0.01099051395431161
rollout_update,512,1596.457156189374,10.962738263546033,202536.47594675102,0.040088767651468515,"{""policy_inference_time"": 0.0068077160976827145, ""env_step_time"": 0.03232105076313019, ""replay_insert_time"": 0.0005853790789842606, ""logging_time"": 0.0001187487505376339, ""total_train_step_time"": 0.040088767651468515}",0.14124005055055022,0.01099051395431161
rollout_update,576,63.39098931708455,11.785458801812448,206722.40622443252,1.009607212152332,"{""policy_inference_time"": 0.006782737094908953, ""env_step_time"": 0.03219121927395463, ""replay_insert_time"": 0.0005798749625682831, ""logging_time"": 0.00011683162301778793, ""total_train_step_time"": 1.009607212152332}",0.13756123185157776,0.01095905713737011
rollout_update,640,1530.8023067040797,11.648799486848413,206722.40622443252,0.041808141861110926,"{""policy_inference_time"": 0.006836452055722475, ""env_step_time"": 0.03371470421552658, ""replay_insert_time"": 0.0008812719024717808, ""logging_time"": 0.00011668913066387177, ""total_train_step_time"": 0.041808141861110926}",0.13756123185157776,0.01095905713737011
rollout_update,704,1599.0941113143658,11.52091297981365,206722.40622443252,0.04002266004681587,"{""policy_inference_time"": 0.006797224748879671, ""env_step_time"": 0.03226154483854771, ""replay_insert_time"": 0.0005944641306996346, ""logging_time"": 0.00011600088328123093, ""total_train_step_time"": 0.04002266004681587}",0.13756123185157776,0.01095905713737011
rollout_update,768,1607.2603425137163,11.396432777934544,206722.40622443252,0.03981931135058403,"{""policy_inference_time"": 0.006779840216040611, ""env_step_time"": 0.03209142293781042, ""replay_insert_time"": 0.0005808151327073574, ""logging_time"": 0.0001141401007771492, ""total_train_step_time"": 0.03981931135058403}",0.13756123185157776,0.01095905713737011
rollout_update,832,63.65599758333612,11.938344045421358,209087.2520411007,1.0054040849208832,"{""policy_inference_time"": 0.006744015030562878, ""env_step_time"": 0.03214071085676551, ""replay_insert_time"": 0.0005792640149593353, ""logging_time"": 0.00011702068150043488, ""total_train_step_time"": 1.0054040849208832}",0.13750835414975882,0.010862008668482304
rollout_update,896,1513.8059623239421,11.83170575194955,209087.2520411007,0.04227754520252347,"{""policy_inference_time"": 0.006876982282847166, ""env_step_time"": 0.03408056916669011, ""replay_insert_time"": 0.0009404979646205902, ""logging_time"": 0.00012038089334964752, ""total_train_step_time"": 0.04227754520252347}",0.13750835414975882,0.010862008668482304
rollout_update,960,1586.9805254622133,11.731744815076487,209087.2520411007,0.040328157134354115,"{""policy_inference_time"": 0.006797556299716234, ""env_step_time"": 0.03254514839500189, ""replay_insert_time"": 0.0006082961335778236, ""logging_time"": 0.00011841999366879463, ""total_train_step_time"": 0.040328157134354115}",0.13750835414975882,0.010862008668482304
rollout_update,1024,1600.2278324492815,11.634265669967538,209087.2520411007,0.03999430499970913,"{""policy_inference_time"": 0.006760788150131702, ""env_step_time"": 0.03228588309139013, ""replay_insert_time"": 0.0005782986991107464, ""logging_time"": 0.00011789193376898766, ""total_train_step_time"": 0.03999430499970913}",0.13750835414975882,0.010862008668482304
rollout_update,1088,60.59582094934656,11.925964429503535,210408.04050546366,1.0561784459277987,"{""policy_inference_time"": 0.0067674703896045685, ""env_step_time"": 0.039914947003126144, ""replay_insert_time"": 0.0005809720605611801, ""logging_time"": 0.00011777970939874649, ""total_train_step_time"": 1.0561784459277987}",0.13783060386776924,0.010869162157177925
rollout_update,1152,1512.7416486372333,11.840618059924216,210408.04050546366,0.042307290248572826,"{""policy_inference_time"": 0.006905439309775829, ""env_step_time"": 0.034057038836181164, ""replay_insert_time"": 0.0009598638862371445, ""logging_time"": 0.00012568337842822075, ""total_train_step_time"": 0.042307290248572826}",0.13783060386776924,0.010869162157177925
rollout_update,1216,1596.4095179347823,11.76086428717949,210408.04050546366,0.04008996393531561,"{""policy_inference_time"": 0.006787377875298262, ""env_step_time"": 0.03231077268719673, ""replay_insert_time"": 0.000618393998593092, ""logging_time"": 0.00011822022497653961, ""total_train_step_time"": 0.04008996393531561}",0.13783060386776924,0.010869162157177925
rollout_update,1280,1604.6305604450745,11.682578160073161,210408.04050546366,0.03988457005470991,"{""policy_inference_time"": 0.00674225902184844, ""env_step_time"": 0.03219371708109975, ""replay_insert_time"": 0.0005825390107929707, ""logging_time"": 0.00011534476652741432, ""total_train_step_time"": 0.03988457005470991}",0.13783060386776924,0.010869162157177925
rollout_update,1344,63.73378257150507,12.006852287097232,211497.2830878869,1.0041770222596824,"{""policy_inference_time"": 0.006716280709952116, ""env_step_time"": 0.03200528025627136, ""replay_insert_time"": 0.0005725580267608166, ""logging_time"": 0.00011632218956947327, ""total_train_step_time"": 1.0041770222596824}",0.13743001874536276,0.010923590045422316
rollout_update,1408,1555.7853119005974,11.936664238732835,211497.2830878869,0.041136781219393015,"{""policy_inference_time"": 0.006872886326164007, ""env_step_time"": 0.033005943056195974, ""replay_insert_time"": 0.0008766385726630688, ""logging_time"": 0.00012199394404888153, ""total_train_step_time"": 0.041136781219393015}",0.13743001874536276,0.010923590045422316
rollout_update,1472,1596.3359799911977,11.869044247147974,211497.2830878869,0.04009181074798107,"{""policy_inference_time"": 0.006842899136245251, ""env_step_time"": 0.032301200088113546, ""replay_insert_time"": 0.0005801101215183735, ""logging_time"": 0.00011540902778506279, ""total_train_step_time"": 0.04009181074798107}",0.13743001874536276,0.010923590045422316
rollout_update,1536,1606.0539330899796,11.802588342956629,211497.2830878869,0.03984922217205167,"{""policy_inference_time"": 0.006690005771815777, ""env_step_time"": 0.03221820015460253, ""replay_insert_time"": 0.0005713766440749168, ""logging_time"": 0.00011705420911312103, ""total_train_step_time"": 0.03984922217205167}",0.13743001874536276,0.010923590045422316
rollout_update,1600,63.43519729645845,12.060074116383484,212184.40988155917,1.0089036170393229,"{""policy_inference_time"": 0.006744014099240303, ""env_step_time"": 0.032227995339781046, ""replay_insert_time"": 0.0005743470974266529, ""logging_time"": 0.00011367397382855415, ""total_train_step_time"": 1.0089036170393229}",0.13860802352428436,0.010935159865766764
rollout_update,1664,1530.478729039985,11.998329745438552,212184.40988155917,0.0418169810436666,"{""policy_inference_time"": 0.006902018096297979, ""env_step_time"": 0.03359976643696427, ""replay_insert_time"": 0.0009266980923712254, ""logging_time"": 0.00012476090341806412, ""total_train_step_time"": 0.0418169810436666}",0.13860802352428436,0.010935159865766764
rollout_update,1728,1587.8531253789072,11.939411840347168,212184.40988155917,0.04030599491670728,"{""policy_inference_time"": 0.006837607827037573, ""env_step_time"": 0.032515618950128555, ""replay_insert_time"": 0.0005854540504515171, ""logging_time"": 0.00011707888916134834, ""total_train_step_time"": 0.04030599491670728}",0.13860802352428436,0.010935159865766764
rollout_update,1792,1575.0547551372858,11.880598008362798,212184.40988155917,0.04063350800424814,"{""policy_inference_time"": 0.006800504866987467, ""env_step_time"": 0.03288687393069267, ""replay_insert_time"": 0.0005763452500104904, ""logging_time"": 0.00011707283556461334, ""total_train_step_time"": 0.04063350800424814}",0.13860802352428436,0.010935159865766764
rollout_update,1856,62.67068999995692,12.082044772496442,211607.28511171142,1.0212110318243504,"{""policy_inference_time"": 0.0068199122324585915, ""env_step_time"": 0.032323131803423166, ""replay_insert_time"": 0.0005744588561356068, ""logging_time"": 0.00011791009455919266, ""total_train_step_time"": 1.0212110318243504}",0.1389841390773654,0.010954906698316336
rollout_update,1920,1515.417784006357,12.027250348811343,211607.28511171142,0.04223257815465331,"{""policy_inference_time"": 0.007046569138765335, ""env_step_time"": 0.03388951392844319, ""replay_insert_time"": 0.0009079603478312492, ""logging_time"": 0.00012198463082313538, ""total_train_step_time"": 0.04223257815465331}",0.1389841390773654,0.010954906698316336
rollout_update,1984,1583.106355827633,11.975262332597291,211607.28511171142,0.040426847990602255,"{""policy_inference_time"": 0.006857725325971842, ""env_step_time"": 0.03261197870597243, ""replay_insert_time"": 0.0005910671316087246, ""logging_time"": 0.00011517200618982315, ""total_train_step_time"": 0.040426847990602255}",0.1389841390773654,0.010954906698316336
rollout_update,2048,1585.5485822060593,11.923800867284953,211607.28511171142,0.0403645783662796,"{""policy_inference_time"": 0.006811994127929211, ""env_step_time"": 0.032599763944745064, ""replay_insert_time"": 0.0005827378481626511, ""logging_time"": 0.00011713802814483643, ""total_train_step_time"": 0.0403645783662796}",0.1389841390773654,0.010954906698316336
rollout_update,2112,62.68540683613384,12.09915622154224,211160.71046057658,1.0209712791256607,"{""policy_inference_time"": 0.006866250187158585, ""env_step_time"": 0.03228881303220987, ""replay_insert_time"": 0.0005823830142617226, ""logging_time"": 0.0001154039055109024, ""total_train_step_time"": 1.0209712791256607}",0.13917497778311372,0.010999098885804415
rollout_update,2176,1497.5861859785202,12.049708166212618,211160.71046057658,0.04273543693125248,"{""policy_inference_time"": 0.006949830800294876, ""env_step_time"": 0.034468141850084066, ""replay_insert_time"": 0.0009307302534580231, ""logging_time"": 0.0001238211989402771, ""total_train_step_time"": 0.04273543693125248}",0.13917497778311372,0.010999098885804415
rollout_update,2240,1579.8999318433061,12.003208084902768,211160.71046057658,0.040508894715458155,"{""policy_inference_time"": 0.006921498104929924, ""env_step_time"": 0.032618767116218805, ""replay_insert_time"": 0.0005932347849011421, ""logging_time"": 0.00011832825839519501, ""total_train_step_time"": 0.040508894715458155}",0.13917497778311372,0.010999098885804415
rollout_update,2304,1586.5804731021826,11.957259060211513,211160.71046057658,0.040338325779885054,"{""policy_inference_time"": 0.006871419958770275, ""env_step_time"": 0.032512237783521414, ""replay_insert_time"": 0.0005815960466861725, ""logging_time"": 0.00011764932423830032, ""total_train_step_time"": 0.040338325779885054}",0.13917497778311372,0.010999098885804415
rollout_update,2368,63.20393942374825,12.121078724447491,211596.39570675732,1.0125951101072133,"{""policy_inference_time"": 0.006840644869953394, ""env_step_time"": 0.03249895107001066, ""replay_insert_time"": 0.0005748500116169453, ""logging_time"": 0.00012020301073789597, ""total_train_step_time"": 1.0125951101072133}",0.1389067806303501,0.010908121708780527
rollout_update,2432,1534.8458328869601,12.077476899570069,211596.39570675732,0.041697998996824026,"{""policy_inference_time"": 0.006959213875234127, ""env_step_time"": 0.033457555808126926, ""replay_insert_time"": 0.0008981558494269848, ""logging_time"": 0.00012114597484469414, ""total_train_step_time"": 0.041697998996824026}",0.1389067806303501,0.010908121708780527
rollout_update,2496,1589.615437383809,12.03567399125283,211596.39570675732,0.04026131005957723,"{""policy_inference_time"": 0.006894390098750591, ""env_step_time"": 0.0324187777005136, ""replay_insert_time"": 0.0005785152316093445, ""logging_time"": 0.00011806702241301537, ""total_train_step_time"": 0.04026131005957723}",0.1389067806303501,0.010908121708780527
rollout_update,2560,1595.6929508113337,11.994317036628999,211596.39570675732,0.040107966866344213,"{""policy_inference_time"": 0.006857365369796753, ""env_step_time"": 0.03230529511347413, ""replay_insert_time"": 0.0005740290507674217, ""logging_time"": 0.00011840276420116425, ""total_train_step_time"": 0.040107966866344213}",0.1389067806303501,0.010908121708780527
rollout_update,2624,62.79508679951918,12.134217935215249,211917.39446731558,1.0191880171187222,"{""policy_inference_time"": 0.0068284496665000916, ""env_step_time"": 0.03357371501624584, ""replay_insert_time"": 0.0006886920891702175, ""logging_time"": 0.00012061791494488716, ""total_train_step_time"": 1.0191880171187222}",0.13989784801378846,0.011002446059137583
rollout_update,2688,1487.5307840205205,12.093221406447084,211917.39446731558,0.04302431968972087,"{""policy_inference_time"": 0.00716915400698781, ""env_step_time"": 0.03453651024028659, ""replay_insert_time"": 0.0009274398908019066, ""logging_time"": 0.000122913159430027, ""total_train_step_time"": 0.04302431968972087}",0.13989784801378846,0.011002446059137583
rollout_update,2752,1576.6420069979624,12.054795156900225,211917.39446731558,0.04059260105714202,"{""policy_inference_time"": 0.006936236750334501, ""env_step_time"": 0.032682152930647135, ""replay_insert_time"": 0.0005996730178594589, ""logging_time"": 0.00011958600953221321, ""total_train_step_time"": 0.04059260105714202}",0.13989784801378846,0.011002446059137583
rollout_update,2816,1582.9806341622584,12.016764743599483,211917.39446731558,0.04043005872517824,"{""policy_inference_time"": 0.006867042742669582, ""env_step_time"": 0.03261136543005705, ""replay_insert_time"": 0.0005820081569254398, ""logging_time"": 0.00011601997539401054, ""total_train_step_time"": 0.04043005872517824}",0.13989784801378846,0.011002446059137583
rollout_update,2880,63.21295678371771,12.149367757443661,212205.71385795283,1.012450662907213,"{""policy_inference_time"": 0.006867712829262018, ""env_step_time"": 0.03256795834749937, ""replay_insert_time"": 0.0005703438073396683, ""logging_time"": 0.00011790869757533073, ""total_train_step_time"": 1.012450662907213}",0.13924249727278948,0.010963904671370983
rollout_update,2944,1523.764386049046,12.112576630635632,212205.71385795283,0.04200124414637685,"{""policy_inference_time"": 0.0069627598859369755, ""env_step_time"": 0.03375427098944783, ""replay_insert_time"": 0.0008934279903769493, ""logging_time"": 0.00011989381164312363, ""total_train_step_time"": 0.04200124414637685}",0.13924249727278948,0.010963904671370983
rollout_update,3008,1576.6821421308096,12.077231428501605,212205.71385795283,0.04059156775474548,"{""policy_inference_time"": 0.006930906791239977, ""env_step_time"": 0.03268205979838967, ""replay_insert_time"": 0.0006082048639655113, ""logging_time"": 0.00011482415720820427, ""total_train_step_time"": 0.04059156775474548}",0.13924249727278948,0.010963904671370983
rollout_update,3072,1586.657034809343,12.042312179040438,212205.71385795283,0.04033637931570411,"{""policy_inference_time"": 0.006845856085419655, ""env_step_time"": 0.03254053322598338, ""replay_insert_time"": 0.000578335952013731, ""logging_time"": 0.00011714082211256027, ""total_train_step_time"": 0.04033637931570411}",0.13924249727278948,0.010963904671370983
rollout_update,3136,63.05635269083544,12.16108136911635,212441.12422968293,1.0149651425890625,"{""policy_inference_time"": 0.006850689183920622, ""env_step_time"": 0.03241355624049902, ""replay_insert_time"": 0.0005781869404017925, ""logging_time"": 0.0001176241785287857, ""total_train_step_time"": 1.0149651425890625}",0.13968024589121342,0.01100711477920413
rollout_update,3200,1477.9579557548022,12.125995188696347,212441.12422968293,0.04330299096181989,"{""policy_inference_time"": 0.006981553044170141, ""env_step_time"": 0.03493781667202711, ""replay_insert_time"": 0.0009953179396688938, ""logging_time"": 0.00012077158316969872, ""total_train_step_time"": 0.04330299096181989}",0.13968024589121342,0.01100711477920413
rollout_update,3264,1528.0359653308412,12.092250956332716,212441.12422968293,0.04188383091241121,"{""policy_inference_time"": 0.0072808838449418545, ""env_step_time"": 0.033614492043852806, ""replay_insert_time"": 0.0006021992303431034, ""logging_time"": 0.0001180930994451046, ""total_train_step_time"": 0.04188383091241121}",0.13968024589121342,0.01100711477920413
rollout_update,3328,1586.216283437403,12.059921543549287,212441.12422968293,0.04034758731722832,"{""policy_inference_time"": 0.0068952906876802444, ""env_step_time"": 0.03247718699276447, ""replay_insert_time"": 0.0005965391173958778, ""logging_time"": 0.00012111617252230644, ""total_train_step_time"": 0.04034758731722832}",0.13968024589121342,0.01100711477920413
rollout_update,3392,62.56061984711149,12.163097287177633,212458.4064016548,1.0230077668093145,"{""policy_inference_time"": 0.006859601009637117, ""env_step_time"": 0.03243131609633565, ""replay_insert_time"": 0.0005793757736682892, ""logging_time"": 0.00011688470840454102, ""total_train_step_time"": 1.0230077668093145}",0.14447290590032935,0.01096129696816206
rollout_update,3456,1516.3983776134999,12.131323939739488,212458.4064016548,0.042205268051475286,"{""policy_inference_time"": 0.006963314022868872, ""env_step_time"": 0.03395138727501035, ""replay_insert_time"": 0.0009132013656198978, ""logging_time"": 0.00011967401951551437, ""total_train_step_time"": 0.042205268051475286}",0.14447290590032935,0.01096129696816206
rollout_update,3520,1586.133265960625,12.101102346031453,212458.4064016548,0.04034969909116626,"{""policy_inference_time"": 0.006906846072524786, ""env_step_time"": 0.032473249826580286, ""replay_insert_time"": 0.0005960650742053986, ""logging_time"": 0.00011759577319025993, ""total_train_step_time"": 0.04034969909116626}",0.14447290590032935,0.01096129696816206
rollout_update,3584,1596.2244993035686,12.071220594452361,212458.4064016548,0.04009461076930165,"{""policy_inference_time"": 0.0068215071223676205, ""env_step_time"": 0.032323259860277176, ""replay_insert_time"": 0.000581895001232624, ""logging_time"": 0.0001160716637969017, ""total_train_step_time"": 0.04009461076930165}",0.14447290590032935,0.01096129696816206
rollout_update,3648,63.226214471913714,12.174474480429458,212659.27763884972,1.012238365598023,"{""policy_inference_time"": 0.006872895173728466, ""env_step_time"": 0.03256169660016894, ""replay_insert_time"": 0.0005857693031430244, ""logging_time"": 0.00011735595762729645, ""total_train_step_time"": 1.012238365598023}",0.13882553577423096,0.011218667961657047
rollout_update,3712,1540.7735918543308,12.145227721938255,212659.27763884972,0.041537575889378786,"{""policy_inference_time"": 0.006909605115652084, ""env_step_time"": 0.03335057012736797, ""replay_insert_time"": 0.0008917329832911491, ""logging_time"": 0.00012252526357769966, ""total_train_step_time"": 0.041537575889378786}",0.13882553577423096,0.011218667961657047
rollout_update,3776,1568.9984714705981,12.11664351471851,212659.27763884972,0.040790352039039135,"{""policy_inference_time"": 0.0069228108040988445, ""env_step_time"": 0.032904737163335085, ""replay_insert_time"": 0.0005893060006201267, ""logging_time"": 0.00011887727305293083, ""total_train_step_time"": 0.040790352039039135}",0.13882553577423096,0.011218667961657047
rollout_update,3840,1591.8375714748504,12.088600784459276,212659.27763884972,0.04020510707050562,"{""policy_inference_time"": 0.006868138909339905, ""env_step_time"": 0.03238032292574644, ""replay_insert_time"": 0.0005879267118871212, ""logging_time"": 0.00011672871187329292, ""total_train_step_time"": 0.04020510707050562}",0.13882553577423096,0.011218667961657047
rollout_update,3904,62.760236365306866,12.179545088513668,212534.4469558154,1.0197539669461548,"{""policy_inference_time"": 0.006846548058092594, ""env_step_time"": 0.032817019149661064, ""replay_insert_time"": 0.0005807620473206043, ""logging_time"": 0.00011705607175827026, ""total_train_step_time"": 1.0197539669461548}",0.1387680252082646,0.010980985127389431
rollout_update,3968,1520.85518958162,12.151740680547015,212534.4469558154,0.04208158701658249,"{""policy_inference_time"": 0.0069880117662250996, ""env_step_time"": 0.033763025887310505, ""replay_insert_time"": 0.0009484011679887772, ""logging_time"": 0.00011973315849900246, ""total_train_step_time"": 0.04208158701658249}",0.1387680252082646,0.010980985127389431
rollout_update,4032,1581.6297174099632,12.12512412666054,212534.4469558154,0.04046459123492241,"{""policy_inference_time"": 0.006879850290715694, ""env_step_time"": 0.032609999645501375, ""replay_insert_time"": 0.000589223112910986, ""logging_time"": 0.00011951103806495667, ""total_train_step_time"": 0.04046459123492241}",0.1387680252082646,0.010980985127389431
rollout_update,4096,1588.443237056074,12.098737340510018,212534.4469558154,0.04029102111235261,"{""policy_inference_time"": 0.00683950399979949, ""env_step_time"": 0.032501507084816694, ""replay_insert_time"": 0.0005806107074022293, ""logging_time"": 0.00011819181963801384, ""total_train_step_time"": 0.04029102111235261}",0.1387680252082646,0.010980985127389431
rollout_update,4160,63.29255482125067,12.189184697963245,212713.90641062564,1.0111773838289082,"{""policy_inference_time"": 0.006816734094172716, ""env_step_time"": 0.03261468093842268, ""replay_insert_time"": 0.0005871560424566269, ""logging_time"": 0.00012047914788126945, ""total_train_step_time"": 1.0111773838289082}",0.1386113022454083,0.010947740636765957
rollout_update,4224,1548.251366336039,12.16343379878121,212713.90641062564,0.04133695689961314,"{""policy_inference_time"": 0.006946224719285965, ""env_step_time"": 0.0331361498683691, ""replay_insert_time"": 0.0008739200420677662, ""logging_time"": 0.00012215785682201385, ""total_train_step_time"": 0.04133695689961314}",0.1386113022454083,0.010947740636765957
rollout_update,4288,1582.5291672168157,12.13834574377784,212713.90641062564,0.04044159268960357,"{""policy_inference_time"": 0.006925814785063267, ""env_step_time"": 0.032544396817684174, ""replay_insert_time"": 0.0006007729098200798, ""logging_time"": 0.00011652801185846329, ""total_train_step_time"": 0.04044159268960357}",0.1386113022454083,0.010947740636765957
rollout_update,4352,1585.3195325818633,12.113404854037972,212713.90641062564,0.040370410308241844,"{""policy_inference_time"": 0.006872991099953651, ""env_step_time"": 0.032546971924602985, ""replay_insert_time"": 0.0005799517966806889, ""logging_time"": 0.00011728005483746529, ""total_train_step_time"": 0.040370410308241844}",0.1386113022454083,0.010947740636765957
rollout_update,4416,63.47062427396233,12.199847721633867,212877.93760403336,1.0083404839970171,"{""policy_inference_time"": 0.006852796301245689, ""env_step_time"": 0.032346922904253006, ""replay_insert_time"": 0.0005762581713497639, ""logging_time"": 0.00011677620932459831, ""total_train_step_time"": 1.0083404839970171}",0.13804806908592582,0.010883198119699955
rollout_update,4480,1541.6747155995674,12.175378308269556,212877.93760403336,0.04151329677551985,"{""policy_inference_time"": 0.006885893177241087, ""env_step_time"": 0.03333172295242548, ""replay_insert_time"": 0.0009166663512587547, ""logging_time"": 0.00011877575889229774, ""total_train_step_time"": 0.04151329677551985}",0.13804806908592582,0.010883198119699955
rollout_update,4544,1593.488018233055,12.151797774650257,212877.93760403336,0.04016346484422684,"{""policy_inference_time"": 0.006844396237283945, ""env_step_time"": 0.032343966886401176, ""replay_insert_time"": 0.0005994951352477074, ""logging_time"": 0.00011899368837475777, ""total_train_step_time"": 0.04016346484422684}",0.13804806908592582,0.010883198119699955
rollout_update,4608,1597.6711565280132,12.128369786167326,212877.93760403336,0.04005830595269799,"{""policy_inference_time"": 0.006804538890719414, ""env_step_time"": 0.03230135282501578, ""replay_insert_time"": 0.0005769259296357632, ""logging_time"": 0.00012064212933182716, ""total_train_step_time"": 0.04005830595269799}",0.13804806908592582,0.010883198119699955
rollout_update,4672,62.966075677136786,12.205109562470868,212703.43268034357,1.0164203392341733,"{""policy_inference_time"": 0.006841335445642471, ""env_step_time"": 0.03217968391254544, ""replay_insert_time"": 0.0005794302560389042, ""logging_time"": 0.00011855922639369965, ""total_train_step_time"": 1.0164203392341733}",0.13849097583442926,0.010923953261226416
rollout_update,4736,1526.766291725158,12.181679436502796,212703.43268034357,0.041918661911040545,"{""policy_inference_time"": 0.006928478367626667, ""env_step_time"": 0.033695732709020376, ""replay_insert_time"": 0.0008987719193100929, ""logging_time"": 0.0001250011846423149, ""total_train_step_time"": 0.041918661911040545}",0.13849097583442926,0.010923953261226416
rollout_update,4800,1586.2774674795062,12.159213122759102,212703.43268034357,0.040346031077206135,"{""policy_inference_time"": 0.006875735707581043, ""env_step_time"": 0.032500917091965675, ""replay_insert_time"": 0.0005986480973660946, ""logging_time"": 0.00011617690324783325, ""total_train_step_time"": 0.040346031077206135}",0.13849097583442926,0.010923953261226416
rollout_update,4864,1591.8848081884657,12.136908224949076,212703.43268034357,0.04020391404628754,"{""policy_inference_time"": 0.0068042161874473095, ""env_step_time"": 0.0324440230615437, ""replay_insert_time"": 0.0005862228572368622, ""logging_time"": 0.00011618714779615402, ""total_train_step_time"": 0.04020391404628754}",0.13849097583442926,0.010923953261226416
rollout_update,4928,63.30149859134831,12.212326619727374,212862.77193164016,1.0110345161519945,"{""policy_inference_time"": 0.006790615152567625, ""env_step_time"": 0.03230015002191067, ""replay_insert_time"": 0.0005726250819861889, ""logging_time"": 0.00011615222319960594, ""total_train_step_time"": 1.0110345161519945}",0.13868586719036102,0.010945470072329044
rollout_update,4992,1487.381392329666,12.189450511730644,212862.77193164016,0.043028641026467085,"{""policy_inference_time"": 0.006863833870738745, ""env_step_time"": 0.0347939501516521, ""replay_insert_time"": 0.0009581251069903374, ""logging_time"": 0.00013064080849289894, ""total_train_step_time"": 0.043028641026467085}",0.13868586719036102,0.010945470072329044
rollout_update,5056,1484.4144046104466,12.166614478939229,212862.77193164016,0.043114644940942526,"{""policy_inference_time"": 0.007370118051767349, ""env_step_time"": 0.03472172003239393, ""replay_insert_time"": 0.0006287866272032261, ""logging_time"": 0.00012550223618745804, ""total_train_step_time"": 0.043114644940942526}",0.13868586719036102,0.010945470072329044
rollout_update,5120,1552.8895622949035,12.144865252279327,212862.77193164016,0.04121349100023508,"{""policy_inference_time"": 0.007322563789784908, ""env_step_time"": 0.03294348297640681, ""replay_insert_time"": 0.0005792002193629742, ""logging_time"": 0.00011467328295111656, ""total_train_step_time"": 0.04121349100023508}",0.13868586719036102,0.010945470072329044
rollout_update,5184,62.64872189336896,12.211036636873358,212732.41456401054,1.0215691248886287,"{""policy_inference_time"": 0.006763458251953125, ""env_step_time"": 0.03233768977224827, ""replay_insert_time"": 0.000577074009925127, ""logging_time"": 0.00011718505993485451, ""total_train_step_time"": 1.0215691248886287}",0.14024332910776138,0.010953566059470177
rollout_update,5248,1539.9612565475884,12.189995029544557,212732.41456401054,0.041559487115591764,"{""policy_inference_time"": 0.00692928908392787, ""env_step_time"": 0.0333445779979229, ""replay_insert_time"": 0.0009011006914079189, ""logging_time"": 0.000122816301882267, ""total_train_step_time"": 0.041559487115591764}",0.14024332910776138,0.010953566059470177
rollout_update,5312,1583.1604797284629,12.16959703693909,212732.41456401054,0.040425465907901525,"{""policy_inference_time"": 0.006880640052258968, ""env_step_time"": 0.032587890047580004, ""replay_insert_time"": 0.0005869502201676369, ""logging_time"": 0.000116697046905756, ""total_train_step_time"": 0.040425465907901525}",0.14024332910776138,0.010953566059470177
rollout_update,5376,1587.3659110482524,12.149320966203794,212732.41456401054,0.04031836614012718,"{""policy_inference_time"": 0.006827875971794128, ""env_step_time"": 0.032544723246246576, ""replay_insert_time"": 0.000578652136027813, ""logging_time"": 0.00011629564687609673, ""total_train_step_time"": 0.04031836614012718}",0.14024332910776138,0.010953566059470177
rollout_update,5440,63.33895112354599,12.217703626369854,212848.40453441124,1.0104366880841553,"{""policy_inference_time"": 0.006826681084930897, ""env_step_time"": 0.03245786903426051, ""replay_insert_time"": 0.0005806721746921539, ""logging_time"": 0.000118195079267025, ""total_train_step_time"": 1.0104366880841553}",0.13862657686695457,0.010964598972350359
rollout_update,5504,164.55112042769997,12.032069284053108,212848.40453441124,0.3889368837699294,"{""policy_inference_time"": 0.00686223478987813, ""env_step_time"": 0.38057060120627284, ""replay_insert_time"": 0.0010954230092465878, ""logging_time"": 0.0001345439814031124, ""total_train_step_time"": 0.3889368837699294}",0.13862657686695457,0.010964598972350359
rollout_update,5568,1469.4005637392202,12.01163161399475,212848.40453441124,0.04355517588555813,"{""policy_inference_time"": 0.008926235139369965, ""env_step_time"": 0.03364669904112816, ""replay_insert_time"": 0.0006074649281799793, ""logging_time"": 0.00011818995699286461, ""total_train_step_time"": 0.04355517588555813}",0.13862657686695457,0.010964598972350359
rollout_update,5632,1583.4130035004248,11.992727556809783,212848.40453441124,0.04041901882737875,"{""policy_inference_time"": 0.006891737692058086, ""env_step_time"": 0.03257309691980481, ""replay_insert_time"": 0.0005841469392180443, ""logging_time"": 0.00011804001405835152, ""total_train_step_time"": 0.04041901882737875}",0.13862657686695457,0.010964598972350359
rollout_update,5696,62.492423024513904,12.057055242000995,212547.96133700342,1.024124156218022,"{""policy_inference_time"": 0.006856389343738556, ""env_step_time"": 0.03248785203322768, ""replay_insert_time"": 0.0005795531906187534, ""logging_time"": 0.00011631334200501442, ""total_train_step_time"": 1.024124156218022}",0.1388201043009758,0.010949824936687946
rollout_update,5760,1529.5017013999777,12.03819372078806,212547.96133700342,0.04184369323775172,"{""policy_inference_time"": 0.006915083155035973, ""env_step_time"": 0.03362442692741752, ""replay_insert_time"": 0.0009150691330432892, ""logging_time"": 0.00012160977348685265, ""total_train_step_time"": 0.04184369323775172}",0.1388201043009758,0.010949824936687946
rollout_update,5824,1586.6052541091647,12.02006682558064,212547.96133700342,0.040337695740163326,"{""policy_inference_time"": 0.006916938349604607, ""env_step_time"": 0.032444039825350046, ""replay_insert_time"": 0.000599387101829052, ""logging_time"": 0.00011856527999043465, ""total_train_step_time"": 0.040337695740163326}",0.1388201043009758,0.010949824936687946
rollout_update,5888,1573.6505851725628,12.001845887903613,212547.96133700342,0.0406697653234005,"{""policy_inference_time"": 0.0068748462945222855, ""env_step_time"": 0.03283673105761409, ""replay_insert_time"": 0.0005818167701363564, ""logging_time"": 0.00011926190927624702, ""total_train_step_time"": 0.0406697653234005}",0.1388201043009758,0.010949824936687946
rollout_update,5952,47.51841377171342,11.925020300897724,212672.6153954179,1.346846304833889,"{""policy_inference_time"": 0.006859093904495239, ""env_step_time"": 0.3665229743346572, ""replay_insert_time"": 0.0006409343332052231, ""logging_time"": 0.00012671062722802162, ""total_train_step_time"": 1.346846304833889}",0.1388224521651864,0.010922469198703766
rollout_update,6016,1427.6851201948314,11.906077852689375,212672.6153954179,0.044827811885625124,"{""policy_inference_time"": 0.008020989131182432, ""env_step_time"": 0.035006255842745304, ""replay_insert_time"": 0.0013524019159376621, ""logging_time"": 0.00015022605657577515, ""total_train_step_time"": 0.044827811885625124}",0.1388224521651864,0.010922469198703766
rollout_update,6080,1432.8711535120765,11.887263721292888,212672.6153954179,0.04466556524857879,"{""policy_inference_time"": 0.007546877022832632, ""env_step_time"": 0.036118128802627325, ""replay_insert_time"": 0.0006237039342522621, ""logging_time"": 0.00012041442096233368, ""total_train_step_time"": 0.04466556524857879}",0.1388224521651864,0.010922469198703766
rollout_update,6144,1538.798713172017,11.869798097084336,212672.6153954179,0.041590884793549776,"{""policy_inference_time"": 0.007540747988969088, ""env_step_time"": 0.03303701803088188, ""replay_insert_time"": 0.0006341193802654743, ""logging_time"": 0.00011901184916496277, ""total_train_step_time"": 0.041590884793549776}",0.1388224521651864,0.010922469198703766
rollout_update,6208,63.42221786676197,11.93877237503736,212814.56404934908,1.0091100903227925,"{""policy_inference_time"": 0.006846650969237089, ""env_step_time"": 0.032756737899035215, ""replay_insert_time"": 0.0005882107652723789, ""logging_time"": 0.00011709984391927719, ""total_train_step_time"": 1.0091100903227925}",0.13811764307320118,0.01085633598268032
rollout_update,6272,417.3174945765999,11.876642754161752,212814.56404934908,0.15336045296862721,"{""policy_inference_time"": 0.0068987333215773106, ""env_step_time"": 0.14514766400679946, ""replay_insert_time"": 0.0009291721507906914, ""logging_time"": 0.00012169685214757919, ""total_train_step_time"": 0.15336045296862721}",0.13811764307320118,0.01085633598268032
rollout_update,6336,1539.1090827903874,11.859908069067918,212814.56404934908,0.041582497768104076,"{""policy_inference_time"": 0.0079821040853858, ""env_step_time"": 0.032627955079078674, ""replay_insert_time"": 0.0006016790866851807, ""logging_time"": 0.00011617504060268402, ""total_train_step_time"": 0.041582497768104076}",0.13811764307320118,0.01085633598268032
rollout_update,6400,422.38136311389655,11.799325777477634,212814.56404934908,0.1515218368731439,"{""policy_inference_time"": 0.006741065997630358, ""env_step_time"": 0.14382805675268173, ""replay_insert_time"": 0.0005846577696502209, ""logging_time"": 0.00011705001816153526, ""total_train_step_time"": 0.1515218368731439}",0.13811764307320118,0.01085633598268032
rollout_update,6464,63.430435601873896,11.86762080161025,212963.9471628549,1.0089793549850583,"{""policy_inference_time"": 0.007823385298252106, ""env_step_time"": 0.032467300072312355, ""replay_insert_time"": 0.0005779578350484371, ""logging_time"": 0.00011973921209573746, ""total_train_step_time"": 1.0089793549850583}",0.13840956892818213,0.010911868885159492
rollout_update,6528,1534.7356283515578,11.851507583900249,212963.9471628549,0.041700993198901415,"{""policy_inference_time"": 0.006885349750518799, ""env_step_time"": 0.03354218089953065, ""replay_insert_time"": 0.0008896873332560062, ""logging_time"": 0.00012312596663832664, ""total_train_step_time"": 0.041700993198901415}",0.13840956892818213,0.010911868885159492
rollout_update,6592,1519.0144274644144,11.835271976800923,212963.9471628549,0.04213258204981685,"{""policy_inference_time"": 0.006883187685161829, ""env_step_time"": 0.03427626797929406, ""replay_insert_time"": 0.0006032162345945835, ""logging_time"": 0.00011742394417524338, ""total_train_step_time"": 0.04213258204981685}",0.13840956892818213,0.010911868885159492
rollout_update,6656,1575.9656603824558,11.819665126845956,212963.9471628549,0.04061002191156149,"{""policy_inference_time"": 0.006798135116696358, ""env_step_time"": 0.03286511590704322, ""replay_insert_time"": 0.0005794581957161427, ""logging_time"": 0.00011498620733618736, ""total_train_step_time"": 0.04061002191156149}",0.13840956892818213,0.010911868885159492
rollout_update,6720,57.222521119048395,11.844118052882727,213114.78614383857,1.1184407598339021,"{""policy_inference_time"": 0.00681843888014555, ""env_step_time"": 0.1440143878571689, ""replay_insert_time"": 0.0005852119065821171, ""logging_time"": 0.00011737179011106491, ""total_train_step_time"": 1.1184407598339021}",0.1379356631077826,0.010845237411558628
rollout_update,6784,1513.7383203637,11.82844809371649,213114.78614383857,0.04227943439036608,"{""policy_inference_time"": 0.007941712159663439, ""env_step_time"": 0.03308135224506259, ""replay_insert_time"": 0.0008742576465010643, ""logging_time"": 0.00012041721493005753, ""total_train_step_time"": 0.04227943439036608}",0.1379356631077826,0.010845237411558628
rollout_update,6848,1579.984277887139,11.813473991043056,213114.78614383857,0.0405067321844399,"{""policy_inference_time"": 0.006902188062667847, ""env_step_time"": 0.03264287579804659, ""replay_insert_time"": 0.0005868468433618546, ""logging_time"": 0.00011718180030584335, ""total_train_step_time"": 0.0405067321844399}",0.1379356631077826,0.010845237411558628
rollout_update,6912,1582.490719946532,11.79856138008982,213114.78614383857,0.040442575234919786,"{""policy_inference_time"": 0.006818277295678854, ""env_step_time"": 0.032670261804014444, ""replay_insert_time"": 0.0005861222743988037, ""logging_time"": 0.00011553801596164703, ""total_train_step_time"": 0.040442575234919786}",0.1379356631077826,0.010845237411558628
rollout_update,6976,63.342336480819746,11.861467641143777,213237.1276547535,1.010382684879005,"{""policy_inference_time"": 0.006817049812525511, ""env_step_time"": 0.03222164465114474, ""replay_insert_time"": 0.0005805967375636101, ""logging_time"": 0.00011614290997385979, ""total_train_step_time"": 1.010382684879005}",0.13843549834564328,0.010842966847121716
rollout_update,7040,1512.8991427089088,11.846303939538757,213237.1276547535,0.04230288602411747,"{""policy_inference_time"": 0.006994939874857664, ""env_step_time"": 0.03396313404664397, ""replay_insert_time"": 0.0009541320614516735, ""logging_time"": 0.00012447498738765717, ""total_train_step_time"": 0.04230288602411747}",0.13843549834564328,0.010842966847121716
rollout_update,7104,1576.4185066977536,11.831787650067193,213237.1276547535,0.040598356164991856,"{""policy_inference_time"": 0.006843857001513243, ""env_step_time"": 0.03279556008055806, ""replay_insert_time"": 0.0005917889066040516, ""logging_time"": 0.00011666491627693176, ""total_train_step_time"": 0.040598356164991856}",0.13843549834564328,0.010842966847121716
rollout_update,7168,420.1989917617746,11.777643980113018,213237.1276547535,0.15230879001319408,"{""policy_inference_time"": 0.006790169049054384, ""env_step_time"": 0.14457082096487284, ""replay_insert_time"": 0.0005797622725367546, ""logging_time"": 0.0001167389564216137, ""total_train_step_time"": 0.15230879001319408}",0.13843549834564328,0.010842966847121716
rollout_update,7232,62.84599574361278,11.836127570135915,213345.94531332667,1.018362415023148,"{""policy_inference_time"": 0.0078489207662642, ""env_step_time"": 0.032328343950212, ""replay_insert_time"": 0.0005725882947444916, ""logging_time"": 0.00011654337868094444, ""total_train_step_time"": 1.018362415023148}",0.1382909151725471,0.010905561968684196
rollout_update,7296,1521.1910586356214,11.821627934120263,213345.94531332667,0.04207229567691684,"{""policy_inference_time"": 0.006895496044307947, ""env_step_time"": 0.03386681294068694, ""replay_insert_time"": 0.0009241341613233089, ""logging_time"": 0.0001223837025463581, ""total_train_step_time"": 0.04207229567691684}",0.1382909151725471,0.010905561968684196
rollout_update,7360,1540.111750301699,11.807341260998605,213345.94531332667,0.041555426083505154,"{""policy_inference_time"": 0.006954734679311514, ""env_step_time"": 0.033569828141480684, ""replay_insert_time"": 0.0006513171829283237, ""logging_time"": 0.00011873897165060043, ""total_train_step_time"": 0.041555426083505154}",0.1382909151725471,0.010905561968684196
rollout_update,7424,1567.5527418621193,11.793338275153001,213345.94531332667,0.04082797234877944,"{""policy_inference_time"": 0.0069210887886583805, ""env_step_time"": 0.032953402027487755, ""replay_insert_time"": 0.0005841250531375408, ""logging_time"": 0.00011639995500445366, ""total_train_step_time"": 0.04082797234877944}",0.1382909151725471,0.010905561968684196
rollout_update,7488,63.435312742306344,11.85264893071292,213470.52982626986,1.008901780936867,"{""policy_inference_time"": 0.006810553837567568, ""env_step_time"": 0.03245820011943579, ""replay_insert_time"": 0.0005818880163133144, ""logging_time"": 0.00011669332161545753, ""total_train_step_time"": 1.008901780936867}",0.13830367056652904,0.010837506037205458
rollout_update,7552,1544.2273319487765,11.838802346875646,213470.52982626986,0.04144467506557703,"{""policy_inference_time"": 0.00688433600589633, ""env_step_time"": 0.03328587766736746, ""replay_insert_time"": 0.0008854558691382408, ""logging_time"": 0.0001239287666976452, ""total_train_step_time"": 0.04144467506557703}",0.13830367056652904,0.010837506037205458
rollout_update,7616,1576.6706747414908,11.825272010214707,213470.52982626986,0.040591862984001637,"{""policy_inference_time"": 0.006850752979516983, ""env_step_time"": 0.032747101970016956, ""replay_insert_time"": 0.0006198668852448463, ""logging_time"": 0.00011792918667197227, ""total_train_step_time"": 0.040591862984001637}",0.13830367056652904,0.010837506037205458
rollout_update,7680,1580.940774958591,11.811808985675853,213470.52982626986,0.04048222489655018,"{""policy_inference_time"": 0.006871774792671204, ""env_step_time"": 0.03263885900378227, ""replay_insert_time"": 0.0005980432033538818, ""logging_time"": 0.00011910498142242432, ""total_train_step_time"": 0.04048222489655018}",0.13830367056652904,0.010837506037205458
rollout_update,7744,63.31025728068459,11.868128054129707,213573.74074050688,1.010894644074142,"{""policy_inference_time"": 0.006840905174612999, ""env_step_time"": 0.03235869109630585, ""replay_insert_time"": 0.0005817036144435406, ""logging_time"": 0.00011616293340921402, ""total_train_step_time"": 1.010894644074142}",0.13889601081609726,0.01083167688921094
rollout_update,7808,1526.5788687420188,11.854537479002378,213573.74074050688,0.04192380839958787,"{""policy_inference_time"": 0.006883773021399975, ""env_step_time"": 0.03375479206442833, ""replay_insert_time"": 0.0008986871689558029, ""logging_time"": 0.0001241457648575306, ""total_train_step_time"": 0.04192380839958787}",0.13889601081609726,0.01083167688921094
rollout_update,7872,1559.6197380277338,11.841264933170471,213573.74074050688,0.04103564377874136,"{""policy_inference_time"": 0.007289208006113768, ""env_step_time"": 0.03277538809925318, ""replay_insert_time"": 0.0006013130769133568, ""logging_time"": 0.00011709937825798988, ""total_train_step_time"": 0.04103564377874136}",0.13889601081609726,0.01083167688921094
rollout_update,7936,1587.3770578656934,11.82825338832797,213573.74074050688,0.0403180830180645,"{""policy_inference_time"": 0.006857554893940687, ""env_step_time"": 0.032506214920431376, ""replay_insert_time"": 0.0005847928114235401, ""logging_time"": 0.000116678886115551, ""total_train_step_time"": 0.0403180830180645}",0.13889601081609726,0.01083167688921094
rollout_update,8000,62.79518076177719,11.879824659729373,213659.30646363256,1.0191864920780063,"{""policy_inference_time"": 0.006846312899142504, ""env_step_time"": 0.032488910015672445, ""replay_insert_time"": 0.000579815823584795, ""logging_time"": 0.00011541927233338356, ""total_train_step_time"": 1.0191864920780063}",0.1383037781342864,0.010910671204328537
rollout_update,8064,1526.1358977734335,11.866628543539544,213659.30646363256,0.041935977060347795,"{""policy_inference_time"": 0.006910668686032295, ""env_step_time"": 0.03369652293622494, ""replay_insert_time"": 0.0009424649178981781, ""logging_time"": 0.00012306077405810356, ""total_train_step_time"": 0.041935977060347795}",0.1383037781342864,0.010910671204328537
rollout_update,8128,1584.538821640847,11.853946495712446,213659.30646363256,0.040390301030129194,"{""policy_inference_time"": 0.006900018081068993, ""env_step_time"": 0.03252141736447811, ""replay_insert_time"": 0.0005940785631537437, ""logging_time"": 0.00011692522093653679, ""total_train_step_time"": 0.040390301030129194}",0.1383037781342864,0.010910671204328537
rollout_update,8192,1594.643866427278,11.841371633724474,213659.30646363256,0.04013435309752822,"{""policy_inference_time"": 0.006779690273106098, ""env_step_time"": 0.03241491969674826, ""replay_insert_time"": 0.0005723158828914165, ""logging_time"": 0.00011591194197535515, ""total_train_step_time"": 0.04013435309752822}",0.1383037781342864,0.010910671204328537
rollout_update,8256,62.7909830606492,11.8910625612779,213600.2690571116,1.0192546267062426,"{""policy_inference_time"": 0.006794361863285303, ""env_step_time"": 0.03235597815364599, ""replay_insert_time"": 0.0005715787410736084, ""logging_time"": 0.00011459086090326309, ""total_train_step_time"": 1.0192546267062426}",0.13892514910548925,0.014580744318664074
rollout_update,8320,1433.8068489940247,11.877417043559449,213600.2690571116,0.04463641671463847,"{""policy_inference_time"": 0.007026840001344681, ""env_step_time"": 0.03613359294831753, ""replay_insert_time"": 0.0010665100999176502, ""logging_time"": 0.00012973416596651077, ""total_train_step_time"": 0.04463641671463847}",0.13892514910548925,0.014580744318664074
rollout_update,8384,1433.3831861766494,11.863798788283647,213600.2690571116,0.044649609830230474,"{""policy_inference_time"": 0.007537235040217638, ""env_step_time"": 0.03601511800661683, ""replay_insert_time"": 0.0006263530813157558, ""logging_time"": 0.00011860392987728119, ""total_train_step_time"": 0.044649609830230474}",0.13892514910548925,0.014580744318664074
rollout_update,8448,1516.7891760111388,11.850958049515535,213600.2690571116,0.042194393929094076,"{""policy_inference_time"": 0.00760452076792717, ""env_step_time"": 0.03358825109899044, ""replay_insert_time"": 0.0006226818077266216, ""logging_time"": 0.00012143515050411224, ""total_train_step_time"": 0.042194393929094076}",0.13892514910548925,0.014580744318664074
rollout_update,8512,63.31994900729753,11.901508548062168,213680.64748972698,1.010739916935563,"{""policy_inference_time"": 0.006881567183881998, ""env_step_time"": 0.033298338297754526, ""replay_insert_time"": 0.0005893702618777752, ""logging_time"": 0.00011984212324023247, ""total_train_step_time"": 1.010739916935563}",0.13814511336386204,0.0108892060816288
rollout_update,8576,1512.874179260334,11.888933341848714,213680.64748972698,0.042303584050387144,"{""policy_inference_time"": 0.006924099754542112, ""env_step_time"": 0.0340777849778533, ""replay_insert_time"": 0.0009044958278536797, ""logging_time"": 0.00012837396934628487, ""total_train_step_time"": 0.042303584050387144}",0.13814511336386204,0.0108892060816288
rollout_update,8640,1578.7478505794297,11.87690774821301,213680.64748972698,0.040538455825299025,"{""policy_inference_time"": 0.006937053985893726, ""env_step_time"": 0.032641416881233454, ""replay_insert_time"": 0.0005889241583645344, ""logging_time"": 0.00011826818808913231, ""total_train_step_time"": 0.040538455825299025}",0.13814511336386204,0.0108892060816288
rollout_update,8704,1590.5863406270057,11.86499569182041,213680.64748972698,0.04023673431947827,"{""policy_inference_time"": 0.0068186321295797825, ""env_step_time"": 0.03247693507000804, ""replay_insert_time"": 0.0005729249678552151, ""logging_time"": 0.0001187007874250412, ""total_train_step_time"": 0.04023673431947827}",0.13814511336386204,0.0108892060816288
rollout_update,8768,63.09471909702014,11.912762606014411,213751.37738869514,1.0143479662947357,"{""policy_inference_time"": 0.006920868996530771, ""env_step_time"": 0.03243633219972253, ""replay_insert_time"": 0.0005790130235254765, ""logging_time"": 0.00011554686352610588, ""total_train_step_time"": 1.0143479662947357}",0.14044046681374311,0.01090581901371479
rollout_update,8832,1518.241086103859,11.900566441477821,213751.37738869514,0.042154042981565,"{""policy_inference_time"": 0.006981518119573593, ""env_step_time"": 0.03383541293442249, ""replay_insert_time"": 0.0009436449036002159, ""logging_time"": 0.00012511573731899261, ""total_train_step_time"": 0.042154042981565}",0.14044046681374311,0.01090581901371479
rollout_update,8896,1568.0692829032448,11.888781603148653,213751.37738869514,0.04081452311947942,"{""policy_inference_time"": 0.006914898753166199, ""env_step_time"": 0.03290608385577798, ""replay_insert_time"": 0.0005929959006607533, ""logging_time"": 0.00013301335275173187, ""total_train_step_time"": 0.04081452311947942}",0.14044046681374311,0.01090581901371479
rollout_update,8960,1576.2701985327662,11.877081214050644,213751.37738869514,0.04060217598453164,"{""policy_inference_time"": 0.0068314531818032265, ""env_step_time"": 0.03279926208779216, ""replay_insert_time"": 0.0006008069030940533, ""logging_time"": 0.0001160711981356144, ""total_train_step_time"": 0.04060217598453164}",0.14044046681374311,0.01090581901371479
rollout_update,9024,63.246934123169616,11.923960863942805,213819.50922969732,1.0119067570194602,"{""policy_inference_time"": 0.006825510878115892, ""env_step_time"": 0.03265766240656376, ""replay_insert_time"": 0.0005794600583612919, ""logging_time"": 0.00011944584548473358, ""total_train_step_time"": 1.0119067570194602}",0.1388089801184833,0.010914587881416082
rollout_update,9088,1523.9300809700464,11.91212515748357,213819.50922969732,0.04199667740613222,"{""policy_inference_time"": 0.0069363908842206, ""env_step_time"": 0.033755481243133545, ""replay_insert_time"": 0.0009124171920120716, ""logging_time"": 0.00012443913146853447, ""total_train_step_time"": 0.04199667740613222}",0.1388089801184833,0.010914587881416082
rollout_update,9152,1566.5759613950067,11.900634170512896,213819.50922969732,0.04085342912003398,"{""policy_inference_time"": 0.0068997908383607864, ""env_step_time"": 0.03298714570701122, ""replay_insert_time"": 0.0005952189676463604, ""logging_time"": 0.00011942768469452858, ""total_train_step_time"": 0.04085342912003398}",0.1388089801184833,0.010914587881416082
rollout_update,9216,1585.9196571876553,11.889305085601398,213819.50922969732,0.040355133824050426,"{""policy_inference_time"": 0.006824035197496414, ""env_step_time"": 0.03256557462736964, ""replay_insert_time"": 0.0005819182842969894, ""logging_time"": 0.00012941379100084305, ""total_train_step_time"": 0.040355133824050426}",0.1388089801184833,0.010914587881416082
rollout_update,9280,62.84016009252556,11.932872837926492,213885.42559882117,1.0184569852426648,"{""policy_inference_time"": 0.006832667160779238, ""env_step_time"": 0.032541004940867424, ""replay_insert_time"": 0.0006088130176067352, ""logging_time"": 0.00011859089136123657, ""total_train_step_time"": 1.0184569852426648}",0.14068283094093204,0.010879776906222105
rollout_update,9344,1495.843940234441,11.921123155864251,213885.42559882117,0.04278521193191409,"{""policy_inference_time"": 0.007002217695116997, ""env_step_time"": 0.034433295018970966, ""replay_insert_time"": 0.0009580911137163639, ""logging_time"": 0.00012708595022559166, ""total_train_step_time"": 0.04278521193191409}",0.14068283094093204,0.010879776906222105
rollout_update,9408,1560.5981736592912,11.909882703774842,213885.42559882117,0.04100991599261761,"{""policy_inference_time"": 0.007056227885186672, ""env_step_time"": 0.032967770006507635, ""replay_insert_time"": 0.000611486379057169, ""logging_time"": 0.00011743605136871338, ""total_train_step_time"": 0.04100991599261761}",0.14068283094093204,0.010879776906222105
rollout_update,9472,1581.479935798606,11.898811429903532,213885.42559882117,0.04046842362731695,"{""policy_inference_time"": 0.0068831490352749825, ""env_step_time"": 0.03262521279975772, ""replay_insert_time"": 0.0005841078236699104, ""logging_time"": 0.00012038974091410637, ""total_train_step_time"": 0.04046842362731695}",0.14068283094093204,0.010879776906222105
rollout_update,9536,63.13886798675337,11.942335952626776,213935.39908768484,1.0136386989615858,"{""policy_inference_time"": 0.006827831268310547, ""env_step_time"": 0.03249609936028719, ""replay_insert_time"": 0.0005740812048316002, ""logging_time"": 0.00011763814836740494, ""total_train_step_time"": 1.0136386989615858}",0.13878321833908558,0.010909616015851498
rollout_update,9600,1521.7883402621512,11.931072206645966,213935.39908768484,0.04205578286200762,"{""policy_inference_time"": 0.006904460024088621, ""env_step_time"": 0.033869439736008644, ""replay_insert_time"": 0.0008969460614025593, ""logging_time"": 0.0001219743862748146, ""total_train_step_time"": 0.04205578286200762}",0.13878321833908558,0.010909616015851498
rollout_update,9664,1574.4392139891456,11.92020530708044,213935.39908768484,0.040649394039064646,"{""policy_inference_time"": 0.006902575027197599, ""env_step_time"": 0.03278227802366018, ""replay_insert_time"": 0.0005937963724136353, ""logging_time"": 0.00011663883924484253, ""total_train_step_time"": 0.040649394039064646}",0.13878321833908558,0.010909616015851498
rollout_update,9728,1585.9702767705373,11.909436979366076,213935.39908768484,0.04035384580492973,"{""policy_inference_time"": 0.006822728086262941, ""env_step_time"": 0.03256247704848647, ""replay_insert_time"": 0.0005822149105370045, ""logging_time"": 0.00012989016249775887, ""total_train_step_time"": 0.04035384580492973}",0.13878321833908558,0.010909616015851498
rollout_update,9792,63.01815135575314,11.951134819442633,213974.4605331715,1.0155804101377726,"{""policy_inference_time"": 0.007441821973770857, ""env_step_time"": 0.03261980274692178, ""replay_insert_time"": 0.0005802419036626816, ""logging_time"": 0.00011833896860480309, ""total_train_step_time"": 1.0155804101377726}",0.1392814228311181,0.010931727010756731
rollout_update,9856,1496.0909859276571,11.939954836146173,213974.4605331715,0.04277814691886306,"{""policy_inference_time"": 0.006992881186306477, ""env_step_time"": 0.0344540448859334, ""replay_insert_time"": 0.0009341933764517307, ""logging_time"": 0.000124411191791296, ""total_train_step_time"": 0.04277814691886306}",0.1392814228311181,0.010931727010756731
rollout_update,9920,1527.070621387478,11.929021927224516,213974.4605331715,0.041910307947546244,"{""policy_inference_time"": 0.006898344028741121, ""env_step_time"": 0.03401545761153102, ""replay_insert_time"": 0.0006230170838534832, ""logging_time"": 0.0001179249957203865, ""total_train_step_time"": 0.041910307947546244}",0.1392814228311181,0.010931727010756731
rollout_update,9984,1562.5483756393533,11.918356578230636,213974.4605331715,0.0409587319009006,"{""policy_inference_time"": 0.0069663310423493385, ""env_step_time"": 0.03302880795672536, ""replay_insert_time"": 0.0005937418900430202, ""logging_time"": 0.00011585326865315437, ""total_train_step_time"": 0.0409587319009006}",0.1392814228311181,0.010931727010756731
rollout_update,10048,62.71113634020589,11.957575134000722,214013.3137586759,1.02055238885805,"{""policy_inference_time"": 0.006809295155107975, ""env_step_time"": 0.0326612489297986, ""replay_insert_time"": 0.0005859648808836937, ""logging_time"": 0.00011651404201984406, ""total_train_step_time"": 1.02055238885805}",0.13889908138662577,0.010886450298130512
rollout_update,10112,1524.7845889433904,11.946867817751771,214013.3137586759,0.04197314195334911,"{""policy_inference_time"": 0.0068959579803049564, ""env_step_time"": 0.03377599874511361, ""replay_insert_time"": 0.0009072441607713699, ""logging_time"": 0.00012460211291909218, ""total_train_step_time"": 0.04197314195334911}",0.13889908138662577,0.010886450298130512
rollout_update,10176,1566.955786940959,11.936467057949814,214013.3137586759,0.04084352636709809,"{""policy_inference_time"": 0.006865663919597864, ""env_step_time"": 0.0330018550157547, ""replay_insert_time"": 0.0005996036343276501, ""logging_time"": 0.00012016389518976212, ""total_train_step_time"": 0.04084352636709809}",0.13889908138662577,0.010886450298130512
rollout_update,10240,1573.3628541678886,11.926126635670707,214013.3137586759,0.04067720286548138,"{""policy_inference_time"": 0.006864428985863924, ""env_step_time"": 0.03285738034173846, ""replay_insert_time"": 0.0005855979397892952, ""logging_time"": 0.00011882605031132698, ""total_train_step_time"": 0.04067720286548138}",0.13889908138662577,0.010886450298130512
rollout_update,10304,63.01872951948772,11.965487054068625,214044.01552829662,1.0155710927210748,"{""policy_inference_time"": 0.006858900189399719, ""env_step_time"": 0.03277182998135686, ""replay_insert_time"": 0.0005907868035137653, ""logging_time"": 0.00011941930279135704, ""total_train_step_time"": 1.0155710927210748}",0.13901587901636958,0.010896577965468168
rollout_update,10368,1510.5294781566697,11.954928213547028,214044.01552829662,0.042369249276816845,"{""policy_inference_time"": 0.006950050592422485, ""env_step_time"": 0.034085792023688555, ""replay_insert_time"": 0.0009328885935246944, ""logging_time"": 0.0001226486638188362, ""total_train_step_time"": 0.042369249276816845}",0.13901587901636958,0.010896577965468168
rollout_update,10432,1567.9133833514898,11.944773424562094,214044.01552829662,0.040818581357598305,"{""policy_inference_time"": 0.006952821742743254, ""env_step_time"": 0.03289209492504597, ""replay_insert_time"": 0.0006011733785271645, ""logging_time"": 0.00011881068348884583, ""total_train_step_time"": 0.040818581357598305}",0.13901587901636958,0.010896577965468168
rollout_update,10496,1575.9395662019024,11.934687458815295,214044.01552829662,0.04061069432646036,"{""policy_inference_time"": 0.006899463012814522, ""env_step_time"": 0.032753256149590015, ""replay_insert_time"": 0.0005868468433618546, ""logging_time"": 0.0001170821487903595, ""total_train_step_time"": 0.04061069432646036}",0.13901587901636958,0.010896577965468168
rollout_update,10560,62.3061037712261,11.970126524605558,214084.43383631136,1.0271866819821298,"{""policy_inference_time"": 0.006838978733867407, ""env_step_time"": 0.04526242893189192, ""replay_insert_time"": 0.0005846470594406128, ""logging_time"": 0.00011809216812252998, ""total_train_step_time"": 1.0271866819821298}",0.13936908822506666,0.010899377055466175
rollout_update,10624,1526.8722505008532,11.959921195733122,214084.43383631136,0.04191575292497873,"{""policy_inference_time"": 0.006913505960255861, ""env_step_time"": 0.033719762694090605, ""replay_insert_time"": 0.0008911197073757648, ""logging_time"": 0.0001223529689013958, ""total_train_step_time"": 0.04191575292497873}",0.13936908822506666,0.010899377055466175
rollout_update,10688,1541.6888269895414,11.949831083257855,214084.43383631136,0.041512916795909405,"{""policy_inference_time"": 0.00686258589848876, ""env_step_time"": 0.033656126353889704, ""replay_insert_time"": 0.0006217863410711288, ""logging_time"": 0.00011913571506738663, ""total_train_step_time"": 0.041512916795909405}",0.13936908822506666,0.010899377055466175
rollout_update,10752,1583.0373568677248,11.94002087252159,214084.43383631136,0.04042861005291343,"{""policy_inference_time"": 0.006863228045403957, ""env_step_time"": 0.03260796703398228, ""replay_insert_time"": 0.0005903760902583599, ""logging_time"": 0.00011588912457227707, ""total_train_step_time"": 0.04042861005291343}",0.13936908822506666,0.010899377055466175
rollout_update,10816,62.526072401311175,11.975400361191987,213980.3788396771,1.0235730079002678,"{""policy_inference_time"": 0.006855631712824106, ""env_step_time"": 0.03298379993066192, ""replay_insert_time"": 0.0005848431028425694, ""logging_time"": 0.00011858996003866196, ""total_train_step_time"": 1.0235730079002678}",0.1392803555354476,0.010886249132454395
rollout_update,10880,1527.936775398065,11.96543033124286,213980.3788396771,0.0418865499086678,"{""policy_inference_time"": 0.006908277049660683, ""env_step_time"": 0.03369127120822668, ""replay_insert_time"": 0.0008913157507777214, ""logging_time"": 0.00012352503836154938, ""total_train_step_time"": 0.0418865499086678}",0.1392803555354476,0.010886249132454395
rollout_update,10944,1560.60109752288,11.955685050316275,213980.3788396771,0.0410098391585052,"{""policy_inference_time"": 0.006892076693475246, ""env_step_time"": 0.03312646830454469, ""replay_insert_time"": 0.0006129140965640545, ""logging_time"": 0.00011849123984575272, ""total_train_step_time"": 0.0410098391585052}",0.1392803555354476,0.010886249132454395
rollout_update,11008,1561.6365502090596,11.945962076523479,213980.3788396771,0.04098264733329415,"{""policy_inference_time"": 0.007006961852312088, ""env_step_time"": 0.03301342483609915, ""replay_insert_time"": 0.000588306225836277, ""logging_time"": 0.00011901231482625008, ""total_train_step_time"": 0.04098264733329415}",0.1392803555354476,0.010886249132454395
rollout_update,11072,62.85915220292928,11.981697634016657,214000.3460329288,1.0181492711417377,"{""policy_inference_time"": 0.007014791015535593, ""env_step_time"": 0.033021373208612204, ""replay_insert_time"": 0.0006299172528088093, ""logging_time"": 0.00012125680223107338, ""total_train_step_time"": 1.0181492711417377}",0.13923301734030247,0.0109191769734025
rollout_update,11136,1526.9221055709584,11.971937289033153,214000.3460329288,0.041914384346455336,"{""policy_inference_time"": 0.00696087209507823, ""env_step_time"": 0.03365942882373929, ""replay_insert_time"": 0.0009100157767534256, ""logging_time"": 0.00012145610526204109, ""total_train_step_time"": 0.041914384346455336}",0.13923301734030247,0.0109191769734025
rollout_update,11200,1573.2332366595667,11.962479452858908,214000.3460329288,0.04068055422976613,"{""policy_inference_time"": 0.006931008771061897, ""env_step_time"": 0.03278049500659108, ""replay_insert_time"": 0.0005972627550363541, ""logging_time"": 0.00011865422129631042, ""total_train_step_time"": 0.04068055422976613}",0.13923301734030247,0.0109191769734025
rollout_update,11264,1584.4846034571701,11.953103549441343,214000.3460329288,0.040391683112829924,"{""policy_inference_time"": 0.006860083434730768, ""env_step_time"": 0.03256659861654043, ""replay_insert_time"": 0.0005895611830055714, ""logging_time"": 0.00011866586282849312, ""total_train_step_time"": 0.040391683112829924}",0.13923301734030247,0.0109191769734025
rollout_update,11328,62.69480545610169,11.98731599729181,214046.52387638984,1.0208182246424258,"{""policy_inference_time"": 0.006873925216495991, ""env_step_time"": 0.03255009884014726, ""replay_insert_time"": 0.000580337829887867, ""logging_time"": 0.00011553429067134857, ""total_train_step_time"": 1.0208182246424258}",0.1384854787029326,0.010934768244624138
rollout_update,11392,1519.1052926931109,11.977714312341593,214046.52387638984,0.04213006189092994,"{""policy_inference_time"": 0.006986510008573532, ""env_step_time"": 0.03383051697164774, ""replay_insert_time"": 0.0009252768941223621, ""logging_time"": 0.00012333272024989128, ""total_train_step_time"": 0.04213006189092994}",0.1384854787029326,0.010934768244624138
rollout_update,11456,1575.1600488601314,11.968468878792757,214046.52387638984,0.040630791801959276,"{""policy_inference_time"": 0.006906142923980951, ""env_step_time"": 0.03275004215538502, ""replay_insert_time"": 0.000597675796598196, ""logging_time"": 0.00011804327368736267, ""total_train_step_time"": 0.040630791801959276}",0.1384854787029326,0.010934768244624138
rollout_update,11520,1577.949375016956,11.95925401237351,214046.52387638984,0.040558969136327505,"{""policy_inference_time"": 0.006871278863400221, ""env_step_time"": 0.032722164411097765, ""replay_insert_time"": 0.0005909958854317665, ""logging_time"": 0.00011795619502663612, ""total_train_step_time"": 0.040558969136327505}",0.1384854787029326,0.010934768244624138
rollout_update,11584,63.20737620428496,11.994469632141927,214072.84761786446,1.0125400521792471,"{""policy_inference_time"": 0.006867097225040197, ""env_step_time"": 0.032644195947796106, ""replay_insert_time"": 0.0005825827829539776, ""logging_time"": 0.00011543417349457741, ""total_train_step_time"": 1.0125400521792471}",0.13862640410661697,0.010868262965232134
rollout_update,11648,1534.9990314823954,11.985162604996084,214072.84761786446,0.04169383738189936,"{""policy_inference_time"": 0.006920511834323406, ""env_step_time"": 0.0334065780043602, ""replay_insert_time"": 0.0009056571871042252, ""logging_time"": 0.00012212060391902924, ""total_train_step_time"": 0.04169383738189936}",0.13862640410661697,0.010868262965232134
rollout_update,11712,1545.1957338197049,11.97593128443607,214072.84761786446,0.04141870094463229,"{""policy_inference_time"": 0.007330094929784536, ""env_step_time"": 0.03311784891411662, ""replay_insert_time"": 0.0005940832197666168, ""logging_time"": 0.00011674966663122177, ""total_train_step_time"": 0.04141870094463229}",0.13862640410661697,0.010868262965232134
rollout_update,11776,1570.4731417966932,11.966862414227183,214072.84761786446,0.04075205000117421,"{""policy_inference_time"": 0.0068768770433962345, ""env_step_time"": 0.03292335569858551, ""replay_insert_time"": 0.0005808318965137005, ""logging_time"": 0.00011838693171739578, ""total_train_step_time"": 0.04075205000117421}",0.13862640410661697,0.010868262965232134
rollout_update,11840,63.194667015515165,12.001163045031369,214099.64260588106,1.0127436858601868,"{""policy_inference_time"": 0.006869464181363583, ""env_step_time"": 0.03258406091481447, ""replay_insert_time"": 0.0005738949403166771, ""logging_time"": 0.00011932570487260818, ""total_train_step_time"": 1.0127436858601868}",0.13917779410257936,0.010920106898993254
rollout_update,11904,1528.1145076153305,11.992002670426718,214099.64260588106,0.04188167816027999,"{""policy_inference_time"": 0.006936333607882261, ""env_step_time"": 0.03363334201276302, ""replay_insert_time"": 0.000917564146220684, ""logging_time"": 0.000125042162835598, ""total_train_step_time"": 0.04188167816027999}",0.13917779410257936,0.010920106898993254
rollout_update,11968,1578.5715262877977,11.983148406363172,214099.64260588106,0.040542983915656805,"{""policy_inference_time"": 0.006938062608242035, ""env_step_time"": 0.0326379369944334, ""replay_insert_time"": 0.0005972390063107014, ""logging_time"": 0.00011540809646248817, ""total_train_step_time"": 0.040542983915656805}",0.13917779410257936,0.010920106898993254
rollout_update,12032,1573.5356927244245,11.974278933887563,214099.64260588106,0.04067273484542966,"{""policy_inference_time"": 0.006854175124317408, ""env_step_time"": 0.032862945925444365, ""replay_insert_time"": 0.0005805101245641708, ""logging_time"": 0.0001197298988699913, ""total_train_step_time"": 0.04067273484542966}",0.13917779410257936,0.010920106898993254
rollout_update,12096,63.18783531633663,12.007725694244378,214138.17634917988,1.012853180989623,"{""policy_inference_time"": 0.0068613700568675995, ""env_step_time"": 0.03259170800447464, ""replay_insert_time"": 0.0005783489905297756, ""logging_time"": 0.00013006990775465965, ""total_train_step_time"": 1.012853180989623}",0.13855058420449495,0.010913485195487738
rollout_update,12160,1524.3878172846244,11.998724273469612,214138.17634917988,0.04198406683281064,"{""policy_inference_time"": 0.006969577167183161, ""env_step_time"": 0.03371822973713279, ""replay_insert_time"": 0.0009138868190348148, ""logging_time"": 0.00012299884110689163, ""total_train_step_time"": 0.04198406683281064}",0.13855058420449495,0.010913485195487738
rollout_update,12224,1576.8380717693492,11.99003508672,214138.17634917988,0.04058755375444889,"{""policy_inference_time"": 0.006895770784467459, ""env_step_time"": 0.03271369310095906, ""replay_insert_time"": 0.0006071547977626324, ""logging_time"": 0.00011747889220714569, ""total_train_step_time"": 0.04058755375444889}",0.13855058420449495,0.010913485195487738
rollout_update,12288,1582.4686181671498,11.981389325657156,214138.17634917988,0.04044314008206129,"{""policy_inference_time"": 0.006880973000079393, ""env_step_time"": 0.0326017988845706, ""replay_insert_time"": 0.0005870303139090538, ""logging_time"": 0.0001177862286567688, ""total_train_step_time"": 0.04044314008206129}",0.13855058420449495,0.010913485195487738
rollout_update,12352,63.1006086437038,12.013750032824495,214159.285208212,1.0142532913014293,"{""policy_inference_time"": 0.0068322960287332535, ""env_step_time"": 0.03286810405552387, ""replay_insert_time"": 0.000599101185798645, ""logging_time"": 0.00011876504868268967, ""total_train_step_time"": 1.0142532913014293}",0.13869498064741492,0.010907135903835297
rollout_update,12416,1524.910220249351,12.004926354345043,214159.285208212,0.041969683952629566,"{""policy_inference_time"": 0.006975460797548294, ""env_step_time"": 0.03369530197232962, ""replay_insert_time"": 0.0009051430970430374, ""logging_time"": 0.000129621010273695, ""total_train_step_time"": 0.041969683952629566}",0.13869498064741492,0.010907135903835297
rollout_update,12480,1579.1473188950172,11.996418024816277,214159.285208212,0.040528201032429934,"{""policy_inference_time"": 0.006868746131658554, ""env_step_time"": 0.03267415473237634, ""replay_insert_time"": 0.0006136898882687092, ""logging_time"": 0.0001173769123852253, ""total_train_step_time"": 0.040528201032429934}",0.13869498064741492,0.010907135903835297
rollout_update,12544,1587.7750908238181,11.987967882267593,214159.285208212,0.040307975839823484,"{""policy_inference_time"": 0.006851555779576302, ""env_step_time"": 0.032495126128196716, ""replay_insert_time"": 0.0005916939117014408, ""logging_time"": 0.00011743186041712761, ""total_train_step_time"": 0.040307975839823484}",0.13869498064741492,0.010907135903835297
rollout_update,12608,62.75777795909361,12.018438802172371,214177.05690328105,1.0197939136996865,"{""policy_inference_time"": 0.006835336331278086, ""env_step_time"": 0.03312447713688016, ""replay_insert_time"": 0.0005842423997819424, ""logging_time"": 0.00011706585064530373, ""total_train_step_time"": 1.0197939136996865}",0.13989717094227672,0.01094457320868969
rollout_update,12672,1477.7245040370872,12.009508590511254,214177.05690328105,0.043309831991791725,"{""policy_inference_time"": 0.007022627163678408, ""env_step_time"": 0.03492184402421117, ""replay_insert_time"": 0.0009627221152186394, ""logging_time"": 0.00012726802378892899, ""total_train_step_time"": 0.043309831991791725}",0.13989717094227672,0.01094457320868969
rollout_update,12736,1526.0710128975968,12.00087392931818,214177.05690328105,0.0419377600774169,"{""policy_inference_time"": 0.0070867640897631645, ""env_step_time"": 0.033855983056128025, ""replay_insert_time"": 0.0006187213584780693, ""logging_time"": 0.00011933594942092896, ""total_train_step_time"": 0.0419377600774169}",0.13989717094227672,0.01094457320868969
rollout_update,12800,1559.173518661001,11.992434604234013,214177.05690328105,0.04104738775640726,"{""policy_inference_time"": 0.006951434072107077, ""env_step_time"": 0.033144494984298944, ""replay_insert_time"": 0.0005798428319394588, ""logging_time"": 0.00011746026575565338, ""total_train_step_time"": 0.04104738775640726}",0.13989717094227672,0.01094457320868969
rollout_update,12864,62.604634427529405,12.021735844389648,214178.10491405232,1.0222885347902775,"{""policy_inference_time"": 0.0069630262441933155, ""env_step_time"": 0.03313620621338487, ""replay_insert_time"": 0.0006177681498229504, ""logging_time"": 0.00011970801278948784, ""total_train_step_time"": 1.0222885347902775}",0.13995427498593926,0.010920959059149027
rollout_update,12928,1496.0785274782866,12.013083196356032,214178.10491405232,0.04277850314974785,"{""policy_inference_time"": 0.007020512595772743, ""env_step_time"": 0.03442559577524662, ""replay_insert_time"": 0.0009347801096737385, ""logging_time"": 0.0001284307800233364, ""total_train_step_time"": 0.04277850314974785}",0.13995427498593926,0.010920959059149027
rollout_update,12992,1529.2619613864201,12.00463034654721,214178.10491405232,0.041850253008306026,"{""policy_inference_time"": 0.007102426141500473, ""env_step_time"": 0.03375149006024003, ""replay_insert_time"": 0.0006023859605193138, ""logging_time"": 0.00011929171159863472, ""total_train_step_time"": 0.041850253008306026}",0.13995427498593926,0.010920959059149027
rollout_update,13056,1542.808548225746,11.99626344782767,214178.10491405232,0.04148278804495931,"{""policy_inference_time"": 0.00707494979724288, ""env_step_time"": 0.033432590775191784, ""replay_insert_time"": 0.0006032418459653854, ""logging_time"": 0.00011815177276730537, ""total_train_step_time"": 0.04148278804495931}",0.13995427498593926,0.010920959059149027
rollout_update,13120,62.94181182798574,12.026032062885163,214170.28821149105,1.0168121657334268,"{""policy_inference_time"": 0.0069777630269527435, ""env_step_time"": 0.03310834802687168, ""replay_insert_time"": 0.0005878950469195843, ""logging_time"": 0.00011795014142990112, ""total_train_step_time"": 1.0168121657334268}",0.13866901025176048,0.010893343947827816
rollout_update,13184,1500.0044198516837,12.017561841160783,214170.28821149105,0.04266654094681144,"{""policy_inference_time"": 0.006937391124665737, ""env_step_time"": 0.03438788605853915, ""replay_insert_time"": 0.0009389268234372139, ""logging_time"": 0.0001233946532011032, ""total_train_step_time"": 0.04266654094681144}",0.13866901025176048,0.010893343947827816
rollout_update,13248,1554.7853910012423,12.009401358086254,214170.28821149105,0.04116323729977012,"{""policy_inference_time"": 0.006925949826836586, ""env_step_time"": 0.03325716592371464, ""replay_insert_time"": 0.0006066658534109592, ""logging_time"": 0.00011757994070649147, ""total_train_step_time"": 0.04116323729977012}",0.13866901025176048,0.010893343947827816
rollout_update,13312,1548.7052462102322,12.001219977785254,214170.28821149105,0.041324842255562544,"{""policy_inference_time"": 0.006948796100914478, ""env_step_time"": 0.03342342795804143, ""replay_insert_time"": 0.0005825781263411045, ""logging_time"": 0.00011742208153009415, ""total_train_step_time"": 0.041324842255562544}",0.13866901025176048,0.010893343947827816
rollout_update,13376,63.05267171279426,12.030704428442998,214201.65562039823,1.015024395659566,"{""policy_inference_time"": 0.007103006821125746, ""env_step_time"": 0.03319689491763711, ""replay_insert_time"": 0.0005950639024376869, ""logging_time"": 0.00012018904089927673, ""total_train_step_time"": 1.015024395659566}",0.1391447796486318,0.010897675063461065
rollout_update,13440,1527.6598456275967,12.022537916193045,214201.65562039823,0.04189414298161864,"{""policy_inference_time"": 0.007028578780591488, ""env_step_time"": 0.03356848889961839, ""replay_insert_time"": 0.0009057391434907913, ""logging_time"": 0.00012457510456442833, ""total_train_step_time"": 0.04189414298161864}",0.1391447796486318,0.010897675063461065
rollout_update,13504,1560.231749670534,12.014552625752538,214201.65562039823,0.04101954726502299,"{""policy_inference_time"": 0.006968365982174873, ""env_step_time"": 0.03306877473369241, ""replay_insert_time"": 0.0006049280054867268, ""logging_time"": 0.00011800695210695267, ""total_train_step_time"": 0.04101954726502299}",0.1391447796486318,0.010897675063461065
rollout_update,13568,1335.8987126014038,12.005239810636525,214201.65562039823,0.04790782369673252,"{""policy_inference_time"": 0.0069100093096494675, ""env_step_time"": 0.039996900130063295, ""replay_insert_time"": 0.0006240471266210079, ""logging_time"": 0.0001235567033290863, ""total_train_step_time"": 0.04790782369673252}",0.1391447796486318,0.010897675063461065
rollout_update,13632,63.25498861764895,12.03474345525358,214237.5152009177,1.0117779071442783,"{""policy_inference_time"": 0.007329605054110289, ""env_step_time"": 0.03306969674304128, ""replay_insert_time"": 0.0006212731823325157, ""logging_time"": 0.00012014294043183327, ""total_train_step_time"": 1.0117779071442783}",0.1381861330009997,0.010875505860894918
rollout_update,13696,1526.0291600811004,12.026714127778055,214237.5152009177,0.04193891026079655,"{""policy_inference_time"": 0.006895666942000389, ""env_step_time"": 0.03375875437632203, ""replay_insert_time"": 0.0008985786698758602, ""logging_time"": 0.00012482376769185066, ""total_train_step_time"": 0.04193891026079655}",0.1381861330009997,0.010875505860894918
rollout_update,13760,1553.9602382597377,12.018839540489758,214237.5152009177,0.041185094974935055,"{""policy_inference_time"": 0.006953588221222162, ""env_step_time"": 0.033256303053349257, ""replay_insert_time"": 0.0005994639359414577, ""logging_time"": 0.00011745886877179146, ""total_train_step_time"": 0.041185094974935055}",0.1381861330009997,0.010875505860894918
rollout_update,13824,1564.2043925388066,12.011026728959298,214237.5152009177,0.04091536905616522,"{""policy_inference_time"": 0.006958851125091314, ""env_step_time"": 0.03296393295750022, ""replay_insert_time"": 0.0005988581106066704, ""logging_time"": 0.00011758040636777878, ""total_train_step_time"": 0.04091536905616522}",0.1381861330009997,0.010875505860894918
rollout_update,13888,63.18412186300365,12.03970120664482,214260.6072733344,1.0129127083346248,"{""policy_inference_time"": 0.006912779062986374, ""env_step_time"": 0.032913770992308855, ""replay_insert_time"": 0.000591557938605547, ""logging_time"": 0.00011850101873278618, ""total_train_step_time"": 1.0129127083346248}",0.13827952183783054,0.010835615918040276
rollout_update,13952,1534.8396452456484,12.031856538175267,214260.6072733344,0.041698167100548744,"{""policy_inference_time"": 0.006901819258928299, ""env_step_time"": 0.03351006889715791, ""replay_insert_time"": 0.0009018718264997005, ""logging_time"": 0.0001231478527188301, ""total_train_step_time"": 0.041698167100548744}",0.13827952183783054,0.010835615918040276
rollout_update,14016,1536.2767737249067,12.024029409763525,214260.6072733344,0.04165916005149484,"{""policy_inference_time"": 0.006948790047317743, ""env_step_time"": 0.03373252600431442, ""replay_insert_time"": 0.0006038281135261059, ""logging_time"": 0.00011813919991254807, ""total_train_step_time"": 0.04165916005149484}",0.13827952183783054,0.010835615918040276
rollout_update,14080,1581.1475511002789,12.016434152479876,214260.6072733344,0.04047693079337478,"{""policy_inference_time"": 0.0069509269669651985, ""env_step_time"": 0.03257923386991024, ""replay_insert_time"": 0.0005773217417299747, ""logging_time"": 0.00011717015877366066, ""total_train_step_time"": 0.04047693079337478}",0.13827952183783054,0.010835615918040276
rollout_update,14144,63.277132096475746,12.044799224681515,214295.83167966886,1.0114238411188126,"{""policy_inference_time"": 0.006846598349511623, ""env_step_time"": 0.03257004218176007, ""replay_insert_time"": 0.0005836440250277519, ""logging_time"": 0.00011979090049862862, ""total_train_step_time"": 1.0114238411188126}",0.13848476577550173,0.010920851025730371
rollout_update,14208,1526.441739276768,12.037045629004956,214295.83167966886,0.041927574668079615,"{""policy_inference_time"": 0.006923295091837645, ""env_step_time"": 0.03370674001052976, ""replay_insert_time"": 0.0009089331142604351, ""logging_time"": 0.00012184912338852882, ""total_train_step_time"": 0.041927574668079615}",0.13848476577550173,0.010920851025730371
rollout_update,14272,1580.4019452706686,12.029566238126137,214295.83167966886,0.04049602709710598,"{""policy_inference_time"": 0.00688979122787714, ""env_step_time"": 0.03262997977435589, ""replay_insert_time"": 0.0005977381952106953, ""logging_time"": 0.00011712685227394104, ""total_train_step_time"": 0.04049602709710598}",0.13848476577550173,0.010920851025730371
rollout_update,14336,1597.461038948963,12.022175859636427,214295.83167966886,0.04006357491016388,"{""policy_inference_time"": 0.006810220889747143, ""env_step_time"": 0.032290966250002384, ""replay_insert_time"": 0.0005778186023235321, ""logging_time"": 0.00011806981638073921, ""total_train_step_time"": 0.04006357491016388}",0.13848476577550173,0.010920851025730371
rollout_update,14400,62.54717131918178,12.047820147717157,214324.81203645593,1.023227727971971,"{""policy_inference_time"": 0.0067840940319001675, ""env_step_time"": 0.032238534186035395, ""replay_insert_time"": 0.0005835602059960365, ""logging_time"": 0.00012512318789958954, ""total_train_step_time"": 1.023227727971971}",0.14363789092749357,0.010904655791819096
rollout_update,14464,1521.037035010546,12.040171609400769,214324.81203645593,0.042076556012034416,"{""policy_inference_time"": 0.006949101109057665, ""env_step_time"": 0.03380786255002022, ""replay_insert_time"": 0.000931532122194767, ""logging_time"": 0.00012069707736372948, ""total_train_step_time"": 0.042076556012034416}",0.14363789092749357,0.010904655791819096
rollout_update,14528,1585.2923048778848,12.032842205927214,214324.81203645593,0.040371103677898645,"{""policy_inference_time"": 0.006868225988000631, ""env_step_time"": 0.032551761250942945, ""replay_insert_time"": 0.0005853227339684963, ""logging_time"": 0.00011644512414932251, ""total_train_step_time"": 0.040371103677898645}",0.14363789092749357,0.010904655791819096
rollout_update,14592,1595.2191701120134,12.025567247507489,214324.81203645593,0.04011987894773483,"{""policy_inference_time"": 0.006801382172852755, ""env_step_time"": 0.03237804910168052, ""replay_insert_time"": 0.0005739056505262852, ""logging_time"": 0.00011555338278412819, ""total_train_step_time"": 0.04011987894773483}",0.14363789092749357,0.010904655791819096
rollout_update,14656,63.29738090036994,12.052893256926144,214356.2352993206,1.0111002870835364,"{""policy_inference_time"": 0.0068792179226875305, ""env_step_time"": 0.032628536224365234, ""replay_insert_time"": 0.0005734129808843136, ""logging_time"": 0.00011836783960461617, ""total_train_step_time"": 1.0111002870835364}",0.13847960392013192,0.010875755921006203
rollout_update,14720,1545.5053875059286,12.045489209793496,214356.2352993206,0.04141040239483118,"{""policy_inference_time"": 0.006893429905176163, ""env_step_time"": 0.033247597981244326, ""replay_insert_time"": 0.0008841748349368572, ""logging_time"": 0.00012176297605037689, ""total_train_step_time"": 0.04141040239483118}",0.13847960392013192,0.010875755921006203
rollout_update,14784,1569.7270787806494,12.038208292614204,214356.2352993206,0.04077141871675849,"{""policy_inference_time"": 0.006918543018400669, ""env_step_time"": 0.032882776111364365, ""replay_insert_time"": 0.0005967770703136921, ""logging_time"": 0.00011730799451470375, ""total_train_step_time"": 0.04077141871675849}",0.13847960392013192,0.010875755921006203
rollout_update,14848,1588.808431791018,12.031023457004993,214356.2352993206,0.04028176004067063,"{""policy_inference_time"": 0.006810162682086229, ""env_step_time"": 0.03250804031267762, ""replay_insert_time"": 0.0005840458907186985, ""logging_time"": 0.00011688098311424255, ""total_train_step_time"": 0.04028176004067063}",0.13847960392013192,0.010875755921006203
rollout_update,14912,63.305714093125474,12.05784018117704,214395.93776655832,1.010967191774398,"{""policy_inference_time"": 0.00683961808681488, ""env_step_time"": 0.032329868990927935, ""replay_insert_time"": 0.0005810922011733055, ""logging_time"": 0.00012020207941532135, ""total_train_step_time"": 1.010967191774398}",0.13835305022075772,0.010889999102801085
rollout_update,14976,1514.9457967027126,12.050408721376751,214395.93776655832,0.04224573587998748,"{""policy_inference_time"": 0.006897450890392065, ""env_step_time"": 0.034036437049508095, ""replay_insert_time"": 0.0009239432401955128, ""logging_time"": 0.00012307101860642433, ""total_train_step_time"": 0.04224573587998748}",0.13835305022075772,0.010889999102801085
rollout_update,15040,1582.4612753383265,12.043302901044003,214395.93776655832,0.040443327743560076,"{""policy_inference_time"": 0.0068673621863126755, ""env_step_time"": 0.032598963007330894, ""replay_insert_time"": 0.0005956199020147324, ""logging_time"": 0.00011994503438472748, ""total_train_step_time"": 0.040443327743560076}",0.13835305022075772,0.010889999102801085
rollout_update,15104,1593.9390316693302,12.036256533931232,214395.93776655832,0.04015210038051009,"{""policy_inference_time"": 0.006794499699026346, ""env_step_time"": 0.03239985881373286, ""replay_insert_time"": 0.0005863076075911522, ""logging_time"": 0.0001192847266793251, ""total_train_step_time"": 0.04015210038051009}",0.13835305022075772,0.010889999102801085
rollout_update,15168,62.447244720958864,12.060153743972895,214408.05618981997,1.0248650726862252,"{""policy_inference_time"": 0.006797567941248417, ""env_step_time"": 0.0325630446895957, ""replay_insert_time"": 0.0005928981117904186, ""logging_time"": 0.00011670682579278946, ""total_train_step_time"": 1.0248650726862252}",0.1439853268675506,0.01090359129011631
rollout_update,15232,1493.245062350518,12.052737088108902,214408.05618981997,0.04285967629402876,"{""policy_inference_time"": 0.007042590994387865, ""env_step_time"": 0.03448308818042278, ""replay_insert_time"": 0.0009400551207363605, ""logging_time"": 0.000125048216432333, ""total_train_step_time"": 0.04285967629402876}",0.1439853268675506,0.01090359129011631
rollout_update,15296,1554.4254886281667,12.045620928929822,214408.05618981997,0.041172767989337444,"{""policy_inference_time"": 0.006983675062656403, ""env_step_time"": 0.03322274889796972, ""replay_insert_time"": 0.0005945200100541115, ""logging_time"": 0.00011783000081777573, ""total_train_step_time"": 0.041172767989337444}",0.1439853268675506,0.01090359129011631
rollout_update,15360,1559.464717738481,12.038536122212287,214408.05618981997,0.041039722971618176,"{""policy_inference_time"": 0.006960355211049318, ""env_step_time"": 0.0330766118131578, ""replay_insert_time"": 0.0006214003078639507, ""logging_time"": 0.00012221606448292732, ""total_train_step_time"": 0.041039722971618176}",0.1439853268675506,0.01090359129011631
rollout_update,15424,62.79563603083091,12.062980969957533,214435.49228652127,1.0191791029646993,"{""policy_inference_time"": 0.006905720103532076, ""env_step_time"": 0.04059033701196313, ""replay_insert_time"": 0.0005863923579454422, ""logging_time"": 0.00011828262358903885, ""total_train_step_time"": 1.0191791029646993}",0.13834583666175604,0.010895649902522564
rollout_update,15488,1519.6522750829506,12.055809158132977,214435.49228652127,0.04211489763110876,"{""policy_inference_time"": 0.006911240052431822, ""env_step_time"": 0.0339080486446619, ""replay_insert_time"": 0.0009086113423109055, ""logging_time"": 0.0001237918622791767, ""total_train_step_time"": 0.04211489763110876}",0.13834583666175604,0.010895649902522564
rollout_update,15552,1586.78376250192,12.048948751197829,214435.49228652127,0.04033315787091851,"{""policy_inference_time"": 0.006866385228931904, ""env_step_time"": 0.03250699583441019, ""replay_insert_time"": 0.000590185634791851, ""logging_time"": 0.00011628959327936172, ""total_train_step_time"": 0.04033315787091851}",0.13834583666175604,0.010895649902522564
rollout_update,15616,1593.222907121631,12.04212382739351,214435.49228652127,0.04017014801502228,"{""policy_inference_time"": 0.006828903220593929, ""env_step_time"": 0.0323865101672709, ""replay_insert_time"": 0.00057973712682724, ""logging_time"": 0.00011939415708184242, ""total_train_step_time"": 0.04017014801502228}",0.13834583666175604,0.010895649902522564
rollout_update,15680,63.443239135228296,12.067875083992648,214469.71080528645,1.0087757320143282,"{""policy_inference_time"": 0.006779985036700964, ""env_step_time"": 0.032245520036667585, ""replay_insert_time"": 0.0005788840353488922, ""logging_time"": 0.00011695409193634987, ""total_train_step_time"": 1.0087757320143282}",0.1378943556919694,0.010914952959865332
rollout_update,15744,1521.834796997662,12.060823275676356,214469.71080528645,0.04205449903383851,"{""policy_inference_time"": 0.006953535135835409, ""env_step_time"": 0.03378563327714801, ""replay_insert_time"": 0.0009305281564593315, ""logging_time"": 0.00012309802696108818, ""total_train_step_time"": 0.04205449903383851}",0.1378943556919694,0.010914952959865332
rollout_update,15808,1583.3648089238309,12.054053265513337,214469.71080528645,0.04042024910449982,"{""policy_inference_time"": 0.00686793215572834, ""env_step_time"": 0.032594081945717335, ""replay_insert_time"": 0.0005860961973667145, ""logging_time"": 0.00011753104627132416, ""total_train_step_time"": 0.04042024910449982}",0.1378943556919694,0.010914952959865332
rollout_update,15872,1602.5215732772735,12.047371645426548,214469.71080528645,0.03993705986067653,"{""policy_inference_time"": 0.00678105466067791, ""env_step_time"": 0.03220468619838357, ""replay_insert_time"": 0.0005761669017374516, ""logging_time"": 0.00012032920494675636, ""total_train_step_time"": 0.03993705986067653}",0.1378943556919694,0.010914952959865332
rollout_update,15936,63.42411931947118,12.072601468685718,214502.2946912046,1.0090798372402787,"{""policy_inference_time"": 0.006796665024012327, ""env_step_time"": 0.032146114856004715, ""replay_insert_time"": 0.0005698800086975098, ""logging_time"": 0.0001149647869169712, ""total_train_step_time"": 1.0090798372402787}",0.1379052991978824,0.010892960242927074
rollout_update,16000,1526.0184684949013,12.065675124147015,214502.2946912046,0.04193920409306884,"{""policy_inference_time"": 0.006911151111125946, ""env_step_time"": 0.033709331415593624, ""replay_insert_time"": 0.0009334469214081764, ""logging_time"": 0.0001230989582836628, ""total_train_step_time"": 0.04193920409306884}",0.1379052991978824,0.010892960242927074
rollout_update,16064,1570.4025839717874,12.058952147743657,214502.2946912046,0.040753880981355906,"{""policy_inference_time"": 0.006983047816902399, ""env_step_time"": 0.03278872324153781, ""replay_insert_time"": 0.0006080581806600094, ""logging_time"": 0.00011830311268568039, ""total_train_step_time"": 0.040753880981355906}",0.1379052991978824,0.010892960242927074
rollout_update,16128,1585.3892975556478,12.052300105848818,214502.2946912046,0.040368633810430765,"{""policy_inference_time"": 0.006838087923824787, ""env_step_time"": 0.032576944679021835, ""replay_insert_time"": 0.0005830978043377399, ""logging_time"": 0.0001162281259894371, ""total_train_step_time"": 0.040368633810430765}",0.1379052991978824,0.010892960242927074
rollout_update,16192,63.46542759339176,12.077184805196316,214535.73903185592,1.0084230490028858,"{""policy_inference_time"": 0.00681475130841136, ""env_step_time"": 0.032401646953076124, ""replay_insert_time"": 0.0005739079788327217, ""logging_time"": 0.00011665094643831253, ""total_train_step_time"": 1.0084230490028858}",0.137843057513237,0.010844096075743437
rollout_update,16256,1530.7562044686638,12.070382553736485,214535.73903185592,0.041809401009231806,"{""policy_inference_time"": 0.00692850211635232, ""env_step_time"": 0.03358242893591523, ""replay_insert_time"": 0.0009122900664806366, ""logging_time"": 0.00012233015149831772, ""total_train_step_time"": 0.041809401009231806}",0.137843057513237,0.010844096075743437
rollout_update,16320,1583.1657865500288,12.063812768219835,214535.73903185592,0.04042533040046692,"{""policy_inference_time"": 0.006830755155533552, ""env_step_time"": 0.03262898186221719, ""replay_insert_time"": 0.0005920538678765297, ""logging_time"": 0.00011866725981235504, ""total_train_step_time"": 0.04042533040046692}",0.137843057513237,0.010844096075743437
rollout_update,16384,1593.5392699229578,12.057292828345917,214535.73903185592,0.040162173099815845,"{""policy_inference_time"": 0.0067847357131540775, ""env_step_time"": 0.03243635594844818, ""replay_insert_time"": 0.0005756276659667492, ""logging_time"": 0.00011688238009810448, ""total_train_step_time"": 0.040162173099815845}",0.137843057513237,0.010844096075743437
rollout_update,16448,63.53277023723402,12.081908535162606,214564.11298912973,1.0073541537858546,"{""policy_inference_time"": 0.00678265793249011, ""env_step_time"": 0.032233988866209984, ""replay_insert_time"": 0.000571180135011673, ""logging_time"": 0.0001163003034889698, ""total_train_step_time"": 1.0073541537858546}",0.13808876695111394,0.010858471039682627
rollout_update,16512,1533.3732797965097,12.075217070623081,214564.11298912973,0.04173804307356477,"{""policy_inference_time"": 0.006935162004083395, ""env_step_time"": 0.03348893020302057, ""replay_insert_time"": 0.0009230761788785458, ""logging_time"": 0.00012285402044653893, ""total_train_step_time"": 0.04173804307356477}",0.13808876695111394,0.010858471039682627
rollout_update,16576,1577.2780970867047,12.068718970027733,214564.11298912973,0.040576230734586716,"{""policy_inference_time"": 0.006890531163662672, ""env_step_time"": 0.032720881048589945, ""replay_insert_time"": 0.0005897898226976395, ""logging_time"": 0.00011911103501915932, ""total_train_step_time"": 0.040576230734586716}",0.13808876695111394,0.010858471039682627
rollout_update,16640,1586.1898303983846,12.06226430906369,214564.11298912973,0.04034826019778848,"{""policy_inference_time"": 0.006815680302679539, ""env_step_time"": 0.03257204918190837, ""replay_insert_time"": 0.0005765706300735474, ""logging_time"": 0.00011609401553869247, ""total_train_step_time"": 0.04034826019778848}",0.13808876695111394,0.010858471039682627
rollout_update,16704,61.54083506756166,12.081297961863466,214537.87197192613,1.0399598889052868,"{""policy_inference_time"": 0.006823014933615923, ""env_step_time"": 0.03363791527226567, ""replay_insert_time"": 0.0006145499646663666, ""logging_time"": 0.00011932570487260818, ""total_train_step_time"": 1.0399598889052868}",0.14120008749887347,0.011153161991387606
rollout_update,16768,1502.4221162941947,12.074572820691614,214537.87197192613,0.042597881983965635,"{""policy_inference_time"": 0.0070763807743787766, ""env_step_time"": 0.03412198182195425, ""replay_insert_time"": 0.0010057236067950726, ""logging_time"": 0.00012593576684594154, ""total_train_step_time"": 0.042597881983965635}",0.14120008749887347,0.011153161991387606
rollout_update,16832,1535.2443637705219,12.067998702299533,214537.87197192613,0.04168717470020056,"{""policy_inference_time"": 0.007052452769130468, ""env_step_time"": 0.03359238198027015, ""replay_insert_time"": 0.0006578350439667702, ""logging_time"": 0.0001245676539838314, ""total_train_step_time"": 0.04168717470020056}",0.14120008749887347,0.011153161991387606
rollout_update,16896,1557.2894245679981,12.061524651065312,214537.87197192613,0.04109704913571477,"{""policy_inference_time"": 0.00730786332860589, ""env_step_time"": 0.03278361726552248, ""replay_insert_time"": 0.0006187930703163147, ""logging_time"": 0.00012194039300084114, ""total_train_step_time"": 0.04109704913571477}",0.14120008749887347,0.011153161991387606
rollout_update,16960,62.39037572390444,12.082486053496723,214524.70719135407,1.0257992399856448,"{""policy_inference_time"": 0.007069897372275591, ""env_step_time"": 0.03250768221914768, ""replay_insert_time"": 0.0006148549728095531, ""logging_time"": 0.0001204400323331356, ""total_train_step_time"": 1.0257992399856448}",0.14101721439510584,0.011043251026421785
rollout_update,17024,1499.9449791022155,12.075848992894969,214524.70719135407,0.04266823176294565,"{""policy_inference_time"": 0.007187148090451956, ""env_step_time"": 0.034068059641867876, ""replay_insert_time"": 0.0010170177556574345, ""logging_time"": 0.00012766430154442787, ""total_train_step_time"": 0.04266823176294565}",0.14101721439510584,0.011043251026421785
rollout_update,17088,1555.6541017514191,12.069456511319116,214524.70719135407,0.041140250861644745,"{""policy_inference_time"": 0.007145345211029053, ""env_step_time"": 0.032988580875098705, ""replay_insert_time"": 0.0006303172558546066, ""logging_time"": 0.00012035435065627098, ""total_train_step_time"": 0.041140250861644745}",0.14101721439510584,0.011043251026421785
rollout_update,17152,1555.8114121696283,12.063071439349208,214524.70719135407,0.041136091109365225,"{""policy_inference_time"": 0.0071379938162863255, ""env_step_time"": 0.032993895933032036, ""replay_insert_time"": 0.0006266296841204166, ""logging_time"": 0.00012094993144273758, ""total_train_step_time"": 0.041136091109365225}",0.14101721439510584,0.011043251026421785
rollout_update,17216,60.746105459580605,12.079449298512081,214402.60312164697,1.0535654840059578,"{""policy_inference_time"": 0.006978250108659267, ""env_step_time"": 0.032946459017693996, ""replay_insert_time"": 0.0006192261353135109, ""logging_time"": 0.00011997483670711517, ""total_train_step_time"": 1.0535654840059578}",0.1511186333373189,0.011214680038392544
rollout_update,17280,1203.3913117042412,12.071303428868502,214402.60312164697,0.053183033131062984,"{""policy_inference_time"": 0.007067159283906221, ""env_step_time"": 0.04464620817452669, ""replay_insert_time"": 0.0010674218647181988, ""logging_time"": 0.0001298198476433754, ""total_train_step_time"": 0.053183033131062984}",0.1511186333373189,0.011214680038392544
rollout_update,17344,1509.271249921881,12.064816328644595,214402.60312164697,0.042404571082443,"{""policy_inference_time"": 0.00770028168335557, ""env_step_time"": 0.03372237691655755, ""replay_insert_time"": 0.0006028809584677219, ""logging_time"": 0.00011833105236291885, ""total_train_step_time"": 0.042404571082443}",0.1511186333373189,0.011214680038392544
rollout_update,17408,1191.7828295703064,12.056611077698557,214402.60312164697,0.053701058961451054,"{""policy_inference_time"": 0.00696179922670126, ""env_step_time"": 0.04575614491477609, ""replay_insert_time"": 0.0005974462255835533, ""logging_time"": 0.00011964002624154091, ""total_train_step_time"": 0.053701058961451054}",0.1511186333373189,0.011214680038392544
rollout_update,17472,58.6393003478474,12.067119154594247,214383.61859415457,1.0914182062260807,"{""policy_inference_time"": 0.0069704786874353886, ""env_step_time"": 0.0328307943418622, ""replay_insert_time"": 0.0005911863408982754, ""logging_time"": 0.00011910870671272278, ""total_train_step_time"": 1.0914182062260807}",0.15081286476925015,0.010879372246563435
rollout_update,17536,1511.7904046799158,12.060741090802189,214383.61859415457,0.04233391070738435,"{""policy_inference_time"": 0.007043704856187105, ""env_step_time"": 0.03398567019030452, ""replay_insert_time"": 0.0009163720533251762, ""logging_time"": 0.00012339139357209206, ""total_train_step_time"": 0.04233391070738435}",0.15081286476925015,0.010879372246563435
rollout_update,17600,1185.6295043319242,12.052618225639172,214383.61859415457,0.05397976329550147,"{""policy_inference_time"": 0.006947972811758518, ""env_step_time"": 0.04558425163850188, ""replay_insert_time"": 0.0008717961609363556, ""logging_time"": 0.00019052019342780113, ""total_train_step_time"": 0.05397976329550147}",0.15081286476925015,0.010879372246563435
rollout_update,17664,1120.5674944000755,12.044035637750184,214383.61859415457,0.057113918010145426,"{""policy_inference_time"": 0.010277263820171356, ""env_step_time"": 0.04538532067090273, ""replay_insert_time"": 0.0008683330379426479, ""logging_time"": 0.00019011413678526878, ""total_train_step_time"": 0.057113918010145426}",0.15081286476925015,0.010879372246563435
rollout_update,17728,60.711847508668846,12.060078737458596,214373.85458277178,1.0541599807329476,"{""policy_inference_time"": 0.010228067636489868, ""env_step_time"": 0.04365127766504884, ""replay_insert_time"": 0.0005972022190690041, ""logging_time"": 0.0001294054090976715, ""total_train_step_time"": 1.0541599807329476}",0.15314142033457756,0.011003874707967043
rollout_update,17792,1504.8664687674816,12.053770195680325,214373.85458277178,0.04252869030460715,"{""policy_inference_time"": 0.0071571459993720055, ""env_step_time"": 0.03401606343686581, ""replay_insert_time"": 0.0009653759188950062, ""logging_time"": 0.00012308917939662933, ""total_train_step_time"": 0.04252869030460715}",0.15314142033457756,0.011003874707967043
rollout_update,17856,1573.0266168110488,12.04774118069224,214373.85458277178,0.04068589769303799,"{""policy_inference_time"": 0.006924950052052736, ""env_step_time"": 0.032785181887447834, ""replay_insert_time"": 0.0006032409146428108, ""logging_time"": 0.00011755106970667839, ""total_train_step_time"": 0.04068589769303799}",0.15314142033457756,0.011003874707967043
rollout_update,17920,1570.991986713952,12.041710397221985,214373.85458277178,0.040738590992987156,"{""policy_inference_time"": 0.006924043875187635, ""env_step_time"": 0.03284533368423581, ""replay_insert_time"": 0.0005944296717643738, ""logging_time"": 0.00012045027688145638, ""total_train_step_time"": 0.040738590992987156}",0.15314142033457756,0.011003874707967043
rollout_update,17984,47.89219024602399,12.016423242434701,210331.56702921886,1.3363347901031375,"{""policy_inference_time"": 0.006852354854345322, ""env_step_time"": 0.03267501387745142, ""replay_insert_time"": 0.000604826956987381, ""logging_time"": 0.00011662812903523445, ""total_train_step_time"": 1.3363347901031375}",0.1418890473432839,0.010992397088557482
rollout_update,18048,1469.4222749990415,12.010099578299755,210331.56702921886,0.04355453234165907,"{""policy_inference_time"": 0.007022055797278881, ""env_step_time"": 0.03516866033896804, ""replay_insert_time"": 0.0009724730625748634, ""logging_time"": 0.00012643169611692429, ""total_train_step_time"": 0.04355453234165907}",0.1418890473432839,0.010992397088557482
rollout_update,18112,1522.693282389785,12.004003453100722,210331.56702921886,0.04203078895807266,"{""policy_inference_time"": 0.0070991721004247665, ""env_step_time"": 0.033953221049159765, ""replay_insert_time"": 0.0005986299365758896, ""logging_time"": 0.0001201387494802475, ""total_train_step_time"": 0.04203078895807266}",0.1418890473432839,0.010992397088557482
rollout_update,18176,1535.9413341041707,11.997966014866616,210331.56702921886,0.041668258141726255,"{""policy_inference_time"": 0.006927425041794777, ""env_step_time"": 0.03370701288804412, ""replay_insert_time"": 0.0006541903130710125, ""logging_time"": 0.00012010801583528519, ""total_train_step_time"": 0.041668258141726255}",0.1418890473432839,0.010992397088557482
rollout_update,18240,59.36657158160689,12.010663234237096,210356.4071564385,1.0780477682128549,"{""policy_inference_time"": 0.007192670367658138, ""env_step_time"": 0.03352106688544154, ""replay_insert_time"": 0.0005934038199484348, ""logging_time"": 0.00011997716501355171, ""total_train_step_time"": 1.0780477682128549}",0.1411701487377286,0.011145348194986582
rollout_update,18304,1480.4926052633787,12.004479888396274,210356.4071564385,0.04322885489091277,"{""policy_inference_time"": 0.007152625825256109, ""env_step_time"": 0.03469563089311123, ""replay_insert_time"": 0.000981189776211977, ""logging_time"": 0.0001241401769220829, ""total_train_step_time"": 0.04322885489091277}",0.1411701487377286,0.011145348194986582
rollout_update,18368,1527.4781618305196,11.998492816462502,210356.4071564385,0.04189912602305412,"{""policy_inference_time"": 0.007140051107853651, ""env_step_time"": 0.033773011062294245, ""replay_insert_time"": 0.0006138067692518234, ""logging_time"": 0.00011757714673876762, ""total_train_step_time"": 0.04189912602305412}",0.1411701487377286,0.011145348194986582
rollout_update,18432,1531.2821461760097,11.992526564257288,210356.4071564385,0.04179504094645381,"{""policy_inference_time"": 0.007044882047921419, ""env_step_time"": 0.03372167004272342, ""replay_insert_time"": 0.0006502880714833736, ""logging_time"": 0.0001198919489979744, ""total_train_step_time"": 0.04179504094645381}",0.1411701487377286,0.011145348194986582
rollout_update,18496,61.93039320737409,12.011409909896152,210398.14158165743,1.033418273087591,"{""policy_inference_time"": 0.006963066756725311, ""env_step_time"": 0.033520826138556004, ""replay_insert_time"": 0.0005931397899985313, ""logging_time"": 0.00011608283966779709, ""total_train_step_time"": 1.033418273087591}",0.14062706008553505,0.01092792209237814
rollout_update,18560,1482.0123689236937,12.005316717940799,210398.14158165743,0.04318452486768365,"{""policy_inference_time"": 0.007053326815366745, ""env_step_time"": 0.03478974383324385, ""replay_insert_time"": 0.000956432893872261, ""logging_time"": 0.00012176297605037689, ""total_train_step_time"": 0.04318452486768365}",0.14062706008553505,0.01092792209237814
rollout_update,18624,1564.625923166492,11.999550949819149,210398.14158165743,0.04090434592217207,"{""policy_inference_time"": 0.006913593038916588, ""env_step_time"": 0.03302418300881982, ""replay_insert_time"": 0.0005938168615102768, ""logging_time"": 0.00011780392378568649, ""total_train_step_time"": 0.04090434592217207}",0.14062706008553505,0.01092792209237814
rollout_update,18688,1550.6660577984485,11.993738885910597,210398.14158165743,0.04127258714288473,"{""policy_inference_time"": 0.0068963440135121346, ""env_step_time"": 0.03340757265686989, ""replay_insert_time"": 0.0005841078236699104, ""logging_time"": 0.00012631481513381004, ""total_train_step_time"": 0.04127258714288473}",0.14062706008553505,0.01092792209237814
rollout_update,18752,61.6343571188779,12.011662684249442,210420.4336410083,1.038381886202842,"{""policy_inference_time"": 0.0069790552370250225, ""env_step_time"": 0.033459397964179516, ""replay_insert_time"": 0.0005880841054022312, ""logging_time"": 0.00011927494779229164, ""total_train_step_time"": 1.038381886202842}",0.14099446823820472,0.01131479674950242
rollout_update,18816,1488.5763832439263,12.005678032080517,210420.4336410083,0.042994098737835884,"{""policy_inference_time"": 0.00726104574277997, ""env_step_time"": 0.03424759302288294, ""replay_insert_time"": 0.0010930318385362625, ""logging_time"": 0.00012401631101965904, ""total_train_step_time"": 0.042994098737835884}",0.14099446823820472,0.01131479674950242
rollout_update,18880,1550.9477867601179,11.999939658799104,210420.4336410083,0.04126508999615908,"{""policy_inference_time"": 0.0070540509186685085, ""env_step_time"": 0.03320374293252826, ""replay_insert_time"": 0.0006054602563381195, ""logging_time"": 0.00011834176257252693, ""total_train_step_time"": 0.04126508999615908}",0.14099446823820472,0.01131479674950242
rollout_update,18944,1557.1674698667275,11.994229656035676,210420.4336410083,0.04110026778653264,"{""policy_inference_time"": 0.00704220961779356, ""env_step_time"": 0.03307660762220621, ""replay_insert_time"": 0.0005882210098206997, ""logging_time"": 0.0001327749341726303, ""total_train_step_time"": 0.04110026778653264}",0.14099446823820472,0.01131479674950242
rollout_update,19008,62.6093289552546,12.014131418595216,210444.28580810432,1.0222118822857738,"{""policy_inference_time"": 0.006928056012839079, ""env_step_time"": 0.033425538800656796, ""replay_insert_time"": 0.0005817320197820663, ""logging_time"": 0.00011675199493765831, ""total_train_step_time"": 1.0222118822857738}",0.13941212696954608,0.010939504019916058
rollout_update,19072,1470.5159570064252,12.008151579846595,210444.28580810432,0.043522139079868793,"{""policy_inference_time"": 0.007075564004480839, ""env_step_time"": 0.03514604922384024, ""replay_insert_time"": 0.0009103650227189064, ""logging_time"": 0.0001250188797712326, ""total_train_step_time"": 0.043522139079868793}",0.13941212696954608,0.010939504019916058
rollout_update,19136,1391.459472518036,12.001838459741787,210444.28580810432,0.04599487176164985,"{""policy_inference_time"": 0.007144524250179529, ""env_step_time"": 0.03776252269744873, ""replay_insert_time"": 0.0006886208429932594, ""logging_time"": 0.00013672467321157455, ""total_train_step_time"": 0.04599487176164985}",0.13941212696954608,0.010939504019916058
rollout_update,19200,1518.7858853414452,11.996060419742337,210444.28580810432,0.04213892202824354,"{""policy_inference_time"": 0.0073816971853375435, ""env_step_time"": 0.03380080685019493, ""replay_insert_time"": 0.000587287824600935, ""logging_time"": 0.00011729495599865913, ""total_train_step_time"": 0.04213892202824354}",0.13941212696954608,0.010939504019916058
rollout_update,19264,62.42705716963264,12.015276742540559,210474.0407062992,1.025196491740644,"{""policy_inference_time"": 0.006941383238881826, ""env_step_time"": 0.033235936891287565, ""replay_insert_time"": 0.0005829241126775742, ""logging_time"": 0.00011858204379677773, ""total_train_step_time"": 1.025196491740644}",0.14024233492091298,0.010980916675180197
rollout_update,19328,1471.2231629066107,12.009377258125243,210474.0407062992,0.04350121831521392,"{""policy_inference_time"": 0.007105702068656683, ""env_step_time"": 0.035098958760499954, ""replay_insert_time"": 0.0009056269191205502, ""logging_time"": 0.00012320419773459435, ""total_train_step_time"": 0.04350121831521392}",0.14024233492091298,0.010980916675180197
rollout_update,19392,1526.5814291332379,12.003697185482133,210474.0407062992,0.041923738084733486,"{""policy_inference_time"": 0.00705043924972415, ""env_step_time"": 0.03391247196123004, ""replay_insert_time"": 0.0005921050906181335, ""logging_time"": 0.00011403998360037804, ""total_train_step_time"": 0.041923738084733486}",0.14024233492091298,0.010980916675180197
rollout_update,19456,1542.3543616203472,11.998080488659895,210474.0407062992,0.04149500373750925,"{""policy_inference_time"": 0.006983568891882896, ""env_step_time"": 0.03356045112013817, ""replay_insert_time"": 0.0005785170942544937, ""logging_time"": 0.00011964188888669014, ""total_train_step_time"": 0.04149500373750925}",0.14024233492091298,0.010980916675180197
rollout_update,19520,62.49622521539657,12.017178924044183,210506.89030024674,1.0240618498064578,"{""policy_inference_time"": 0.007041750010102987, ""env_step_time"": 0.033761247992515564, ""replay_insert_time"": 0.0005980250425636768, ""logging_time"": 0.00011792359873652458, ""total_train_step_time"": 1.0240618498064578}",0.14033836033195257,0.010971011128276587
rollout_update,19584,1492.3982067543652,12.011436781333636,210506.89030024674,0.04288399685174227,"{""policy_inference_time"": 0.0070494660176336765, ""env_step_time"": 0.0345630613155663, ""replay_insert_time"": 0.0008822199888527393, ""logging_time"": 0.00012450013309717178, ""total_train_step_time"": 0.04288399685174227}",0.14033836033195257,0.010971011128276587
rollout_update,19648,1519.6242151220479,12.005802854855721,210506.89030024674,0.042115675285458565,"{""policy_inference_time"": 0.007021801080554724, ""env_step_time"": 0.03412677999585867, ""replay_insert_time"": 0.0005844957195222378, ""logging_time"": 0.00012571783736348152, ""total_train_step_time"": 0.042115675285458565}",0.14033836033195257,0.010971011128276587
rollout_update,19712,1527.8462773064998,12.000204487316111,210506.89030024674,0.04188903095200658,"{""policy_inference_time"": 0.006950318813323975, ""env_step_time"": 0.0339892259798944, ""replay_insert_time"": 0.0005787569098174572, ""logging_time"": 0.00011611310765147209, ""total_train_step_time"": 0.04188903095200658}",0.14033836033195257,0.010971011128276587
rollout_update,19776,62.523278616299926,12.019095663172887,210537.86005023052,1.0236187451519072,"{""policy_inference_time"": 0.007022853009402752, ""env_step_time"": 0.03376054484397173, ""replay_insert_time"": 0.0005787299014627934, ""logging_time"": 0.00011893222108483315, ""total_train_step_time"": 1.0236187451519072}",0.14051288226619363,0.01101392088457942
rollout_update,19840,1511.404853502802,12.013496569366577,210537.86005023052,0.0423447098582983,"{""policy_inference_time"": 0.006963750813156366, ""env_step_time"": 0.03410394489765167, ""replay_insert_time"": 0.0008754702284932137, ""logging_time"": 0.00013481499627232552, ""total_train_step_time"": 0.0423447098582983}",0.14051288226619363,0.01101392088457942
rollout_update,19904,1546.4710606522826,12.008029473214028,210537.86005023052,0.04138454422354698,"{""policy_inference_time"": 0.007016673218458891, ""env_step_time"": 0.03340453328564763, ""replay_insert_time"": 0.0005912496708333492, ""logging_time"": 0.00011646002531051636, ""total_train_step_time"": 0.04138454422354698}",0.14051288226619363,0.01101392088457942
rollout_update,19968,1554.8715271056649,12.002596847450002,210537.86005023052,0.04116095695644617,"{""policy_inference_time"": 0.006986618973314762, ""env_step_time"": 0.03322658920660615, ""replay_insert_time"": 0.0005782172083854675, ""logging_time"": 0.00011683814227581024, ""total_train_step_time"": 0.04116095695644617}",0.14051288226619363,0.01101392088457942
rollout_update,20032,62.48308026520998,12.021139538359035,210561.68945251164,1.0242772880010307,"{""policy_inference_time"": 0.006942436099052429, ""env_step_time"": 0.033095700200647116, ""replay_insert_time"": 0.0005782414227724075, ""logging_time"": 0.00011644512414932251, ""total_train_step_time"": 1.0242772880010307}",0.14035855093970895,0.011163844726979733
rollout_update,20096,1476.1548373196565,12.015477411405774,210561.68945251164,0.04335588542744517,"{""policy_inference_time"": 0.007091894745826721, ""env_step_time"": 0.034966021310538054, ""replay_insert_time"": 0.0009075249545276165, ""logging_time"": 0.00012312596663832664, ""total_train_step_time"": 0.04335588542744517}",0.14035855093970895,0.011163844726979733
rollout_update,20160,1546.077428853658,12.010076333942129,210561.68945251164,0.041395080741494894,"{""policy_inference_time"": 0.0070427111349999905, ""env_step_time"": 0.033378440886735916, ""replay_insert_time"": 0.0005844570696353912, ""logging_time"": 0.0001336461864411831, ""total_train_step_time"": 0.041395080741494894}",0.14035855093970895,0.011163844726979733
rollout_update,20224,1561.0843943597265,12.00473196169382,210561.68945251164,0.040997142903506756,"{""policy_inference_time"": 0.006988040171563625, ""env_step_time"": 0.033049547113478184, ""replay_insert_time"": 0.0005858498625457287, ""logging_time"": 0.00011888239532709122, ""total_train_step_time"": 0.040997142903506756}",0.14035855093970895,0.011163844726979733
rollout_update,20288,63.2057601418766,12.024533978031364,210621.44497120145,1.0125659410841763,"{""policy_inference_time"": 0.00703577371314168, ""env_step_time"": 0.03308939514681697, ""replay_insert_time"": 0.0005710660479962826, ""logging_time"": 0.00011547235772013664, ""total_train_step_time"": 1.0125659410841763}",0.1385166929103434,0.010851211380213499
rollout_update,20352,1527.6004511034923,12.019127762212538,210621.44497120145,0.041895771864801645,"{""policy_inference_time"": 0.006924428977072239, ""env_step_time"": 0.03370619099587202, ""replay_insert_time"": 0.0008810041472315788, ""logging_time"": 0.00012014107778668404, ""total_train_step_time"": 0.041895771864801645}",0.1385166929103434,0.010851211380213499
rollout_update,20416,1579.0709903516006,12.013902388609461,210621.44497120145,0.04053016006946564,"{""policy_inference_time"": 0.006883007939904928, ""env_step_time"": 0.03267329605296254, ""replay_insert_time"": 0.000600562896579504, ""logging_time"": 0.0001181471161544323, ""total_train_step_time"": 0.04053016006946564}",0.1385166929103434,0.010851211380213499
rollout_update,20480,1588.2541135332067,12.008711729820554,210621.44497120145,0.04029581882059574,"{""policy_inference_time"": 0.0068286326713860035, ""env_step_time"": 0.032518267165869474, ""replay_insert_time"": 0.0005790018476545811, ""logging_time"": 0.00011678598821163177, ""total_train_step_time"": 0.04029581882059574}",0.1385166929103434,0.010851211380213499
rollout_update,20544,63.3023750422259,12.028429720902922,210682.50231154257,1.0110205179080367,"{""policy_inference_time"": 0.0068355100229382515, ""env_step_time"": 0.03253765217959881, ""replay_insert_time"": 0.000581434927880764, ""logging_time"": 0.00011812476441264153, ""total_train_step_time"": 1.0110205179080367}",0.13839941006153822,0.010853945277631283
rollout_update,20608,1505.9889152717765,12.023010120181915,210682.50231154257,0.042496992740780115,"{""policy_inference_time"": 0.006909335032105446, ""env_step_time"": 0.034248184878379107, ""replay_insert_time"": 0.0009447718039155006, ""logging_time"": 0.0001247720792889595, ""total_train_step_time"": 0.042496992740780115}",0.13839941006153822,0.010853945277631283
rollout_update,20672,1535.8131922016346,12.017700504161358,210682.50231154257,0.041671734768897295,"{""policy_inference_time"": 0.007127268705517054, ""env_step_time"": 0.033536734990775585, ""replay_insert_time"": 0.000614481046795845, ""logging_time"": 0.00011860579252243042, ""total_train_step_time"": 0.041671734768897295}",0.13839941006153822,0.010853945277631283
rollout_update,20736,1554.2552757750361,12.012458494150936,210682.50231154257,0.041177276987582445,"{""policy_inference_time"": 0.006972852163016796, ""env_step_time"": 0.03324802918359637, ""replay_insert_time"": 0.0005862540565431118, ""logging_time"": 0.00011964421719312668, ""total_train_step_time"": 0.041177276987582445}",0.13839941006153822,0.010853945277631283
rollout_update,20800,63.28143951430985,12.031859764146283,210740.59406782346,1.0113549958914518,"{""policy_inference_time"": 0.007069463841617107, ""env_step_time"": 0.03291775193065405, ""replay_insert_time"": 0.0006163096986711025, ""logging_time"": 0.0001176660880446434, ""total_train_step_time"": 1.0113549958914518}",0.13835052214562893,0.010915405116975307
rollout_update,20864,1558.3960054323395,12.026683232261883,210740.59406782346,0.04106786707416177,"{""policy_inference_time"": 0.006844609975814819, ""env_step_time"": 0.03296684194356203, ""replay_insert_time"": 0.0008701006881892681, ""logging_time"": 0.00012348685413599014, ""total_train_step_time"": 0.04106786707416177}",0.13835052214562893,0.010915405116975307
rollout_update,20928,1571.3475474752595,12.021553764445132,210740.59406782346,0.04072937276214361,"{""policy_inference_time"": 0.006949856877326965, ""env_step_time"": 0.03281839285045862, ""replay_insert_time"": 0.0005873991176486015, ""logging_time"": 0.00011925213038921356, ""total_train_step_time"": 0.04072937276214361}",0.13835052214562893,0.010915405116975307
rollout_update,20992,1585.09272455929,12.016473093892207,210740.59406782346,0.0403761868365109,"{""policy_inference_time"": 0.006837066262960434, ""env_step_time"": 0.03258843533694744, ""replay_insert_time"": 0.0005807350389659405, ""logging_time"": 0.00011637574061751366, ""total_train_step_time"": 0.0403761868365109}",0.13835052214562893,0.010915405116975307
rollout_update,21056,62.211926225342246,12.033437481663201,210783.6035570624,1.028741655871272,"{""policy_inference_time"": 0.00682614604011178, ""env_step_time"": 0.03248570021241903, ""replay_insert_time"": 0.0005784528329968452, ""logging_time"": 0.00011635199189186096, ""total_train_step_time"": 1.028741655871272}",0.14136439329013228,0.011011209804564714
rollout_update,21120,1474.4064728224341,12.028030674878487,210783.6035570624,0.04340729722753167,"{""policy_inference_time"": 0.007174538914114237, ""env_step_time"": 0.034870628733187914, ""replay_insert_time"": 0.0009713000617921352, ""logging_time"": 0.0001242426224052906, ""total_train_step_time"": 0.04340729722753167}",0.14136439329013228,0.011011209804564714
rollout_update,21184,1535.8180490523728,12.02284463513393,210783.6035570624,0.04167160298675299,"{""policy_inference_time"": 0.007317530922591686, ""env_step_time"": 0.033335373271256685, ""replay_insert_time"": 0.0005931300111114979, ""logging_time"": 0.00014448724687099457, ""total_train_step_time"": 0.04167160298675299}",0.14136439329013228,0.011011209804564714
rollout_update,21248,1562.0481584114377,12.017750038216901,210783.6035570624,0.0409718481823802,"{""policy_inference_time"": 0.0069704558700323105, ""env_step_time"": 0.0330351791344583, ""replay_insert_time"": 0.0005902429111301899, ""logging_time"": 0.00012056995183229446, ""total_train_step_time"": 0.0409718481823802}",0.14136439329013228,0.011011209804564714
rollout_update,21312,62.497590970768954,12.035079627812921,210806.2820290306,1.0240394710563123,"{""policy_inference_time"": 0.006980076897889376, ""env_step_time"": 0.03487374493852258, ""replay_insert_time"": 0.0006537456065416336, ""logging_time"": 0.00016561010852456093, ""total_train_step_time"": 1.0240394710563123}",0.14006240665912628,0.010890062898397446
rollout_update,21376,1513.4347146158384,12.029873450112849,210806.2820290306,0.0422879159450531,"{""policy_inference_time"": 0.007051775697618723, ""env_step_time"": 0.033927864860743284, ""replay_insert_time"": 0.0009198682382702827, ""logging_time"": 0.0001224437728524208, ""total_train_step_time"": 0.0422879159450531}",0.14006240665912628,0.010890062898397446
rollout_update,21440,1561.1066653106077,12.024830553108556,210806.2820290306,0.0409965580329299,"{""policy_inference_time"": 0.007014469709247351, ""env_step_time"": 0.03301466116681695, ""replay_insert_time"": 0.0005962792783975601, ""logging_time"": 0.00011790590360760689, ""total_train_step_time"": 0.0409965580329299}",0.14006240665912628,0.010890062898397446
rollout_update,21504,1550.6951533852161,12.019758066440426,210806.2820290306,0.04127181274816394,"{""policy_inference_time"": 0.006935497745871544, ""env_step_time"": 0.03336789505556226, ""replay_insert_time"": 0.0005973898805677891, ""logging_time"": 0.00011602509766817093, ""total_train_step_time"": 0.04127181274816394}",0.14006240665912628,0.010890062898397446
rollout_update,21568,62.58846256380065,12.037046544630243,210829.3401352566,1.0225526778958738,"{""policy_inference_time"": 0.006944567896425724, ""env_step_time"": 0.03312157094478607, ""replay_insert_time"": 0.0005967193283140659, ""logging_time"": 0.00011862395331263542, ""total_train_step_time"": 1.0225526778958738}",0.13910630671307445,0.010965609923005104
rollout_update,21632,1501.2515346000916,12.031858159672032,210829.3401352566,0.04263109713792801,"{""policy_inference_time"": 0.0069796619936823845, ""env_step_time"": 0.034313570242375135, ""replay_insert_time"": 0.0009451857767999172, ""logging_time"": 0.00012364191934466362, ""total_train_step_time"": 0.04263109713792801}",0.13910630671307445,0.010965609923005104
rollout_update,21696,1572.227927334467,12.026908171003345,210829.3401352566,0.04070656606927514,"{""policy_inference_time"": 0.006914326921105385, ""env_step_time"": 0.032835861667990685, ""replay_insert_time"": 0.0005888012237846851, ""logging_time"": 0.00011476175859570503, ""total_train_step_time"": 0.04070656606927514}",0.13910630671307445,0.010965609923005104
rollout_update,21760,1581.021703852364,12.021989751939254,210829.3401352566,0.04048015270382166,"{""policy_inference_time"": 0.006859417073428631, ""env_step_time"": 0.032681658398360014, ""replay_insert_time"": 0.000572658609598875, ""logging_time"": 0.00011562695726752281, ""total_train_step_time"": 0.04048015270382166}",0.13910630671307445,0.010965609923005104
rollout_update,21824,62.92483703847109,12.039715302323136,210839.5814196514,1.0170864639803767,"{""policy_inference_time"": 0.00688217906281352, ""env_step_time"": 0.032657050993293524, ""replay_insert_time"": 0.0005788831040263176, ""logging_time"": 0.00011861743405461311, ""total_train_step_time"": 1.0170864639803767}",0.13848931109532714,0.010941451881080866
rollout_update,21888,1513.584135297303,12.03462673221738,210839.5814196514,0.04228374129161239,"{""policy_inference_time"": 0.006934674922376871, ""env_step_time"": 0.03407331323251128, ""replay_insert_time"": 0.0008919411338865757, ""logging_time"": 0.00012254109606146812, ""total_train_step_time"": 0.04228374129161239}",0.13848931109532714,0.010941451881080866
rollout_update,21952,1570.6233584852494,12.029727028351791,210839.5814196514,0.040748152416199446,"{""policy_inference_time"": 0.006900209002196789, ""env_step_time"": 0.03288392582908273, ""replay_insert_time"": 0.0005883690901100636, ""logging_time"": 0.00011932384222745895, ""total_train_step_time"": 0.040748152416199446}",0.13848931109532714,0.010941451881080866
rollout_update,22016,1582.7227621173067,12.024868723582285,210839.5814196514,0.0404366459697485,"{""policy_inference_time"": 0.006834938656538725, ""env_step_time"": 0.032657553907483816, ""replay_insert_time"": 0.0005748751573264599, ""logging_time"": 0.0001158490777015686, ""total_train_step_time"": 0.0404366459697485}",0.13848931109532714,0.010941451881080866
rollout_update,22080,63.2739316886992,12.043033592225237,210896.1396445152,1.0114749991334975,"{""policy_inference_time"": 0.006840443704277277, ""env_step_time"": 0.0325807579793036, ""replay_insert_time"": 0.0005757799372076988, ""logging_time"": 0.00011756876483559608, ""total_train_step_time"": 1.0114749991334975}",0.13872425025328994,0.010886235162615776
rollout_update,22144,1515.3151298102098,12.038006461299982,210896.1396445152,0.04223543917760253,"{""policy_inference_time"": 0.00692732585594058, ""env_step_time"": 0.03400709107518196, ""replay_insert_time"": 0.0009055719710886478, ""logging_time"": 0.0001253741793334484, ""total_train_step_time"": 0.04223543917760253}",0.13872425025328994,0.010886235162615776
rollout_update,22208,1567.9949517114571,12.03315221276742,210896.1396445152,0.04081645794212818,"{""policy_inference_time"": 0.006844416260719299, ""env_step_time"": 0.03299050824716687, ""replay_insert_time"": 0.0005958951078355312, ""logging_time"": 0.00012016715481877327, ""total_train_step_time"": 0.04081645794212818}",0.13872425025328994,0.010886235162615776
rollout_update,22272,1584.2148464354013,12.028351517618361,210896.1396445152,0.04039856093004346,"{""policy_inference_time"": 0.006853902246803045, ""env_step_time"": 0.032585250213742256, ""replay_insert_time"": 0.0005878307856619358, ""logging_time"": 0.00011719483882188797, ""total_train_step_time"": 0.04039856093004346}",0.13872425025328994,0.010886235162615776
rollout_update,22336,62.8106187480905,12.045401624619451,210953.94591851236,1.0189359900541604,"{""policy_inference_time"": 0.006859788205474615, ""env_step_time"": 0.03292424976825714, ""replay_insert_time"": 0.0005784803070127964, ""logging_time"": 0.00012082699686288834, ""total_train_step_time"": 1.0189359900541604}",0.14673140877857804,0.010915360879153013
rollout_update,22400,1520.6415548828766,12.040447050736402,210953.94591851236,0.04208749905228615,"{""policy_inference_time"": 0.0068871271796524525, ""env_step_time"": 0.03389864228665829, ""replay_insert_time"": 0.0009148390963673592, ""logging_time"": 0.0001230691559612751, ""total_train_step_time"": 0.04208749905228615}",0.14673140877857804,0.010915360879153013
rollout_update,22464,1572.91951995971,12.035661021758294,210953.94591851236,0.04068866791203618,"{""policy_inference_time"": 0.0069010090082883835, ""env_step_time"": 0.03281021025031805, ""replay_insert_time"": 0.0006087576039135456, ""logging_time"": 0.00011456990614533424, ""total_train_step_time"": 0.04068866791203618}",0.14673140877857804,0.010915360879153013
rollout_update,22528,1575.3342756297313,12.030886123662777,210953.94591851236,0.040626298170536757,"{""policy_inference_time"": 0.006795948371291161, ""env_step_time"": 0.0328821511939168, ""replay_insert_time"": 0.0005825338885188103, ""logging_time"": 0.00011623324826359749, ""total_train_step_time"": 0.040626298170536757}",0.14673140877857804,0.010915360879153013
rollout_update,22592,63.383717269042975,12.04879625344429,211011.45113616393,1.0097230449318886,"{""policy_inference_time"": 0.00678073288872838, ""env_step_time"": 0.032620769925415516, ""replay_insert_time"": 0.0005804882384836674, ""logging_time"": 0.00011447491124272346, ""total_train_step_time"": 1.0097230449318886}",0.13813231093809009,0.010918945074081421
rollout_update,22656,1523.6892295082582,12.043904365584778,211011.45113616393,0.04200331587344408,"{""policy_inference_time"": 0.006924859248101711, ""env_step_time"": 0.03378407610580325, ""replay_insert_time"": 0.0009110253304243088, ""logging_time"": 0.0001223837025463581, ""total_train_step_time"": 0.04200331587344408}",0.13813231093809009,0.010918945074081421
rollout_update,22720,1567.1636204824874,12.039151989675037,211011.45113616393,0.04083810979500413,"{""policy_inference_time"": 0.00686507485806942, ""env_step_time"": 0.03301797993481159, ""replay_insert_time"": 0.0005836579948663712, ""logging_time"": 0.00011742673814296722, ""total_train_step_time"": 0.04083810979500413}",0.13813231093809009,0.010918945074081421
rollout_update,22784,1585.0559806385506,12.034456945083923,211011.45113616393,0.040377122815698385,"{""policy_inference_time"": 0.006827536970376968, ""env_step_time"": 0.03260839404538274, ""replay_insert_time"": 0.0005736830644309521, ""logging_time"": 0.00011542392894625664, ""total_train_step_time"": 0.040377122815698385}",0.13813231093809009,0.010918945074081421
rollout_update,22848,63.43874184832962,12.052239462494203,211067.9666065309,1.0088472459465265,"{""policy_inference_time"": 0.006851261015981436, ""env_step_time"": 0.032522764056921005, ""replay_insert_time"": 0.0005736127495765686, ""logging_time"": 0.00011742906644940376, ""total_train_step_time"": 1.0088472459465265}",0.13840213092043996,0.010884944815188646
rollout_update,22912,1530.8805197690822,12.047421870653922,211067.9666065309,0.041806005872786045,"{""policy_inference_time"": 0.006904157809913158, ""env_step_time"": 0.03362654568627477, ""replay_insert_time"": 0.0008884933777153492, ""logging_time"": 0.00012275902554392815, ""total_train_step_time"": 0.041806005872786045}",0.13840213092043996,0.010884944815188646
rollout_update,22976,1576.0456108137184,12.042746023644305,211067.9666065309,0.04060796182602644,"{""policy_inference_time"": 0.006865503266453743, ""env_step_time"": 0.032781331799924374, ""replay_insert_time"": 0.000590168870985508, ""logging_time"": 0.00011762930080294609, ""total_train_step_time"": 0.04060796182602644}",0.13840213092043996,0.010884944815188646
rollout_update,23040,1585.9557274272004,12.038102988712641,211067.9666065309,0.04035421600565314,"{""policy_inference_time"": 0.0068242838606238365, ""env_step_time"": 0.03258784906938672, ""replay_insert_time"": 0.0005740150809288025, ""logging_time"": 0.00011736107990145683, ""total_train_step_time"": 0.04035421600565314}",0.13840213092043996,0.010884944815188646
rollout_update,23104,63.23044857685358,12.055281161410402,211120.9054924476,1.0121705830097198,"{""policy_inference_time"": 0.006818136665970087, ""env_step_time"": 0.03249241225421429, ""replay_insert_time"": 0.0005796109326183796, ""logging_time"": 0.00011618807911872864, ""total_train_step_time"": 1.0121705830097198}",0.13854113081470132,0.01085316389799118
rollout_update,23168,1471.801402276317,12.05032280936672,211120.9054924476,0.04348412761464715,"{""policy_inference_time"": 0.006870560348033905, ""env_step_time"": 0.03525681607425213, ""replay_insert_time"": 0.0009479569271206856, ""logging_time"": 0.00013071903958916664, ""total_train_step_time"": 0.04348412761464715}",0.13854113081470132,0.01085316389799118
rollout_update,23232,1465.991719451677,12.045348908854235,211120.9054924476,0.04365645395591855,"{""policy_inference_time"": 0.007375979796051979, ""env_step_time"": 0.035254455637186766, ""replay_insert_time"": 0.0006274557672441006, ""logging_time"": 0.000124247744679451, ""total_train_step_time"": 0.04365645395591855}",0.13854113081470132,0.01085316389799118
rollout_update,23296,1480.8377816484617,12.040428916791443,211120.9054924476,0.04321877844631672,"{""policy_inference_time"": 0.0073607671074569225, ""env_step_time"": 0.03490572003647685, ""replay_insert_time"": 0.00058030616492033, ""logging_time"": 0.00011788913980126381, ""total_train_step_time"": 0.04321877844631672}",0.13854113081470132,0.01085316389799118
rollout_update,23360,62.889139395337644,12.056781314598586,211106.11743259654,1.0176637908443809,"{""policy_inference_time"": 0.0068327318876981735, ""env_step_time"": 0.032961674965918064, ""replay_insert_time"": 0.0005706688389182091, ""logging_time"": 0.00011909613385796547, ""total_train_step_time"": 1.0176637908443809}",0.13894440233707428,0.010880290996283293
rollout_update,23424,1487.0051805928204,12.051925753082452,211106.11743259654,0.043039527256041765,"{""policy_inference_time"": 0.006905256304889917, ""env_step_time"": 0.03482778090983629, ""replay_insert_time"": 0.0009150109253823757, ""logging_time"": 0.0001235753297805786, ""total_train_step_time"": 0.043039527256041765}",0.13894440233707428,0.010880290996283293
rollout_update,23488,1512.030686007517,12.047154368436635,211106.11743259654,0.04232718329876661,"{""policy_inference_time"": 0.0070879277773201466, ""env_step_time"": 0.03415789222344756, ""replay_insert_time"": 0.0006925254128873348, ""logging_time"": 0.0001227259635925293, ""total_train_step_time"": 0.04232718329876661}",0.13894440233707428,0.010880290996283293
rollout_update,23552,1527.9166298126975,12.04243631031565,211106.11743259654,0.04188710218295455,"{""policy_inference_time"": 0.007015898823738098, ""env_step_time"": 0.03391440538689494, ""replay_insert_time"": 0.0005889646708965302, ""logging_time"": 0.00011584395542740822, ""total_train_step_time"": 0.04188710218295455}",0.13894440233707428,0.010880290996283293
rollout_update,23616,62.50981554481005,12.057906748714277,211140.40164300715,1.023839207366109,"{""policy_inference_time"": 0.007027825806289911, ""env_step_time"": 0.03347492404282093, ""replay_insert_time"": 0.0005765468813478947, ""logging_time"": 0.00011506117880344391, ""total_train_step_time"": 1.023839207366109}",0.14275516383349895,0.010883126873522997
rollout_update,23680,1444.1001782779622,12.052959801262743,211140.40164300715,0.04431825503706932,"{""policy_inference_time"": 0.006917691323906183, ""env_step_time"": 0.036032774951308966, ""replay_insert_time"": 0.0009652548469603062, ""logging_time"": 0.00013289600610733032, ""total_train_step_time"": 0.04431825503706932}",0.14275516383349895,0.010883126873522997
rollout_update,23744,1526.1405919311942,12.04828252204155,211140.40164300715,0.04193584807217121,"{""policy_inference_time"": 0.007191844284534454, ""env_step_time"": 0.03376290388405323, ""replay_insert_time"": 0.0006091962568461895, ""logging_time"": 0.00011750170961022377, ""total_train_step_time"": 0.04193584807217121}",0.14275516383349895,0.010883126873522997
rollout_update,23808,1552.2632045843704,12.043687493136659,211140.40164300715,0.0412301211617887,"{""policy_inference_time"": 0.00680199172347784, ""env_step_time"": 0.03347685234621167, ""replay_insert_time"": 0.0005828919820487499, ""logging_time"": 0.000116697046905756, ""total_train_step_time"": 0.0412301211617887}",0.14275516383349895,0.010883126873522997
rollout_update,23872,62.95081091068208,12.059775588213352,211184.31645285088,1.0166668081656098,"{""policy_inference_time"": 0.006852020975202322, ""env_step_time"": 0.03332620579749346, ""replay_insert_time"": 0.0005703270435333252, ""logging_time"": 0.00011546304449439049, ""total_train_step_time"": 1.0166668081656098}",0.13931498024612665,0.01093947235494852
rollout_update,23936,1477.4347108363384,12.054990148242172,211184.31645285088,0.04331832705065608,"{""policy_inference_time"": 0.0069147138856351376, ""env_step_time"": 0.03512570820748806, ""replay_insert_time"": 0.0008875662460923195, ""logging_time"": 0.00012428686022758484, ""total_train_step_time"": 0.04331832705065608}",0.13931498024612665,0.01093947235494852
rollout_update,24000,1541.6314491979888,12.050407546475089,211184.31645285088,0.04151446186006069,"{""policy_inference_time"": 0.006895407103002071, ""env_step_time"": 0.03365790192037821, ""replay_insert_time"": 0.0005951621569693089, ""logging_time"": 0.00011738203465938568, ""total_train_step_time"": 0.04151446186006069}",0.13931498024612665,0.01093947235494852
rollout_update,24064,1553.404665019138,12.045863119400801,211184.31645285088,0.04119982477277517,"{""policy_inference_time"": 0.006836780812591314, ""env_step_time"": 0.03340503992512822, ""replay_insert_time"": 0.0005891993641853333, ""logging_time"": 0.00011628959327936172, ""total_train_step_time"": 0.04119982477277517}",0.13931498024612665,0.01093947235494852
rollout_update,24128,63.05466319742994,12.061947601674138,211227.5107184145,1.0149923376739025,"{""policy_inference_time"": 0.007135204970836639, ""env_step_time"": 0.03339697187766433, ""replay_insert_time"": 0.0005819699726998806, ""logging_time"": 0.00011657318100333214, ""total_train_step_time"": 1.0149923376739025}",0.1390836350619793,0.010905952658504248
rollout_update,24192,1502.9143679259273,12.057291083740989,211227.5107184145,0.04258392984047532,"{""policy_inference_time"": 0.006853859405964613, ""env_step_time"": 0.03445975296199322, ""replay_insert_time"": 0.0008856458589434624, ""logging_time"": 0.00012387195602059364, ""total_train_step_time"": 0.04258392984047532}",0.1390836350619793,0.010905952658504248
rollout_update,24256,1552.2813149106498,12.052786080607724,211227.5107184145,0.04122964013367891,"{""policy_inference_time"": 0.006922044791281223, ""env_step_time"": 0.03332590637728572, ""replay_insert_time"": 0.0005969000048935413, ""logging_time"": 0.00012669898569583893, ""total_train_step_time"": 0.04122964013367891}",0.1390836350619793,0.010905952658504248
rollout_update,24320,1548.8212187598388,12.048274389673205,211227.5107184145,0.041321747936308384,"{""policy_inference_time"": 0.006810036022216082, ""env_step_time"": 0.03356592869386077, ""replay_insert_time"": 0.0005744877271354198, ""logging_time"": 0.00011829379945993423, ""total_train_step_time"": 0.041321747936308384}",0.1390836350619793,0.010905952658504248
rollout_update,24384,63.070730600909265,12.064200293375247,211263.36622038565,1.0147337662056088,"{""policy_inference_time"": 0.006867426913231611, ""env_step_time"": 0.03337488789111376, ""replay_insert_time"": 0.0005764849483966827, ""logging_time"": 0.00011508772149682045, ""total_train_step_time"": 1.0147337662056088}",0.13891761098057032,0.010933110024780035
rollout_update,24448,1491.2962115948426,12.059554642177861,211263.36622038565,0.042915686033666134,"{""policy_inference_time"": 0.0069359662011265755, ""env_step_time"": 0.03470559697598219, ""replay_insert_time"": 0.0008884700946509838, ""logging_time"": 0.00012068217620253563, ""total_train_step_time"": 0.042915686033666134}",0.13891761098057032,0.010933110024780035
rollout_update,24512,1547.542066655027,12.055081222410198,211263.36622038565,0.04135590326040983,"{""policy_inference_time"": 0.006873521022498608, ""env_step_time"": 0.03349613398313522, ""replay_insert_time"": 0.0006095129065215588, ""logging_time"": 0.00011847773566842079, ""total_train_step_time"": 0.04135590326040983}",0.13891761098057032,0.010933110024780035
rollout_update,24576,1570.1490623862992,12.05067545716878,211263.36622038565,0.04076046124100685,"{""policy_inference_time"": 0.0068539283238351345, ""env_step_time"": 0.032954780384898186, ""replay_insert_time"": 0.0005781021900475025, ""logging_time"": 0.00011981464922428131, ""total_train_step_time"": 0.04076046124100685}",0.13891761098057032,0.010933110024780035
rollout_update,24640,56.40800139276947,12.053581580747363,211289.39990863067,1.1345908101648092,"{""policy_inference_time"": 0.0068393549881875515, ""env_step_time"": 0.14615259133279324, ""replay_insert_time"": 0.0005798768252134323, ""logging_time"": 0.00011646142229437828, ""total_train_step_time"": 1.1345908101648092}",0.14025165792554617,0.01102084992453456
rollout_update,24704,1468.4541557280565,12.048920527515396,211289.39990863067,0.043583246879279613,"{""policy_inference_time"": 0.008138743229210377, ""env_step_time"": 0.03406706312671304, ""replay_insert_time"": 0.0009738998487591743, ""logging_time"": 0.00012515392154455185, ""total_train_step_time"": 0.043583246879279613}",0.14025165792554617,0.01102084992453456
rollout_update,24768,1561.064553179976,12.044539281161875,211289.39990863067,0.04099766397848725,"{""policy_inference_time"": 0.006982408929616213, ""env_step_time"": 0.03302839212119579, ""replay_insert_time"": 0.0006189360283315182, ""logging_time"": 0.00011651730164885521, ""total_train_step_time"": 0.04099766397848725}",0.14025165792554617,0.01102084992453456
rollout_update,24832,1547.9544018987635,12.040124154185701,211289.39990863067,0.04134488711133599,"{""policy_inference_time"": 0.006965113803744316, ""env_step_time"": 0.03339468780905008, ""replay_insert_time"": 0.0006109182722866535, ""logging_time"": 0.00011996086686849594, ""total_train_step_time"": 0.04134488711133599}",0.14025165792554617,0.01102084992453456
rollout_update,24896,62.78127809405361,12.0552912456462,211322.76879367,1.0194121869280934,"{""policy_inference_time"": 0.006937307305634022, ""env_step_time"": 0.03308564564213157, ""replay_insert_time"": 0.0006015188992023468, ""logging_time"": 0.00011828867718577385, ""total_train_step_time"": 1.0194121869280934}",0.1400230936706066,0.011077817063778639
rollout_update,24960,1486.6014531985982,12.05073274026863,211322.76879367,0.04305121582001448,"{""policy_inference_time"": 0.007086431607604027, ""env_step_time"": 0.034567683935165405, ""replay_insert_time"": 0.001003617886453867, ""logging_time"": 0.00012559397146105766, ""total_train_step_time"": 0.04305121582001448}",0.1400230936706066,0.011077817063778639
rollout_update,25024,412.6733140064194,12.034339862370382,211322.76879367,0.1550863548181951,"{""policy_inference_time"": 0.007070082239806652, ""env_step_time"": 0.14698390988633037, ""replay_insert_time"": 0.0006447848863899708, ""logging_time"": 0.00012354785576462746, ""total_train_step_time"": 0.1550863548181951}",0.1400230936706066,0.011077817063778639
rollout_update,25088,393.6502828595302,12.01720261953227,211322.76879367,0.1625808561220765,"{""policy_inference_time"": 0.008363496977835894, ""env_step_time"": 0.1531794648617506, ""replay_insert_time"": 0.0006506866775453091, ""logging_time"": 0.00012550409883260727, ""total_train_step_time"": 0.1625808561220765}",0.1400230936706066,0.011077817063778639
rollout_update,25152,62.18327090948505,12.031366872941492,211344.5577864966,1.0292157209478319,"{""policy_inference_time"": 0.008537127636373043, ""env_step_time"": 0.033630121033638716, ""replay_insert_time"": 0.00061049684882164, ""logging_time"": 0.00012098811566829681, ""total_train_step_time"": 1.0292157209478319}",0.13965614465996623,0.01101210992783308
rollout_update,25216,1458.2753823999271,12.026785013975797,211344.5577864966,0.0438874582760036,"{""policy_inference_time"": 0.007087321020662785, ""env_step_time"": 0.03543668193742633, ""replay_insert_time"": 0.0009663989767432213, ""logging_time"": 0.0001268722116947174, ""total_train_step_time"": 0.0438874582760036}",0.13965614465996623,0.01101210992783308
rollout_update,25280,1561.5139492009876,12.02250923209542,211344.5577864966,0.04098586505278945,"{""policy_inference_time"": 0.006953022908419371, ""env_step_time"": 0.03302965499460697, ""replay_insert_time"": 0.0006266217678785324, ""logging_time"": 0.00011912500485777855, ""total_train_step_time"": 0.04098586505278945}",0.13965614465996623,0.01101210992783308
rollout_update,25344,1538.9907860287328,12.01817398026777,211344.5577864966,0.04158569406718016,"{""policy_inference_time"": 0.00703566474840045, ""env_step_time"": 0.03356680506840348, ""replay_insert_time"": 0.0006100130267441273, ""logging_time"": 0.0001196758821606636, ""total_train_step_time"": 0.04158569406718016}",0.13965614465996623,0.01101210992783308
rollout_update,25408,56.32775529063003,12.021135167375604,211364.7359014681,1.1362071800976992,"{""policy_inference_time"": 0.006958178244531155, ""env_step_time"": 0.14596290281042457, ""replay_insert_time"": 0.0006384416483342648, ""logging_time"": 0.00012190407142043114, ""total_train_step_time"": 1.1362071800976992}",0.1399104641750455,0.011048454325646162
rollout_update,25472,1451.4978620659297,12.016585683755016,211364.7359014681,0.04409238323569298,"{""policy_inference_time"": 0.008089179173111916, ""env_step_time"": 0.034644091967493296, ""replay_insert_time"": 0.0009684679098427296, ""logging_time"": 0.00012435531243681908, ""total_train_step_time"": 0.04409238323569298}",0.1399104641750455,0.011048454325646162
rollout_update,25536,415.1819588725184,12.000707478853991,211364.7359014681,0.1541492799296975,"{""policy_inference_time"": 0.00697127403691411, ""env_step_time"": 0.1461305799894035, ""replay_insert_time"": 0.0006549120880663395, ""logging_time"": 0.0001254631206393242, ""total_train_step_time"": 0.1541492799296975}",0.1399104641750455,0.011048454325646162
rollout_update,25600,1480.8143596299694,11.99626317078516,211364.7359014681,0.04321946203708649,"{""policy_inference_time"": 0.008616904262453318, ""env_step_time"": 0.033353934064507484, ""replay_insert_time"": 0.0008105947636067867, ""logging_time"": 0.00014782370999455452, ""total_train_step_time"": 0.04321946203708649}",0.1399104641750455,0.011048454325646162
rollout_update,25664,62.33178463489673,12.010555860520995,211393.11693051123,1.026763478294015,"{""policy_inference_time"": 0.00703307194635272, ""env_step_time"": 0.03296600608155131, ""replay_insert_time"": 0.0006002839654684067, ""logging_time"": 0.00011611217632889748, ""total_train_step_time"": 1.026763478294015}",0.14025709172710776,0.011044880840927362
rollout_update,25728,1508.7305212888064,12.00622983926717,211393.11693051123,0.04241976886987686,"{""policy_inference_time"": 0.007015553768724203, ""env_step_time"": 0.03405401296913624, ""replay_insert_time"": 0.0009643021039664745, ""logging_time"": 0.00012257229536771774, ""total_train_step_time"": 0.04241976886987686}",0.14025709172710776,0.011044880840927362
rollout_update,25792,1538.7650144734469,12.001991280384715,211393.11693051123,0.04159179562702775,"{""policy_inference_time"": 0.007015666924417019, ""env_step_time"": 0.03356426814571023, ""replay_insert_time"": 0.0006217858754098415, ""logging_time"": 0.0001299101859331131, ""total_train_step_time"": 0.04159179562702775}",0.14025709172710776,0.011044880840927362
rollout_update,25856,415.91447319488583,11.98633580431925,211393.11693051123,0.15387779008597136,"{""policy_inference_time"": 0.007009278982877731, ""env_step_time"": 0.14582697302103043, ""replay_insert_time"": 0.0006508841179311275, ""logging_time"": 0.0001270817592740059, ""total_train_step_time"": 0.15387779008597136}",0.14025709172710776,0.011044880840927362
rollout_update,25920,62.06068603974308,12.000109940021435,211414.33618702643,1.031248671002686,"{""policy_inference_time"": 0.00861594919115305, ""env_step_time"": 0.0336393266916275, ""replay_insert_time"": 0.0006211432628333569, ""logging_time"": 0.00011994410306215286, ""total_train_step_time"": 1.031248671002686}",0.14136395091190934,0.011312011163681746
rollout_update,25984,1451.8496019404565,11.99566629112292,211414.33618702643,0.04408170096576214,"{""policy_inference_time"": 0.007170120719820261, ""env_step_time"": 0.03549461904913187, ""replay_insert_time"": 0.0010283156298100948, ""logging_time"": 0.00012446707114577293, ""total_train_step_time"": 0.04408170096576214}",0.14136395091190934,0.011312011163681746
rollout_update,26048,1564.332757964693,11.991545105769124,211414.33618702643,0.04091201163828373,"{""policy_inference_time"": 0.00701930932700634, ""env_step_time"": 0.03289878787472844, ""replay_insert_time"": 0.0006155092269182205, ""logging_time"": 0.0001190798357129097, ""total_train_step_time"": 0.04091201163828373}",0.14136395091190934,0.011312011163681746
rollout_update,26112,1553.4804463089265,11.98739799108726,211414.33618702643,0.04119781497865915,"{""policy_inference_time"": 0.006932711228728294, ""env_step_time"": 0.03328323783352971, ""replay_insert_time"": 0.0006012418307363987, ""logging_time"": 0.00011796597391366959, ""total_train_step_time"": 0.04119781497865915}",0.14136395091190934,0.011312011163681746
rollout_update,26176,62.64806540033772,12.001996113831305,211447.5102627756,1.0215798299759626,"{""policy_inference_time"": 0.006897956132888794, ""env_step_time"": 0.03291410580277443, ""replay_insert_time"": 0.0006101178005337715, ""logging_time"": 0.00011786725372076035, ""total_train_step_time"": 1.0215798299759626}",0.1403220728971064,0.010933608748018742
rollout_update,26240,1507.5533999191307,11.997756800222328,211447.5102627756,0.042452890891581774,"{""policy_inference_time"": 0.007079240866005421, ""env_step_time"": 0.0339987687766552, ""replay_insert_time"": 0.0009713452309370041, ""logging_time"": 0.00013362476602196693, ""total_train_step_time"": 0.042452890891581774}",0.1403220728971064,0.010933608748018742
rollout_update,26304,414.24863851946697,11.982354136664608,211447.5102627756,0.15449658501893282,"{""policy_inference_time"": 0.006982037797570229, ""env_step_time"": 0.14648345112800598, ""replay_insert_time"": 0.0006486061029136181, ""logging_time"": 0.00012443074956536293, ""total_train_step_time"": 0.15449658501893282}",0.1403220728971064,0.010933608748018742
rollout_update,26368,1507.4565371162942,11.97812841362022,211447.5102627756,0.04245561873540282,"{""policy_inference_time"": 0.008440511766821146, ""env_step_time"": 0.033029293175786734, ""replay_insert_time"": 0.0006152871064841747, ""logging_time"": 0.00011870590969920158, ""total_train_step_time"": 0.04245561873540282}",0.1403220728971064,0.010933608748018742
rollout_update,26432,62.74790993470798,11.99281348626368,211468.98599532116,1.0199542911723256,"{""policy_inference_time"": 0.006963386200368404, ""env_step_time"": 0.0325702503323555, ""replay_insert_time"": 0.0005943761207163334, ""logging_time"": 0.00011803116649389267, ""total_train_step_time"": 1.0199542911723256}",0.13973195105791092,0.010972913354635239
rollout_update,26496,1511.4536371098213,11.98863215588644,211468.98599532116,0.042343343142420053,"{""policy_inference_time"": 0.006994537077844143, ""env_step_time"": 0.03398814611136913, ""replay_insert_time"": 0.0009690187871456146, ""logging_time"": 0.00012737419456243515, ""total_train_step_time"": 0.042343343142420053}",0.13973195105791092,0.010972913354635239
rollout_update,26560,1562.9301072439314,11.984591313550855,211468.98599532116,0.04094872809946537,"{""policy_inference_time"": 0.007035260088741779, ""env_step_time"": 0.03291664784774184, ""replay_insert_time"": 0.0006170738488435745, ""logging_time"": 0.00012033898383378983, ""total_train_step_time"": 0.04094872809946537}",0.13973195105791092,0.010972913354635239
rollout_update,26624,1572.984219188047,11.980578996261267,211468.98599532116,0.040686994325369596,"{""policy_inference_time"": 0.006933881901204586, ""env_step_time"": 0.03277604887261987, ""replay_insert_time"": 0.000601647887378931, ""logging_time"": 0.00011851266026496887, ""total_train_step_time"": 0.040686994325369596}",0.13973195105791092,0.010972913354635239
rollout_update,26688,62.55105903194558,11.994792427863139,211497.49403713841,1.0231641316786408,"{""policy_inference_time"": 0.006922529079020023, ""env_step_time"": 0.0327516607940197, ""replay_insert_time"": 0.0005893907509744167, ""logging_time"": 0.00011832965537905693, ""total_train_step_time"": 1.0231641316786408}",0.14039234397932887,0.011074408888816833
rollout_update,26752,1489.1026141664142,11.990587377436258,211497.49403713841,0.04297890514135361,"{""policy_inference_time"": 0.00703865522518754, ""env_step_time"": 0.034544477704912424, ""replay_insert_time"": 0.000989286694675684, ""logging_time"": 0.0001236828975379467, ""total_train_step_time"": 0.04297890514135361}",0.14039234397932887,0.011074408888816833
rollout_update,26816,1549.4590377474951,11.986548904660374,211497.49403713841,0.04130473826080561,"{""policy_inference_time"": 0.007165555842220783, ""env_step_time"": 0.03313690237700939, ""replay_insert_time"": 0.0006242981180548668, ""logging_time"": 0.00011973222717642784, ""total_train_step_time"": 0.04130473826080561}",0.14039234397932887,0.011074408888816833
rollout_update,26880,1556.144417143901,11.98253048357121,211497.49403713841,0.04112728824838996,"{""policy_inference_time"": 0.0070950002409517765, ""env_step_time"": 0.03304016310721636, ""replay_insert_time"": 0.0006141727790236473, ""logging_time"": 0.00011994130909442902, ""total_train_step_time"": 0.04112728824838996}",0.14039234397932887,0.011074408888816833
rollout_update,26944,61.09971768487989,11.994239274335687,211426.80613510092,1.0474680149927735,"{""policy_inference_time"": 0.00703366519883275, ""env_step_time"": 0.03320402977988124, ""replay_insert_time"": 0.0006302469410002232, ""logging_time"": 0.00011857366189360619, ""total_train_step_time"": 1.0474680149927735}",0.14098035590723157,0.010971986688673496
rollout_update,27008,1434.43317161987,11.989915583950847,211426.80613510092,0.044616926927119493,"{""policy_inference_time"": 0.007025937084108591, ""env_step_time"": 0.036157925613224506, ""replay_insert_time"": 0.0010187476873397827, ""logging_time"": 0.0001318110153079033, ""total_train_step_time"": 0.044616926927119493}",0.14098035590723157,0.010971986688673496
rollout_update,27072,1463.1772675539864,11.98567985728911,211426.80613510092,0.04374042805284262,"{""policy_inference_time"": 0.007480530068278313, ""env_step_time"": 0.03518740274012089, ""replay_insert_time"": 0.0006651729345321655, ""logging_time"": 0.00012820912525057793, ""total_train_step_time"": 0.04374042805284262}",0.14098035590723157,0.010971986688673496
rollout_update,27136,1478.4764978859153,11.981490907221742,211426.80613510092,0.043287803418934345,"{""policy_inference_time"": 0.00748214079067111, ""env_step_time"": 0.034825345035642385, ""replay_insert_time"": 0.0006060786545276642, ""logging_time"": 0.00011907843872904778, ""total_train_step_time"": 0.043287803418934345}",0.14098035590723157,0.010971986688673496
rollout_update,27200,61.72373197671154,11.994114767004351,211366.6152192835,1.0368783278390765,"{""policy_inference_time"": 0.007178514264523983, ""env_step_time"": 0.03434295393526554, ""replay_insert_time"": 0.0006514308042824268, ""logging_time"": 0.00012657558545470238, ""total_train_step_time"": 1.0368783278390765}",0.1407678690738976,0.010946156922727823
rollout_update,27264,1502.8384768637927,11.990026453453872,211366.6152192835,0.04258608026430011,"{""policy_inference_time"": 0.00705468887463212, ""env_step_time"": 0.03415916860103607, ""replay_insert_time"": 0.0009803692810237408, ""logging_time"": 0.00012384913861751556, ""total_train_step_time"": 0.04258608026430011}",0.1407678690738976,0.010946156922727823
rollout_update,27328,1556.9241115946543,11.986082805570742,211366.6152192835,0.04110669204965234,"{""policy_inference_time"": 0.006999656092375517, ""env_step_time"": 0.03313035378232598, ""replay_insert_time"": 0.0006046690978109837, ""logging_time"": 0.00011742068454623222, ""total_train_step_time"": 0.04110669204965234}",0.1407678690738976,0.010946156922727823
rollout_update,27392,1577.54779636049,11.982193256742308,211366.6152192835,0.04056929377838969,"{""policy_inference_time"": 0.006887972820550203, ""env_step_time"": 0.03271712502464652, ""replay_insert_time"": 0.0005916110239923, ""logging_time"": 0.00011722510680556297, ""total_train_step_time"": 0.04056929377838969}",0.1407678690738976,0.010946156922727823
rollout_update,27456,62.08326204247619,11.995266450989549,211404.04240007303,1.0308736669830978,"{""policy_inference_time"": 0.006894784979522228, ""env_step_time"": 0.03278966201469302, ""replay_insert_time"": 0.0005992678925395012, ""logging_time"": 0.00011708354577422142, ""total_train_step_time"": 1.0308736669830978}",0.15072460798546672,0.010930608958005905
rollout_update,27520,1480.5641189598807,11.99115427348921,211404.04240007303,0.04322676686570048,"{""policy_inference_time"": 0.007240326143801212, ""env_step_time"": 0.03459075791761279, ""replay_insert_time"": 0.0010055098682641983, ""logging_time"": 0.0001243632286787033, ""total_train_step_time"": 0.04322676686570048}",0.15072460798546672,0.010930608958005905
rollout_update,27584,1550.517360184383,11.987230251905146,211404.04240007303,0.04127654526382685,"{""policy_inference_time"": 0.007030407432466745, ""env_step_time"": 0.033257974311709404, ""replay_insert_time"": 0.0006119785830378532, ""logging_time"": 0.00011941883713006973, ""total_train_step_time"": 0.04127654526382685}",0.15072460798546672,0.010930608958005905
rollout_update,27648,1563.592071513039,11.983341578146613,211404.04240007303,0.04093139199540019,"{""policy_inference_time"": 0.006981824990361929, ""env_step_time"": 0.032971967943012714, ""replay_insert_time"": 0.0006078486330807209, ""logging_time"": 0.00011867610737681389, ""total_train_step_time"": 0.04093139199540019}",0.15072460798546672,0.010930608958005905
rollout_update,27712,62.87312792686755,11.997508084444618,211436.9989692474,1.0179229523055255,"{""policy_inference_time"": 0.006892860867083073, ""env_step_time"": 0.03292561927810311, ""replay_insert_time"": 0.0005945139564573765, ""logging_time"": 0.00011848378926515579, ""total_train_step_time"": 1.0179229523055255}",0.13933694222941995,0.010985445231199265
rollout_update,27776,1500.153558127409,11.993485305368282,211436.9989692474,0.04266229923814535,"{""policy_inference_time"": 0.007101102732121944, ""env_step_time"": 0.034172199200838804, ""replay_insert_time"": 0.0010035447776317596, ""logging_time"": 0.00012066075578331947, ""total_train_step_time"": 0.04266229923814535}",0.13933694222941995,0.010985445231199265
rollout_update,27840,1552.9731897204867,11.989601909600289,211436.9989692474,0.04121127165853977,"{""policy_inference_time"": 0.007265712134540081, ""env_step_time"": 0.03295595804229379, ""replay_insert_time"": 0.0006129848770797253, ""logging_time"": 0.00011979788541793823, ""total_train_step_time"": 0.04121127165853977}",0.13933694222941995,0.010985445231199265
rollout_update,27904,1583.3853852047453,11.985795544550875,211436.9989692474,0.040419723838567734,"{""policy_inference_time"": 0.00690107699483633, ""env_step_time"": 0.032546588219702244, ""replay_insert_time"": 0.0006044670008122921, ""logging_time"": 0.00011651497334241867, ""total_train_step_time"": 0.040419723838567734}",0.13933694222941995,0.010985445231199265
rollout_update,27968,61.69632328142762,11.998001308249524,211446.96225291197,1.037338962778449,"{""policy_inference_time"": 0.0069139557890594006, ""env_step_time"": 0.03277669893577695, ""replay_insert_time"": 0.0005879909731447697, ""logging_time"": 0.00011879159137606621, ""total_train_step_time"": 1.037338962778449}",0.14126839023083448,0.011144213378429413
rollout_update,28032,1496.4250148552126,11.994004830327846,211446.96225291197,0.042768598068505526,"{""policy_inference_time"": 0.007059181109070778, ""env_step_time"": 0.03434188012033701, ""replay_insert_time"": 0.0009787590242922306, ""logging_time"": 0.00012531829997897148, ""total_train_step_time"": 0.042768598068505526}",0.14126839023083448,0.011144213378429413
rollout_update,28096,1552.0229365080243,11.990154037981931,211446.96225291197,0.04123650398105383,"{""policy_inference_time"": 0.007065285928547382, ""env_step_time"": 0.03316657431423664, ""replay_insert_time"": 0.0006268341094255447, ""logging_time"": 0.00012025097385048866, ""total_train_step_time"": 0.04123650398105383}",0.14126839023083448,0.011144213378429413
rollout_update,28160,1576.4276017186357,11.986365274509605,211446.96225291197,0.04059812193736434,"{""policy_inference_time"": 0.006913451012223959, ""env_step_time"": 0.03270741971209645, ""replay_insert_time"": 0.0006033359095454216, ""logging_time"": 0.00011991383507847786, ""total_train_step_time"": 0.04059812193736434}",0.14126839023083448,0.011144213378429413
rollout_update,28224,62.412637721721204,11.999560013379476,211476.68573542446,1.025433347094804,"{""policy_inference_time"": 0.00689370883628726, ""env_step_time"": 0.0325726130977273, ""replay_insert_time"": 0.0005924487486481667, ""logging_time"": 0.0001180870458483696, ""total_train_step_time"": 1.025433347094804}",0.14056522399187088,0.010977864731103182
rollout_update,28288,1499.0096249388064,11.995605327177502,211476.68573542446,0.04269485594704747,"{""policy_inference_time"": 0.007016872055828571, ""env_step_time"": 0.03429905092343688, ""replay_insert_time"": 0.0009885570034384727, ""logging_time"": 0.00012539001181721687, ""total_train_step_time"": 0.04269485594704747}",0.14056522399187088,0.010977864731103182
rollout_update,28352,1519.512892817914,11.991706556140747,211476.68573542446,0.042118760757148266,"{""policy_inference_time"": 0.007074832916259766, ""env_step_time"": 0.034035158809274435, ""replay_insert_time"": 0.0006299810484051704, ""logging_time"": 0.00012082699686288834, ""total_train_step_time"": 0.042118760757148266}",0.14056522399187088,0.010977864731103182
rollout_update,28416,1533.3301872752172,11.987845417461818,211476.68573542446,0.041739216074347496,"{""policy_inference_time"": 0.0071081859059631824, ""env_step_time"": 0.03362935269251466, ""replay_insert_time"": 0.0006261700764298439, ""logging_time"": 0.000117485411465168, ""total_train_step_time"": 0.041739216074347496}",0.14056522399187088,0.010977864731103182
rollout_update,28480,62.554019491264505,12.001125083606551,211493.25827953935,1.0231157089583576,"{""policy_inference_time"": 0.0070580849424004555, ""env_step_time"": 0.03300689021125436, ""replay_insert_time"": 0.0006180033087730408, ""logging_time"": 0.0001197420060634613, ""total_train_step_time"": 1.0231157089583576}",0.139647520147264,0.010951610747724771
rollout_update,28544,1514.9166078241342,11.99724582520951,211493.25827953935,0.04224654985591769,"{""policy_inference_time"": 0.006977219134569168, ""env_step_time"": 0.03391461865976453, ""replay_insert_time"": 0.0009674062021076679, ""logging_time"": 0.00012238789349794388, ""total_train_step_time"": 0.04224654985591769}",0.139647520147264,0.010951610747724771
rollout_update,28608,1573.273054355006,11.993512827076085,211493.25827953935,0.04067952465265989,"{""policy_inference_time"": 0.006946201901882887, ""env_step_time"": 0.032748259138315916, ""replay_insert_time"": 0.0006037354469299316, ""logging_time"": 0.00011782161891460419, ""total_train_step_time"": 0.04067952465265989}",0.139647520147264,0.010951610747724771
rollout_update,28672,1393.0800721236615,11.989299763054937,211493.25827953935,0.04594136495143175,"{""policy_inference_time"": 0.006851613987237215, ""env_step_time"": 0.038070946000516415, ""replay_insert_time"": 0.0006277197971940041, ""logging_time"": 0.00012784497812390327, ""total_train_step_time"": 0.04594136495143175}",0.139647520147264,0.010951610747724771
rollout_update,28736,62.90038435951471,12.002965123604486,211524.40421012108,1.0174818588420749,"{""policy_inference_time"": 0.007138643879443407, ""env_step_time"": 0.032916049007326365, ""replay_insert_time"": 0.0006002192385494709, ""logging_time"": 0.00011822022497653961, ""total_train_step_time"": 1.0174818588420749}",0.13954947562888265,0.010935318656265736
rollout_update,28800,1498.220745452908,11.99907615853362,211524.40421012108,0.04271733667701483,"{""policy_inference_time"": 0.007147981785237789, ""env_step_time"": 0.03418267099186778, ""replay_insert_time"": 0.0009888526983559132, ""logging_time"": 0.00012936722487211227, ""total_train_step_time"": 0.04271733667701483}",0.13954947562888265,0.010935318656265736
rollout_update,28864,1572.5051858741826,11.995373250001641,211524.40421012108,0.04069938883185387,"{""policy_inference_time"": 0.007001922931522131, ""env_step_time"": 0.03271760419011116, ""replay_insert_time"": 0.0006067869253456593, ""logging_time"": 0.00011907191947102547, ""total_train_step_time"": 0.04069938883185387}",0.13954947562888265,0.010935318656265736
rollout_update,28928,1582.9733959738244,11.9916970909376,211524.40421012108,0.0404302435927093,"{""policy_inference_time"": 0.006861806847155094, ""env_step_time"": 0.032603034283965826, ""replay_insert_time"": 0.0005940753035247326, ""logging_time"": 0.00011779461055994034, ""total_train_step_time"": 0.0404302435927093}",0.13954947562888265,0.010935318656265736
rollout_update,28992,62.908827056848736,12.005239115272307,211557.7837218346,1.0173453073948622,"{""policy_inference_time"": 0.00684923492372036, ""env_step_time"": 0.032553310971707106, ""replay_insert_time"": 0.0006093070842325687, ""logging_time"": 0.00011894991621375084, ""total_train_step_time"": 1.0173453073948622}",0.14005928300321102,0.010915268212556839
rollout_update,29056,1504.8079271923184,12.00139966780379,211557.7837218346,0.04253034479916096,"{""policy_inference_time"": 0.007051481865346432, ""env_step_time"": 0.034104438964277506, ""replay_insert_time"": 0.00098476093262434, ""logging_time"": 0.00012362468987703323, ""total_train_step_time"": 0.04253034479916096}",0.14005928300321102,0.010915268212556839
rollout_update,29120,1567.1223960188586,11.997715201262448,211557.7837218346,0.04083918407559395,"{""policy_inference_time"": 0.007004060782492161, ""env_step_time"": 0.03283750172704458, ""replay_insert_time"": 0.0006232908926904202, ""logging_time"": 0.00011804327368736267, ""total_train_step_time"": 0.04083918407559395}",0.14005928300321102,0.010915268212556839
rollout_update,29184,1577.9051536767788,11.994058151322722,211557.7837218346,0.04056010581552982,"{""policy_inference_time"": 0.006877059116959572, ""env_step_time"": 0.032698772847652435, ""replay_insert_time"": 0.0006079347804188728, ""logging_time"": 0.00011989613994956017, ""total_train_step_time"": 0.04056010581552982}",0.14005928300321102,0.010915268212556839
rollout_update,29248,62.00177937078412,12.006134324398422,211561.74606355134,1.0322284400463104,"{""policy_inference_time"": 0.007142374292016029, ""env_step_time"": 0.03429182292893529, ""replay_insert_time"": 0.000641197431832552, ""logging_time"": 0.00012381328269839287, ""total_train_step_time"": 1.0322284400463104}",0.14745416352525353,0.011015448719263077
rollout_update,29312,1500.7683030428943,12.002317442201397,211561.74606355134,0.04264482390135527,"{""policy_inference_time"": 0.007015848066657782, ""env_step_time"": 0.03419578913599253, ""replay_insert_time"": 0.0010408670641481876, ""logging_time"": 0.00012557907029986382, ""total_train_step_time"": 0.04264482390135527}",0.14745416352525353,0.011015448719263077
rollout_update,29376,1547.844642830496,11.998618963684944,211561.74606355134,0.04134781891480088,"{""policy_inference_time"": 0.007277308031916618, ""env_step_time"": 0.03308669896796346, ""replay_insert_time"": 0.0006113839335739613, ""logging_time"": 0.00011794315651059151, ""total_train_step_time"": 0.04134781891480088}",0.14745416352525353,0.011015448719263077
rollout_update,29440,1575.6055322288473,11.994987868147213,211561.74606355134,0.040619303938001394,"{""policy_inference_time"": 0.0069368318654596806, ""env_step_time"": 0.03271936904639006, ""replay_insert_time"": 0.0005900710821151733, ""logging_time"": 0.00012027379125356674, ""total_train_step_time"": 0.040619303938001394}",0.14745416352525353,0.011015448719263077
rollout_update,29504,62.718519179223925,12.008000928939392,211586.810557875,1.0204322556965053,"{""policy_inference_time"": 0.006870492827147245, ""env_step_time"": 0.032750995364040136, ""replay_insert_time"": 0.0005855243653059006, ""logging_time"": 0.00011655082926154137, ""total_train_step_time"": 1.0204322556965053}",0.13943393900990486,0.010963853914290667
rollout_update,29568,1480.8892233413883,12.0041649691646,211586.810557875,0.04321727715432644,"{""policy_inference_time"": 0.007046265993267298, ""env_step_time"": 0.034770476166158915, ""replay_insert_time"": 0.001004028134047985, ""logging_time"": 0.00012584589421749115, ""total_train_step_time"": 0.04321727715432644}",0.13943393900990486,0.010963853914290667
rollout_update,29632,1554.7494407514403,12.000513519439007,211586.810557875,0.041164189111441374,"{""policy_inference_time"": 0.006965660955756903, ""env_step_time"": 0.033203918021172285, ""replay_insert_time"": 0.0006079240702092648, ""logging_time"": 0.00011914782226085663, ""total_train_step_time"": 0.041164189111441374}",0.13943393900990486,0.010963853914290667
rollout_update,29696,1493.4974985302076,11.996714674123648,211586.810557875,0.04285243200138211,"{""policy_inference_time"": 0.006958219222724438, ""env_step_time"": 0.034910883754491806, ""replay_insert_time"": 0.000607070978730917, ""logging_time"": 0.0001194588840007782, ""total_train_step_time"": 0.04285243200138211}",0.13943393900990486,0.010963853914290667
rollout_update,29760,61.31742248792173,12.007552558697158,211577.05319174254,1.0437490260228515,"{""policy_inference_time"": 0.009085628669708967, ""env_step_time"": 0.0351403490640223, ""replay_insert_time"": 0.0006001009605824947, ""logging_time"": 0.00013369601219892502, ""total_train_step_time"": 1.0437490260228515}",0.141487468034029,0.010933069046586752
rollout_update,29824,1506.1792721392424,12.003813492575695,211577.05319174254,0.04249162180349231,"{""policy_inference_time"": 0.007001575082540512, ""env_step_time"": 0.03412332059815526, ""replay_insert_time"": 0.0009695659391582012, ""logging_time"": 0.0001268419437110424, ""total_train_step_time"": 0.04249162180349231}",0.141487468034029,0.010933069046586752
rollout_update,29888,1554.2451692959514,12.000192280214389,211577.05319174254,0.04117754474282265,"{""policy_inference_time"": 0.0070316242054104805, ""env_step_time"": 0.03315663430839777, ""replay_insert_time"": 0.0006107538938522339, ""logging_time"": 0.00011928332969546318, ""total_train_step_time"": 0.04117754474282265}",0.141487468034029,0.010933069046586752
rollout_update,29952,1570.1439859731518,11.99660988630615,211577.05319174254,0.04076059302315116,"{""policy_inference_time"": 0.006897087674587965, ""env_step_time"": 0.032887599896639585, ""replay_insert_time"": 0.0006039529107511044, ""logging_time"": 0.00011800695210695267, ""total_train_step_time"": 0.04076059302315116}",0.141487468034029,0.010933069046586752
rollout_update,30016,62.67944072024432,12.009336293527582,211605.79274836564,1.021068459842354,"{""policy_inference_time"": 0.007018984295427799, ""env_step_time"": 0.03289385885000229, ""replay_insert_time"": 0.0006062784232199192, ""logging_time"": 0.00012071710079908371, ""total_train_step_time"": 1.021068459842354}",0.14034031284973025,0.010917100124061108
rollout_update,30080,1505.9163434530024,12.005627155946893,211605.79274836564,0.042499040719121695,"{""policy_inference_time"": 0.0069661750458180904, ""env_step_time"": 0.03417907189577818, ""replay_insert_time"": 0.0009629339911043644, ""logging_time"": 0.00012455834075808525, ""total_train_step_time"": 0.042499040719121695}",0.14034031284973025,0.010917100124061108
rollout_update,30144,1565.4101125762138,12.002061146553325,211605.79274836564,0.04088385496288538,"{""policy_inference_time"": 0.006977201905101538, ""env_step_time"": 0.03289264813065529, ""replay_insert_time"": 0.000626660417765379, ""logging_time"": 0.0001277681440114975, ""total_train_step_time"": 0.04088385496288538}",0.14034031284973025,0.010917100124061108
rollout_update,30208,1575.5029783067844,11.998520078932945,211605.79274836564,0.04062194796279073,"{""policy_inference_time"": 0.006900252774357796, ""env_step_time"": 0.03275216510519385, ""replay_insert_time"": 0.0005984548479318619, ""logging_time"": 0.0001170160248875618, ""total_train_step_time"": 0.04062194796279073}",0.14034031284973025,0.010917100124061108
rollout_update,30272,62.00806282759627,12.010170097952788,211558.67331329582,1.0321238413453102,"{""policy_inference_time"": 0.006870337761938572, ""env_step_time"": 0.032506316900253296, ""replay_insert_time"": 0.0005925772711634636, ""logging_time"": 0.0001194290816783905, ""total_train_step_time"": 1.0321238413453102}",0.14034651825204492,0.010999108199030161
rollout_update,30336,1498.9997827284485,12.006474641633401,211558.67331329582,0.04269513627514243,"{""policy_inference_time"": 0.0070478771813213825, ""env_step_time"": 0.0342667899094522, ""replay_insert_time"": 0.0009771171025931835, ""logging_time"": 0.00012652669101953506, ""total_train_step_time"": 0.04269513627514243}",0.14034651825204492,0.010999108199030161
rollout_update,30400,1562.71502600029,12.002931993310355,211558.67331329582,0.040954363998025656,"{""policy_inference_time"": 0.006976990960538387, ""env_step_time"": 0.032988466788083315, ""replay_insert_time"": 0.0006119632162153721, ""logging_time"": 0.00011888891458511353, ""total_train_step_time"": 0.040954363998025656}",0.14034651825204492,0.010999108199030161
rollout_update,30464,1576.0386889253552,11.999421357716894,211558.67331329582,0.04060814017429948,"{""policy_inference_time"": 0.006872921716421843, ""env_step_time"": 0.032771356869488955, ""replay_insert_time"": 0.0005899472162127495, ""logging_time"": 0.00011862488463521004, ""total_train_step_time"": 0.04060814017429948}",0.14034651825204492,0.010999108199030161
rollout_update,30528,62.81358376157302,12.012105102928656,211589.1203000428,1.018887892831117,"{""policy_inference_time"": 0.006909090094268322, ""env_step_time"": 0.03257178980857134, ""replay_insert_time"": 0.0005988627672195435, ""logging_time"": 0.00011764885857701302, ""total_train_step_time"": 1.018887892831117}",0.14012690214440227,0.010920281987637281
rollout_update,30592,1495.8466264908052,12.008431526874672,211589.1203000428,0.042785135097801685,"{""policy_inference_time"": 0.007007795851677656, ""env_step_time"": 0.034399047028273344, ""replay_insert_time"": 0.0009840750135481358, ""logging_time"": 0.0001248139888048172, ""total_train_step_time"": 0.042785135097801685}",0.14012690214440227,0.010920281987637281
rollout_update,30656,1524.774456105737,12.00482982817831,211589.1203000428,0.04197342088446021,"{""policy_inference_time"": 0.007679065223783255, ""env_step_time"": 0.03328527696430683, ""replay_insert_time"": 0.000635520089417696, ""logging_time"": 0.00011762185022234917, ""total_train_step_time"": 0.04197342088446021}",0.14012690214440227,0.010920281987637281
rollout_update,30720,1568.1913945617848,12.001329917113242,211589.1203000428,0.04081134498119354,"{""policy_inference_time"": 0.007056837901473045, ""env_step_time"": 0.032781124114990234, ""replay_insert_time"": 0.0006034141406416893, ""logging_time"": 0.00011714501306414604, ""total_train_step_time"": 0.04081134498119354}",0.14012690214440227,0.010920281987637281
rollout_update,30784,62.929085359159025,12.014056262521496,211624.6555845997,1.0170178008265793,"{""policy_inference_time"": 0.006907548755407333, ""env_step_time"": 0.03255195589736104, ""replay_insert_time"": 0.000590483658015728, ""logging_time"": 0.00011919066309928894, ""total_train_step_time"": 1.0170178008265793}",0.13973672967404127,0.010947990696877241
rollout_update,30848,1493.2122910125167,12.010405426380009,211624.6555845997,0.04286061692982912,"{""policy_inference_time"": 0.0070108589716255665, ""env_step_time"": 0.03448635898530483, ""replay_insert_time"": 0.000972358975559473, ""logging_time"": 0.00012600421905517578, ""total_train_step_time"": 0.04286061692982912}",0.13973672967404127,0.010947990696877241
rollout_update,30912,1522.393409767502,12.006826723987128,211624.6555845997,0.04203906795009971,"{""policy_inference_time"": 0.006947272922843695, ""env_step_time"": 0.03403699118643999, ""replay_insert_time"": 0.0006673010066151619, ""logging_time"": 0.00012301094830036163, ""total_train_step_time"": 0.04203906795009971}",0.13973672967404127,0.010947990696877241
rollout_update,30976,1508.1039088871823,12.003216275301204,211624.6555845997,0.04243739414960146,"{""policy_inference_time"": 0.007157846819609404, ""env_step_time"": 0.03425007127225399, ""replay_insert_time"": 0.0006254729814827442, ""logging_time"": 0.000128983985632658, ""total_train_step_time"": 0.04243739414960146}",0.13973672967404127,0.010947990696877241
rollout_update,31040,62.50881576900872,12.015248688664942,211659.03826687593,1.0238555828109384,"{""policy_inference_time"": 0.0074380566366016865, ""env_step_time"": 0.039061752147972584, ""replay_insert_time"": 0.0006207339465618134, ""logging_time"": 0.00012215971946716309, ""total_train_step_time"": 1.0238555828109384}",0.13925735419616103,0.010934466030448675
rollout_update,31104,1489.161440696652,12.011617201006148,211659.03826687593,0.04297720734030008,"{""policy_inference_time"": 0.00695588206872344, ""env_step_time"": 0.03464629128575325, ""replay_insert_time"": 0.000982183963060379, ""logging_time"": 0.00012371502816677094, ""total_train_step_time"": 0.04297720734030008}",0.13925735419616103,0.010934466030448675
rollout_update,31168,1552.96292443405,12.008136969483767,211659.03826687593,0.04121154407039285,"{""policy_inference_time"": 0.006919702049344778, ""env_step_time"": 0.033318083733320236, ""replay_insert_time"": 0.0006056050769984722, ""logging_time"": 0.00011592777445912361, ""total_train_step_time"": 0.04121154407039285}",0.13925735419616103,0.010934466030448675
rollout_update,31232,1534.6374516695507,12.004617232065959,211659.03826687593,0.0417036609724164,"{""policy_inference_time"": 0.0075214640237390995, ""env_step_time"": 0.03321118513122201, ""replay_insert_time"": 0.0005992171354591846, ""logging_time"": 0.00011851824820041656, ""total_train_step_time"": 0.0417036609724164}",0.13925735419616103,0.010934466030448675
rollout_update,31296,62.920394509024824,12.017104722227346,211688.84634970353,1.0171582759357989,"{""policy_inference_time"": 0.006856139749288559, ""env_step_time"": 0.03295857133343816, ""replay_insert_time"": 0.0005881171673536301, ""logging_time"": 0.00011563673615455627, ""total_train_step_time"": 1.0171582759357989}",0.13922636723145843,0.010920231696218252
rollout_update,31360,1499.8765895986432,12.01352737012198,211688.84634970353,0.042670177295804024,"{""policy_inference_time"": 0.006949609145522118, ""env_step_time"": 0.034331534057855606, ""replay_insert_time"": 0.0009543327614665031, ""logging_time"": 0.0001238388940691948, ""total_train_step_time"": 0.042670177295804024}",0.13922636723145843,0.010920231696218252
rollout_update,31424,1558.1242824215635,12.010085762286186,211688.84634970353,0.04107502894476056,"{""policy_inference_time"": 0.0069603081792593, ""env_step_time"": 0.033125519286841154, ""replay_insert_time"": 0.0006082691252231598, ""logging_time"": 0.0001198560930788517, ""total_train_step_time"": 0.04107502894476056}",0.13922636723145843,0.010920231696218252
rollout_update,31488,1559.5020365874173,12.006649163677555,211688.84634970353,0.041038740891963243,"{""policy_inference_time"": 0.006886220071464777, ""env_step_time"": 0.03318253392353654, ""replay_insert_time"": 0.0005968897603452206, ""logging_time"": 0.00011985190212726593, ""total_train_step_time"": 0.041038740891963243}",0.13922636723145843,0.010920231696218252
rollout_update,31552,62.099896225195586,12.017905406382813,211687.5003060876,1.0305975354276597,"{""policy_inference_time"": 0.006871000397950411, ""env_step_time"": 0.033108800649642944, ""replay_insert_time"": 0.000593970064073801, ""logging_time"": 0.00011908821761608124, ""total_train_step_time"": 1.0305975354276597}",0.14069364499300718,0.011022917926311493
rollout_update,31616,1489.6957389478237,12.014332175373761,211687.5003060876,0.04296179302036762,"{""policy_inference_time"": 0.006949289236217737, ""env_step_time"": 0.03464037738740444, ""replay_insert_time"": 0.0009858142584562302, ""logging_time"": 0.00012205494567751884, ""total_train_step_time"": 0.04296179302036762}",0.14069364499300718,0.011022917926311493
rollout_update,31680,1546.3202262532138,12.010891800980959,211687.5003060876,0.04138858104124665,"{""policy_inference_time"": 0.006938185077160597, ""env_step_time"": 0.03347389120608568, ""replay_insert_time"": 0.0006056679412722588, ""logging_time"": 0.00011563580483198166, ""total_train_step_time"": 0.04138858104124665}",0.14069364499300718,0.011022917926311493
rollout_update,31744,1555.6316691622535,12.007473971544254,211687.5003060876,0.041140844114124775,"{""policy_inference_time"": 0.007046629209071398, ""env_step_time"": 0.03311347123235464, ""replay_insert_time"": 0.0006101983599364758, ""logging_time"": 0.00011827517300844193, ""total_train_step_time"": 0.041140844114124775}",0.14069364499300718,0.011022917926311493
rollout_update,31808,62.90734157069318,12.019726979034587,211715.06964737043,1.0173693308606744,"{""policy_inference_time"": 0.0068762279115617275, ""env_step_time"": 0.032950631342828274, ""replay_insert_time"": 0.0005888468585908413, ""logging_time"": 0.00011877017095685005, ""total_train_step_time"": 1.0173693308606744}",0.1402033963240683,0.010937266983091831
rollout_update,31872,1489.9891348566543,12.01618194897052,211715.06964737043,0.0429533333517611,"{""policy_inference_time"": 0.006969820708036423, ""env_step_time"": 0.034574171993881464, ""replay_insert_time"": 0.0010183588601648808, ""logging_time"": 0.00012465566396713257, ""total_train_step_time"": 0.0429533333517611}",0.1402033963240683,0.010937266983091831
rollout_update,31936,1535.7255853808358,12.012744493813997,211715.06964737043,0.041674111969769,"{""policy_inference_time"": 0.007234644610434771, ""env_step_time"": 0.03345744591206312, ""replay_insert_time"": 0.0006056851707398891, ""logging_time"": 0.00012053921818733215, ""total_train_step_time"": 0.041674111969769}",0.1402033963240683,0.010937266983091831
rollout_update,32000,1558.0447798448051,12.009358204747477,211715.06964737043,0.04107712488621473,"{""policy_inference_time"": 0.006916237063705921, ""env_step_time"": 0.03320727916434407, ""replay_insert_time"": 0.0005855066701769829, ""logging_time"": 0.00011629797518253326, ""total_train_step_time"": 0.04107712488621473}",0.1402033963240683,0.010937266983091831
rollout_update,32064,62.86994444216091,12.021453119819594,211732.30593322671,1.0179744958877563,"{""policy_inference_time"": 0.006806566845625639, ""env_step_time"": 0.03340939898043871, ""replay_insert_time"": 0.0005876240320503712, ""logging_time"": 0.0001159929670393467, ""total_train_step_time"": 1.0179744958877563}",0.13963407184928656,0.010854138992726803
rollout_update,32128,1495.2405748456126,12.017947558313159,211732.30593322671,0.04280247678980231,"{""policy_inference_time"": 0.006946776062250137, ""env_step_time"": 0.03449485218152404, ""replay_insert_time"": 0.0009718537330627441, ""logging_time"": 0.00012374529615044594, ""total_train_step_time"": 0.04280247678980231}",0.13963407184928656,0.010854138992726803
rollout_update,32192,1542.3110224480006,12.01455093584279,211732.30593322671,0.04149616975337267,"{""policy_inference_time"": 0.006858434062451124, ""env_step_time"": 0.03363398229703307, ""replay_insert_time"": 0.0006203190423548222, ""logging_time"": 0.00012194691225886345, ""total_train_step_time"": 0.04149616975337267}",0.13963407184928656,0.010854138992726803
rollout_update,32256,1561.0466096697828,12.011196964446395,211732.30593322671,0.04099813522771001,"{""policy_inference_time"": 0.006859365850687027, ""env_step_time"": 0.03317893575876951, ""replay_insert_time"": 0.000591738149523735, ""logging_time"": 0.00011598411947488785, ""total_train_step_time"": 0.04099813522771001}",0.13963407184928656,0.010854138992726803
rollout_update,32320,62.186267983919585,12.022275870655376,211761.95538934378,1.0291661177761853,"{""policy_inference_time"": 0.006859557703137398, ""env_step_time"": 0.03371128998696804, ""replay_insert_time"": 0.0006172736175358295, ""logging_time"": 0.00012030499055981636, ""total_train_step_time"": 1.0291661177761853}",0.13999455235898495,0.0109526920132339
rollout_update,32384,1494.0704331732775,12.018794704502413,211761.95538934378,0.04283599928021431,"{""policy_inference_time"": 0.00702337920665741, ""env_step_time"": 0.03446363192051649, ""replay_insert_time"": 0.0009600529447197914, ""logging_time"": 0.000124368816614151, ""total_train_step_time"": 0.04283599928021431}",0.13999455235898495,0.0109526920132339
rollout_update,32448,1552.3435559428713,12.015446120551122,211761.95538934378,0.04122798703610897,"{""policy_inference_time"": 0.0069542438723146915, ""env_step_time"": 0.03329122206196189, ""replay_insert_time"": 0.0006127702072262764, ""logging_time"": 0.00011615781113505363, ""total_train_step_time"": 0.04122798703610897}",0.13999455235898495,0.0109526920132339
rollout_update,32512,1555.857820681221,12.012106959230545,211761.95538934378,0.04113486409187317,"{""policy_inference_time"": 0.006915979087352753, ""env_step_time"": 0.03324416233226657, ""replay_insert_time"": 0.0005992981605231762, ""logging_time"": 0.00011873990297317505, ""total_train_step_time"": 0.04113486409187317}",0.13999455235898495,0.0109526920132339
rollout_update,32576,62.83417896237224,12.02394988716919,211790.02307458082,1.0185539312660694,"{""policy_inference_time"": 0.006952686235308647, ""env_step_time"": 0.03333241306245327, ""replay_insert_time"": 0.0005954811349511147, ""logging_time"": 0.00011792965233325958, ""total_train_step_time"": 1.0185539312660694}",0.13978215772658587,0.011012602131813765
rollout_update,32640,1487.0530453734457,12.02047864888582,211790.02307458082,0.043038141913712025,"{""policy_inference_time"": 0.007227411959320307, ""env_step_time"": 0.03443555114790797, ""replay_insert_time"": 0.0009677992202341557, ""logging_time"": 0.0001254873350262642, ""total_train_step_time"": 0.043038141913712025}",0.13978215772658587,0.011012602131813765
rollout_update,32704,1540.8920764829131,12.01713059615815,211790.02307458082,0.04153438191860914,"{""policy_inference_time"": 0.006916446145623922, ""env_step_time"": 0.03364016721025109, ""replay_insert_time"": 0.0006056348793208599, ""logging_time"": 0.00011805817484855652, ""total_train_step_time"": 0.04153438191860914}",0.13978215772658587,0.011012602131813765
rollout_update,32768,1563.1509367586557,12.01383204373627,211790.02307458082,0.040942943189293146,"{""policy_inference_time"": 0.006916170008480549, ""env_step_time"": 0.03305737115442753, ""replay_insert_time"": 0.0005917507223784924, ""logging_time"": 0.00012126611545681953, ""total_train_step_time"": 0.040942943189293146}",0.13978215772658587,0.011012602131813765
rollout_update,32832,62.97622465560183,12.025757017769807,211819.02049681568,1.0162565372884274,"{""policy_inference_time"": 0.006876245141029358, ""env_step_time"": 0.03306203102692962, ""replay_insert_time"": 0.0005873017944395542, ""logging_time"": 0.00011469516903162003, ""total_train_step_time"": 1.0162565372884274}",0.1399669419042766,0.010956369806081057
rollout_update,32896,1490.8877413729185,12.022320504616719,211819.02049681568,0.042927443981170654,"{""policy_inference_time"": 0.006979081779718399, ""env_step_time"": 0.03459484316408634, ""replay_insert_time"": 0.0009729508310556412, ""logging_time"": 0.00012126006186008453, ""total_train_step_time"": 0.042927443981170654}",0.1399669419042766,0.010956369806081057
rollout_update,32960,1555.2610792430792,12.019028074425215,211819.02049681568,0.04115064721554518,"{""policy_inference_time"": 0.006899110972881317, ""env_step_time"": 0.03327839495614171, ""replay_insert_time"": 0.0006047389470040798, ""logging_time"": 0.00011617084965109825, ""total_train_step_time"": 0.04115064721554518}",0.1399669419042766,0.010956369806081057
rollout_update,33024,1552.1040166959963,12.015730755592772,211819.02049681568,0.041234349831938744,"{""policy_inference_time"": 0.006998190190643072, ""env_step_time"": 0.03325284970924258, ""replay_insert_time"": 0.0006121168844401836, ""logging_time"": 0.00011896295472979546, ""total_train_step_time"": 0.041234349831938744}",0.1399669419042766,0.010956369806081057
rollout_update,33088,63.15849712822045,12.027786137121593,211850.35408217,1.0133236683905125,"{""policy_inference_time"": 0.007006978616118431, ""env_step_time"": 0.033416529186069965, ""replay_insert_time"": 0.0006001200526952744, ""logging_time"": 0.00011832127347588539, ""total_train_step_time"": 1.0133236683905125}",0.13906921818852425,0.01098394813016057
rollout_update,33152,1477.0821021660674,12.024343026272858,211850.35408217,0.04332866799086332,"{""policy_inference_time"": 0.006933828815817833, ""env_step_time"": 0.03503906400874257, ""replay_insert_time"": 0.000965505838394165, ""logging_time"": 0.00012542493641376495, ""total_train_step_time"": 0.04332866799086332}",0.13906921818852425,0.01098394813016057
rollout_update,33216,1548.0420494854152,12.021059579809164,211850.35408217,0.0413425462320447,"{""policy_inference_time"": 0.006916997954249382, ""env_step_time"": 0.033411105163395405, ""replay_insert_time"": 0.0006343228742480278, ""logging_time"": 0.00012156274169683456, ""total_train_step_time"": 0.0413425462320447}",0.13906921818852425,0.01098394813016057
rollout_update,33280,1549.144724729235,12.017780261286335,211850.35408217,0.041313118766993284,"{""policy_inference_time"": 0.007097652181982994, ""env_step_time"": 0.03323044767603278, ""replay_insert_time"": 0.0006127064116299152, ""logging_time"": 0.00011748680844902992, ""total_train_step_time"": 0.041313118766993284}",0.13906921818852425,0.01098394813016057
rollout_update,33344,62.23437017478597,12.028544742691064,211869.86194783062,1.0283706546761096,"{""policy_inference_time"": 0.006915949750691652, ""env_step_time"": 0.03305840911343694, ""replay_insert_time"": 0.0005908501334488392, ""logging_time"": 0.00011836271733045578, ""total_train_step_time"": 1.0283706546761096}",0.14454396720975637,0.0117033408023417
rollout_update,33408,1393.9093817113903,12.024923634368934,211869.86194783062,0.04591403203085065,"{""policy_inference_time"": 0.007552598137408495, ""env_step_time"": 0.03689645091071725, ""replay_insert_time"": 0.0010489411652088165, ""logging_time"": 0.0001314980909228325, ""total_train_step_time"": 0.04591403203085065}",0.14454396720975637,0.0117033408023417
rollout_update,33472,1446.6118786874924,12.021436511019596,211869.86194783062,0.04424130683764815,"{""policy_inference_time"": 0.007479190826416016, ""env_step_time"": 0.035706324968487024, ""replay_insert_time"": 0.000650129746645689, ""logging_time"": 0.00012678420171141624, ""total_train_step_time"": 0.04424130683764815}",0.14454396720975637,0.0117033408023417
rollout_update,33536,1463.0932499959974,12.017990657078395,211869.86194783062,0.043742939829826355,"{""policy_inference_time"": 0.0073734307661652565, ""env_step_time"": 0.0353354518301785, ""replay_insert_time"": 0.0006306483410298824, ""logging_time"": 0.00012989714741706848, ""total_train_step_time"": 0.043742939829826355}",0.14454396720975637,0.0117033408023417
rollout_update,33600,61.24155594014502,12.0273671523895,211810.1545408609,1.0450420309789479,"{""policy_inference_time"": 0.007442032918334007, ""env_step_time"": 0.03517802432179451, ""replay_insert_time"": 0.0006311335600912571, ""logging_time"": 0.00012364890426397324, ""total_train_step_time"": 1.0450420309789479}",0.14210208412259817,0.011202269699424505
rollout_update,33664,1424.0215856128627,12.023850126562623,211810.1545408609,0.04494313895702362,"{""policy_inference_time"": 0.0070393807254731655, ""env_step_time"": 0.036424966994673014, ""replay_insert_time"": 0.0010633310303092003, ""logging_time"": 0.0001323050819337368, ""total_train_step_time"": 0.04494313895702362}",0.14210208412259817,0.011202269699424505
rollout_update,33728,1422.9527638929944,12.020332517597241,211810.1545408609,0.044976897072046995,"{""policy_inference_time"": 0.007564681116491556, ""env_step_time"": 0.03629267541691661, ""replay_insert_time"": 0.0007043760269880295, ""logging_time"": 0.00013391301035881042, ""total_train_step_time"": 0.044976897072046995}",0.14210208412259817,0.011202269699424505
rollout_update,33792,1420.3773918140146,12.01681059381038,211810.1545408609,0.045058447401970625,"{""policy_inference_time"": 0.007975146640092134, ""env_step_time"": 0.03599826106801629, ""replay_insert_time"": 0.0006776838563382626, ""logging_time"": 0.0001311437226831913, ""total_train_step_time"": 0.045058447401970625}",0.14210208412259817,0.011202269699424505
rollout_update,33856,61.21260575023028,12.026085202269918,211770.94044160834,1.0455362782813609,"{""policy_inference_time"": 0.007826164830476046, ""env_step_time"": 0.03548189997673035, ""replay_insert_time"": 0.0006586648523807526, ""logging_time"": 0.0001239771954715252, ""total_train_step_time"": 1.0455362782813609}",0.14194695185869932,0.011054839938879013
rollout_update,33920,1480.2802260735984,12.02272795247418,211770.94044160834,0.04323505703359842,"{""policy_inference_time"": 0.007140951696783304, ""env_step_time"": 0.03468044474720955, ""replay_insert_time"": 0.001021483913064003, ""logging_time"": 0.0001247590407729149, ""total_train_step_time"": 0.04323505703359842}",0.14194695185869932,0.011054839938879013
rollout_update,33984,1531.0608477890685,12.019483834163415,211770.94044160834,0.04180108197033405,"{""policy_inference_time"": 0.0070483069866895676, ""env_step_time"": 0.033729617949575186, ""replay_insert_time"": 0.0006389906629920006, ""logging_time"": 0.00012435903772711754, ""total_train_step_time"": 0.04180108197033405}",0.14194695185869932,0.011054839938879013
rollout_update,34048,1512.3526666015387,12.016201368163983,211770.94044160834,0.042318171821534634,"{""policy_inference_time"": 0.007295546121895313, ""env_step_time"": 0.0339907081797719, ""replay_insert_time"": 0.0006418260745704174, ""logging_time"": 0.00012076972052454948, ""total_train_step_time"": 0.042318171821534634}",0.14194695185869932,0.011054839938879013
rollout_update,34112,61.854613330026574,12.026246903570184,211777.22824086613,1.0346843437291682,"{""policy_inference_time"": 0.007303754799067974, ""env_step_time"": 0.033888340927660465, ""replay_insert_time"": 0.0006311428733170033, ""logging_time"": 0.00012083305045962334, ""total_train_step_time"": 1.0346843437291682}",0.14185054181143641,0.01113442936912179
rollout_update,34176,1429.9889939950826,12.022797451685582,211777.22824086613,0.044755589216947556,"{""policy_inference_time"": 0.007024040911346674, ""env_step_time"": 0.03621136303991079, ""replay_insert_time"": 0.001106955111026764, ""logging_time"": 0.00013934588059782982, ""total_train_step_time"": 0.044755589216947556}",0.14185054181143641,0.01113442936912179
rollout_update,34240,1492.927435657314,12.019495275793476,211777.22824086613,0.04286879487335682,"{""policy_inference_time"": 0.007652147673070431, ""env_step_time"": 0.03422768693417311, ""replay_insert_time"": 0.0006108828820288181, ""logging_time"": 0.000119037926197052, ""total_train_step_time"": 0.04286879487335682}",0.14185054181143641,0.01113442936912179
rollout_update,34304,1548.2981446968408,12.016312910666569,211777.22824086613,0.04133570799604058,"{""policy_inference_time"": 0.006878585088998079, ""env_step_time"": 0.03343070624396205, ""replay_insert_time"": 0.0006461180746555328, ""logging_time"": 0.00012261699885129929, ""total_train_step_time"": 0.04133570799604058}",0.14185054181143641,0.01113442936912179
rollout_update,34368,61.55209867925594,12.025894197196461,211787.99799892097,1.0397695833817124,"{""policy_inference_time"": 0.008466691710054874, ""env_step_time"": 0.03403081186115742, ""replay_insert_time"": 0.0006184936501085758, ""logging_time"": 0.00011796224862337112, ""total_train_step_time"": 1.0397695833817124}",0.14054486295208335,0.011075981892645359
rollout_update,34432,1483.3006634378225,12.02259350884066,211787.99799892097,0.04314701771363616,"{""policy_inference_time"": 0.0070366025902330875, ""env_step_time"": 0.03470914904028177, ""replay_insert_time"": 0.000993581023067236, ""logging_time"": 0.00012563914060592651, ""total_train_step_time"": 0.04314701771363616}",0.14054486295208335,0.011075981892645359
rollout_update,34496,1516.302951119367,12.019366412520624,211787.99799892097,0.04220792418345809,"{""policy_inference_time"": 0.007073701824992895, ""env_step_time"": 0.03414790192618966, ""replay_insert_time"": 0.000617192592471838, ""logging_time"": 0.0001175273209810257, ""total_train_step_time"": 0.04220792418345809}",0.14054486295208335,0.011075981892645359
rollout_update,34560,1541.7724976204652,12.016194316003347,211787.99799892097,0.04151066392660141,"{""policy_inference_time"": 0.006939227227121592, ""env_step_time"": 0.03356143180280924, ""replay_insert_time"": 0.0006301798857748508, ""logging_time"": 0.00011847913265228271, ""total_train_step_time"": 0.04151066392660141}",0.14054486295208335,0.011075981892645359
rollout_update,34624,61.721781209861476,12.025922900724877,211795.39479471566,1.036911099217832,"{""policy_inference_time"": 0.00707158911973238, ""env_step_time"": 0.03338829427957535, ""replay_insert_time"": 0.0006378958933055401, ""logging_time"": 0.00011967681348323822, ""total_train_step_time"": 1.036911099217832}",0.14289637003093958,0.011055543087422848
rollout_update,34688,1488.5951017028287,12.022658109933884,211795.39479471566,0.04299355810508132,"{""policy_inference_time"": 0.00701160728931427, ""env_step_time"": 0.03460489120334387, ""replay_insert_time"": 0.0009774877689778805, ""logging_time"": 0.00013169320300221443, ""total_train_step_time"": 0.04299355810508132}",0.14289637003093958,0.011055543087422848
rollout_update,34752,1548.4874672059314,12.019521265345485,211795.39479471566,0.04133065417408943,"{""policy_inference_time"": 0.006902097258716822, ""env_step_time"": 0.033431113697588444, ""replay_insert_time"": 0.0006165970116853714, ""logging_time"": 0.0001201331615447998, ""total_train_step_time"": 0.04133065417408943}",0.14289637003093958,0.011055543087422848
rollout_update,34816,1558.7161523951056,12.016406625893548,211795.39479471566,0.041059432085603476,"{""policy_inference_time"": 0.006866951007395983, ""env_step_time"": 0.033225505612790585, ""replay_insert_time"": 0.0005927113816142082, ""logging_time"": 0.00011826306581497192, ""total_train_step_time"": 0.041059432085603476}",0.14289637003093958,0.011055543087422848
rollout_update,34880,62.32427971517506,12.026818833808408,211811.3953508519,1.0268871183507144,"{""policy_inference_time"": 0.006856843829154968, ""env_step_time"": 0.0332768177613616, ""replay_insert_time"": 0.0005848798900842667, ""logging_time"": 0.00011748028919100761, ""total_train_step_time"": 1.0268871183507144}",0.14119509002193809,0.011126169934868813
rollout_update,34944,1441.6047905613607,12.0234717559808,211811.3953508519,0.04439496900886297,"{""policy_inference_time"": 0.007068662904202938, ""env_step_time"": 0.03590806806460023, ""replay_insert_time"": 0.0010274909436702728, ""logging_time"": 0.00012516137212514877, ""total_train_step_time"": 0.04439496900886297}",0.14119509002193809,0.011126169934868813
rollout_update,35008,1341.9337006865755,12.019878151599045,211811.3953508519,0.04769237106665969,"{""policy_inference_time"": 0.007413401268422604, ""env_step_time"": 0.039258494041860104, ""replay_insert_time"": 0.0006378311663866043, ""logging_time"": 0.00012165727093815804, ""total_train_step_time"": 0.04769237106665969}",0.14119509002193809,0.011126169934868813
rollout_update,35072,1513.262763178729,12.016693205666034,211811.3953508519,0.04229272110387683,"{""policy_inference_time"": 0.007323483005166054, ""env_step_time"": 0.03396137896925211, ""replay_insert_time"": 0.0006306921131908894, ""logging_time"": 0.00012213503941893578, ""total_train_step_time"": 0.04229272110387683}",0.14119509002193809,0.011126169934868813
rollout_update,35136,62.10939699072357,12.02676231993079,211829.8940255799,1.0304398867301643,"{""policy_inference_time"": 0.007147425319999456, ""env_step_time"": 0.033907972276210785, ""replay_insert_time"": 0.0006149322725832462, ""logging_time"": 0.00012054014950990677, ""total_train_step_time"": 1.0304398867301643}",0.1403568871319294,0.010979725979268551
rollout_update,35200,1462.4176131922138,12.023486797317776,211829.8940255799,0.043763149064034224,"{""policy_inference_time"": 0.007070401683449745, ""env_step_time"": 0.03526098793372512, ""replay_insert_time"": 0.0010409601964056492, ""logging_time"": 0.00012611877173185349, ""total_train_step_time"": 0.043763149064034224}",0.1403568871319294,0.010979725979268551
rollout_update,35264,1514.596489005482,12.020325811288494,211829.8940255799,0.04225547891110182,"{""policy_inference_time"": 0.007148995064198971, ""env_step_time"": 0.03411067137494683, ""replay_insert_time"": 0.0006219330243766308, ""logging_time"": 0.00011783186346292496, ""total_train_step_time"": 0.04225547891110182}",0.1403568871319294,0.010979725979268551
rollout_update,35328,1529.2643095788621,12.017196781402953,211829.8940255799,0.04185018874704838,"{""policy_inference_time"": 0.007186903618276119, ""env_step_time"": 0.03367604687809944, ""replay_insert_time"": 0.0006110440008342266, ""logging_time"": 0.00012213317677378654, ""total_train_step_time"": 0.04185018874704838}",0.1403568871319294,0.010979725979268551
rollout_update,35392,62.50868993928637,12.027679907065759,211848.8158605334,1.023857643827796,"{""policy_inference_time"": 0.006948777008801699, ""env_step_time"": 0.03347187489271164, ""replay_insert_time"": 0.0006311689503490925, ""logging_time"": 0.00012014387175440788, ""total_train_step_time"": 1.023857643827796}",0.14050384610891342,0.01098756305873394
rollout_update,35456,1483.9159621674128,12.024474554535564,211848.8158605334,0.0431291270069778,"{""policy_inference_time"": 0.007053076755255461, ""env_step_time"": 0.03472113702446222, ""replay_insert_time"": 0.0009657801128923893, ""logging_time"": 0.00012288708239793777, ""total_train_step_time"": 0.0431291270069778}",0.14050384610891342,0.01098756305873394
rollout_update,35520,1525.0066486202475,12.021357208516172,211848.8158605334,0.0419670301489532,"{""policy_inference_time"": 0.007264565210789442, ""env_step_time"": 0.0336764738894999, ""replay_insert_time"": 0.0006472999230027199, ""logging_time"": 0.00012093223631381989, ""total_train_step_time"": 0.0419670301489532}",0.14050384610891342,0.01098756305873394
rollout_update,35584,1546.5900229150031,12.01828494875473,211848.8158605334,0.041381360962986946,"{""policy_inference_time"": 0.006977235898375511, ""env_step_time"": 0.03343267319723964, ""replay_insert_time"": 0.0006002341397106647, ""logging_time"": 0.00011824490502476692, ""total_train_step_time"": 0.041381360962986946}",0.14050384610891342,0.01098756305873394
rollout_update,35648,62.19063522293076,12.02830069944795,211863.32801214716,1.0290938462130725,"{""policy_inference_time"": 0.0069193909876048565, ""env_step_time"": 0.03341968823224306, ""replay_insert_time"": 0.000590805895626545, ""logging_time"": 0.00011672871187329292, ""total_train_step_time"": 1.0290938462130725}",0.14140840712934732,0.01099922088906169
rollout_update,35712,1444.1087816845936,12.025030197245371,211863.32801214716,0.04431799100711942,"{""policy_inference_time"": 0.007067834958434105, ""env_step_time"": 0.03587615396827459, ""replay_insert_time"": 0.000977145042270422, ""logging_time"": 0.00012296903878450394, ""total_train_step_time"": 0.04431799100711942}",0.14140840712934732,0.01099922088906169
rollout_update,35776,1531.6064562517868,12.021948161006842,211863.32801214716,0.041786191053688526,"{""policy_inference_time"": 0.007005066145211458, ""env_step_time"": 0.03377637267112732, ""replay_insert_time"": 0.0006244839169085026, ""logging_time"": 0.0001221131533384323, ""total_train_step_time"": 0.041786191053688526}",0.14140840712934732,0.01099922088906169
rollout_update,35840,1528.0417754504167,12.01886051985119,211863.32801214716,0.041883671656250954,"{""policy_inference_time"": 0.007005193270742893, ""env_step_time"": 0.03386249719187617, ""replay_insert_time"": 0.0006325491704046726, ""logging_time"": 0.00012213923037052155, ""total_train_step_time"": 0.041883671656250954}",0.14140840712934732,0.01099922088906169
rollout_update,35904,62.70424574415358,12.02941993298465,211888.53682095447,1.0206645377911627,"{""policy_inference_time"": 0.007130180019885302, ""env_step_time"": 0.034100784920156, ""replay_insert_time"": 0.000625471118837595, ""logging_time"": 0.00012127310037612915, ""total_train_step_time"": 1.0206645377911627}",0.13977823918685317,0.010952944867312908
rollout_update,35968,1470.6383907746442,12.02623059063794,211888.53682095447,0.04351851576939225,"{""policy_inference_time"": 0.007023441605269909, ""env_step_time"": 0.03508858196437359, ""replay_insert_time"": 0.0010143830440938473, ""logging_time"": 0.00012616673484444618, ""total_train_step_time"": 0.04351851576939225}",0.13977823918685317,0.010952944867312908
rollout_update,36032,1508.242811339478,12.023122394928658,211888.53682095447,0.042433485854417086,"{""policy_inference_time"": 0.007260107900947332, ""env_step_time"": 0.03418125491589308, ""replay_insert_time"": 0.0006172033026814461, ""logging_time"": 0.00011945096775889397, ""total_train_step_time"": 0.042433485854417086}",0.13977823918685317,0.010952944867312908
rollout_update,36096,1539.671154611484,12.020079202254733,211888.53682095447,0.04156731767579913,"{""policy_inference_time"": 0.00692564994096756, ""env_step_time"": 0.03365100733935833, ""replay_insert_time"": 0.0006016017869114876, ""logging_time"": 0.00012081069871783257, ""total_train_step_time"": 0.04156731767579913}",0.13977823918685317,0.010952944867312908
rollout_update,36160,61.4241236500836,12.02900927657006,211876.0564922459,1.0419359072111547,"{""policy_inference_time"": 0.006909745745360851, ""env_step_time"": 0.033505088184028864, ""replay_insert_time"": 0.0006060493178665638, ""logging_time"": 0.00012207729741930962, ""total_train_step_time"": 1.0419359072111547}",0.15034695528447628,0.011043867096304893
rollout_update,36224,1479.2548265092319,12.025861045213698,211876.0564922459,0.04326502699404955,"{""policy_inference_time"": 0.007067617028951645, ""env_step_time"": 0.03480624407529831, ""replay_insert_time"": 0.001000220887362957, ""logging_time"": 0.00012550968676805496, ""total_train_step_time"": 0.04326502699404955}",0.15034695528447628,0.011043867096304893
rollout_update,36288,1527.3092844075904,12.022813438710594,211876.0564922459,0.04190375888720155,"{""policy_inference_time"": 0.00698145991191268, ""env_step_time"": 0.03393449494615197, ""replay_insert_time"": 0.0006142547354102135, ""logging_time"": 0.00011769123375415802, ""total_train_step_time"": 0.04190375888720155}",0.15034695528447628,0.011043867096304893
rollout_update,36352,1541.20265174996,12.01979482869276,211876.0564922459,0.04152601212263107,"{""policy_inference_time"": 0.006934730801731348, ""env_step_time"": 0.03362109698355198, ""replay_insert_time"": 0.0006009270437061787, ""logging_time"": 0.00011842930689454079, ""total_train_step_time"": 0.04152601212263107}",0.15034695528447628,0.011043867096304893
rollout_update,36416,62.70178113831388,12.030198603599235,211898.9803120284,1.0207046568393707,"{""policy_inference_time"": 0.006939889397472143, ""env_step_time"": 0.033623302821069956, ""replay_insert_time"": 0.0006088288500905037, ""logging_time"": 0.00011884188279509544, ""total_train_step_time"": 1.0207046568393707}",0.13985796319320798,0.011058625765144825
rollout_update,36480,1445.635573323302,12.026999066512062,211898.9803120284,0.04427118506282568,"{""policy_inference_time"": 0.007051423192024231, ""env_step_time"": 0.03574440395459533, ""replay_insert_time"": 0.0010846680961549282, ""logging_time"": 0.00012433994561433792, ""total_train_step_time"": 0.04427118506282568}",0.13985796319320798,0.011058625765144825
rollout_update,36544,1512.7454448944045,12.023943060282543,211898.9803120284,0.04230718407779932,"{""policy_inference_time"": 0.007311937864869833, ""env_step_time"": 0.03398381406441331, ""replay_insert_time"": 0.0006323689594864845, ""logging_time"": 0.00012124935165047646, ""total_train_step_time"": 0.04230718407779932}",0.13985796319320798,0.011058625765144825
rollout_update,36608,1539.6696540115029,12.020942006603484,211898.9803120284,0.04156735818833113,"{""policy_inference_time"": 0.006929493974894285, ""env_step_time"": 0.03365129791200161, ""replay_insert_time"": 0.0006116833537817001, ""logging_time"": 0.00011987239122390747, ""total_train_step_time"": 0.04156735818833113}",0.13985796319320798,0.011058625765144825
rollout_update,36672,62.51920523480021,12.03105344290142,211917.8568001794,1.023685438092798,"{""policy_inference_time"": 0.007042085751891136, ""env_step_time"": 0.03402105672284961, ""replay_insert_time"": 0.0006400742568075657, ""logging_time"": 0.00012014620006084442, ""total_train_step_time"": 1.023685438092798}",0.14031433081254363,0.011018312070518732
rollout_update,36736,1454.7905878100512,12.027895659979796,211917.8568001794,0.043992585968226194,"{""policy_inference_time"": 0.007081117946654558, ""env_step_time"": 0.03553890157490969, ""replay_insert_time"": 0.000982529018074274, ""logging_time"": 0.000125145073980093, ""total_train_step_time"": 0.043992585968226194}",0.14031433081254363,0.011018312070518732
rollout_update,36800,1519.7520727650979,12.024874408313117,211917.8568001794,0.04211213206872344,"{""policy_inference_time"": 0.007017872761934996, ""env_step_time"": 0.03408821811899543, ""replay_insert_time"": 0.0006256382912397385, ""logging_time"": 0.00012076785787940025, ""total_train_step_time"": 0.04211213206872344}",0.14031433081254363,0.011018312070518732
rollout_update,36864,1528.0996751962941,12.021871165949676,211917.8568001794,0.04188208468258381,"{""policy_inference_time"": 0.006964199244976044, ""env_step_time"": 0.0339237917214632, ""replay_insert_time"": 0.0006142831407487392, ""logging_time"": 0.00012244423851370811, ""total_train_step_time"": 0.04188208468258381}",0.14031433081254363,0.011018312070518732
rollout_update,36928,62.55288081990229,12.031947245265329,211935.78559922695,1.0231343330815434,"{""policy_inference_time"": 0.00710282800719142, ""env_step_time"": 0.03369616298004985, ""replay_insert_time"": 0.0006147976964712143, ""logging_time"": 0.00012143189087510109, ""total_train_step_time"": 1.0231343330815434}",0.14057528413832188,0.011027075815945864
rollout_update,36992,1426.4191873356924,12.028748400801083,211935.78559922695,0.04486759612336755,"{""policy_inference_time"": 0.00716606667265296, ""env_step_time"": 0.036173834931105375, ""replay_insert_time"": 0.0011115199886262417, ""logging_time"": 0.00013783341273665428, ""total_train_step_time"": 0.04486759612336755}",0.14057528413832188,0.011027075815945864
rollout_update,37056,1517.851802266712,12.025743798789131,211935.78559922695,0.04216485423967242,"{""policy_inference_time"": 0.0071885548532009125, ""env_step_time"": 0.033981443382799625, ""replay_insert_time"": 0.0006210128776729107, ""logging_time"": 0.00011901510879397392, ""total_train_step_time"": 0.04216485423967242}",0.14057528413832188,0.011027075815945864
rollout_update,37120,1540.8698775818666,12.022785547798216,211935.78559922695,0.04153498029336333,"{""policy_inference_time"": 0.0069147818721830845, ""env_step_time"": 0.033658570144325495, ""replay_insert_time"": 0.0005896151997148991, ""logging_time"": 0.0001180209219455719, ""total_train_step_time"": 0.04153498029336333}",0.14057528413832188,0.011027075815945864
rollout_update,37184,61.96487839386357,12.032100114158512,211945.03828921038,1.0328431469388306,"{""policy_inference_time"": 0.006886632181704044, ""env_step_time"": 0.03379873186349869, ""replay_insert_time"": 0.0006121732294559479, ""logging_time"": 0.00011913571506738663, ""total_train_step_time"": 1.0328431469388306}",0.14217120874673128,0.011091218795627356
rollout_update,37248,1442.650369099932,12.028958828246557,211945.03828921038,0.04436279321089387,"{""policy_inference_time"": 0.007118534296751022, ""env_step_time"": 0.03577677998691797, ""replay_insert_time"": 0.0010540769435465336, ""logging_time"": 0.00014194101095199585, ""total_train_step_time"": 0.04436279321089387}",0.14217120874673128,0.011091218795627356
rollout_update,37312,1474.8027798097962,12.0258876125816,211945.03828921038,0.0433956328779459,"{""policy_inference_time"": 0.007493901997804642, ""env_step_time"": 0.034878681879490614, ""replay_insert_time"": 0.0006382637657225132, ""logging_time"": 0.00012286286801099777, ""total_train_step_time"": 0.0433956328779459}",0.14217120874673128,0.011091218795627356
rollout_update,37376,1415.6412207992034,12.022689714177965,211945.03828921038,0.045209194999188185,"{""policy_inference_time"": 0.007211531978100538, ""env_step_time"": 0.03698260383680463, ""replay_insert_time"": 0.0006326022557914257, ""logging_time"": 0.00012321071699261665, ""total_train_step_time"": 0.045209194999188185}",0.14217120874673128,0.011091218795627356
rollout_update,37440,61.89711216500014,12.031861830047243,211953.32383746046,1.0339739248156548,"{""policy_inference_time"": 0.007282420061528683, ""env_step_time"": 0.03464947873726487, ""replay_insert_time"": 0.0006374726071953773, ""logging_time"": 0.00012492481619119644, ""total_train_step_time"": 1.0339739248156548}",0.14246669365093112,0.011226434260606766
rollout_update,37504,1445.5733084636174,12.028748338022098,211953.32383746046,0.044273091945797205,"{""policy_inference_time"": 0.007132409140467644, ""env_step_time"": 0.03564522368833423, ""replay_insert_time"": 0.0010879440233111382, ""logging_time"": 0.00013372814282774925, ""total_train_step_time"": 0.044273091945797205}",0.14246669365093112,0.011226434260606766
rollout_update,37568,1190.10901964811,12.024968682242028,211953.32383746046,0.05377658596262336,"{""policy_inference_time"": 0.007664645090699196, ""env_step_time"": 0.045045350678265095, ""replay_insert_time"": 0.0006706099957227707, ""logging_time"": 0.00012914789840579033, ""total_train_step_time"": 0.05377658596262336}",0.14246669365093112,0.011226434260606766
rollout_update,37632,1468.7861435472598,12.021907893276326,211953.32383746046,0.04357339581474662,"{""policy_inference_time"": 0.007753018289804459, ""env_step_time"": 0.03480220725759864, ""replay_insert_time"": 0.0006369967013597488, ""logging_time"": 0.0001231888309121132, ""total_train_step_time"": 0.04357339581474662}",0.14246669365093112,0.011226434260606766
rollout_update,37696,60.17341335364284,12.028953348548736,211957.65888177961,1.063592647202313,"{""policy_inference_time"": 0.007409241981804371, ""env_step_time"": 0.0344062908552587, ""replay_insert_time"": 0.0006369450129568577, ""logging_time"": 0.0001228516921401024, ""total_train_step_time"": 1.063592647202313}",0.15120214596390724,0.011048777028918266
rollout_update,37760,1475.198539868623,12.025924440700845,211957.65888177961,0.04338399088010192,"{""policy_inference_time"": 0.007071661297231913, ""env_step_time"": 0.03492007311433554, ""replay_insert_time"": 0.0010006120428442955, ""logging_time"": 0.00012590223923325539, ""total_train_step_time"": 0.04338399088010192}",0.15120214596390724,0.011048777028918266
rollout_update,37824,1267.3816971187161,12.022400793127776,211957.65888177961,0.05049780989065766,"{""policy_inference_time"": 0.006888291332870722, ""env_step_time"": 0.042571817990392447, ""replay_insert_time"": 0.0006516808643937111, ""logging_time"": 0.00012550083920359612, ""total_train_step_time"": 0.05049780989065766}",0.15120214596390724,0.011048777028918266
rollout_update,37888,1495.6402361497235,12.019416526169447,211957.65888177961,0.04279103921726346,"{""policy_inference_time"": 0.007516264915466309, ""env_step_time"": 0.03429147507995367, ""replay_insert_time"": 0.0006094779819250107, ""logging_time"": 0.00011867517605423927, ""total_train_step_time"": 0.04279103921726346}",0.15120214596390724,0.011048777028918266
rollout_update,37952,60.756592664343444,12.027136399168054,211956.52539885527,1.0533836279064417,"{""policy_inference_time"": 0.0069802301004529, ""env_step_time"": 0.04150500986725092, ""replay_insert_time"": 0.0006320290267467499, ""logging_time"": 0.00012261373922228813, ""total_train_step_time"": 1.0533836279064417}",0.14344910020008683,0.011674650013446808
rollout_update,38016,1425.315590411249,12.02402348829375,211956.52539885527,0.044902336318045855,"{""policy_inference_time"": 0.007350743282586336, ""env_step_time"": 0.03610773431137204, ""replay_insert_time"": 0.0010479711927473545, ""logging_time"": 0.000129633117467165, ""total_train_step_time"": 0.044902336318045855}",0.14344910020008683,0.011674650013446808
rollout_update,38080,1490.6449815504707,12.021048511288205,211956.52539885527,0.042934434954077005,"{""policy_inference_time"": 0.007294932845979929, ""env_step_time"": 0.03460962185636163, ""replay_insert_time"": 0.0006421501748263836, ""logging_time"": 0.00012477021664381027, ""total_train_step_time"": 0.042934434954077005}",0.14344910020008683,0.011674650013446808
rollout_update,38144,1490.3243389883028,12.018074366462795,211956.52539885527,0.04294367227703333,"{""policy_inference_time"": 0.007392642088234425, ""env_step_time"": 0.03453880175948143, ""replay_insert_time"": 0.0006270701996982098, ""logging_time"": 0.00012501468881964684, ""total_train_step_time"": 0.04294367227703333}",0.14344910020008683,0.011674650013446808
rollout_update,38208,62.49936468325428,12.027773143190888,211979.0982491862,1.0240104091353714,"{""policy_inference_time"": 0.007218262180685997, ""env_step_time"": 0.03403921006247401, ""replay_insert_time"": 0.0006308588199317455, ""logging_time"": 0.00012075714766979218, ""total_train_step_time"": 1.0240104091353714}",0.1413785871118307,0.010955351870507002
rollout_update,38272,1419.6840430265052,12.024668388335558,211979.0982491862,0.04508045315742493,"{""policy_inference_time"": 0.0071718329563736916, ""env_step_time"": 0.03640956711024046, ""replay_insert_time"": 0.0010987529531121254, ""logging_time"": 0.00012778211385011673, ""total_train_step_time"": 0.04508045315742493}",0.1413785871118307,0.010955351870507002
rollout_update,38336,1453.2587595563805,12.021636910165986,211979.0982491862,0.044038956984877586,"{""policy_inference_time"": 0.0075024208053946495, ""env_step_time"": 0.03548532584682107, ""replay_insert_time"": 0.000648661982268095, ""logging_time"": 0.0001237858086824417, ""total_train_step_time"": 0.044038956984877586}",0.1413785871118307,0.010955351870507002
rollout_update,38400,1499.044972945926,12.018699483048113,211979.0982491862,0.04269384918734431,"{""policy_inference_time"": 0.007454788777977228, ""env_step_time"": 0.034224228002130985, ""replay_insert_time"": 0.0006328308954834938, ""logging_time"": 0.0001225089654326439, ""total_train_step_time"": 0.04269384918734431}",0.1413785871118307,0.010955351870507002
rollout_update,38464,62.75097904805651,12.028611852654334,211999.93828532164,1.019904405809939,"{""policy_inference_time"": 0.007161859888583422, ""env_step_time"": 0.03419144591316581, ""replay_insert_time"": 0.0006316653452813625, ""logging_time"": 0.00012211687862873077, ""total_train_step_time"": 1.019904405809939}",0.13933540601283312,0.010941921267658472
rollout_update,38528,1460.9158865639922,12.025614260390165,211999.93828532164,0.043808134738355875,"{""policy_inference_time"": 0.006961592007428408, ""env_step_time"": 0.035496910102665424, ""replay_insert_time"": 0.0009637759067118168, ""logging_time"": 0.00012241629883646965, ""total_train_step_time"": 0.043808134738355875}",0.13933540601283312,0.010941921267658472
rollout_update,38592,1512.556570910417,12.022720427943591,211999.93828532164,0.042312467005103827,"{""policy_inference_time"": 0.007072808220982552, ""env_step_time"": 0.03424512268975377, ""replay_insert_time"": 0.0006153509020805359, ""logging_time"": 0.00012077996507287025, ""total_train_step_time"": 0.042312467005103827}",0.13933540601283312,0.010941921267658472
rollout_update,38656,1532.5441526332825,12.019865702411884,211999.93828532164,0.041760623920708895,"{""policy_inference_time"": 0.006922194268554449, ""env_step_time"": 0.03386119194328785, ""replay_insert_time"": 0.0006043948233127594, ""logging_time"": 0.00011660205200314522, ""total_train_step_time"": 0.041760623920708895}",0.13933540601283312,0.010941921267658472
rollout_update,38720,62.821526271618175,12.029784919988694,212021.8299417393,1.0187590750865638,"{""policy_inference_time"": 0.006975668016821146, ""env_step_time"": 0.033924016170203686, ""replay_insert_time"": 0.0006098202429711819, ""logging_time"": 0.00011659925803542137, ""total_train_step_time"": 1.0187590750865638}",0.14010422257706523,0.010885708034038544
rollout_update,38784,1447.9286126989448,12.026779754307869,212021.8299417393,0.04420107416808605,"{""policy_inference_time"": 0.007085674908012152, ""env_step_time"": 0.035725385416299105, ""replay_insert_time"": 0.000996326096355915, ""logging_time"": 0.00012611271813511848, ""total_train_step_time"": 0.04420107416808605}",0.14010422257706523,0.010885708034038544
rollout_update,38848,1514.0348093618034,12.023907205186937,212021.8299417393,0.042271154932677746,"{""policy_inference_time"": 0.007045259233564138, ""env_step_time"": 0.03422416327521205, ""replay_insert_time"": 0.000631390605121851, ""logging_time"": 0.00011695688590407372, ""total_train_step_time"": 0.042271154932677746}",0.14010422257706523,0.010885708034038544
rollout_update,38912,1525.1536919420425,12.021056954816995,212021.8299417393,0.04196298401802778,"{""policy_inference_time"": 0.006925803143531084, ""env_step_time"": 0.03406209498643875, ""replay_insert_time"": 0.0006031040102243423, ""logging_time"": 0.0001186048611998558, ""total_train_step_time"": 0.04196298401802778}",0.14010422257706523,0.010885708034038544
rollout_update,38976,62.19040173759713,12.03020686404627,212043.41610593602,1.0290977098047733,"{""policy_inference_time"": 0.015751427970826626, ""env_step_time"": 0.034717521630227566, ""replay_insert_time"": 0.00061086006462574, ""logging_time"": 0.00012092571705579758, ""total_train_step_time"": 1.0290977098047733}",0.1403351672925055,0.011104282923042774
rollout_update,39040,1447.3182362275338,12.027219866823735,212043.41610593602,0.04421971505507827,"{""policy_inference_time"": 0.007043869234621525, ""env_step_time"": 0.035803114995360374, ""replay_insert_time"": 0.0009741159155964851, ""logging_time"": 0.00013354700058698654, ""total_train_step_time"": 0.04421971505507827}",0.1403351672925055,0.011104282923042774
rollout_update,39104,1516.2745797797354,12.024370094014186,212043.41610593602,0.042208713945001364,"{""policy_inference_time"": 0.00704169599339366, ""env_step_time"": 0.034174961037933826, ""replay_insert_time"": 0.0006117941811680794, ""logging_time"": 0.0001243092119693756, ""total_train_step_time"": 0.042208713945001364}",0.1403351672925055,0.011104282923042774
rollout_update,39168,1532.2701456539553,12.021551399437133,212043.41610593602,0.04176809173077345,"{""policy_inference_time"": 0.006897961720824242, ""env_step_time"": 0.03388330200687051, ""replay_insert_time"": 0.0006118342280387878, ""logging_time"": 0.00012040697038173676, ""total_train_step_time"": 0.04176809173077345}",0.1403351672925055,0.011104282923042774
rollout_update,39232,62.420640915487056,12.030894208198397,212055.9709006127,1.0253018722869456,"{""policy_inference_time"": 0.006882505025714636, ""env_step_time"": 0.033782717771828175, ""replay_insert_time"": 0.0006383280269801617, ""logging_time"": 0.0001224847510457039, ""total_train_step_time"": 1.0253018722869456}",0.13996852096170187,0.010993211064487696
rollout_update,39296,1433.2286292476786,12.027897093563183,212055.9709006127,0.044654424767941236,"{""policy_inference_time"": 0.007067306898534298, ""env_step_time"": 0.0361980888992548, ""replay_insert_time"": 0.0009887851774692535, ""logging_time"": 0.0001241038553416729, ""total_train_step_time"": 0.044654424767941236}",0.13996852096170187,0.010993211064487696
rollout_update,39360,1512.361886130343,12.025058178602237,212055.9709006127,0.042317913845181465,"{""policy_inference_time"": 0.00696182856336236, ""env_step_time"": 0.034354410134255886, ""replay_insert_time"": 0.000628218986093998, ""logging_time"": 0.00011915573850274086, ""total_train_step_time"": 0.042317913845181465}",0.13996852096170187,0.010993211064487696
rollout_update,39424,1530.308182208404,12.02225387262258,212055.9709006127,0.04182164138182998,"{""policy_inference_time"": 0.006945536006242037, ""env_step_time"": 0.03389313584193587, ""replay_insert_time"": 0.000604547094553709, ""logging_time"": 0.00012183235958218575, ""total_train_step_time"": 0.04182164138182998}",0.13996852096170187,0.010993211064487696
rollout_update,39488,62.72382340525994,12.031863515719035,212075.9218958299,1.0203459630720317,"{""policy_inference_time"": 0.006980991922318935, ""env_step_time"": 0.034935259725898504, ""replay_insert_time"": 0.0006054439581930637, ""logging_time"": 0.00012075109407305717, ""total_train_step_time"": 1.0203459630720317}",0.14009743696078658,0.010984119027853012
rollout_update,39552,1446.4806247159954,12.028912531526503,212075.9218958299,0.04424532130360603,"{""policy_inference_time"": 0.007064498029649258, ""env_step_time"": 0.03579368209466338, ""replay_insert_time"": 0.0009967880323529243, ""logging_time"": 0.00012451503425836563, ""total_train_step_time"": 0.04424532130360603}",0.14009743696078658,0.010984119027853012
rollout_update,39616,1515.2165821696942,12.026096765358258,212075.9218958299,0.04223818611353636,"{""policy_inference_time"": 0.007059161085635424, ""env_step_time"": 0.03418759535998106, ""replay_insert_time"": 0.0006175939925014973, ""logging_time"": 0.00011984910815954208, ""total_train_step_time"": 0.04223818611353636}",0.14009743696078658,0.010984119027853012
rollout_update,39680,1513.7984592203172,12.023279681177453,212075.9218958299,0.04227775475010276,"{""policy_inference_time"": 0.007002356927841902, ""env_step_time"": 0.03427630616351962, ""replay_insert_time"": 0.0006191176362335682, ""logging_time"": 0.00012001814320683479, ""total_train_step_time"": 0.04227775475010276}",0.14009743696078658,0.010984119027853012
rollout_update,39744,62.310032224152366,12.032373521419148,212093.6404115837,1.02712192106992,"{""policy_inference_time"": 0.006967153865844011, ""env_step_time"": 0.03405498806387186, ""replay_insert_time"": 0.0006041922606527805, ""logging_time"": 0.00012119067832827568, ""total_train_step_time"": 1.02712192106992}",0.14702358795329928,0.01097647612914443
rollout_update,39808,1460.0517335622408,12.029468449834692,212093.6404115837,0.04383406322449446,"{""policy_inference_time"": 0.007024717982858419, ""env_step_time"": 0.03542889468371868, ""replay_insert_time"": 0.0009874021634459496, ""logging_time"": 0.00012541795149445534, ""total_train_step_time"": 0.04383406322449446}",0.14702358795329928,0.01097647612914443
rollout_update,39872,1513.1668812721514,12.02666668148613,212093.6404115837,0.042295400984585285,"{""policy_inference_time"": 0.00698793726041913, ""env_step_time"": 0.03431706503033638, ""replay_insert_time"": 0.0006161807104945183, ""logging_time"": 0.00011866213753819466, ""total_train_step_time"": 0.042295400984585285}",0.14702358795329928,0.01097647612914443
rollout_update,39936,1533.1591925200448,12.023902727443835,212093.6404115837,0.04174387129023671,"{""policy_inference_time"": 0.006895480677485466, ""env_step_time"": 0.03388835256919265, ""replay_insert_time"": 0.0005911490879952908, ""logging_time"": 0.00011597573757171631, ""total_train_step_time"": 0.04174387129023671}",0.14702358795329928,0.01097647612914443
rollout_update,40000,62.56055939077575,12.033206521526163,212109.9229166869,1.0230087554082274,"{""policy_inference_time"": 0.006886378861963749, ""env_step_time"": 0.033926161006093025, ""replay_insert_time"": 0.0005934410728514194, ""logging_time"": 0.00012089312076568604, ""total_train_step_time"": 1.0230087554082274}",0.13993829023092985,0.010912780184298754
rollout_update,40064,1441.2889654426842,12.03028197589853,212109.9229166869,0.04440469713881612,"{""policy_inference_time"": 0.007110350765287876, ""env_step_time"": 0.035875929053872824, ""replay_insert_time"": 0.001023994293063879, ""logging_time"": 0.00012586591765284538, ""total_train_step_time"": 0.04440469713881612}",0.13993829023092985,0.010912780184298754
rollout_update,40128,1515.9201780769758,12.027502728402752,212109.9229166869,0.0422185817733407,"{""policy_inference_time"": 0.007042780052870512, ""env_step_time"": 0.034184475895017385, ""replay_insert_time"": 0.0006190268322825432, ""logging_time"": 0.00011666398495435715, ""total_train_step_time"": 0.0422185817733407}",0.13993829023092985,0.010912780184298754
rollout_update,40192,1516.3109307499365,12.024725480454059,212109.9229166869,0.042207702063024044,"{""policy_inference_time"": 0.00700356625020504, ""env_step_time"": 0.033985086251050234, ""replay_insert_time"": 0.0008201408199965954, ""logging_time"": 0.0001300009898841381, ""total_train_step_time"": 0.042207702063024044}",0.13993829023092985,0.010912780184298754
rollout_update,40256,59.832524759285825,12.030913483313903,212126.8848621842,1.0696523380465806,"{""policy_inference_time"": 0.007004740182310343, ""env_step_time"": 0.034102792385965586, ""replay_insert_time"": 0.0006075496785342693, ""logging_time"": 0.00011970009654760361, ""total_train_step_time"": 1.0696523380465806}",0.18827993283048272,0.010884998831897974
rollout_update,40320,1460.7881570332443,12.028047317288621,212126.8848621842,0.04381196526810527,"{""policy_inference_time"": 0.0070204418152570724, ""env_step_time"": 0.03542151488363743, ""replay_insert_time"": 0.0009801876731216908, ""logging_time"": 0.00012352224439382553, ""total_train_step_time"": 0.04381196526810527}",0.18827993283048272,0.010884998831897974
rollout_update,40384,1511.1233496810917,12.025277920493604,212126.8848621842,0.042352598160505295,"{""policy_inference_time"": 0.00696800509467721, ""env_step_time"": 0.034385149367153645, ""replay_insert_time"": 0.0006248089484870434, ""logging_time"": 0.0001178649254143238, ""total_train_step_time"": 0.042352598160505295}",0.18827993283048272,0.010884998831897974
rollout_update,40448,1525.8205571847518,12.02253645606894,212126.8848621842,0.04194464394822717,"{""policy_inference_time"": 0.006875155959278345, ""env_step_time"": 0.03409602679312229, ""replay_insert_time"": 0.0005991030484437943, ""logging_time"": 0.00011974014341831207, ""total_train_step_time"": 0.04194464394822717}",0.18827993283048272,0.010884998831897974
rollout_update,40512,62.69546430187598,12.0318728037082,212143.03359623047,1.02080749720335,"{""policy_inference_time"": 0.0069596790708601475, ""env_step_time"": 0.03409739211201668, ""replay_insert_time"": 0.0006149401888251305, ""logging_time"": 0.00011790404096245766, ""total_train_step_time"": 1.02080749720335}",0.14003279246389866,0.010989318136125803
rollout_update,40576,1443.3037225096407,12.028989705291991,212143.03359623047,0.044342711102217436,"{""policy_inference_time"": 0.007061634212732315, ""env_step_time"": 0.035860611125826836, ""replay_insert_time"": 0.001027934718877077, ""logging_time"": 0.00012414902448654175, ""total_train_step_time"": 0.044342711102217436}",0.14003279246389866,0.010989318136125803
rollout_update,40640,1485.3123811337132,12.026189472043884,212143.03359623047,0.04308857908472419,"{""policy_inference_time"": 0.007225940003991127, ""env_step_time"": 0.03481467720121145, ""replay_insert_time"": 0.0006539812311530113, ""logging_time"": 0.00012653740122914314, ""total_train_step_time"": 0.04308857908472419}",0.14003279246389866,0.010989318136125803
rollout_update,40704,1464.1161819125796,12.02335003132547,212143.03359623047,0.04371237801387906,"{""policy_inference_time"": 0.007461987901479006, ""env_step_time"": 0.035224444698542356, ""replay_insert_time"": 0.0006428197957575321, ""logging_time"": 0.00012492993846535683, ""total_train_step_time"": 0.04371237801387906}",0.14003279246389866,0.010989318136125803
rollout_update,40768,61.69801294519192,12.031557552296626,212141.1502982539,1.0373105541802943,"{""policy_inference_time"": 0.00734883826225996, ""env_step_time"": 0.03464313875883818, ""replay_insert_time"": 0.0006344499997794628, ""logging_time"": 0.00012436695396900177, ""total_train_step_time"": 1.0373105541802943}",0.14282593643292785,0.011104895267635584
rollout_update,40832,1437.2555374785275,12.028680565890783,212141.1502982539,0.04452931182458997,"{""policy_inference_time"": 0.007078757043927908, ""env_step_time"": 0.03597994102165103, ""replay_insert_time"": 0.0010656476952135563, ""logging_time"": 0.0001317327842116356, ""total_train_step_time"": 0.04452931182458997}",0.14282593643292785,0.011104895267635584
rollout_update,40896,1469.326652863686,12.025867706566254,212141.1502982539,0.04355736682191491,"{""policy_inference_time"": 0.00747639499604702, ""env_step_time"": 0.03503292193636298, ""replay_insert_time"": 0.0006613410077989101, ""logging_time"": 0.00012493692338466644, ""total_train_step_time"": 0.04355736682191491}",0.14282593643292785,0.011104895267635584
rollout_update,40960,1500.4059114914687,12.023114387196687,212141.1502982539,0.042655123863369226,"{""policy_inference_time"": 0.007277398370206356, ""env_step_time"": 0.03437065612524748, ""replay_insert_time"": 0.0006239130161702633, ""logging_time"": 0.00012296298518776894, ""total_train_step_time"": 0.042655123863369226}",0.14282593643292785,0.011104895267635584
rollout_update,41024,61.300963261876355,12.030840581533973,212094.5626966549,1.0440292712301016,"{""policy_inference_time"": 0.007433563936501741, ""env_step_time"": 0.033935919869691133, ""replay_insert_time"": 0.0006224028766155243, ""logging_time"": 0.00012347707524895668, ""total_train_step_time"": 1.0440292712301016}",0.14239973481744528,0.011158525943756104
rollout_update,41088,1431.6935411639558,12.027970697619725,212094.5626966549,0.04470230406150222,"{""policy_inference_time"": 0.007211029063910246, ""env_step_time"": 0.036025573033839464, ""replay_insert_time"": 0.0010648979805409908, ""logging_time"": 0.00012991391122341156, ""total_train_step_time"": 0.04470230406150222}",0.14239973481744528,0.011158525943756104
rollout_update,41152,1479.431541238392,12.025194721871392,212094.5626966549,0.04325985908508301,"{""policy_inference_time"": 0.007367011159658432, ""env_step_time"": 0.034871977753937244, ""replay_insert_time"": 0.0006361859850585461, ""logging_time"": 0.00012559955939650536, ""total_train_step_time"": 0.04325985908508301}",0.14239973481744528,0.011158525943756104
rollout_update,41216,1486.5642616695345,12.02243333745437,212094.5626966549,0.04305229289457202,"{""policy_inference_time"": 0.007287332788109779, ""env_step_time"": 0.034750969149172306, ""replay_insert_time"": 0.0006310385651886463, ""logging_time"": 0.00012372294440865517, ""total_train_step_time"": 0.04305229289457202}",0.14239973481744528,0.011158525943756104
rollout_update,41280,60.532055197829166,12.02926895825618,212098.52113282194,1.0572910467162728,"{""policy_inference_time"": 0.007297911215573549, ""env_step_time"": 0.034318868070840836, ""replay_insert_time"": 0.0006368989124894142, ""logging_time"": 0.0001227199099957943, ""total_train_step_time"": 1.0572910467162728}",0.14360571699216962,0.011122298892587423
rollout_update,41344,1459.1703681859708,12.026471211677649,212098.52113282194,0.0438605397939682,"{""policy_inference_time"": 0.007092068903148174, ""env_step_time"": 0.035379156935960054, ""replay_insert_time"": 0.001002088189125061, ""logging_time"": 0.0001233331859111786, ""total_train_step_time"": 0.0438605397939682}",0.14360571699216962,0.011122298892587423
rollout_update,41408,1400.8365299282227,12.023558344402034,212098.52113282194,0.04568698676303029,"{""policy_inference_time"": 0.0069097611121833324, ""env_step_time"": 0.03770783916115761, ""replay_insert_time"": 0.0006759883835911751, ""logging_time"": 0.00012864824384450912, ""total_train_step_time"": 0.04568698676303029}",0.14360571699216962,0.011122298892587423
rollout_update,41472,1454.7633013813975,12.020754787725723,212098.52113282194,0.043993411120027304,"{""policy_inference_time"": 0.007863763254135847, ""env_step_time"": 0.03513296088203788, ""replay_insert_time"": 0.0006190571002662182, ""logging_time"": 0.00012093130499124527, ""total_train_step_time"": 0.043993411120027304}",0.14360571699216962,0.011122298892587423
rollout_update,41536,61.4004568142996,12.028504878042106,212091.4145990034,1.0423375219106674,"{""policy_inference_time"": 0.007133718114346266, ""env_step_time"": 0.036152876913547516, ""replay_insert_time"": 0.0006812750361859798, ""logging_time"": 0.00012723496183753014, ""total_train_step_time"": 1.0423375219106674}",0.14100465551018715,0.011138489004224539
rollout_update,41600,1270.5845083802637,12.025312099593014,212091.4145990034,0.05037051811814308,"{""policy_inference_time"": 0.007173104211688042, ""env_step_time"": 0.04174827877432108, ""replay_insert_time"": 0.001045683864504099, ""logging_time"": 0.0001309639774262905, ""total_train_step_time"": 0.05037051811814308}",0.14100465551018715,0.011138489004224539
rollout_update,41664,1483.376002901326,12.022578675177307,212091.4145990034,0.04314482631161809,"{""policy_inference_time"": 0.0074297101236879826, ""env_step_time"": 0.034692928194999695, ""replay_insert_time"": 0.0006425632163882256, ""logging_time"": 0.000122003722935915, ""total_train_step_time"": 0.04314482631161809}",0.14100465551018715,0.011138489004224539
rollout_update,41728,1467.4023280327292,12.01981675829416,212091.4145990034,0.043614487163722515,"{""policy_inference_time"": 0.007353966124355793, ""env_step_time"": 0.035241371020674706, ""replay_insert_time"": 0.0006383080035448074, ""logging_time"": 0.00012387288734316826, ""total_train_step_time"": 0.043614487163722515}",0.14100465551018715,0.011138489004224539
rollout_update,41792,62.36543014177624,12.028540327522755,212109.15144692644,1.0262095499783754,"{""policy_inference_time"": 0.007233147043734789, ""env_step_time"": 0.03419164475053549, ""replay_insert_time"": 0.0006283069960772991, ""logging_time"": 0.00011966098099946976, ""total_train_step_time"": 1.0262095499783754}",0.14250352419912815,0.010948826093226671
rollout_update,41856,1442.9978335234193,12.025746063952125,212109.15144692644,0.04435211094096303,"{""policy_inference_time"": 0.007078354246914387, ""env_step_time"": 0.03583442606031895, ""replay_insert_time"": 0.0010424577631056309, ""logging_time"": 0.00012877024710178375, ""total_train_step_time"": 0.04435211094096303}",0.14250352419912815,0.010948826093226671
rollout_update,41920,1471.8168483897057,12.023007773721044,212109.15144692644,0.04348367126658559,"{""policy_inference_time"": 0.007240709848701954, ""env_step_time"": 0.03522005118429661, ""replay_insert_time"": 0.0006389119662344456, ""logging_time"": 0.00012220395728945732, ""total_train_step_time"": 0.04348367126658559}",0.14250352419912815,0.010948826093226671
rollout_update,41984,1505.7386891776607,12.020332377647941,212109.15144692644,0.042504054959863424,"{""policy_inference_time"": 0.007156826090067625, ""env_step_time"": 0.03435085527598858, ""replay_insert_time"": 0.0006124959327280521, ""logging_time"": 0.00012356508523225784, ""total_train_step_time"": 0.042504054959863424}",0.14250352419912815,0.010948826093226671
rollout_update,42048,62.75446869280643,12.02939916898913,212128.5145565789,1.0198476910591125,"{""policy_inference_time"": 0.007016180083155632, ""env_step_time"": 0.03415401512756944, ""replay_insert_time"": 0.0005944757722318172, ""logging_time"": 0.0001177079975605011, ""total_train_step_time"": 1.0198476910591125}",0.14019778231158853,0.010983811691403389
rollout_update,42112,1464.5851156717224,12.026662372946118,212128.5145565789,0.04369838209822774,"{""policy_inference_time"": 0.00706741726025939, ""env_step_time"": 0.03524642903357744, ""replay_insert_time"": 0.000985580962151289, ""logging_time"": 0.0001263599842786789, ""total_train_step_time"": 0.04369838209822774}",0.14019778231158853,0.010983811691403389
rollout_update,42176,1512.801192128117,12.024013990333126,212128.5145565789,0.042305625043809414,"{""policy_inference_time"": 0.007029719650745392, ""env_step_time"": 0.03427208727225661, ""replay_insert_time"": 0.0006253812462091446, ""logging_time"": 0.0001205899752676487, ""total_train_step_time"": 0.042305625043809414}",0.14019778231158853,0.010983811691403389
rollout_update,42240,1519.1805518383578,12.021377887643672,212128.5145565789,0.042127974797040224,"{""policy_inference_time"": 0.007002158090472221, ""env_step_time"": 0.034146097023040056, ""replay_insert_time"": 0.0006077880971133709, ""logging_time"": 0.00011826027184724808, ""total_train_step_time"": 0.042127974797040224}",0.14019778231158853,0.010983811691403389
rollout_update,42304,62.66603561160007,12.030295652208508,212145.56739905756,1.021286880131811,"{""policy_inference_time"": 0.006916965823620558, ""env_step_time"": 0.03398562502115965, ""replay_insert_time"": 0.000603577122092247, ""logging_time"": 0.00012221792712807655, ""total_train_step_time"": 1.021286880131811}",0.14018975477665663,0.011105092708021402
rollout_update,42368,1448.2973048229594,12.027544343042383,212145.56739905756,0.04418982192873955,"{""policy_inference_time"": 0.007073104847222567, ""env_step_time"": 0.035706443246454, ""replay_insert_time"": 0.0010081636719405651, ""logging_time"": 0.00012702960520982742, ""total_train_step_time"": 0.04418982192873955}",0.14018975477665663,0.011105092708021402
rollout_update,42432,1507.469731419255,12.024902215551933,212145.56739905756,0.04245524713769555,"{""policy_inference_time"": 0.007138509303331375, ""env_step_time"": 0.03431396093219519, ""replay_insert_time"": 0.0006260648369789124, ""logging_time"": 0.0001185140572488308, ""total_train_step_time"": 0.04245524713769555}",0.14018975477665663,0.011105092708021402
rollout_update,42496,1519.050893135006,12.022281378815515,212145.56739905756,0.042131570633500814,"{""policy_inference_time"": 0.006996233947575092, ""env_step_time"": 0.03414576128125191, ""replay_insert_time"": 0.0006131986156105995, ""logging_time"": 0.00011987192556262016, ""total_train_step_time"": 0.042131570633500814}",0.14018975477665663,0.011105092708021402
rollout_update,42560,62.56260403592975,12.031037086144186,212164.7950351865,1.0229753218591213,"{""policy_inference_time"": 0.006957747973501682, ""env_step_time"": 0.03402619669213891, ""replay_insert_time"": 0.0005991049110889435, ""logging_time"": 0.000125169288367033, ""total_train_step_time"": 1.0229753218591213}",0.13975225575268269,0.011075471062213182
rollout_update,42624,1454.876796243747,12.028314277741494,212164.7950351865,0.043989979196339846,"{""policy_inference_time"": 0.007038423325866461, ""env_step_time"": 0.03545585414394736, ""replay_insert_time"": 0.001096857711672783, ""logging_time"": 0.00012595625594258308, ""total_train_step_time"": 0.043989979196339846}",0.13975225575268269,0.011075471062213182
rollout_update,42688,1507.2988681880354,12.025687334018011,212164.7950351865,0.042460059747099876,"{""policy_inference_time"": 0.007164682261645794, ""env_step_time"": 0.03429255308583379, ""replay_insert_time"": 0.0006244773976504803, ""logging_time"": 0.0001186770386993885, ""total_train_step_time"": 0.042460059747099876}",0.13975225575268269,0.011075471062213182
rollout_update,42752,1240.2726067754343,12.022496362867207,212164.7950351865,0.051601558923721313,"{""policy_inference_time"": 0.007411899045109749, ""env_step_time"": 0.043123133946210146, ""replay_insert_time"": 0.0006218468770384789, ""logging_time"": 0.00012012477964162827, ""total_train_step_time"": 0.051601558923721313}",0.13975225575268269,0.011075471062213182
rollout_update,42816,62.34010534645415,12.030974247906661,212169.62180307863,1.0266264332458377,"{""policy_inference_time"": 0.007144537754356861, ""env_step_time"": 0.03447070065885782, ""replay_insert_time"": 0.0006028530187904835, ""logging_time"": 0.00012006284669041634, ""total_train_step_time"": 1.0266264332458377}",0.13993005780503154,0.011027091182768345
rollout_update,42880,1461.0229040258184,12.028279054567907,212169.62180307863,0.04380492586642504,"{""policy_inference_time"": 0.007029007188975811, ""env_step_time"": 0.0354131730273366, ""replay_insert_time"": 0.0009763548150658607, ""logging_time"": 0.00012407824397087097, ""total_train_step_time"": 0.04380492586642504}",0.13993005780503154,0.011027091182768345
rollout_update,42944,1524.5861519312252,12.025697362435576,212169.62180307863,0.04197860509157181,"{""policy_inference_time"": 0.007013632915914059, ""env_step_time"": 0.03396026976406574, ""replay_insert_time"": 0.0006267293356359005, ""logging_time"": 0.00011963397264480591, ""total_train_step_time"": 0.04197860509157181}",0.13993005780503154,0.011027091182768345
rollout_update,43008,1529.1955343500945,12.023124555179074,212169.62180307863,0.041852070949971676,"{""policy_inference_time"": 0.007054736837744713, ""env_step_time"": 0.03381965961307287, ""replay_insert_time"": 0.000605165958404541, ""logging_time"": 0.00011917203664779663, ""total_train_step_time"": 0.041852070949971676}",0.13993005780503154,0.011027091182768345
rollout_update,43072,62.69719818174697,12.031907154423317,212187.5234578609,1.0207792669534683,"{""policy_inference_time"": 0.0069100521504879, ""env_step_time"": 0.03387006605044007, ""replay_insert_time"": 0.0005921917036175728, ""logging_time"": 0.0001269439235329628, ""total_train_step_time"": 1.0207792669534683}",0.14035721076652408,0.011007318738847971
rollout_update,43136,1337.71188277568,12.028980537072892,212187.5234578609,0.04784288816154003,"{""policy_inference_time"": 0.007009794004261494, ""env_step_time"": 0.03942916402593255, ""replay_insert_time"": 0.0010011051781475544, ""logging_time"": 0.00012794416397809982, ""total_train_step_time"": 0.04784288816154003}",0.14035721076652408,0.011007318738847971
rollout_update,43200,1507.1782209158694,12.026384179407392,212187.5234578609,0.042463458608835936,"{""policy_inference_time"": 0.007206207141280174, ""env_step_time"": 0.03426844906061888, ""replay_insert_time"": 0.0006141727790236473, ""logging_time"": 0.00011855876073241234, ""total_train_step_time"": 0.042463458608835936}",0.14035721076652408,0.011007318738847971
rollout_update,43264,1529.3598599022705,12.023826575286073,212187.5234578609,0.041847574058920145,"{""policy_inference_time"": 0.006976204924285412, ""env_step_time"": 0.033896485809236765, ""replay_insert_time"": 0.0006045587360858917, ""logging_time"": 0.00011710496619343758, ""total_train_step_time"": 0.041847574058920145}",0.14035721076652408,0.011007318738847971
rollout_update,43328,62.855446004852986,12.032710699204996,212203.31818114218,1.01820930512622,"{""policy_inference_time"": 0.006913617253303528, ""env_step_time"": 0.033697198145091534, ""replay_insert_time"": 0.0005971170030534267, ""logging_time"": 0.0001194830983877182, ""total_train_step_time"": 1.01820930512622}",0.13952264096587896,0.010947916191071272
rollout_update,43392,1461.4118614827478,12.030047147121213,212203.31818114218,0.043793267104774714,"{""policy_inference_time"": 0.007049867883324623, ""env_step_time"": 0.03537150798365474, ""replay_insert_time"": 0.0009809560142457485, ""logging_time"": 0.00012354785576462746, ""total_train_step_time"": 0.043793267104774714}",0.13952264096587896,0.010947916191071272
rollout_update,43456,1512.9766695437734,12.027475492770344,212203.31818114218,0.04230071837082505,"{""policy_inference_time"": 0.007121220231056213, ""env_step_time"": 0.034185915254056454, ""replay_insert_time"": 0.0006212680600583553, ""logging_time"": 0.00012049172073602676, ""total_train_step_time"": 0.04230071837082505}",0.13952264096587896,0.010947916191071272
rollout_update,43520,1531.9772304360538,12.024936812604018,212203.31818114218,0.04177607782185078,"{""policy_inference_time"": 0.006972887087613344, ""env_step_time"": 0.03381634084507823, ""replay_insert_time"": 0.0006058947183191776, ""logging_time"": 0.00012179603800177574, ""total_train_step_time"": 0.04177607782185078}",0.13952264096587896,0.010947916191071272
rollout_update,43584,62.475184418918744,12.033389206332995,212219.25932509007,1.024406739976257,"{""policy_inference_time"": 0.00700345216318965, ""env_step_time"": 0.033875374123454094, ""replay_insert_time"": 0.0006085303612053394, ""logging_time"": 0.00012366287410259247, ""total_train_step_time"": 1.024406739976257}",0.14206902030855417,0.011252881027758121
rollout_update,43648,1465.3480396230825,12.030748040712973,212219.25932509007,0.04367563081905246,"{""policy_inference_time"": 0.0070916879922151566, ""env_step_time"": 0.035190482158213854, ""replay_insert_time"": 0.0010037031024694443, ""logging_time"": 0.00012427987530827522, ""total_train_step_time"": 0.04367563081905246}",0.14206902030855417,0.011252881027758121
rollout_update,43712,1521.350081314368,12.028205194323826,212219.25932509007,0.0420678979717195,"{""policy_inference_time"": 0.007022155914455652, ""env_step_time"": 0.034046064130961895, ""replay_insert_time"": 0.0006260750815272331, ""logging_time"": 0.00011956179514527321, ""total_train_step_time"": 0.0420678979717195}",0.14206902030855417,0.011252881027758121
rollout_update,43776,381.21625234338205,12.018067950233084,212219.25932509007,0.1678837132640183,"{""policy_inference_time"": 0.006999112665653229, ""env_step_time"": 0.15982386330142617, ""replay_insert_time"": 0.0006720959208905697, ""logging_time"": 0.00012361910194158554, ""total_train_step_time"": 0.1678837132640183}",0.14206902030855417,0.011252881027758121
rollout_update,43840,62.20795866231566,12.026237223077167,212225.2431542206,1.028807268012315,"{""policy_inference_time"": 0.0085494345985353, ""env_step_time"": 0.03522085305303335, ""replay_insert_time"": 0.0006439783610403538, ""logging_time"": 0.0001236102543771267, ""total_train_step_time"": 1.028807268012315}",0.14137700200080872,0.010970402974635363
rollout_update,43904,1377.7233496815595,12.023447762296946,212225.2431542206,0.0464534480124712,"{""policy_inference_time"": 0.007075561676174402, ""env_step_time"": 0.037978582084178925, ""replay_insert_time"": 0.0009894301183521748, ""logging_time"": 0.00014136405661702156, ""total_train_step_time"": 0.0464534480124712}",0.14137700200080872,0.010970402974635363
rollout_update,43968,1514.52185024055,12.020911382037285,212225.2431542206,0.04225756134837866,"{""policy_inference_time"": 0.0070037199184298515, ""env_step_time"": 0.034257418010383844, ""replay_insert_time"": 0.0006195227615535259, ""logging_time"": 0.00012180116027593613, ""total_train_step_time"": 0.04225756134837866}",0.14137700200080872,0.010970402974635363
rollout_update,44032,1528.121405722736,12.018398630008104,212225.2431542206,0.04188148910179734,"{""policy_inference_time"": 0.007042334880679846, ""env_step_time"": 0.033851799089461565, ""replay_insert_time"": 0.0006127152591943741, ""logging_time"": 0.00011962791904807091, ""total_train_step_time"": 0.04188148910179734}",0.14137700200080872,0.010970402974635363
rollout_update,44096,62.097981960163935,12.026410375187153,212230.30918297838,1.0306293051689863,"{""policy_inference_time"": 0.006922848057001829, ""env_step_time"": 0.033845419995486736, ""replay_insert_time"": 0.0005946941673755646, ""logging_time"": 0.00012018205597996712, ""total_train_step_time"": 1.0306293051689863}",0.14119496662169695,0.011141990311443806
rollout_update,44160,406.24653337223486,12.017009926001741,212230.30918297838,0.1575398058630526,"{""policy_inference_time"": 0.007099455688148737, ""env_step_time"": 0.1489586909301579, ""replay_insert_time"": 0.0010831956751644611, ""logging_time"": 0.00012955162674188614, ""total_train_step_time"": 0.1575398058630526}",0.14119496662169695,0.011141990311443806
rollout_update,44224,408.60703461015345,12.007678340032683,212230.30918297838,0.15662970673292875,"{""policy_inference_time"": 0.008695782627910376, ""env_step_time"": 0.14687872910872102, ""replay_insert_time"": 0.0006644860841333866, ""logging_time"": 0.00012642983347177505, ""total_train_step_time"": 0.15662970673292875}",0.14119496662169695,0.011141990311443806
rollout_update,44288,1450.5944698556648,12.005052411369542,212230.30918297838,0.04411984281614423,"{""policy_inference_time"": 0.008649533148854971, ""env_step_time"": 0.03444866929203272, ""replay_insert_time"": 0.0006387229077517986, ""logging_time"": 0.00012454623356461525, ""total_train_step_time"": 0.04411984281614423}",0.14119496662169695,0.011141990311443806
rollout_update,44352,61.908487870971605,12.01289022908192,212235.12028184478,1.0337839317508042,"{""policy_inference_time"": 0.007405920885503292, ""env_step_time"": 0.03360814321786165, ""replay_insert_time"": 0.0006275540217757225, ""logging_time"": 0.0001300792209804058, ""total_train_step_time"": 1.0337839317508042}",0.14184792060405016,0.01104279700666666
rollout_update,44416,1444.859250378101,12.01026675179131,212235.12028184478,0.044294971972703934,"{""policy_inference_time"": 0.007413960061967373, ""env_step_time"": 0.035395761020481586, ""replay_insert_time"": 0.0010775690898299217, ""logging_time"": 0.00013187620788812637, ""total_train_step_time"": 0.044294971972703934}",0.14184792060405016,0.01104279700666666
rollout_update,44480,1498.7159510685144,12.007738634377768,212235.12028184478,0.04270322201773524,"{""policy_inference_time"": 0.007317256648093462, ""env_step_time"": 0.03434734884649515, ""replay_insert_time"": 0.0006520440801978111, ""logging_time"": 0.00012687267735600471, ""total_train_step_time"": 0.04270322201773524}",0.14184792060405016,0.01104279700666666
rollout_update,44544,413.0794385189405,11.998575163273264,212235.12028184478,0.15493387961760163,"{""policy_inference_time"": 0.007437646854668856, ""env_step_time"": 0.1464355429634452, ""replay_insert_time"": 0.0006691371090710163, ""logging_time"": 0.00012704310938715935, ""total_train_step_time"": 0.15493387961760163}",0.14184792060405016,0.01104279700666666
rollout_update,44608,61.62111499702263,12.006113137606063,212236.28448552475,1.0386050301603973,"{""policy_inference_time"": 0.008645251858979464, ""env_step_time"": 0.03368811309337616, ""replay_insert_time"": 0.0006313212215900421, ""logging_time"": 0.00012252898886799812, ""total_train_step_time"": 1.0386050301603973}",0.14229223085567355,0.011208748910576105
rollout_update,44672,397.3254011346155,11.996643578769591,212236.28448552475,0.16107704117894173,"{""policy_inference_time"": 0.007197693921625614, ""env_step_time"": 0.15238856337964535, ""replay_insert_time"": 0.001088649034500122, ""logging_time"": 0.0001298929564654827, ""total_train_step_time"": 0.16107704117894173}",0.14229223085567355,0.011208748910576105
rollout_update,44736,1387.4102831082512,11.993934445264095,212236.28448552475,0.046129108872264624,"{""policy_inference_time"": 0.008779386058449745, ""env_step_time"": 0.03631508816033602, ""replay_insert_time"": 0.0006506470963358879, ""logging_time"": 0.00012176018208265305, ""total_train_step_time"": 0.046129108872264624}",0.14229223085567355,0.011208748910576105
rollout_update,44800,1356.0315256840286,11.991163888115794,212236.28448552475,0.04719654284417629,"{""policy_inference_time"": 0.00724442396312952, ""env_step_time"": 0.038165261037647724, ""replay_insert_time"": 0.0012462460435926914, ""logging_time"": 0.0001733466051518917, ""total_train_step_time"": 0.04719654284417629}",0.14229223085567355,0.011208748910576105
rollout_update,44864,58.86758525010314,11.995854040460424,212146.87010179285,1.087185753043741,"{""policy_inference_time"": 0.009374369867146015, ""env_step_time"": 0.03399268491193652, ""replay_insert_time"": 0.000629303976893425, ""logging_time"": 0.00012131128460168839, ""total_train_step_time"": 1.087185753043741}",0.15287117194384336,0.011170846875756979
rollout_update,44928,1469.9040152214084,11.993311776793089,212146.87010179285,0.04354025796055794,"{""policy_inference_time"": 0.007195848040282726, ""env_step_time"": 0.03491910779848695, ""replay_insert_time"": 0.0010284832678735256, ""logging_time"": 0.00013093091547489166, ""total_train_step_time"": 0.04354025796055794}",0.15287117194384336,0.011170846875756979
rollout_update,44992,404.10597695255865,11.984073571971942,212146.87010179285,0.15837429696694016,"{""policy_inference_time"": 0.007200093008577824, ""env_step_time"": 0.15013282606378198, ""replay_insert_time"": 0.0006552441045641899, ""logging_time"": 0.00012217555195093155, ""total_train_step_time"": 0.15837429696694016}",0.15287117194384336,0.011170846875756979
rollout_update,45056,1471.5519136557343,11.981539139291419,212146.87010179285,0.043491499964147806,"{""policy_inference_time"": 0.008569280616939068, ""env_step_time"": 0.03389827907085419, ""replay_insert_time"": 0.0006405459716916084, ""logging_time"": 0.00012230314314365387, ""total_train_step_time"": 0.043491499964147806}",0.15287117194384336,0.011170846875756979
rollout_update,45120,60.449998728952565,11.987899934914735,212088.82950505885,1.0587262422777712,"{""policy_inference_time"": 0.0072802030481398106, ""env_step_time"": 0.0334043106995523, ""replay_insert_time"": 0.0006262129172682762, ""logging_time"": 0.00012014666572213173, ""total_train_step_time"": 1.0587262422777712}",0.1426751036196947,0.011040132958441973
rollout_update,45184,1464.7722674976314,11.985366539428135,212088.82950505885,0.04369279881939292,"{""policy_inference_time"": 0.007119318004697561, ""env_step_time"": 0.03518350515514612, ""replay_insert_time"": 0.000993317924439907, ""logging_time"": 0.0001248260959982872, ""total_train_step_time"": 0.04369279881939292}",0.1426751036196947,0.011040132958441973
rollout_update,45248,1538.335881430471,11.982955286539138,212088.82950505885,0.04160339804366231,"{""policy_inference_time"": 0.007047052960842848, ""env_step_time"": 0.03356401203200221, ""replay_insert_time"": 0.0006162752397358418, ""logging_time"": 0.00011877622455358505, ""total_train_step_time"": 0.04160339804366231}",0.1426751036196947,0.011040132958441973
rollout_update,45312,1565.9377492848262,11.980587479911723,212088.82950505885,0.040870079305022955,"{""policy_inference_time"": 0.006931925192475319, ""env_step_time"": 0.032955935690551996, ""replay_insert_time"": 0.0006058048456907272, ""logging_time"": 0.00012016110122203827, ""total_train_step_time"": 0.040870079305022955}",0.1426751036196947,0.011040132958441973
rollout_update,45376,62.58189622666992,11.98899677388332,212103.95676042585,1.0226599681191146,"{""policy_inference_time"": 0.006905373185873032, ""env_step_time"": 0.032762412913143635, ""replay_insert_time"": 0.0006024562753736973, ""logging_time"": 0.00011669984087347984, ""total_train_step_time"": 1.0226599681191146}",0.14015504578128457,0.01093999482691288
rollout_update,45440,411.6867146163927,11.98003681370134,212103.95676042585,0.15545801632106304,"{""policy_inference_time"": 0.006973232142627239, ""env_step_time"": 0.14704835880547762, ""replay_insert_time"": 0.0010390537790954113, ""logging_time"": 0.00012784497812390327, ""total_train_step_time"": 0.15545801632106304}",0.14015504578128457,0.01093999482691288
rollout_update,45504,1504.4657486619112,11.977587315475331,212103.95676042585,0.0425400179810822,"{""policy_inference_time"": 0.008448777254670858, ""env_step_time"": 0.03310404717922211, ""replay_insert_time"": 0.000614530872553587, ""logging_time"": 0.00011739786714315414, ""total_train_step_time"": 0.0425400179810822}",0.14015504578128457,0.01093999482691288
rollout_update,45568,1577.9937618942445,11.975252886351031,212103.95676042585,0.0405578282661736,"{""policy_inference_time"": 0.0069837807677686214, ""env_step_time"": 0.03257627924904227, ""replay_insert_time"": 0.0006124782375991344, ""logging_time"": 0.00011914502829313278, ""total_train_step_time"": 0.0405578282661736}",0.14015504578128457,0.01093999482691288
rollout_update,45632,62.94511490880807,11.983975729382673,212123.70808804934,1.0167588079348207,"{""policy_inference_time"": 0.006948577705770731, ""env_step_time"": 0.03262315411120653, ""replay_insert_time"": 0.0006133862771093845, ""logging_time"": 0.00011774897575378418, ""total_train_step_time"": 1.0167588079348207}",0.13981736777350307,0.01094735087826848
rollout_update,45696,1505.287004604128,11.981539640416337,212123.70808804934,0.042516808956861496,"{""policy_inference_time"": 0.006993422284722328, ""env_step_time"": 0.034149068873375654, ""replay_insert_time"": 0.0009797303937375546, ""logging_time"": 0.00012559210881590843, ""total_train_step_time"": 0.042516808956861496}",0.13981736777350307,0.01094735087826848
rollout_update,45760,1547.0804568672338,11.979170311386037,212123.70808804934,0.0413682428188622,"{""policy_inference_time"": 0.00703451968729496, ""env_step_time"": 0.033338489942252636, ""replay_insert_time"": 0.0006142710335552692, ""logging_time"": 0.00012022722512483597, ""total_train_step_time"": 0.0413682428188622}",0.13981736777350307,0.01094735087826848
rollout_update,45824,1564.0142154316259,11.976827557066436,212123.70808804934,0.040920344181358814,"{""policy_inference_time"": 0.006972130853682756, ""env_step_time"": 0.032962679862976074, ""replay_insert_time"": 0.0006085820496082306, ""logging_time"": 0.00012055831030011177, ""total_train_step_time"": 0.040920344181358814}",0.13981736777350307,0.01094735087826848
rollout_update,45888,62.822904386756655,11.985382675153971,212141.45027426045,1.0187367270700634,"{""policy_inference_time"": 0.006983791943639517, ""env_step_time"": 0.03271629102528095, ""replay_insert_time"": 0.0006013880483806133, ""logging_time"": 0.00011904491111636162, ""total_train_step_time"": 1.0187367270700634}",0.1411545742303133,0.011004919186234474
rollout_update,45952,1414.1700825760613,11.982803456691522,212141.45027426045,0.045256225392222404,"{""policy_inference_time"": 0.007139622233808041, ""env_step_time"": 0.036677281837910414, ""replay_insert_time"": 0.001039327122271061, ""logging_time"": 0.00013095978647470474, ""total_train_step_time"": 0.045256225392222404}",0.1411545742303133,0.011004919186234474
rollout_update,46016,1528.2019788698449,11.98041768395686,212141.45027426045,0.04187928093597293,"{""policy_inference_time"": 0.00736730732023716, ""env_step_time"": 0.033500341698527336, ""replay_insert_time"": 0.0006384458392858505, ""logging_time"": 0.0001173769123852253, ""total_train_step_time"": 0.04187928093597293}",0.1411545742303133,0.011004919186234474
rollout_update,46080,1561.6706725536403,11.978083961038863,212141.45027426045,0.04098175186663866,"{""policy_inference_time"": 0.0070816450752317905, ""env_step_time"": 0.03289997996762395, ""replay_insert_time"": 0.0006209178827702999, ""logging_time"": 0.00012265238910913467, ""total_train_step_time"": 0.04098175186663866}",0.1411545742303133,0.011004919186234474
rollout_update,46144,62.861727411526914,11.986622287286387,212160.16414594578,1.0181075613945723,"{""policy_inference_time"": 0.00701733585447073, ""env_step_time"": 0.032616990618407726, ""replay_insert_time"": 0.000600873026996851, ""logging_time"": 0.00012168800458312035, ""total_train_step_time"": 1.0181075613945723}",0.13955261511728168,0.010883860755711794
rollout_update,46208,1504.6484726962738,11.98421102428183,212160.16414594578,0.04253485193476081,"{""policy_inference_time"": 0.007008370012044907, ""env_step_time"": 0.034166641999036074, ""replay_insert_time"": 0.0009698118083178997, ""logging_time"": 0.0001239841803908348, ""total_train_step_time"": 0.04253485193476081}",0.13955261511728168,0.010883860755711794
rollout_update,46272,1568.8855109294814,11.981899400105734,212160.16414594578,0.040793288964778185,"{""policy_inference_time"": 0.007015793118625879, ""env_step_time"": 0.03279540268704295, ""replay_insert_time"": 0.0006105103529989719, ""logging_time"": 0.00011820811778306961, ""total_train_step_time"": 0.040793288964778185}",0.13955261511728168,0.010883860755711794
rollout_update,46336,1582.9677804979165,11.979609220154641,212160.16414594578,0.040430387016385794,"{""policy_inference_time"": 0.0068833488039672375, ""env_step_time"": 0.03256815066561103, ""replay_insert_time"": 0.0006019608117640018, ""logging_time"": 0.00011832220479846, ""total_train_step_time"": 0.040430387016385794}",0.13955261511728168,0.010883860755711794
rollout_update,46400,63.016472316758836,11.988235383115462,212177.74947623414,1.015607469715178,"{""policy_inference_time"": 0.006959179881960154, ""env_step_time"": 0.03258656384423375, ""replay_insert_time"": 0.0006149490363895893, ""logging_time"": 0.00012038089334964752, ""total_train_step_time"": 1.015607469715178}",0.13902529934421182,0.01098396209999919
rollout_update,46464,1499.0897571120156,11.985827828155625,212177.74947623414,0.04269257374107838,"{""policy_inference_time"": 0.00702277384698391, ""env_step_time"": 0.03425836702808738, ""replay_insert_time"": 0.0010213586501777172, ""logging_time"": 0.00012601492926478386, ""total_train_step_time"": 0.04269257374107838}",0.13902529934421182,0.01098396209999919
rollout_update,46528,1329.210121335158,11.98311373576737,212177.74947623414,0.04814889607951045,"{""policy_inference_time"": 0.007268624845892191, ""env_step_time"": 0.039863764308393, ""replay_insert_time"": 0.0006362190470099449, ""logging_time"": 0.00011998321861028671, ""total_train_step_time"": 0.04814889607951045}",0.13902529934421182,0.01098396209999919
rollout_update,46592,1553.393603957115,11.980792312896703,212177.74947623414,0.04120011813938618,"{""policy_inference_time"": 0.0071494486182928085, ""env_step_time"": 0.033046988770365715, ""replay_insert_time"": 0.0006259740330278873, ""logging_time"": 0.00011927308514714241, ""total_train_step_time"": 0.04120011813938618}",0.13902529934421182,0.01098396209999919
rollout_update,46656,62.17558492915191,11.988595924416781,212193.85464205526,1.0293429498560727,"{""policy_inference_time"": 0.007130218669772148, ""env_step_time"": 0.0329251610673964, ""replay_insert_time"": 0.0006153611466288567, ""logging_time"": 0.00012073107063770294, ""total_train_step_time"": 1.0293429498560727}",0.1406286652199924,0.01096624368801713
rollout_update,46720,1479.8452455124918,11.986170245510971,212193.85464205526,0.04324776539579034,"{""policy_inference_time"": 0.007047185208648443, ""env_step_time"": 0.03472941601648927, ""replay_insert_time"": 0.0010778200812637806, ""logging_time"": 0.00012461794540286064, ""total_train_step_time"": 0.04324776539579034}",0.1406286652199924,0.01096624368801713
rollout_update,46784,1557.424952197829,11.983866305762966,212193.85464205526,0.041093472857028246,"{""policy_inference_time"": 0.007207806687802076, ""env_step_time"": 0.032890580128878355, ""replay_insert_time"": 0.0006144889630377293, ""logging_time"": 0.00012089498341083527, ""total_train_step_time"": 0.041093472857028246}",0.1406286652199924,0.01096624368801713
rollout_update,46848,1573.521334599884,11.981586806234166,212193.85464205526,0.04067310597747564,"{""policy_inference_time"": 0.007058833260089159, ""env_step_time"": 0.032624978106468916, ""replay_insert_time"": 0.0006037922576069832, ""logging_time"": 0.0001223357394337654, ""total_train_step_time"": 0.04067310597747564}",0.1406286652199924,0.01096624368801713
rollout_update,46912,62.21184650360208,11.989378164855907,212209.8019823433,1.0287429741583765,"{""policy_inference_time"": 0.006983030121773481, ""env_step_time"": 0.03240891918540001, ""replay_insert_time"": 0.0005993670783936977, ""logging_time"": 0.00011812429875135422, ""total_train_step_time"": 1.0287429741583765}",0.149684754665941,0.010968690738081932
rollout_update,46976,1486.172649615034,11.986975622064591,212209.8019823433,0.04306363733485341,"{""policy_inference_time"": 0.0070968871004879475, ""env_step_time"": 0.034556860104203224, ""replay_insert_time"": 0.001019102055579424, ""logging_time"": 0.00012510176748037338, ""total_train_step_time"": 0.04306363733485341}",0.149684754665941,0.010968690738081932
rollout_update,47040,1563.34981314961,11.984692577075727,212209.8019823433,0.04093773476779461,"{""policy_inference_time"": 0.0070657446049153805, ""env_step_time"": 0.03288394911214709, ""replay_insert_time"": 0.0006141411140561104, ""logging_time"": 0.00011993292719125748, ""total_train_step_time"": 0.04093773476779461}",0.149684754665941,0.010968690738081932
rollout_update,47104,1583.0348224010072,11.982438775054876,212209.8019823433,0.04042867477983236,"{""policy_inference_time"": 0.006948200054466724, ""env_step_time"": 0.032478099688887596, ""replay_insert_time"": 0.0006184740923345089, ""logging_time"": 0.00011997390538454056, ""total_train_step_time"": 0.04042867477983236}",0.149684754665941,0.010968690738081932
rollout_update,47168,62.68600690109867,11.990616427609563,212227.30110392923,1.0209615058265626,"{""policy_inference_time"": 0.006875328719615936, ""env_step_time"": 0.03241094574332237, ""replay_insert_time"": 0.0006027719937264919, ""logging_time"": 0.00011989707127213478, ""total_train_step_time"": 1.0209615058265626}",0.1399671258404851,0.010951180011034012
rollout_update,47232,1517.1890189164465,11.988275226428737,212227.30110392923,0.04218327393755317,"{""policy_inference_time"": 0.007008585147559643, ""env_step_time"": 0.033818347845226526, ""replay_insert_time"": 0.0009639128111302853, ""logging_time"": 0.00012351060286164284, ""total_train_step_time"": 0.04218327393755317}",0.1399671258404851,0.010951180011034012
rollout_update,47296,1580.1892777638404,11.986028226284475,212227.30110392923,0.04050147719681263,"{""policy_inference_time"": 0.006989471148699522, ""env_step_time"": 0.032512221951037645, ""replay_insert_time"": 0.0006219982169568539, ""logging_time"": 0.00012016575783491135, ""total_train_step_time"": 0.04050147719681263}",0.1399671258404851,0.010951180011034012
rollout_update,47360,1588.6996343847663,11.98379409829802,212227.30110392923,0.040284518618136644,"{""policy_inference_time"": 0.006891150027513504, ""env_step_time"": 0.03236630791798234, ""replay_insert_time"": 0.0006526987999677658, ""logging_time"": 0.00011834688484668732, ""total_train_step_time"": 0.040284518618136644}",0.1399671258404851,0.010951180011034012
rollout_update,47424,61.232244710584304,11.990583822061579,212198.56753969257,1.0452009444124997,"{""policy_inference_time"": 0.006853404920548201, ""env_step_time"": 0.03213976603001356, ""replay_insert_time"": 0.0005919360555708408, ""logging_time"": 0.00011881114915013313, ""total_train_step_time"": 1.0452009444124997}",0.15006933361291885,0.011165129952132702
rollout_update,47488,1494.5992236246086,11.988220029963477,212198.56753969257,0.04282084386795759,"{""policy_inference_time"": 0.00709081394597888, ""env_step_time"": 0.0342878308147192, ""replay_insert_time"": 0.0010507791303098202, ""logging_time"": 0.00012690387666225433, ""total_train_step_time"": 0.04282084386795759}",0.15006933361291885,0.011165129952132702
rollout_update,47552,1494.8731244727485,11.985857602519236,212198.56753969257,0.042812997940927744,"{""policy_inference_time"": 0.007296090945601463, ""env_step_time"": 0.03444077493622899, ""replay_insert_time"": 0.0006605391390621662, ""logging_time"": 0.00012799911201000214, ""total_train_step_time"": 0.042812997940927744}",0.15006933361291885,0.011165129952132702
rollout_update,47616,1471.1620286335653,11.98345805275701,212198.56753969257,0.04350302601233125,"{""policy_inference_time"": 0.007524475920945406, ""env_step_time"": 0.03490658802911639, ""replay_insert_time"": 0.0006684348918497562, ""logging_time"": 0.00012995395809412003, ""total_train_step_time"": 0.04350302601233125}",0.15006933361291885,0.011165129952132702
rollout_update,47680,62.252785128445744,11.991153867142733,212189.8945363547,1.0280664530582726,"{""policy_inference_time"": 0.007578649092465639, ""env_step_time"": 0.034619519021362066, ""replay_insert_time"": 0.000642731785774231, ""logging_time"": 0.00012601865455508232, ""total_train_step_time"": 1.0280664530582726}",0.13920979900285602,0.010913149919360876
rollout_update,47744,1523.9324128167418,11.98884774106965,212189.8945363547,0.04199661314487457,"{""policy_inference_time"": 0.006946937646716833, ""env_step_time"": 0.033712389413267374, ""replay_insert_time"": 0.0009532761760056019, ""logging_time"": 0.00012294994667172432, ""total_train_step_time"": 0.04199661314487457}",0.13920979900285602,0.010913149919360876
rollout_update,47808,1574.8103575644227,11.986616964155127,212189.8945363547,0.040639813989400864,"{""policy_inference_time"": 0.006923656910657883, ""env_step_time"": 0.032716122921556234, ""replay_insert_time"": 0.0006235078908503056, ""logging_time"": 0.00012004701420664787, ""total_train_step_time"": 0.040639813989400864}",0.13920979900285602,0.010913149919360876
rollout_update,47872,1569.3301038046006,11.984379231513671,212189.8945363547,0.04078173218294978,"{""policy_inference_time"": 0.007012957241386175, ""env_step_time"": 0.03278173413127661, ""replay_insert_time"": 0.0006140368059277534, ""logging_time"": 0.00012016342952847481, ""total_train_step_time"": 0.04078173218294978}",0.13920979900285602,0.010913149919360876
rollout_update,47936,61.26746257320345,11.9911270458782,212196.87314956044,1.0446001403033733,"{""policy_inference_time"": 0.006999757140874863, ""env_step_time"": 0.032957151997834444, ""replay_insert_time"": 0.0006187879480421543, ""logging_time"": 0.00011808192357420921, ""total_train_step_time"": 1.0446001403033733}",0.14837262267246842,0.011206280905753374
rollout_update,48000,1482.5435315428801,11.988769168382305,212196.87314956044,0.04316905280575156,"{""policy_inference_time"": 0.007256061304360628, ""env_step_time"": 0.03450228739529848, ""replay_insert_time"": 0.001019096001982689, ""logging_time"": 0.00012691691517829895, ""total_train_step_time"": 0.04316905280575156}",0.14837262267246842,0.011206280905753374
rollout_update,48064,1548.4018625081906,11.986512447523477,212196.87314956044,0.04133293917402625,"{""policy_inference_time"": 0.00712693901732564, ""env_step_time"": 0.033188455272465944, ""replay_insert_time"": 0.0006344029679894447, ""logging_time"": 0.00012268312275409698, ""total_train_step_time"": 0.04133293917402625}",0.14837262267246842,0.011206280905753374
rollout_update,48128,1559.5024612787647,11.984272630477523,212196.87314956044,0.04103872971609235,"{""policy_inference_time"": 0.0069807590916752815, ""env_step_time"": 0.033064215909689665, ""replay_insert_time"": 0.000620765145868063, ""logging_time"": 0.0001209271140396595, ""total_train_step_time"": 0.04103872971609235}",0.14837262267246842,0.011206280905753374
rollout_update,48192,61.65003318417699,11.991337425462357,212202.77275418708,1.0381178515963256,"{""policy_inference_time"": 0.007147981785237789, ""env_step_time"": 0.03314891830086708, ""replay_insert_time"": 0.0006106761284172535, ""logging_time"": 0.00012106308713555336, ""total_train_step_time"": 1.0381178515963256}",0.14116088021546602,0.011029540095478296
rollout_update,48256,1433.0918128980954,11.988911019413749,212202.77275418708,0.04465868789702654,"{""policy_inference_time"": 0.007004234008491039, ""env_step_time"": 0.036233093589544296, ""replay_insert_time"": 0.0010155299678444862, ""logging_time"": 0.00012829387560486794, ""total_train_step_time"": 0.04465868789702654}",0.14116088021546602,0.011029540095478296
rollout_update,48320,1532.8165310257577,11.986643362859507,212202.77275418708,0.04175320314243436,"{""policy_inference_time"": 0.007178888190537691, ""env_step_time"": 0.03356971498578787, ""replay_insert_time"": 0.0006257942877709866, ""logging_time"": 0.0001213541254401207, ""total_train_step_time"": 0.04175320314243436}",0.14116088021546602,0.011029540095478296
rollout_update,48384,1563.201926792981,11.984420617667348,212202.77275418708,0.04094160767272115,"{""policy_inference_time"": 0.007066024001687765, ""env_step_time"": 0.032884913962334394, ""replay_insert_time"": 0.0006082393229007721, ""logging_time"": 0.00011966796591877937, ""total_train_step_time"": 0.04094160767272115}",0.14116088021546602,0.011029540095478296
rollout_update,48448,60.86476553521643,11.990723609500696,212149.12298830895,1.0515114851295948,"{""policy_inference_time"": 0.0069314721040427685, ""env_step_time"": 0.03302210383117199, ""replay_insert_time"": 0.0006166822277009487, ""logging_time"": 0.00012247776612639427, ""total_train_step_time"": 1.0515114851295948}",0.14394115842878819,0.011062298901379108
rollout_update,48512,1495.0532491896802,11.988410220513048,212149.12298830895,0.042807839810848236,"{""policy_inference_time"": 0.006977077107876539, ""env_step_time"": 0.034442649222910404, ""replay_insert_time"": 0.0009954669512808323, ""logging_time"": 0.00012723077088594437, ""total_train_step_time"": 0.042807839810848236}",0.14394115842878819,0.011062298901379108
rollout_update,48576,1538.2095088417334,11.98616259162421,212149.12298830895,0.04160681599751115,"{""policy_inference_time"": 0.006970675196498632, ""env_step_time"": 0.03360701212659478, ""replay_insert_time"": 0.0006493092514574528, ""logging_time"": 0.00012160791084170341, ""total_train_step_time"": 0.04160681599751115}",0.14394115842878819,0.011062298901379108
rollout_update,48640,1450.649037628364,11.983780217391626,212149.12298830895,0.04411818319931626,"{""policy_inference_time"": 0.00929651316255331, ""env_step_time"": 0.033800775185227394, ""replay_insert_time"": 0.0006404649466276169, ""logging_time"": 0.00012142583727836609, ""total_train_step_time"": 0.04411818319931626}",0.14394115842878819,0.011062298901379108
rollout_update,48704,61.833667190889145,11.990938771635307,212155.52572923372,1.0350348427891731,"{""policy_inference_time"": 0.007057784125208855, ""env_step_time"": 0.03320768987759948, ""replay_insert_time"": 0.0006398609839379787, ""logging_time"": 0.0001221299171447754, ""total_train_step_time"": 1.0350348427891731}",0.14088912215083838,0.011039203964173794
rollout_update,48768,1473.243558749818,11.988603347323432,212155.52572923372,0.04344156105071306,"{""policy_inference_time"": 0.007025323808193207, ""env_step_time"": 0.03496840177103877, ""replay_insert_time"": 0.0010517891496419907, ""logging_time"": 0.00012703100219368935, ""total_train_step_time"": 0.04344156105071306}",0.14088912215083838,0.011039203964173794
rollout_update,48832,1086.4184429725021,11.985437835524232,212155.52572923372,0.0589091619476676,"{""policy_inference_time"": 0.007236548233777285, ""env_step_time"": 0.05056224577128887, ""replay_insert_time"": 0.0007041459903120995, ""logging_time"": 0.00013488205149769783, ""total_train_step_time"": 0.0589091619476676}",0.14088912215083838,0.011039203964173794
rollout_update,48896,1494.4790569086822,11.98313770123997,212155.52572923372,0.042824286967515945,"{""policy_inference_time"": 0.007912287022918463, ""env_step_time"": 0.033887555822730064, ""replay_insert_time"": 0.0006338688544929028, ""logging_time"": 0.0001258733682334423, ""total_train_step_time"": 0.042824286967515945}",0.14088912215083838,0.011039203964173794
rollout_update,48960,57.72092743566123,11.986318432787638,212033.05540423197,1.1087832930497825,"{""policy_inference_time"": 0.007220297120511532, ""env_step_time"": 0.03692479385063052, ""replay_insert_time"": 0.000721074640750885, ""logging_time"": 0.0001362818293273449, ""total_train_step_time"": 1.1087832930497825}",0.14939004788175225,0.015785309951752424
rollout_update,49024,1367.6982352279356,11.983817848871618,212033.05540423197,0.04679394792765379,"{""policy_inference_time"": 0.007753054611384869, ""env_step_time"": 0.037511167116463184, ""replay_insert_time"": 0.0011000665836036205, ""logging_time"": 0.00014220457524061203, ""total_train_step_time"": 0.04679394792765379}",0.14939004788175225,0.015785309951752424
rollout_update,49088,1243.4999937480716,11.981068716318475,212033.05540423197,0.051467631943523884,"{""policy_inference_time"": 0.0075692650862038136, ""env_step_time"": 0.04245422501116991, ""replay_insert_time"": 0.0008859671652317047, ""logging_time"": 0.0001852600835263729, ""total_train_step_time"": 0.051467631943523884}",0.14939004788175225,0.015785309951752424
rollout_update,49152,1271.701848637755,11.978381769216073,212033.05540423197,0.050326261669397354,"{""policy_inference_time"": 0.010522481985390186, ""env_step_time"": 0.038668277207762, ""replay_insert_time"": 0.0007042731158435345, ""logging_time"": 0.00013747205957770348, ""total_train_step_time"": 0.050326261669397354}",0.14939004788175225,0.015785309951752424
rollout_update,49216,55.79547278435861,11.97953556207486,211889.87179279697,1.1470464682206511,"{""policy_inference_time"": 0.007831040769815445, ""env_step_time"": 0.03935269685462117, ""replay_insert_time"": 0.0006642350926995277, ""logging_time"": 0.00011994084343314171, ""total_train_step_time"": 1.1470464682206511}",0.16009893734008074,0.01197356591001153
rollout_update,49280,1297.918328377254,11.976917184386128,211889.87179279697,0.04930972820147872,"{""policy_inference_time"": 0.007642925251275301, ""env_step_time"": 0.040066688787192106, ""replay_insert_time"": 0.0011395430192351341, ""logging_time"": 0.0001331171952188015, ""total_train_step_time"": 0.04930972820147872}",0.16009893734008074,0.01197356591001153
rollout_update,49344,1218.0634537723718,11.974128408118222,211889.87179279697,0.05254241870716214,"{""policy_inference_time"": 0.009107757825404406, ""env_step_time"": 0.04195202887058258, ""replay_insert_time"": 0.000909802969545126, ""logging_time"": 0.00018621375784277916, ""total_train_step_time"": 0.05254241870716214}",0.16009893734008074,0.01197356591001153
rollout_update,49408,1320.203308169968,11.971556542072749,211889.87179279697,0.0484773819334805,"{""policy_inference_time"": 0.009521613828837872, ""env_step_time"": 0.037788975052535534, ""replay_insert_time"": 0.0007334384135901928, ""logging_time"": 0.00013588322326540947, ""total_train_step_time"": 0.0484773819334805}",0.16009893734008074,0.01197356591001153
rollout_update,49472,57.51469178124062,11.974548154646115,211777.18879602,1.1127591580152512,"{""policy_inference_time"": 0.00974967796355486, ""env_step_time"": 0.043329562060534954, ""replay_insert_time"": 0.000726260244846344, ""logging_time"": 0.0001450120471417904, ""total_train_step_time"": 1.1127591580152512}",0.14923091884702444,0.012005294673144817
rollout_update,49536,1332.6241736084319,11.972013207880835,211777.18879602,0.048025543335825205,"{""policy_inference_time"": 0.007735526189208031, ""env_step_time"": 0.038764892145991325, ""replay_insert_time"": 0.0010969862341880798, ""logging_time"": 0.00014204997569322586, ""total_train_step_time"": 0.048025543335825205}",0.14923091884702444,0.012005294673144817
rollout_update,49600,1409.6364944210882,11.96961773895286,211777.18879602,0.04540177574381232,"{""policy_inference_time"": 0.007784245070070028, ""env_step_time"": 0.03649598220363259, ""replay_insert_time"": 0.0006632590666413307, ""logging_time"": 0.0001376662403345108, ""total_train_step_time"": 0.04540177574381232}",0.14923091884702444,0.012005294673144817
rollout_update,49664,1314.0722391664106,11.967049128043453,211777.18879602,0.048703562933951616,"{""policy_inference_time"": 0.008420681115239859, ""env_step_time"": 0.03910591918975115, ""replay_insert_time"": 0.0007471106946468353, ""logging_time"": 0.00013970816507935524, ""total_train_step_time"": 0.048703562933951616}",0.14923091884702444,0.012005294673144817
rollout_update,49728,55.745250623421114,11.96819277790966,211652.82696152892,1.1480798684060574,"{""policy_inference_time"": 0.008883295115083456, ""env_step_time"": 0.03970842296257615, ""replay_insert_time"": 0.000878199003636837, ""logging_time"": 0.0001885751262307167, ""total_train_step_time"": 1.1480798684060574}",0.14960881508886814,0.012089811265468597
rollout_update,49792,1352.1331792062922,11.96570984548144,211652.82696152892,0.047332615591585636,"{""policy_inference_time"": 0.007639155723154545, ""env_step_time"": 0.03813389828428626, ""replay_insert_time"": 0.0011099777184426785, ""logging_time"": 0.00014313636347651482, ""total_train_step_time"": 0.047332615591585636}",0.14960881508886814,0.012089811265468597
rollout_update,49856,1397.5441723464107,11.96330857238228,211652.82696152892,0.04579461691901088,"{""policy_inference_time"": 0.007775662932544947, ""env_step_time"": 0.03693603025749326, ""replay_insert_time"": 0.0006759208627045155, ""logging_time"": 0.00012204609811306, ""total_train_step_time"": 0.04579461691901088}",0.14960881508886814,0.012089811265468597
rollout_update,49920,1325.7304032616303,11.960778267491749,211652.82696152892,0.04827527515590191,"{""policy_inference_time"": 0.007729639764875174, ""env_step_time"": 0.039175563026219606, ""replay_insert_time"": 0.0009041279554367065, ""logging_time"": 0.0001516733318567276, ""total_train_step_time"": 0.04827527515590191}",0.14960881508886814,0.012089811265468597
rollout_update,49984,44.629334823164356,11.947054101653304,210022.46507238076,1.434034368954599,"{""policy_inference_time"": 0.007962230127304792, ""env_step_time"": 0.038979098200798035, ""replay_insert_time"": 0.0009709117002785206, ""logging_time"": 0.00018594181165099144, ""total_train_step_time"": 1.434034368954599}",0.15953510254621506,0.011748540680855513
rollout_update,50048,1354.5478068985544,11.944596939263231,210022.46507238076,0.04724824009463191,"{""policy_inference_time"": 0.007686325814574957, ""env_step_time"": 0.03802456334233284, ""replay_insert_time"": 0.0011026221327483654, ""logging_time"": 0.00013724109157919884, ""total_train_step_time"": 0.04724824009463191}",0.15953510254621506,0.011748540680855513
rollout_update,50112,1412.8674103582823,11.94224215116684,210022.46507238076,0.04529795190319419,"{""policy_inference_time"": 0.007486206945031881, ""env_step_time"": 0.036809937097132206, ""replay_insert_time"": 0.0006234981119632721, ""logging_time"": 0.00011953199282288551, ""total_train_step_time"": 0.04529795190319419}",0.15953510254621506,0.011748540680855513
rollout_update,50176,1408.5014395129597,11.939880996463462,210022.46507238076,0.04543836321681738,"{""policy_inference_time"": 0.0076538738794624805, ""env_step_time"": 0.03672452690079808, ""replay_insert_time"": 0.0006649922579526901, ""logging_time"": 0.00012549199163913727, ""total_train_step_time"": 0.04543836321681738}",0.15953510254621506,0.011748540680855513
rollout_update,50240,55.74758570726528,11.941148010186657,209840.76156462016,1.1480317790992558,"{""policy_inference_time"": 0.00766861904412508, ""env_step_time"": 0.03949473425745964, ""replay_insert_time"": 0.0007161893881857395, ""logging_time"": 0.00013388972729444504, ""total_train_step_time"": 1.1480317790992558}",0.1587374615482986,0.0137434471398592
rollout_update,50304,1320.5322603376153,11.938642837096486,209840.76156462016,0.04846530593931675,"{""policy_inference_time"": 0.007623380981385708, ""env_step_time"": 0.03884185291826725, ""replay_insert_time"": 0.0014158538542687893, ""logging_time"": 0.00020097335800528526, ""total_train_step_time"": 0.04846530593931675}",0.1587374615482986,0.0137434471398592
rollout_update,50368,1272.8381537104913,11.936044904189574,209840.76156462016,0.05028133373707533,"{""policy_inference_time"": 0.008531038649380207, ""env_step_time"": 0.040571391582489014, ""replay_insert_time"": 0.0007276479154825211, ""logging_time"": 0.00013922201469540596, ""total_train_step_time"": 0.05028133373707533}",0.1587374615482986,0.0137434471398592
rollout_update,50432,1325.5436361360414,11.933551332648804,209840.76156462016,0.04828207707032561,"{""policy_inference_time"": 0.00835292600095272, ""env_step_time"": 0.03870670171454549, ""replay_insert_time"": 0.0007442780770361423, ""logging_time"": 0.00015731807798147202, ""total_train_step_time"": 0.04828207707032561}",0.1587374615482986,0.0137434471398592
rollout_update,50496,57.17506073850212,11.936315591328723,209746.46677065105,1.1193691650405526,"{""policy_inference_time"": 0.008117842953652143, ""env_step_time"": 0.03742642980068922, ""replay_insert_time"": 0.0006805751472711563, ""logging_time"": 0.00013949023559689522, ""total_train_step_time"": 1.1193691650405526}",0.15659120958298445,0.011866360902786255
rollout_update,50560,1253.6026389047267,11.933692146270532,209746.46677065105,0.051052859984338284,"{""policy_inference_time"": 0.007666132878512144, ""env_step_time"": 0.0417729658074677, ""replay_insert_time"": 0.0011553470976650715, ""logging_time"": 0.00015303771942853928, ""total_train_step_time"": 0.051052859984338284}",0.15659120958298445,0.011866360902786255
rollout_update,50624,1321.728894875438,11.931204987550036,209746.46677065105,0.048421427607536316,"{""policy_inference_time"": 0.008265931159257889, ""env_step_time"": 0.03904707496985793, ""replay_insert_time"": 0.0006735450588166714, ""logging_time"": 0.00014210399240255356, ""total_train_step_time"": 0.048421427607536316}",0.15659120958298445,0.011866360902786255
rollout_update,50688,1388.7276477409723,11.92883878377594,209746.46677065105,0.04608535021543503,"{""policy_inference_time"": 0.007693789899349213, ""env_step_time"": 0.03727832203730941, ""replay_insert_time"": 0.0007011243142187595, ""logging_time"": 0.00014036474749445915, ""total_train_step_time"": 0.04608535021543503}",0.15659120958298445,0.011866360902786255
rollout_update,50752,62.023880690933005,11.936083982527816,209762.6932497193,1.0318606202490628,"{""policy_inference_time"": 0.0076731531880795956, ""env_step_time"": 0.037582232151180506, ""replay_insert_time"": 0.0006208447739481926, ""logging_time"": 0.00012086890637874603, ""total_train_step_time"": 1.0318606202490628}",0.14056005934253335,0.011108523234724998
rollout_update,50816,1473.5531959059397,11.933863353718722,209762.6932497193,0.04343243269249797,"{""policy_inference_time"": 0.007104128133505583, ""env_step_time"": 0.034918397199362516, ""replay_insert_time"": 0.0009995820000767708, ""logging_time"": 0.00013326480984687805, ""total_train_step_time"": 0.04343243269249797}",0.14056005934253335,0.011108523234724998
rollout_update,50880,1526.3771843788277,11.931720358889168,209762.6932497193,0.04192934790626168,"{""policy_inference_time"": 0.007027140818536282, ""env_step_time"": 0.033901268150657415, ""replay_insert_time"": 0.0006237360648810863, ""logging_time"": 0.00011938903480768204, ""total_train_step_time"": 0.04192934790626168}",0.14056005934253335,0.011108523234724998
rollout_update,50944,1531.8150053144154,11.92958573693602,209762.6932497193,0.04178050206974149,"{""policy_inference_time"": 0.006982312072068453, ""env_step_time"": 0.03379251807928085, ""replay_insert_time"": 0.000617471057921648, ""logging_time"": 0.0001287246122956276, ""total_train_step_time"": 0.04178050206974149}",0.14056005934253335,0.011108523234724998
rollout_update,51008,62.41452101163997,11.93712050745072,209773.54507090632,1.0254024057649076,"{""policy_inference_time"": 0.00709263700991869, ""env_step_time"": 0.033563143108040094, ""replay_insert_time"": 0.0006134477443993092, ""logging_time"": 0.00012163491919636726, ""total_train_step_time"": 1.0254024057649076}",0.14076285995543003,0.010954316705465317
rollout_update,51072,1448.4930790612807,11.934872369922253,209773.54507090632,0.04418384935706854,"{""policy_inference_time"": 0.007025603204965591, ""env_step_time"": 0.035742614418268204, ""replay_insert_time"": 0.0010187956504523754, ""logging_time"": 0.00012715160846710205, ""total_train_step_time"": 0.04418384935706854}",0.14076285995543003,0.010954316705465317
rollout_update,51136,1527.1715824894889,11.932740836748971,209773.54507090632,0.04190753726288676,"{""policy_inference_time"": 0.007114089094102383, ""env_step_time"": 0.03379375208169222, ""replay_insert_time"": 0.0006120754405856133, ""logging_time"": 0.00011980021372437477, ""total_train_step_time"": 0.04190753726288676}",0.14076285995543003,0.010954316705465317
rollout_update,51200,1545.4260552698445,11.930635228910276,209773.54507090632,0.04141252813860774,"{""policy_inference_time"": 0.006950520910322666, ""env_step_time"": 0.033488888759166, ""replay_insert_time"": 0.0006009950302541256, ""logging_time"": 0.00011808797717094421, ""total_train_step_time"": 0.04141252813860774}",0.14076285995543003,0.010954316705465317
rollout_update,51264,62.72744839367957,11.938387663188871,209797.0923390454,1.0202869977802038,"{""policy_inference_time"": 0.006902474910020828, ""env_step_time"": 0.033359693828970194, ""replay_insert_time"": 0.0005882023833692074, ""logging_time"": 0.00011642789468169212, ""total_train_step_time"": 1.0202869977802038}",0.14065345702692866,0.011030135210603476
rollout_update,51328,1473.4499901218921,11.936188123449293,209797.0923390454,0.04343547485768795,"{""policy_inference_time"": 0.007074038032442331, ""env_step_time"": 0.03498420491814613, ""replay_insert_time"": 0.0009925169870257378, ""logging_time"": 0.00012389803305268288, ""total_train_step_time"": 0.04343547485768795}",0.14065345702692866,0.011030135210603476
rollout_update,51392,1536.5381294437693,11.934079654904782,209797.0923390454,0.041652074083685875,"{""policy_inference_time"": 0.007040098309516907, ""env_step_time"": 0.033623244147747755, ""replay_insert_time"": 0.0006144107319414616, ""logging_time"": 0.00011932803317904472, ""total_train_step_time"": 0.041652074083685875}",0.14065345702692866,0.011030135210603476
rollout_update,51456,1537.434269928106,11.931973159464047,209797.0923390454,0.04162779590114951,"{""policy_inference_time"": 0.006953419651836157, ""env_step_time"": 0.03368804091587663, ""replay_insert_time"": 0.000614347867667675, ""logging_time"": 0.0001191101036965847, ""total_train_step_time"": 0.04162779590114951}",0.14065345702692866,0.011030135210603476
rollout_update,51520,62.38816415828938,11.939402596774743,209815.03142937092,1.0258356030099094,"{""policy_inference_time"": 0.0069807060062885284, ""env_step_time"": 0.033548987936228514, ""replay_insert_time"": 0.0006057256832718849, ""logging_time"": 0.00011867424473166466, ""total_train_step_time"": 1.0258356030099094}",0.14050560677424073,0.011094199027866125
rollout_update,51584,1413.562460333247,11.937120848382955,209815.03142937092,0.04527567885816097,"{""policy_inference_time"": 0.0070210229605436325, ""env_step_time"": 0.036703326273709536, ""replay_insert_time"": 0.0011437791399657726, ""logging_time"": 0.00013585994020104408, ""total_train_step_time"": 0.04527567885816097}",0.14050560677424073,0.011094199027866125
rollout_update,51648,1241.0117251037689,11.934522907064778,209815.03142937092,0.05157082621008158,"{""policy_inference_time"": 0.007797223050147295, ""env_step_time"": 0.042721324134618044, ""replay_insert_time"": 0.0006578713655471802, ""logging_time"": 0.00013287318870425224, ""total_train_step_time"": 0.05157082621008158}",0.14050560677424073,0.011094199027866125
rollout_update,51712,1404.4997050160273,11.932228314755635,209815.03142937092,0.04556782729923725,"{""policy_inference_time"": 0.007346007972955704, ""env_step_time"": 0.037183661945164204, ""replay_insert_time"": 0.0006468142382800579, ""logging_time"": 0.00012705055996775627, ""total_train_step_time"": 0.04556782729923725}",0.14050560677424073,0.011094199027866125
rollout_update,51776,61.019725983346476,11.938466343416192,209826.6547887134,1.0488411569967866,"{""policy_inference_time"": 0.00807081675156951, ""env_step_time"": 0.034833870362490416, ""replay_insert_time"": 0.0006242631934583187, ""logging_time"": 0.00012006424367427826, ""total_train_step_time"": 1.0488411569967866}",0.14200498396530747,0.011092207860201597
rollout_update,51840,1442.242864571346,11.936241324889364,209826.6547887134,0.04437532788142562,"{""policy_inference_time"": 0.007155633997172117, ""env_step_time"": 0.03574386704713106, ""replay_insert_time"": 0.0010748407803475857, ""logging_time"": 0.0001278407871723175, ""total_train_step_time"": 0.04437532788142562}",0.14200498396530747,0.011092207860201597
rollout_update,51904,1488.2997241892356,11.934085952817206,209826.6547887134,0.04300209088250995,"{""policy_inference_time"": 0.007432498037815094, ""env_step_time"": 0.03454272774979472, ""replay_insert_time"": 0.0006413948722183704, ""logging_time"": 0.0001229671761393547, ""total_train_step_time"": 0.04300209088250995}",0.14200498396530747,0.011092207860201597
rollout_update,51968,1516.4172000003796,11.931971302507902,209826.6547887134,0.042204744182527065,"{""policy_inference_time"": 0.007235504686832428, ""env_step_time"": 0.033928911201655865, ""replay_insert_time"": 0.0006563612259924412, ""logging_time"": 0.00012305891141295433, ""total_train_step_time"": 0.042204744182527065}",0.14200498396530747,0.011092207860201597
rollout_update,52032,61.97537116701793,11.93898684392146,209844.28760459044,1.0326682808808982,"{""policy_inference_time"": 0.007371963933110237, ""env_step_time"": 0.038974187802523375, ""replay_insert_time"": 0.0006656469777226448, ""logging_time"": 0.00012688012793660164, ""total_train_step_time"": 1.0326682808808982}",0.14166936557739973,0.011128348764032125
rollout_update,52096,1410.9496674367133,11.936723435878928,209844.28760459044,0.045359520241618156,"{""policy_inference_time"": 0.007055829744786024, ""env_step_time"": 0.03683429816737771, ""replay_insert_time"": 0.00105741573497653, ""logging_time"": 0.00012997817248106003, ""total_train_step_time"": 0.045359520241618156}",0.14166936557739973,0.011128348764032125
rollout_update,52160,1440.7619360629137,11.934507693903152,209844.28760459044,0.04442094033583999,"{""policy_inference_time"": 0.007657330948859453, ""env_step_time"": 0.03567681601271033, ""replay_insert_time"": 0.0006782142445445061, ""logging_time"": 0.00013012299314141273, ""total_train_step_time"": 0.04442094033583999}",0.14166936557739973,0.011128348764032125
rollout_update,52224,1450.2627879720553,11.932307281902437,209844.28760459044,0.0441299332305789,"{""policy_inference_time"": 0.007580694742500782, ""env_step_time"": 0.03551881993189454, ""replay_insert_time"": 0.0006296280771493912, ""logging_time"": 0.00012512784451246262, ""total_train_step_time"": 0.0441299332305789}",0.14166936557739973,0.011128348764032125
rollout_update,52288,60.06045234214253,11.937652257173093,209809.16742452284,1.0655930400826037,"{""policy_inference_time"": 0.007634769659489393, ""env_step_time"": 0.035707572009414434, ""replay_insert_time"": 0.0006871297955513, ""logging_time"": 0.00012990273535251617, ""total_train_step_time"": 1.0655930400826037}",0.14664355432614684,0.011699374299496412
rollout_update,52352,1394.1428520202765,11.935373249802758,209809.16742452284,0.045906343031674623,"{""policy_inference_time"": 0.007509379182010889, ""env_step_time"": 0.036925842985510826, ""replay_insert_time"": 0.0010609147138893604, ""logging_time"": 0.00013327272608876228, ""total_train_step_time"": 0.045906343031674623}",0.14664355432614684,0.011699374299496412
rollout_update,52416,1442.0462493270784,11.933170776012878,209809.16742452284,0.04438137821853161,"{""policy_inference_time"": 0.007464661728590727, ""env_step_time"": 0.03583387192338705, ""replay_insert_time"": 0.0006666230037808418, ""logging_time"": 0.00013927416875958443, ""total_train_step_time"": 0.04438137821853161}",0.14664355432614684,0.011699374299496412
rollout_update,52480,1468.4481466486566,11.931008692426719,209809.16742452284,0.04358342522755265,"{""policy_inference_time"": 0.007456607185304165, ""env_step_time"": 0.035052800085395575, ""replay_insert_time"": 0.0006611249409615993, ""logging_time"": 0.00012592924758791924, ""total_train_step_time"": 0.04358342522755265}",0.14664355432614684,0.011699374299496412
rollout_update,52544,60.05040601127492,11.936324053466276,209774.49581201514,1.0657713119871914,"{""policy_inference_time"": 0.007488113362342119, ""env_step_time"": 0.03542016074061394, ""replay_insert_time"": 0.0006565861403942108, ""logging_time"": 0.0001269313506782055, ""total_train_step_time"": 1.0657713119871914}",0.14591468079015613,0.011699902825057507
rollout_update,52608,1397.898696040664,11.934062702691234,209774.49581201514,0.045783002860844135,"{""policy_inference_time"": 0.0074437279254198074, ""env_step_time"": 0.03688870696350932, ""replay_insert_time"": 0.001045609824359417, ""logging_time"": 0.00012754695490002632, ""total_train_step_time"": 0.045783002860844135}",0.14591468079015613,0.011699902825057507
rollout_update,52672,1446.6134165448323,11.931878316812274,209774.49581201514,0.044241259805858135,"{""policy_inference_time"": 0.007532066665589809, ""env_step_time"": 0.03562690643593669, ""replay_insert_time"": 0.000669707078486681, ""logging_time"": 0.00013466598466038704, ""total_train_step_time"": 0.044241259805858135}",0.14591468079015613,0.011699902825057507
rollout_update,52736,1467.9971510982714,11.92972653214176,209774.49581201514,0.0435968148522079,"{""policy_inference_time"": 0.007308019790798426, ""env_step_time"": 0.0352183529175818, ""replay_insert_time"": 0.0006703119724988937, ""logging_time"": 0.00012747105211019516, ""total_train_step_time"": 0.0435968148522079}",0.14591468079015613,0.011699902825057507
rollout_update,52800,61.4626690176567,11.936225081186958,209763.37081618214,1.0412824731320143,"{""policy_inference_time"": 0.007401107810437679, ""env_step_time"": 0.03542260127142072, ""replay_insert_time"": 0.0006283111870288849, ""logging_time"": 0.0001215287484228611, ""total_train_step_time"": 1.0412824731320143}",0.14232722204178572,0.011017319280654192
rollout_update,52864,1468.043031634058,11.934082196352115,209763.37081618214,0.04359545232728124,"{""policy_inference_time"": 0.00710554514080286, ""env_step_time"": 0.03503626538440585, ""replay_insert_time"": 0.0010511009022593498, ""logging_time"": 0.0001279660500586033, ""total_train_step_time"": 0.04359545232728124}",0.14232722204178572,0.011017319280654192
rollout_update,52928,1510.364012059355,11.93200009322385,209763.37081618214,0.04237389098852873,"{""policy_inference_time"": 0.007254356984049082, ""env_step_time"": 0.034118284936994314, ""replay_insert_time"": 0.0006220252253115177, ""logging_time"": 0.00012266682460904121, ""total_train_step_time"": 0.04237389098852873}",0.14232722204178572,0.011017319280654192
rollout_update,52992,1534.6310943527167,11.929951623592073,209763.37081618214,0.04170383373275399,"{""policy_inference_time"": 0.0070706321857869625, ""env_step_time"": 0.03364325501024723, ""replay_insert_time"": 0.0006153788417577744, ""logging_time"": 0.00011810800060629845, ""total_train_step_time"": 0.04170383373275399}",0.14232722204178572,0.011017319280654192
rollout_update,53056,62.28333554836476,11.937089416508769,209782.87677816098,1.0275621791370213,"{""policy_inference_time"": 0.007082892116159201, ""env_step_time"": 0.0336455162614584, ""replay_insert_time"": 0.0006121909245848656, ""logging_time"": 0.00011990312486886978, ""total_train_step_time"": 1.0275621791370213}",0.14094555377960205,0.011130820028483868
rollout_update,53120,1468.2388793705343,11.934956807782713,209782.87677816098,0.04358963714912534,"{""policy_inference_time"": 0.007058288902044296, ""env_step_time"": 0.03510581282898784, ""replay_insert_time"": 0.0010264478623867035, ""logging_time"": 0.00012935884296894073, ""total_train_step_time"": 0.04358963714912534}",0.14094555377960205,0.011130820028483868
rollout_update,53184,1516.1313006620362,11.93289229126593,209782.87677816098,0.04221270279958844,"{""policy_inference_time"": 0.00709229102358222, ""env_step_time"": 0.03410597564652562, ""replay_insert_time"": 0.0006365329027175903, ""logging_time"": 0.00012056063860654831, ""total_train_step_time"": 0.04221270279958844}",0.14094555377960205,0.011130820028483868
rollout_update,53248,1294.9864437800636,11.930476124659116,209782.87677816098,0.04942136676982045,"{""policy_inference_time"": 0.013448089826852083, ""env_step_time"": 0.03492694906890392, ""replay_insert_time"": 0.0006578760221600533, ""logging_time"": 0.00012664590030908585, ""total_train_step_time"": 0.04942136676982045}",0.14094555377960205,0.011130820028483868
rollout_update,53312,62.281476254045906,11.937576363252226,209801.65446235682,1.027592855039984,"{""policy_inference_time"": 0.007325468119233847, ""env_step_time"": 0.03414882207289338, ""replay_insert_time"": 0.00063270702958107, ""logging_time"": 0.00012061977759003639, ""total_train_step_time"": 1.027592855039984}",0.14197286823764443,0.011123858392238617
rollout_update,53376,1471.514793852366,11.93545850792528,209801.65446235682,0.0434925970621407,"{""policy_inference_time"": 0.007046142593026161, ""env_step_time"": 0.035029349848628044, ""replay_insert_time"": 0.0010150019079446793, ""logging_time"": 0.0001232069917023182, ""total_train_step_time"": 0.0434925970621407}",0.14197286823764443,0.011123858392238617
rollout_update,53440,1513.9788877869937,11.933400774241148,209801.65446235682,0.04227271629497409,"{""policy_inference_time"": 0.0071474602445960045, ""env_step_time"": 0.034122973680496216, ""replay_insert_time"": 0.0006242319941520691, ""logging_time"": 0.00012105191126465797, ""total_train_step_time"": 0.04227271629497409}",0.14197286823764443,0.011123858392238617
rollout_update,53504,1524.3922470798666,11.931357799407655,209801.65446235682,0.041983944829553366,"{""policy_inference_time"": 0.0071037630550563335, ""env_step_time"": 0.03387040877714753, ""replay_insert_time"": 0.0006290939636528492, ""logging_time"": 0.00012244516983628273, ""total_train_step_time"": 0.041983944829553366}",0.14197286823764443,0.011123858392238617
rollout_update,53568,62.1830965612464,11.938342235371607,209811.41924940175,1.0292186066508293,"{""policy_inference_time"": 0.007046248763799667, ""env_step_time"": 0.03381539415568113, ""replay_insert_time"": 0.000615512952208519, ""logging_time"": 0.00012093083932995796, ""total_train_step_time"": 1.0292186066508293}",0.1415612855926156,0.011025731917470694
rollout_update,53632,1468.2139877504044,11.936229454434667,209811.41924940175,0.043590376153588295,"{""policy_inference_time"": 0.007077533286064863, ""env_step_time"": 0.03512301202863455, ""replay_insert_time"": 0.0009880298748612404, ""logging_time"": 0.00013001682236790657, ""total_train_step_time"": 0.043590376153588295}",0.1415612855926156,0.011025731917470694
rollout_update,53696,1516.3946466536356,11.934184515668193,209811.41924940175,0.042205371893942356,"{""policy_inference_time"": 0.007063691038638353, ""env_step_time"": 0.034122210927307606, ""replay_insert_time"": 0.0006385166198015213, ""logging_time"": 0.00012177135795354843, ""total_train_step_time"": 0.042205371893942356}",0.1415612855926156,0.011025731917470694
rollout_update,53760,1524.301914781336,11.932150880081895,209811.41924940175,0.04198643285781145,"{""policy_inference_time"": 0.007162110880017281, ""env_step_time"": 0.03383184503763914, ""replay_insert_time"": 0.0006151292473077774, ""logging_time"": 0.00012040743604302406, ""total_train_step_time"": 0.04198643285781145}",0.1415612855926156,0.011025731917470694
rollout_update,53824,61.94975878045613,11.938912297143782,209830.71137421078,1.033095225226134,"{""policy_inference_time"": 0.007089485414326191, ""env_step_time"": 0.033654022961854935, ""replay_insert_time"": 0.0006141527555882931, ""logging_time"": 0.0001199948601424694, ""total_train_step_time"": 1.033095225226134}",0.14723736373707652,0.011081434320658445
rollout_update,53888,1470.8553788201677,11.936813102710792,209830.71137421078,0.04351209569722414,"{""policy_inference_time"": 0.00709142629057169, ""env_step_time"": 0.03503383230417967, ""replay_insert_time"": 0.0009935563430190086, ""logging_time"": 0.0001274910755455494, ""total_train_step_time"": 0.04351209569722414}",0.14723736373707652,0.011081434320658445
rollout_update,53952,1531.9333284252539,11.934798297357698,209830.71137421078,0.041777275037020445,"{""policy_inference_time"": 0.007038522977381945, ""env_step_time"": 0.03372713178396225, ""replay_insert_time"": 0.0006365249864757061, ""logging_time"": 0.00011958600953221321, ""total_train_step_time"": 0.041777275037020445}",0.14723736373707652,0.011081434320658445
rollout_update,54016,1526.5576907360278,11.93277708068194,209830.71137421078,0.04192439001053572,"{""policy_inference_time"": 0.007075065281242132, ""env_step_time"": 0.03386720595881343, ""replay_insert_time"": 0.0006077750585973263, ""logging_time"": 0.00011938391253352165, ""total_train_step_time"": 0.04192439001053572}",0.14723736373707652,0.011081434320658445
rollout_update,54080,62.08826902084347,11.939615029902917,209844.6479149307,1.03079053433612,"{""policy_inference_time"": 0.0069814869202673435, ""env_step_time"": 0.03357126982882619, ""replay_insert_time"": 0.0006199278868734837, ""logging_time"": 0.00011934293434023857, ""total_train_step_time"": 1.03079053433612}",0.14326009433716536,0.011045339051634073
rollout_update,54144,1439.1007280906215,11.937479390902059,209844.6479149307,0.044472217094153166,"{""policy_inference_time"": 0.007137424312531948, ""env_step_time"": 0.03589936764910817, ""replay_insert_time"": 0.001040841918438673, ""logging_time"": 0.00012807874009013176, ""total_train_step_time"": 0.044472217094153166}",0.14326009433716536,0.011045339051634073
rollout_update,54208,1472.0064364357097,11.935392231113804,209844.6479149307,0.04347807075828314,"{""policy_inference_time"": 0.007658216170966625, ""env_step_time"": 0.03479924378916621, ""replay_insert_time"": 0.0006431820802390575, ""logging_time"": 0.00012044794857501984, ""total_train_step_time"": 0.04347807075828314}",0.14326009433716536,0.011045339051634073
rollout_update,54272,1495.9661013938364,11.93333921193503,209844.6479149307,0.04278171807527542,"{""policy_inference_time"": 0.007299574092030525, ""env_step_time"": 0.034424333833158016, ""replay_insert_time"": 0.0006719399243593216, ""logging_time"": 0.0001237913966178894, ""total_train_step_time"": 0.04278171807527542}",0.14326009433716536,0.011045339051634073
rollout_update,54336,61.42351804569843,11.939609720356435,209848.52287077805,1.041946180164814,"{""policy_inference_time"": 0.00742396991699934, ""env_step_time"": 0.035064373165369034, ""replay_insert_time"": 0.0006483541801571846, ""logging_time"": 0.00012266403064131737, ""total_train_step_time"": 1.041946180164814}",0.14452467812225223,0.011166897136718035
rollout_update,54400,1422.1388859781016,11.937458760335547,209848.52287077805,0.04500263696536422,"{""policy_inference_time"": 0.007265188731253147, ""env_step_time"": 0.03627436328679323, ""replay_insert_time"": 0.0010516312904655933, ""logging_time"": 0.00013110879808664322, ""total_train_step_time"": 0.04500263696536422}",0.14452467812225223,0.011166897136718035
rollout_update,54464,1486.5632486967218,11.935401743391111,209848.52287077805,0.04305232223123312,"{""policy_inference_time"": 0.007291155867278576, ""env_step_time"": 0.034743507858365774, ""replay_insert_time"": 0.0006330050528049469, ""logging_time"": 0.00012273900210857391, ""total_train_step_time"": 0.04305232223123312}",0.14452467812225223,0.011166897136718035
rollout_update,54528,1501.5128367433651,11.93336590507151,209848.52287077805,0.04262367822229862,"{""policy_inference_time"": 0.007210573181509972, ""env_step_time"": 0.03440193273127079, ""replay_insert_time"": 0.0006250799633562565, ""logging_time"": 0.00012487871572375298, ""total_train_step_time"": 0.04262367822229862}",0.14452467812225223,0.011166897136718035
rollout_update,54592,60.90434800980019,11.939184399792763,209856.40531817256,1.0508280950598419,"{""policy_inference_time"": 0.0070798518136143684, ""env_step_time"": 0.03403500420972705, ""replay_insert_time"": 0.0007349802181124687, ""logging_time"": 0.000125005841255188, ""total_train_step_time"": 1.0508280950598419}",0.14517548214644194,0.011113272048532963
rollout_update,54656,1407.8966297705615,11.937021989751148,209856.40531817256,0.045457882806658745,"{""policy_inference_time"": 0.007218632847070694, ""env_step_time"": 0.03682788973674178, ""replay_insert_time"": 0.001015848945826292, ""logging_time"": 0.00012659700587391853, ""total_train_step_time"": 0.045457882806658745}",0.14517548214644194,0.011113272048532963
rollout_update,54720,1499.6119295997541,11.934992544105029,209856.40531817256,0.042677707970142365,"{""policy_inference_time"": 0.007194509729743004, ""env_step_time"": 0.03445900324732065, ""replay_insert_time"": 0.0006412193179130554, ""logging_time"": 0.00012242095544934273, ""total_train_step_time"": 0.042677707970142365}",0.14517548214644194,0.011113272048532963
rollout_update,54784,1496.4177319360622,11.932959458635969,209856.40531817256,0.04276880621910095,"{""policy_inference_time"": 0.00748535105958581, ""env_step_time"": 0.03426285879686475, ""replay_insert_time"": 0.0006406931206583977, ""logging_time"": 0.0001222323626279831, ""total_train_step_time"": 0.04276880621910095}",0.14517548214644194,0.011113272048532963
rollout_update,54848,61.27332672702512,11.939052031665303,209864.7662396725,1.04450016701594,"{""policy_inference_time"": 0.007084751967340708, ""env_step_time"": 0.034449353348463774, ""replay_insert_time"": 0.0006414172239601612, ""logging_time"": 0.0001217396929860115, ""total_train_step_time"": 1.04450016701594}",0.14434041595086455,0.011387811973690987
rollout_update,54912,1427.0440495117036,11.936928598772612,209864.7662396725,0.044847949873656034,"{""policy_inference_time"": 0.007132673170417547, ""env_step_time"": 0.0362540278583765, ""replay_insert_time"": 0.0010568401776254177, ""logging_time"": 0.0001289290376007557, ""total_train_step_time"": 0.044847949873656034}",0.14434041595086455,0.011387811973690987
rollout_update,54976,1445.7085950176279,11.934833320692364,209864.7662396725,0.04426894895732403,"{""policy_inference_time"": 0.007443008944392204, ""env_step_time"": 0.03576845210045576, ""replay_insert_time"": 0.000670374371111393, ""logging_time"": 0.00012370198965072632, ""total_train_step_time"": 0.04426894895732403}",0.14434041595086455,0.011387811973690987
rollout_update,55040,1484.216045316191,11.932793110911854,209864.7662396725,0.04312040703371167,"{""policy_inference_time"": 0.00729425810277462, ""env_step_time"": 0.03471536794677377, ""replay_insert_time"": 0.000632409006357193, ""logging_time"": 0.00011994829401373863, ""total_train_step_time"": 0.04312040703371167}",0.14434041595086455,0.011387811973690987
rollout_update,55104,57.39275598092662,11.935530168950462,209802.8229546558,1.115123309660703,"{""policy_inference_time"": 0.007140405010432005, ""env_step_time"": 0.03443795582279563, ""replay_insert_time"": 0.0006344816647469997, ""logging_time"": 0.00012512784451246262, ""total_train_step_time"": 1.115123309660703}",0.1482246806845069,0.011258313432335854
rollout_update,55168,1415.4211501327761,11.933400468923436,209802.8229546558,0.045216224156320095,"{""policy_inference_time"": 0.007429993245750666, ""env_step_time"": 0.036296980921179056, ""replay_insert_time"": 0.0010906383395195007, ""logging_time"": 0.00012570898979902267, ""total_train_step_time"": 0.045216224156320095}",0.1482246806845069,0.011258313432335854
rollout_update,55232,1372.8249261516648,11.931205483847574,209802.8229546558,0.04661920014768839,"{""policy_inference_time"": 0.007279193960130215, ""env_step_time"": 0.0382757019251585, ""replay_insert_time"": 0.0006699110381305218, ""logging_time"": 0.00012662773951888084, ""total_train_step_time"": 0.04661920014768839}",0.1482246806845069,0.011258313432335854
rollout_update,55296,1444.8552707605174,11.929120673289274,209802.8229546558,0.04429509397596121,"{""policy_inference_time"": 0.007184178102761507, ""env_step_time"": 0.036092673894017935, ""replay_insert_time"": 0.0006336630322039127, ""logging_time"": 0.00012183608487248421, ""total_train_step_time"": 0.04429509397596121}",0.1482246806845069,0.011258313432335854
rollout_update,55360,61.77119631651093,11.935565633378522,209809.86153405948,1.0360816013999283,"{""policy_inference_time"": 0.007257027085870504, ""env_step_time"": 0.03460506023839116, ""replay_insert_time"": 0.0006985957734286785, ""logging_time"": 0.00012561259791254997, ""total_train_step_time"": 1.0360816013999283}",0.1421473273076117,0.011023798026144505
rollout_update,55424,1461.8480905543504,11.933513047781025,209809.86153405948,0.04378019878640771,"{""policy_inference_time"": 0.007127830758690834, ""env_step_time"": 0.035250195767730474, ""replay_insert_time"": 0.0010028881952166557, ""logging_time"": 0.00012577325105667114, ""total_train_step_time"": 0.04378019878640771}",0.1421473273076117,0.011023798026144505
rollout_update,55488,1517.2407057894534,11.931536067264268,209809.86153405948,0.042181836906820536,"{""policy_inference_time"": 0.007012310903519392, ""env_step_time"": 0.034153827000409365, ""replay_insert_time"": 0.0006252028979361057, ""logging_time"": 0.00012277299538254738, ""total_train_step_time"": 0.042181836906820536}",0.1421473273076117,0.011023798026144505
rollout_update,55552,1527.7752180011441,11.929573366849713,209809.86153405948,0.041890979278832674,"{""policy_inference_time"": 0.006957427132874727, ""env_step_time"": 0.033932278864085674, ""replay_insert_time"": 0.000621037557721138, ""logging_time"": 0.00012222770601511002, ""total_train_step_time"": 0.041890979278832674}",0.1421473273076117,0.011023798026144505
rollout_update,55616,61.283874600025534,11.935602579609194,209808.09013563796,1.0443203928880394,"{""policy_inference_time"": 0.007061030715703964, ""env_step_time"": 0.033964033238589764, ""replay_insert_time"": 0.0006157848984003067, ""logging_time"": 0.00011986028403043747, ""total_train_step_time"": 1.0443203928880394}",0.14107511332258582,0.011098702903836966
rollout_update,55680,1406.3082889448551,11.933478717481622,209808.09013563796,0.04550922475755215,"{""policy_inference_time"": 0.007073345128446817, ""env_step_time"": 0.036924601066857576, ""replay_insert_time"": 0.0010825460776686668, ""logging_time"": 0.00013503804802894592, ""total_train_step_time"": 0.04550922475755215}",0.14107511332258582,0.011098702903836966
rollout_update,55744,1433.9104700549556,11.931396472859811,209808.09013563796,0.04463319107890129,"{""policy_inference_time"": 0.00757642975077033, ""env_step_time"": 0.0359720760025084, ""replay_insert_time"": 0.0006952369585633278, ""logging_time"": 0.00012195436283946037, ""total_train_step_time"": 0.04463319107890129}",0.14107511332258582,0.011098702903836966
rollout_update,55808,1450.8440545057886,11.929339245096042,209808.09013563796,0.0441122530028224,"{""policy_inference_time"": 0.007532639894634485, ""env_step_time"": 0.035525844898074865, ""replay_insert_time"": 0.0006589191034436226, ""logging_time"": 0.00012407591566443443, ""total_train_step_time"": 0.0441122530028224}",0.14107511332258582,0.011098702903836966
rollout_update,55872,59.83557965322622,11.934167428780684,209780.2404100884,1.0695977271534503,"{""policy_inference_time"": 0.00739657785743475, ""env_step_time"": 0.035574284847825766, ""replay_insert_time"": 0.0006397305987775326, ""logging_time"": 0.00012845918536186218, ""total_train_step_time"": 1.0695977271534503}",0.14685395918786526,0.011714410036802292
rollout_update,55936,1385.057287500044,11.9320213471616,209780.2404100884,0.04620747501030564,"{""policy_inference_time"": 0.007473745848983526, ""env_step_time"": 0.03723243623971939, ""replay_insert_time"": 0.001085829921066761, ""logging_time"": 0.0001314198598265648, ""total_train_step_time"": 0.04620747501030564}",0.14685395918786526,0.011714410036802292
rollout_update,56000,1433.0399774590605,11.929947856496351,209780.2404100884,0.04466030327603221,"{""policy_inference_time"": 0.007693702355027199, ""env_step_time"": 0.0358968717046082, ""replay_insert_time"": 0.0006690789014101028, ""logging_time"": 0.00012735789641737938, ""total_train_step_time"": 0.04466030327603221}",0.14685395918786526,0.011714410036802292
rollout_update,56064,1428.3818842965698,11.927868328020734,209780.2404100884,0.04480594489723444,"{""policy_inference_time"": 0.007528630085289478, ""env_step_time"": 0.036218549124896526, ""replay_insert_time"": 0.0006573409773409367, ""logging_time"": 0.00012796511873602867, ""total_train_step_time"": 0.04480594489723444}",0.14685395918786526,0.011714410036802292
rollout_update,56128,61.12384964736151,11.933722330846436,209782.50766350745,1.04705447005108,"{""policy_inference_time"": 0.009595147334039211, ""env_step_time"": 0.035936590284109116, ""replay_insert_time"": 0.0006866957992315292, ""logging_time"": 0.00012510968372225761, ""total_train_step_time"": 1.04705447005108}",0.14871309511363506,0.011051306035369635
rollout_update,56192,1240.21703884034,11.931336736508264,209782.50766350745,0.051603870932012796,"{""policy_inference_time"": 0.00725383497774601, ""env_step_time"": 0.042861116118729115, ""replay_insert_time"": 0.001091131940484047, ""logging_time"": 0.00012730201706290245, ""total_train_step_time"": 0.051603870932012796}",0.14871309511363506,0.011051306035369635
rollout_update,56256,1504.702273896809,11.929371180900826,209782.50766350745,0.04253333108499646,"{""policy_inference_time"": 0.007287645246833563, ""env_step_time"": 0.034218189772218466, ""replay_insert_time"": 0.0006487732753157616, ""logging_time"": 0.00011976528912782669, ""total_train_step_time"": 0.04253333108499646}",0.14871309511363506,0.011051306035369635
rollout_update,56320,1518.855523393211,11.92742457953612,209782.50766350745,0.0421369899995625,"{""policy_inference_time"": 0.007170753087848425, ""env_step_time"": 0.0339650958776474, ""replay_insert_time"": 0.0006242948584258556, ""logging_time"": 0.00012079998850822449, ""total_train_step_time"": 0.0421369899995625}",0.14871309511363506,0.011051306035369635
rollout_update,56384,62.25889608609292,11.93413229668268,209803.06082335126,1.027965544257313,"{""policy_inference_time"": 0.007079984061419964, ""env_step_time"": 0.03370716469362378, ""replay_insert_time"": 0.0006243824027478695, ""logging_time"": 0.00011937087401747704, ""total_train_step_time"": 1.027965544257313}",0.1416232092306018,0.011028863955289125
rollout_update,56448,1405.8818505244888,11.932037141069838,209803.06082335126,0.0455230288207531,"{""policy_inference_time"": 0.0073499917052686214, ""env_step_time"": 0.03669623006135225, ""replay_insert_time"": 0.0010784901678562164, ""logging_time"": 0.00012695975601673126, ""total_train_step_time"": 0.0455230288207531}",0.1416232092306018,0.011028863955289125
rollout_update,56512,1516.3785351409224,11.930095314020862,209803.06082335126,0.04220582032576203,"{""policy_inference_time"": 0.0070730531588196754, ""env_step_time"": 0.03413339518010616, ""replay_insert_time"": 0.0006210841238498688, ""logging_time"": 0.00011927541345357895, ""total_train_step_time"": 0.04220582032576203}",0.1416232092306018,0.011028863955289125
rollout_update,56576,1529.7234005743007,11.928171050591846,209803.06082335126,0.041837628930807114,"{""policy_inference_time"": 0.006987739820033312, ""env_step_time"": 0.033846335019916296, ""replay_insert_time"": 0.0006300928071141243, ""logging_time"": 0.00011950172483921051, ""total_train_step_time"": 0.041837628930807114}",0.1416232092306018,0.011028863955289125
rollout_update,56640,61.575556059652016,11.934323199354754,209822.14987655758,1.0393734802491963,"{""policy_inference_time"": 0.007073223125189543, ""env_step_time"": 0.03366216691210866, ""replay_insert_time"": 0.000613055657595396, ""logging_time"": 0.0001212218776345253, ""total_train_step_time"": 1.0393734802491963}",0.14327443297952414,0.011002574115991592
rollout_update,56704,1413.3066141762129,11.932248368718463,209822.14987655758,0.045283874962478876,"{""policy_inference_time"": 0.0072722588665783405, ""env_step_time"": 0.03652692260220647, ""replay_insert_time"": 0.0010858611203730106, ""logging_time"": 0.00012885406613349915, ""total_train_step_time"": 0.045283874962478876}",0.14327443297952414,0.011002574115991592
rollout_update,56768,1513.2984033567293,11.93031128473614,209822.14987655758,0.04229172505438328,"{""policy_inference_time"": 0.007049360312521458, ""env_step_time"": 0.034221264999359846, ""replay_insert_time"": 0.0006426270119845867, ""logging_time"": 0.00012197531759738922, ""total_train_step_time"": 0.04229172505438328}",0.14327443297952414,0.011002574115991592
rollout_update,56832,1518.2523901720954,11.928381147125759,209822.14987655758,0.04215372912585735,"{""policy_inference_time"": 0.007097070105373859, ""env_step_time"": 0.034035070799291134, ""replay_insert_time"": 0.000640347134321928, ""logging_time"": 0.00012297695502638817, ""total_train_step_time"": 0.04215372912585735}",0.14327443297952414,0.011002574115991592
rollout_update,56896,61.39917803208028,11.934368751427858,209834.81974437673,1.0423592310398817,"{""policy_inference_time"": 0.007097900845110416, ""env_step_time"": 0.033870314713567495, ""replay_insert_time"": 0.0006230436265468597, ""logging_time"": 0.00012120790779590607, ""total_train_step_time"": 1.0423592310398817}",0.1462824228219688,0.011597984004765749
rollout_update,56960,1366.6051332243328,11.932232633661457,209834.81974437673,0.04683137685060501,"{""policy_inference_time"": 0.007543744053691626, ""env_step_time"": 0.03779987012967467, ""replay_insert_time"": 0.0010527661070227623, ""logging_time"": 0.00013393815606832504, ""total_train_step_time"": 0.04683137685060501}",0.1462824228219688,0.011597984004765749
rollout_update,57024,1430.500725403865,11.930192643084869,209834.81974437673,0.04473957885056734,"{""policy_inference_time"": 0.007541468366980553, ""env_step_time"": 0.03611351875588298, ""replay_insert_time"": 0.0006781709380447865, ""logging_time"": 0.00012937607243657112, ""total_train_step_time"": 0.04473957885056734}",0.1462824228219688,0.011597984004765749
rollout_update,57088,1447.6343765940596,11.928177482144966,209834.81974437673,0.04421005817130208,"{""policy_inference_time"": 0.007431884296238422, ""env_step_time"": 0.035687848925590515, ""replay_insert_time"": 0.0006849044002592564, ""logging_time"": 0.00013205036520957947, ""total_train_step_time"": 0.04421005817130208}",0.1462824228219688,0.011597984004765749
rollout_update,57152,60.75603971265669,11.933637954023625,209780.12055765596,1.0533932149410248,"{""policy_inference_time"": 0.007535604760050774, ""env_step_time"": 0.035258656833320856, ""replay_insert_time"": 0.0006623612716794014, ""logging_time"": 0.00012914184480905533, ""total_train_step_time"": 1.0533932149410248}",0.14198228996247053,0.010994961019605398
rollout_update,57216,1461.194155259674,11.931649253766956,209780.12055765596,0.04379979195073247,"{""policy_inference_time"": 0.007087810896337032, ""env_step_time"": 0.03530096402391791, ""replay_insert_time"": 0.0010135979391634464, ""logging_time"": 0.00012825289741158485, ""total_train_step_time"": 0.04379979195073247}",0.14198228996247053,0.010994961019605398
rollout_update,57280,1515.6526343851224,11.929732636351488,209780.12055765596,0.042226034216582775,"{""policy_inference_time"": 0.007062123157083988, ""env_step_time"": 0.034130833111703396, ""replay_insert_time"": 0.0006388677284121513, ""logging_time"": 0.00012530013918876648, ""total_train_step_time"": 0.042226034216582775}",0.14198228996247053,0.010994961019605398
rollout_update,57344,1521.5650269246769,11.927824078457968,209780.12055765596,0.04206195520237088,"{""policy_inference_time"": 0.007137530017644167, ""env_step_time"": 0.0339157129637897, ""replay_insert_time"": 0.0006325817666947842, ""logging_time"": 0.00012053502723574638, ""total_train_step_time"": 0.04206195520237088}",0.14198228996247053,0.010994961019605398
rollout_update,57408,62.394638546958866,11.934512266510916,209797.66237804721,1.0257291570305824,"{""policy_inference_time"": 0.007039479445666075, ""env_step_time"": 0.03375702165067196, ""replay_insert_time"": 0.0006311372853815556, ""logging_time"": 0.0001235678791999817, ""total_train_step_time"": 1.0257291570305824}",0.14116768166422844,0.011237029917538166
rollout_update,57472,1459.7567208533253,11.9325301638124,209797.66237804721,0.0438429219648242,"{""policy_inference_time"": 0.007034109905362129, ""env_step_time"": 0.03539721108973026, ""replay_insert_time"": 0.0010181190446019173, ""logging_time"": 0.00012459512799978256, ""total_train_step_time"": 0.0438429219648242}",0.14116768166422844,0.011237029917538166
rollout_update,57536,1508.907871766842,11.930613252569643,209797.66237804721,0.04241478303447366,"{""policy_inference_time"": 0.007100842893123627, ""env_step_time"": 0.03428967483341694, ""replay_insert_time"": 0.0006367340683937073, ""logging_time"": 0.0001265592873096466, ""total_train_step_time"": 0.04241478303447366}",0.14116768166422844,0.011237029917538166
rollout_update,57600,1512.7248154632823,11.928701791583741,209797.66237804721,0.042307761032134295,"{""policy_inference_time"": 0.007166014984250069, ""env_step_time"": 0.03411728609353304, ""replay_insert_time"": 0.0006355540826916695, ""logging_time"": 0.00012689176946878433, ""total_train_step_time"": 0.042307761032134295}",0.14116768166422844,0.011237029917538166
rollout_update,57664,61.23889270769484,11.934485955308046,209813.3623819865,1.0450874790549278,"{""policy_inference_time"": 0.01458269590511918, ""env_step_time"": 0.03412275295704603, ""replay_insert_time"": 0.0006243162788450718, ""logging_time"": 0.00011999905109405518, ""total_train_step_time"": 1.0450874790549278}",0.14066876377910376,0.01103456411510706
rollout_update,57728,1428.8415131355553,11.932469941481553,209813.3623819865,0.04479153174906969,"{""policy_inference_time"": 0.007090758997946978, ""env_step_time"": 0.03620153712108731, ""replay_insert_time"": 0.0010906588286161423, ""logging_time"": 0.00012974813580513, ""total_train_step_time"": 0.04479153174906969}",0.14066876377910376,0.01103456411510706
rollout_update,57792,1502.9458079368478,11.93055396075474,209813.3623819865,0.0425830390304327,"{""policy_inference_time"": 0.007221151143312454, ""env_step_time"": 0.03436905797570944, ""replay_insert_time"": 0.0006178938783705235, ""logging_time"": 0.00012100068852305412, ""total_train_step_time"": 0.0425830390304327}",0.14066876377910376,0.01103456411510706
rollout_update,57856,1519.3924660311104,11.928659324796653,209813.3623819865,0.042122099082916975,"{""policy_inference_time"": 0.007061664015054703, ""env_step_time"": 0.03407113999128342, ""replay_insert_time"": 0.0006163222715258598, ""logging_time"": 0.00011733593419194221, ""total_train_step_time"": 0.042122099082916975}",0.14066876377910376,0.01103456411510706
rollout_update,57920,61.85179499616383,11.934882290202905,209820.65960178987,1.034731490071863,"{""policy_inference_time"": 0.0070272949524223804, ""env_step_time"": 0.0339828128926456, ""replay_insert_time"": 0.0006186310201883316, ""logging_time"": 0.00012298114597797394, ""total_train_step_time"": 1.034731490071863}",0.14050201792269945,0.011050529778003693
rollout_update,57984,1400.8367012633362,11.932834901316394,209820.65960178987,0.04568698117509484,"{""policy_inference_time"": 0.007016628049314022, ""env_step_time"": 0.037179989740252495, ""replay_insert_time"": 0.001092872116714716, ""logging_time"": 0.0001284601166844368, ""total_train_step_time"": 0.04568698117509484}",0.14050201792269945,0.011050529778003693
rollout_update,58048,1499.8453433348811,11.930923300145984,209820.65960178987,0.042671066243201494,"{""policy_inference_time"": 0.007420823909342289, ""env_step_time"": 0.034241084940731525, ""replay_insert_time"": 0.0006303167901933193, ""logging_time"": 0.00012153992429375648, ""total_train_step_time"": 0.042671066243201494}",0.14050201792269945,0.011050529778003693
rollout_update,58112,1531.9509333245826,11.929052354270635,209820.65960178987,0.04177679494023323,"{""policy_inference_time"": 0.007028279826045036, ""env_step_time"": 0.03377923974767327, ""replay_insert_time"": 0.0005978518165647984, ""logging_time"": 0.00011833710595965385, ""total_train_step_time"": 0.04177679494023323}",0.14050201792269945,0.011050529778003693
rollout_update,58176,62.262138031452594,11.93555103638023,209839.3553507643,1.0279120188206434,"{""policy_inference_time"": 0.00692781014367938, ""env_step_time"": 0.03389311721548438, ""replay_insert_time"": 0.0006081210449337959, ""logging_time"": 0.0001205839216709137, ""total_train_step_time"": 1.0279120188206434}",0.1427352363243699,0.011358997318893671
rollout_update,58240,1451.2536150893004,11.933583208467612,209839.3553507643,0.044099804013967514,"{""policy_inference_time"": 0.007171169854700565, ""env_step_time"": 0.03550393879413605, ""replay_insert_time"": 0.0010218112729489803, ""logging_time"": 0.00012747570872306824, ""total_train_step_time"": 0.044099804013967514}",0.1427352363243699,0.011358997318893671
rollout_update,58304,1503.8486132876146,11.931684817713837,209839.3553507643,0.04255747515708208,"{""policy_inference_time"": 0.0070348456501960754, ""env_step_time"": 0.03450201312080026, ""replay_insert_time"": 0.000637304037809372, ""logging_time"": 0.000120535958558321, ""total_train_step_time"": 0.04255747515708208}",0.1427352363243699,0.011358997318893671
rollout_update,58368,1522.6534027596485,11.929810464865565,209839.3553507643,0.04203188978135586,"{""policy_inference_time"": 0.007159828208386898, ""env_step_time"": 0.033889384008944035, ""replay_insert_time"": 0.0006129592657089233, ""logging_time"": 0.00011748913675546646, ""total_train_step_time"": 0.04203188978135586}",0.1427352363243699,0.011358997318893671
rollout_update,58432,61.24900351827401,11.935522698018106,209847.65687261373,1.044914958998561,"{""policy_inference_time"": 0.006968381814658642, ""env_step_time"": 0.03378163278102875, ""replay_insert_time"": 0.0006053559482097626, ""logging_time"": 0.00011657597497105598, ""total_train_step_time"": 1.044914958998561}",0.1435385523363948,0.011060894001275301
rollout_update,58496,1443.017483743041,11.933552290543249,209847.65687261373,0.04435150697827339,"{""policy_inference_time"": 0.007338785100728273, ""env_step_time"": 0.03553448477759957, ""replay_insert_time"": 0.0010670642368495464, ""logging_time"": 0.00013034092262387276, ""total_train_step_time"": 0.04435150697827339}",0.1435385523363948,0.011060894001275301
rollout_update,58560,1456.4030725379557,11.931600634330252,209847.65687261373,0.04394387872889638,"{""policy_inference_time"": 0.007154861930757761, ""env_step_time"": 0.035557467956095934, ""replay_insert_time"": 0.0008253948763012886, ""logging_time"": 0.00012651318684220314, ""total_train_step_time"": 0.04394387872889638}",0.1435385523363948,0.011060894001275301
rollout_update,58624,1531.2283210945175,11.929744940302976,209847.65687261373,0.041796510107815266,"{""policy_inference_time"": 0.0070488350465893745, ""env_step_time"": 0.03376231109723449, ""replay_insert_time"": 0.000612013041973114, ""logging_time"": 0.00011922698467969894, ""total_train_step_time"": 0.041796510107815266}",0.1435385523363948,0.011060894001275301
rollout_update,58688,61.96122175466856,11.935963939069488,209863.19519799866,1.032904100138694,"{""policy_inference_time"": 0.00693931570276618, ""env_step_time"": 0.033785799983888865, ""replay_insert_time"": 0.0006011612713336945, ""logging_time"": 0.00011994410306215286, ""total_train_step_time"": 1.032904100138694}",0.14234413020312786,0.011072969064116478
rollout_update,58752,1442.2345103972689,11.934000887165075,209863.19519799866,0.04437558492645621,"{""policy_inference_time"": 0.007134248968213797, ""env_step_time"": 0.03574778698384762, ""replay_insert_time"": 0.0010853307321667671, ""logging_time"": 0.00012741563841700554, ""total_train_step_time"": 0.04437558492645621}",0.14234413020312786,0.011072969064116478
rollout_update,58816,1514.138441142284,11.932131657695923,209863.19519799866,0.0422682617790997,"{""policy_inference_time"": 0.00731691112741828, ""env_step_time"": 0.03393415408208966, ""replay_insert_time"": 0.0006418977864086628, ""logging_time"": 0.00011863093823194504, ""total_train_step_time"": 0.0422682617790997}",0.14234413020312786,0.011072969064116478
rollout_update,58880,1517.1325626526761,11.930266700958994,209863.19519799866,0.04218484368175268,"{""policy_inference_time"": 0.007122574839740992, ""env_step_time"": 0.034074761904776096, ""replay_insert_time"": 0.0006130030378699303, ""logging_time"": 0.00012084189802408218, ""total_train_step_time"": 0.04218484368175268}",0.14234413020312786,0.011072969064116478
rollout_update,58944,61.799242934624324,11.93633777146581,209883.24462295236,1.0356113919988275,"{""policy_inference_time"": 0.007104126270860434, ""env_step_time"": 0.03544971393421292, ""replay_insert_time"": 0.0006202119402587414, ""logging_time"": 0.00012086890637874603, ""total_train_step_time"": 1.0356113919988275}",0.14106390764936805,0.011099303141236305
rollout_update,59008,1483.169582049471,11.934437033779327,209883.24462295236,0.04315083101391792,"{""policy_inference_time"": 0.006981239654123783, ""env_step_time"": 0.03468783665448427, ""replay_insert_time"": 0.0010610339231789112, ""logging_time"": 0.00013733981177210808, ""total_train_step_time"": 0.04315083101391792}",0.14106390764936805,0.011099303141236305
rollout_update,59072,1527.6755185377456,11.932592249549316,209883.24462295236,0.04189371317625046,"{""policy_inference_time"": 0.007066258694976568, ""env_step_time"": 0.03382760612294078, ""replay_insert_time"": 0.0006219390779733658, ""logging_time"": 0.00011881021782755852, ""total_train_step_time"": 0.04189371317625046}",0.14106390764936805,0.011099303141236305
rollout_update,59136,1546.9800850573135,11.930771045749985,209883.24462295236,0.04137092689052224,"{""policy_inference_time"": 0.006997101008892059, ""env_step_time"": 0.03337462479248643, ""replay_insert_time"": 0.0006226063705980778, ""logging_time"": 0.00011996785178780556, ""total_train_step_time"": 0.04137092689052224}",0.14106390764936805,0.011099303141236305
rollout_update,59200,61.96028386341023,11.936932351932125,209876.16290654975,1.0329197351820767,"{""policy_inference_time"": 0.006875739898532629, ""env_step_time"": 0.03379526874050498, ""replay_insert_time"": 0.0006003049202263355, ""logging_time"": 0.00011718599125742912, ""total_train_step_time"": 1.0329197351820767}",0.14084088196977973,0.01101777097210288
rollout_update,59264,1470.76640078345,11.935023658099015,209876.16290654975,0.04351472808048129,"{""policy_inference_time"": 0.007095235865563154, ""env_step_time"": 0.035021714866161346, ""replay_insert_time"": 0.001005650032311678, ""logging_time"": 0.00012468500062823296, ""total_train_step_time"": 0.04351472808048129}",0.14084088196977973,0.01101777097210288
rollout_update,59328,1513.1601508353833,11.933169024453653,209876.16290654975,0.04229558911174536,"{""policy_inference_time"": 0.007096522953361273, ""env_step_time"": 0.034205776173621416, ""replay_insert_time"": 0.000618878286331892, ""logging_time"": 0.0001180809922516346, ""total_train_step_time"": 0.04229558911174536}",0.14084088196977973,0.01101777097210288
rollout_update,59392,1523.8344476088002,11.931327952586356,209876.16290654975,0.04199931304901838,"{""policy_inference_time"": 0.007033994887024164, ""env_step_time"": 0.0339692709967494, ""replay_insert_time"": 0.0006199306808412075, ""logging_time"": 0.0001190020702779293, ""total_train_step_time"": 0.04199931304901838}",0.14084088196977973,0.01101777097210288
rollout_update,59456,62.384026811428186,11.937767493460752,209894.04188227793,1.0259036370553076,"{""policy_inference_time"": 0.007103940937668085, ""env_step_time"": 0.03375064814463258, ""replay_insert_time"": 0.0006304667331278324, ""logging_time"": 0.00011897413060069084, ""total_train_step_time"": 1.0259036370553076}",0.1411900594830513,0.010949511080980301
rollout_update,59520,1464.8171816860563,11.935859005661372,209894.04188227793,0.043691459111869335,"{""policy_inference_time"": 0.007079096045345068, ""env_step_time"": 0.035178087186068296, ""replay_insert_time"": 0.0010374728590250015, ""logging_time"": 0.00012801773846149445, ""total_train_step_time"": 0.043691459111869335}",0.1411900594830513,0.010949511080980301
rollout_update,59584,1495.4786829554957,11.933990238694573,209894.04188227793,0.042795661836862564,"{""policy_inference_time"": 0.0073166051879525185, ""env_step_time"": 0.03444990236312151, ""replay_insert_time"": 0.0006402907893061638, ""logging_time"": 0.00012295274063944817, ""total_train_step_time"": 0.042795661836862564}",0.1411900594830513,0.010949511080980301
rollout_update,59648,1513.3256303180274,11.932144085241118,209894.04188227793,0.04229096416383982,"{""policy_inference_time"": 0.00723221292719245, ""env_step_time"": 0.03404842782765627, ""replay_insert_time"": 0.0006266911514103413, ""logging_time"": 0.0001241159625351429, ""total_train_step_time"": 0.04229096416383982}",0.1411900594830513,0.010949511080980301
rollout_update,59712,61.545746112505036,11.937945573080277,209909.49892659456,1.0398769052699208,"{""policy_inference_time"": 0.0070478408597409725, ""env_step_time"": 0.033790661953389645, ""replay_insert_time"": 0.0006191241554915905, ""logging_time"": 0.00012255599722266197, ""total_train_step_time"": 1.0398769052699208}",0.14146493980661035,0.01115103205665946
rollout_update,59776,1470.641254782416,11.936052708003423,209909.49892659456,0.04351843101903796,"{""policy_inference_time"": 0.007091572042554617, ""env_step_time"": 0.0350150209851563, ""replay_insert_time"": 0.001019313931465149, ""logging_time"": 0.00012549897655844688, ""total_train_step_time"": 0.04351843101903796}",0.14146493980661035,0.01115103205665946
rollout_update,59840,1512.0636231577828,11.934212272927041,209909.49892659456,0.042326261289417744,"{""policy_inference_time"": 0.007128310855478048, ""env_step_time"": 0.03419791627675295, ""replay_insert_time"": 0.000624197069555521, ""logging_time"": 0.00011870823800563812, ""total_train_step_time"": 0.042326261289417744}",0.14146493980661035,0.01115103205665946
rollout_update,59904,1502.3084720775798,11.932360460103675,209909.49892659456,0.042601104360073805,"{""policy_inference_time"": 0.007035145070403814, ""env_step_time"": 0.03457640437409282, ""replay_insert_time"": 0.0006149420514702797, ""logging_time"": 0.00011957623064517975, ""total_train_step_time"": 0.042601104360073805}",0.14146493980661035,0.01115103205665946
rollout_update,59968,59.71014137266487,11.936751887341819,209874.70082303975,1.0718447240069509,"{""policy_inference_time"": 0.007023768033832312, ""env_step_time"": 0.035635451786220074, ""replay_insert_time"": 0.000645381398499012, ""logging_time"": 0.0001273658126592636, ""total_train_step_time"": 1.0718447240069509}",0.1462913821451366,0.011064598802477121
rollout_update,60032,1439.879200423041,11.934827199423854,209874.70082303975,0.04444817313924432,"{""policy_inference_time"": 0.007061733864247799, ""env_step_time"": 0.03598593408241868, ""replay_insert_time"": 0.0010092970915138721, ""logging_time"": 0.00012577930465340614, ""total_train_step_time"": 0.04444817313924432}",0.1462913821451366,0.011064598802477121
rollout_update,60096,1379.7397654057113,11.932819280866324,209874.70082303975,0.046385558787733316,"{""policy_inference_time"": 0.007166893221437931, ""env_step_time"": 0.038188012316823006, ""replay_insert_time"": 0.0006497753784060478, ""logging_time"": 0.00012024398893117905, ""total_train_step_time"": 0.046385558787733316}",0.1462913821451366,0.011064598802477121
rollout_update,60160,1435.2361263045395,11.93088963945634,209874.70082303975,0.04459196561947465,"{""policy_inference_time"": 0.008179864846169949, ""env_step_time"": 0.03540969779714942, ""replay_insert_time"": 0.0006270678713917732, ""logging_time"": 0.00011915061622858047, ""total_train_step_time"": 0.04459196561947465}",0.1462913821451366,0.011064598802477121
rollout_update,60224,60.72905926524384,11.936043012242983,209860.27372945164,1.0538612119853497,"{""policy_inference_time"": 0.007091931998729706, ""env_step_time"": 0.03446451295167208, ""replay_insert_time"": 0.0006362292915582657, ""logging_time"": 0.00012146215885877609, ""total_train_step_time"": 1.0538612119853497}",0.14486164646223187,0.011093889828771353
rollout_update,60288,1374.594692977927,11.934035709025974,209860.27372945164,0.04655917873606086,"{""policy_inference_time"": 0.008400337770581245, ""env_step_time"": 0.036726176738739014, ""replay_insert_time"": 0.001037820242345333, ""logging_time"": 0.0001270640641450882, ""total_train_step_time"": 0.04655917873606086}",0.14486164646223187,0.011093889828771353
rollout_update,60352,1484.3567701127067,11.93217743963342,209860.27372945164,0.0431163189932704,"{""policy_inference_time"": 0.007305495906621218, ""env_step_time"": 0.03480821801349521, ""replay_insert_time"": 0.0006238310597836971, ""logging_time"": 0.00012071710079908371, ""total_train_step_time"": 0.0431163189932704}",0.14486164646223187,0.011093889828771353
rollout_update,60416,1512.944525337616,11.93035484538569,209860.27372945164,0.042301617097109556,"{""policy_inference_time"": 0.007055077701807022, ""env_step_time"": 0.03425590833649039, ""replay_insert_time"": 0.0006114128045737743, ""logging_time"": 0.00011976482346653938, ""total_train_step_time"": 0.042301617097109556}",0.14486164646223187,0.011093889828771353
rollout_update,60480,59.23840772857599,11.934349800309771,209834.56519517224,1.0803801529109478,"{""policy_inference_time"": 0.008007235825061798, ""env_step_time"": 0.03528693690896034, ""replay_insert_time"": 0.0006530419923365116, ""logging_time"": 0.00012335926294326782, ""total_train_step_time"": 1.0803801529109478}",0.14683012897148728,0.011676042806357145
rollout_update,60544,1416.9479343341902,11.93241125178794,209834.56519517224,0.04516750294715166,"{""policy_inference_time"": 0.007538593839854002, ""env_step_time"": 0.03618956683203578, ""replay_insert_time"": 0.0010437862947583199, ""logging_time"": 0.0001278109848499298, ""total_train_step_time"": 0.04516750294715166}",0.14683012897148728,0.011676042806357145
rollout_update,60608,1496.879596237615,11.930576799683188,209834.56519517224,0.04275560984387994,"{""policy_inference_time"": 0.0071812341921031475, ""env_step_time"": 0.03455538395792246, ""replay_insert_time"": 0.0006364760920405388, ""logging_time"": 0.0001231767237186432, ""total_train_step_time"": 0.04275560984387994}",0.14683012897148728,0.011676042806357145
rollout_update,60672,1518.4598513904377,11.928768970690506,209834.56519517224,0.04214796982705593,"{""policy_inference_time"": 0.007055648136883974, ""env_step_time"": 0.03393462672829628, ""replay_insert_time"": 0.000623808242380619, ""logging_time"": 0.00012237299233675003, ""total_train_step_time"": 0.04214796982705593}",0.14683012897148728,0.011676042806357145
rollout_update,60736,61.40803080950866,11.934384184706959,209845.6368242795,1.042208961211145,"{""policy_inference_time"": 0.007114709354937077, ""env_step_time"": 0.033884536009281874, ""replay_insert_time"": 0.0006273272447288036, ""logging_time"": 0.00012284796684980392, ""total_train_step_time"": 1.042208961211145}",0.14158116653561592,0.01111481012776494
rollout_update,60800,1427.0779075215323,11.932467469574213,209845.6368242795,0.044846885837614536,"{""policy_inference_time"": 0.007167926989495754, ""env_step_time"": 0.036240487825125456, ""replay_insert_time"": 0.001036088913679123, ""logging_time"": 0.00013048388063907623, ""total_train_step_time"": 0.044846885837614536}",0.14158116653561592,0.01111481012776494
rollout_update,60864,1491.293881466711,11.9306338656814,209845.6368242795,0.042915753088891506,"{""policy_inference_time"": 0.007219643797725439, ""env_step_time"": 0.03468373976647854, ""replay_insert_time"": 0.0006305058486759663, ""logging_time"": 0.0001222146674990654, ""total_train_step_time"": 0.042915753088891506}",0.14158116653561592,0.01111481012776494
rollout_update,60928,1510.7524532464229,11.928824431301557,209845.6368242795,0.04236299591138959,"{""policy_inference_time"": 0.007118484005331993, ""env_step_time"": 0.03424211498349905, ""replay_insert_time"": 0.0006250469014048576, ""logging_time"": 0.00012075994163751602, ""total_train_step_time"": 0.04236299591138959}",0.14158116653561592,0.01111481012776494
rollout_update,60992,61.27393975406568,11.93431887452352,209829.89123242366,1.0444897171109915,"{""policy_inference_time"": 0.007046443875879049, ""env_step_time"": 0.03447311511263251, ""replay_insert_time"": 0.0006165863014757633, ""logging_time"": 0.00012124888598918915, ""total_train_step_time"": 1.0444897171109915}",0.14265858102589846,0.011058621108531952
rollout_update,61056,1411.5199335676805,11.93238916443037,209829.89123242366,0.04534119460731745,"{""policy_inference_time"": 0.007182007655501366, ""env_step_time"": 0.036629084032028913, ""replay_insert_time"": 0.0011149258352816105, ""logging_time"": 0.00013304222375154495, ""total_train_step_time"": 0.04534119460731745}",0.14265858102589846,0.011058621108531952
rollout_update,61120,1444.1289780912912,11.930503630981981,209829.89123242366,0.04431737121194601,"{""policy_inference_time"": 0.007709909696131945, ""env_step_time"": 0.03557035280391574, ""replay_insert_time"": 0.0006458200514316559, ""logging_time"": 0.00012419093400239944, ""total_train_step_time"": 0.04431737121194601}",0.14265858102589846,0.011058621108531952
rollout_update,61184,1458.1990744842703,11.928636878167872,209829.89123242366,0.0438897549174726,"{""policy_inference_time"": 0.007409658748656511, ""env_step_time"": 0.03542843088507652, ""replay_insert_time"": 0.0006483527831733227, ""logging_time"": 0.00013435306027531624, ""total_train_step_time"": 0.0438897549174726}",0.14265858102589846,0.011058621108531952
rollout_update,61248,60.79231645652633,11.933758282915052,209839.8002872513,1.0527646210975945,"{""policy_inference_time"": 0.007434728089720011, ""env_step_time"": 0.03474091924726963, ""replay_insert_time"": 0.000642603263258934, ""logging_time"": 0.00012411409988999367, ""total_train_step_time"": 1.0527646210975945}",0.14255939284339547,0.011157976929098368
rollout_update,61312,1439.2746858222908,11.931873840376031,209839.8002872513,0.04446684196591377,"{""policy_inference_time"": 0.007095532026141882, ""env_step_time"": 0.035931339021772146, ""replay_insert_time"": 0.0010400628671050072, ""logging_time"": 0.00012559490278363228, ""total_train_step_time"": 0.04446684196591377}",0.14255939284339547,0.011157976929098368
rollout_update,61376,1467.4324094780882,11.930026135359789,209839.8002872513,0.043613593094050884,"{""policy_inference_time"": 0.0072108106687664986, ""env_step_time"": 0.03536550188437104, ""replay_insert_time"": 0.0006509558297693729, ""logging_time"": 0.00012772809714078903, ""total_train_step_time"": 0.043613593094050884}",0.14255939284339547,0.011157976929098368
rollout_update,61440,1469.5553529602869,11.928181670491528,209839.8002872513,0.04355058819055557,"{""policy_inference_time"": 0.007446623872965574, ""env_step_time"": 0.035082073882222176, ""replay_insert_time"": 0.0006393902003765106, ""logging_time"": 0.00012379605323076248, ""total_train_step_time"": 0.04355058819055557}",0.14255939284339547,0.011157976929098368
rollout_update,61504,61.593105356543006,11.933861030798516,209847.25123850786,1.0390773387625813,"{""policy_inference_time"": 0.007278425619006157, ""env_step_time"": 0.034578150138258934, ""replay_insert_time"": 0.0006376220844686031, ""logging_time"": 0.00012370804324746132, ""total_train_step_time"": 1.0390773387625813}",0.14192223642021418,0.011138799134641886
rollout_update,61568,1442.3667205011616,11.931988396382074,209847.25123850786,0.04437151737511158,"{""policy_inference_time"": 0.007280400954186916, ""env_step_time"": 0.03566484712064266, ""replay_insert_time"": 0.001034724060446024, ""logging_time"": 0.00012728990986943245, ""total_train_step_time"": 0.04437151737511158}",0.14192223642021418,0.011138799134641886
rollout_update,61632,1465.4924440461841,11.930145886232392,209847.25123850786,0.04367132717743516,"{""policy_inference_time"": 0.007416543085128069, ""env_step_time"": 0.035208058077842, ""replay_insert_time"": 0.0006556021980941296, ""logging_time"": 0.00012585800141096115, ""total_train_step_time"": 0.04367132717743516}",0.14192223642021418,0.011138799134641886
rollout_update,61696,1464.2626680513629,11.92830239829306,209847.25123850786,0.043708004988729954,"{""policy_inference_time"": 0.007542019244283438, ""env_step_time"": 0.03514803294092417, ""replay_insert_time"": 0.0006327521987259388, ""logging_time"": 0.00012248894199728966, ""total_train_step_time"": 0.043708004988729954}",0.14192223642021418,0.011138799134641886
rollout_update,61760,59.18231675819199,11.932178894419195,209837.0835268766,1.0814041001722217,"{""policy_inference_time"": 0.007301866076886654, ""env_step_time"": 0.0356702608987689, ""replay_insert_time"": 0.0006371298804879189, ""logging_time"": 0.00012411503121256828, ""total_train_step_time"": 1.0814041001722217}",0.15239348774775863,0.011024198029190302
rollout_update,61824,1231.1995827434275,11.92999481652315,209837.0835268766,0.05198182398453355,"{""policy_inference_time"": 0.007067049853503704, ""env_step_time"": 0.04335603304207325, ""replay_insert_time"": 0.0011554509401321411, ""logging_time"": 0.00013153208419680595, ""total_train_step_time"": 0.05198182398453355}",0.15239348774775863,0.011024198029190302
rollout_update,61888,1460.9839373563925,11.928154872310248,209837.0835268766,0.04380609421059489,"{""policy_inference_time"": 0.007380958180874586, ""env_step_time"": 0.03542326716706157, ""replay_insert_time"": 0.0006203451193869114, ""logging_time"": 0.00012282514944672585, ""total_train_step_time"": 0.04380609421059489}",0.15239348774775863,0.011024198029190302
rollout_update,61952,1355.1262257039468,11.926171833774644,209837.0835268766,0.0472280727699399,"{""policy_inference_time"": 0.0069745429791510105, ""env_step_time"": 0.03921257704496384, ""replay_insert_time"": 0.0006532208062708378, ""logging_time"": 0.0001279721036553383, ""total_train_step_time"": 0.0472280727699399}",0.15239348774775863,0.011024198029190302
rollout_update,62016,60.02982116410989,11.930678521725177,209828.86866796785,1.0661367760039866,"{""policy_inference_time"": 0.007601569872349501, ""env_step_time"": 0.03538314579054713, ""replay_insert_time"": 0.000620928592979908, ""logging_time"": 0.00011901604011654854, ""total_train_step_time"": 1.0661367760039866}",0.14657117798924446,0.011452309787273407
rollout_update,62080,1348.0936998954612,11.928692501931108,209828.86866796785,0.04747444484382868,"{""policy_inference_time"": 0.0075238472782075405, ""env_step_time"": 0.038410026114434004, ""replay_insert_time"": 0.0011354703456163406, ""logging_time"": 0.0001320107840001583, ""total_train_step_time"": 0.04747444484382868}",0.14657117798924446,0.011452309787273407
rollout_update,62144,1367.8877726323901,11.92673586772299,209828.86866796785,0.04678746405988932,"{""policy_inference_time"": 0.00785245280712843, ""env_step_time"": 0.03785356832668185, ""replay_insert_time"": 0.0006837123073637486, ""logging_time"": 0.00013036886230111122, ""total_train_step_time"": 0.04678746405988932}",0.14657117798924446,0.011452309787273407
rollout_update,62208,1421.0096498497621,11.924852984991157,209828.86866796785,0.045038399286568165,"{""policy_inference_time"": 0.007760690990835428, ""env_step_time"": 0.036227809730917215, ""replay_insert_time"": 0.000659196637570858, ""logging_time"": 0.00012852484360337257, ""total_train_step_time"": 0.045038399286568165}",0.14657117798924446,0.011452309787273407
rollout_update,62272,60.433034531855405,11.929641958135297,209825.85957323774,1.0590234380215406,"{""policy_inference_time"": 0.00758530106395483, ""env_step_time"": 0.03555166721343994, ""replay_insert_time"": 0.0006466079503297806, ""logging_time"": 0.00012528523802757263, ""total_train_step_time"": 1.0590234380215406}",0.14492007810622454,0.011209134943783283
rollout_update,62336,1389.5070237617722,11.927723349774801,209825.85957323774,0.04605950089171529,"{""policy_inference_time"": 0.007375662215054035, ""env_step_time"": 0.037244861014187336, ""replay_insert_time"": 0.001040235161781311, ""logging_time"": 0.00013049598783254623, ""total_train_step_time"": 0.04605950089171529}",0.14492007810622454,0.011209134943783283
rollout_update,62400,1429.0018261189523,11.925858359666012,209825.85957323774,0.04478650679811835,"{""policy_inference_time"": 0.007405207958072424, ""env_step_time"": 0.03627342311665416, ""replay_insert_time"": 0.0006327913142740726, ""logging_time"": 0.00017719483003020287, ""total_train_step_time"": 0.04478650679811835}",0.14492007810622454,0.011209134943783283
rollout_update,62464,1439.6187012627774,11.924007700139587,209825.85957323774,0.0444562160409987,"{""policy_inference_time"": 0.007230035029351711, ""env_step_time"": 0.03611983312293887, ""replay_insert_time"": 0.0007199691608548164, ""logging_time"": 0.00012447591871023178, ""total_train_step_time"": 0.0444562160409987}",0.14492007810622454,0.011209134943783283
rollout_update,62528,60.44453888125295,11.928788257004117,209824.19994078518,1.0588218751363456,"{""policy_inference_time"": 0.007455232087522745, ""env_step_time"": 0.03567503299564123, ""replay_insert_time"": 0.0006513833068311214, ""logging_time"": 0.0001236172392964363, ""total_train_step_time"": 1.0588218751363456}",0.14428213890641928,0.011514532845467329
rollout_update,62592,1282.3196386480834,11.926718083032561,209824.19994078518,0.04990955302491784,"{""policy_inference_time"": 0.007343104109168053, ""env_step_time"": 0.04111382504925132, ""replay_insert_time"": 0.0010489150881767273, ""logging_time"": 0.00012754462659358978, ""total_train_step_time"": 0.04990955302491784}",0.14428213890641928,0.011514532845467329
rollout_update,62656,1412.6877830562105,11.924839574537083,209824.19994078518,0.0453037116676569,"{""policy_inference_time"": 0.007429241202771664, ""env_step_time"": 0.03684428380802274, ""replay_insert_time"": 0.0006454647518694401, ""logging_time"": 0.0001222989521920681, ""total_train_step_time"": 0.0453037116676569}",0.14428213890641928,0.011514532845467329
rollout_update,62720,1316.6696472255521,11.922824733744953,209824.19994078518,0.04860748490318656,"{""policy_inference_time"": 0.00955446483567357, ""env_step_time"": 0.03791548404842615, ""replay_insert_time"": 0.0006398241966962814, ""logging_time"": 0.0001557348296046257, ""total_train_step_time"": 0.04860748490318656}",0.14428213890641928,0.011514532845467329
rollout_update,62784,60.77185123057986,11.92782529444624,209828.07723388218,1.0531191448681056,"{""policy_inference_time"": 0.00733930105343461, ""env_step_time"": 0.03736403398215771, ""replay_insert_time"": 0.000630171038210392, ""logging_time"": 0.00012033805251121521, ""total_train_step_time"": 1.0531191448681056}",0.14200692297890782,0.011033632792532444
rollout_update,62848,1446.5387048195419,11.92599785595131,209828.07723388218,0.044243544805794954,"{""policy_inference_time"": 0.007043055724352598, ""env_step_time"": 0.03579087881371379, ""replay_insert_time"": 0.0010109241120517254, ""logging_time"": 0.0001317332498729229, ""total_train_step_time"": 0.044243544805794954}",0.14200692297890782,0.011033632792532444
rollout_update,62912,407.88572894576674,11.919521482731245,209828.07723388218,0.15690669091418386,"{""policy_inference_time"": 0.007174823898822069, ""env_step_time"": 0.14868724392727017, ""replay_insert_time"": 0.0006604278460144997, ""logging_time"": 0.0001233331859111786, ""total_train_step_time"": 0.15690669091418386}",0.14200692297890782,0.011033632792532444
rollout_update,62976,1462.8862067566763,11.917716977379508,209828.07723388218,0.04374913079664111,"{""policy_inference_time"": 0.008513154927641153, ""env_step_time"": 0.03421636717393994, ""replay_insert_time"": 0.0006343009881675243, ""logging_time"": 0.00012415926903486252, ""total_train_step_time"": 0.04374913079664111}",0.14200692297890782,0.011033632792532444
rollout_update,63040,62.233089616770194,11.92373028008486,209844.94585780898,1.0283918152563274,"{""policy_inference_time"": 0.007288538385182619, ""env_step_time"": 0.03394378116354346, ""replay_insert_time"": 0.0006235549226403236, ""logging_time"": 0.00012342585250735283, ""total_train_step_time"": 1.0283918152563274}",0.1415548981167376,0.010993483942002058
rollout_update,63104,1469.2388020626713,11.921939584940864,209844.94585780898,0.04355997126549482,"{""policy_inference_time"": 0.007128219585865736, ""env_step_time"": 0.035033070016652346, ""replay_insert_time"": 0.0010099681094288826, ""logging_time"": 0.00012444611638784409, ""total_train_step_time"": 0.04355997126549482}",0.1415548981167376,0.010993483942002058
rollout_update,63168,1513.542697894324,11.920201820792563,209844.94585780898,0.042284898925572634,"{""policy_inference_time"": 0.007152703125029802, ""env_step_time"": 0.03413462406024337, ""replay_insert_time"": 0.00062602199614048, ""logging_time"": 0.00011839112266898155, ""total_train_step_time"": 0.042284898925572634}",0.1415548981167376,0.010993483942002058
rollout_update,63232,1528.3004724768437,11.918481336282547,209844.94585780898,0.04187658196315169,"{""policy_inference_time"": 0.0070086149498820305, ""env_step_time"": 0.033876628149300814, ""replay_insert_time"": 0.0006161048077046871, ""logging_time"": 0.00011867517605423927, ""total_train_step_time"": 0.04187658196315169}",0.1415548981167376,0.010993483942002058
rollout_update,63296,55.63949938133073,11.91947905783824,209851.3186627002,1.1502619669772685,"{""policy_inference_time"": 0.0071340217255055904, ""env_step_time"": 0.14640792878344655, ""replay_insert_time"": 0.0006561791524291039, ""logging_time"": 0.00012175878509879112, ""total_train_step_time"": 1.1502619669772685}",0.14151139510795474,0.01105345506221056
rollout_update,63360,405.9735548809489,11.9130316953946,209851.3186627002,0.15764573635533452,"{""policy_inference_time"": 0.008140926714986563, ""env_step_time"": 0.14805888989940286, ""replay_insert_time"": 0.0010452712886035442, ""logging_time"": 0.0001286771148443222, ""total_train_step_time"": 0.15764573635533452}",0.14151139510795474,0.01105345506221056
rollout_update,63424,1461.4631278998604,11.911241948002186,209851.3186627002,0.043791730888187885,"{""policy_inference_time"": 0.008699879050254822, ""env_step_time"": 0.034078727941960096, ""replay_insert_time"": 0.0006360788829624653, ""logging_time"": 0.00012066122144460678, ""total_train_step_time"": 0.043791730888187885}",0.14151139510795474,0.01105345506221056
rollout_update,63488,1517.3110565114905,11.909518584513089,209851.3186627002,0.04217988112941384,"{""policy_inference_time"": 0.0072660380974411964, ""env_step_time"": 0.03390998300164938, ""replay_insert_time"": 0.0006254818290472031, ""logging_time"": 0.0001196698285639286, ""total_train_step_time"": 0.04217988112941384}",0.14151139510795474,0.01105345506221056
rollout_update,63552,61.94273394809183,11.915311961891028,209867.46708948104,1.0332123870030046,"{""policy_inference_time"": 0.0071289013139903545, ""env_step_time"": 0.033750579226762056, ""replay_insert_time"": 0.0006107785739004612, ""logging_time"": 0.0001194230280816555, ""total_train_step_time"": 1.0332123870030046}",0.1435976787470281,0.01114942878484726
rollout_update,63616,1448.7446135151276,11.913513066041489,209867.46708948104,0.04417617805302143,"{""policy_inference_time"": 0.007128321100026369, ""env_step_time"": 0.03565335087478161, ""replay_insert_time"": 0.0009969309903681278, ""logging_time"": 0.00012830691412091255, ""total_train_step_time"": 0.04417617805302143}",0.1435976787470281,0.01114942878484726
rollout_update,63680,404.04469419807333,11.907067399404541,209867.46708948104,0.15839831810444593,"{""policy_inference_time"": 0.0073991091921925545, ""env_step_time"": 0.14990555867552757, ""replay_insert_time"": 0.000699484720826149, ""logging_time"": 0.00012431712821125984, ""total_train_step_time"": 0.15839831810444593}",0.1435976787470281,0.01114942878484726
rollout_update,63744,1434.7056955796688,11.905253416353034,209867.46708948104,0.04460845189169049,"{""policy_inference_time"": 0.008784176781773567, ""env_step_time"": 0.03479474689811468, ""replay_insert_time"": 0.0006424798630177975, ""logging_time"": 0.00012427102774381638, ""total_train_step_time"": 0.04460845189169049}",0.1435976787470281,0.01114942878484726
rollout_update,63808,55.49485637157798,11.906172392665823,209883.51431460906,1.1532600349746644,"{""policy_inference_time"": 0.007400762289762497, ""env_step_time"": 0.15599210001528263, ""replay_insert_time"": 0.0006664642132818699, ""logging_time"": 0.00012663891538977623, ""total_train_step_time"": 1.1532600349746644}",0.14154992206022143,0.011063550133258104
rollout_update,63872,1429.205288653052,11.904358984794822,209883.51431460906,0.044780130963772535,"{""policy_inference_time"": 0.008265370037406683, ""env_step_time"": 0.03504268079996109, ""replay_insert_time"": 0.0010661939159035683, ""logging_time"": 0.0001312880776822567, ""total_train_step_time"": 0.044780130963772535}",0.14154992206022143,0.011063550133258104
rollout_update,63936,1527.4819645061345,11.902662749944314,209883.51431460906,0.041899021714925766,"{""policy_inference_time"": 0.007383876014500856, ""env_step_time"": 0.03350319992750883, ""replay_insert_time"": 0.0006316988728940487, ""logging_time"": 0.00012275995686650276, ""total_train_step_time"": 0.041899021714925766}",0.14154992206022143,0.011063550133258104
rollout_update,64000,1529.0093686245712,11.900968692143154,209883.51431460906,0.041857166681438684,"{""policy_inference_time"": 0.007154613267630339, ""env_step_time"": 0.03367110388353467, ""replay_insert_time"": 0.0006516543217003345, ""logging_time"": 0.00012179603800177574, ""total_train_step_time"": 0.041857166681438684}",0.14154992206022143,0.011063550133258104
rollout_update,64064,62.07109828667574,11.90682791065085,209893.9210750699,1.0310756820254028,"{""policy_inference_time"": 0.007328120991587639, ""env_step_time"": 0.033313725143671036, ""replay_insert_time"": 0.000644975807517767, ""logging_time"": 0.00012420862913131714, ""total_train_step_time"": 1.0310756820254028}",0.14240269642323256,0.01109196012839675
rollout_update,64128,410.5747421057017,11.900542280598852,209893.9210750699,0.15587904816493392,"{""policy_inference_time"": 0.007064516190439463, ""env_step_time"": 0.1473577581346035, ""replay_insert_time"": 0.0010493118315935135, ""logging_time"": 0.00013073906302452087, ""total_train_step_time"": 0.15587904816493392}",0.14240269642323256,0.01109196012839675
rollout_update,64192,1482.3034492829745,11.89880243342164,209893.9210750699,0.04317604470998049,"{""policy_inference_time"": 0.008633391931653023, ""env_step_time"": 0.03351793112233281, ""replay_insert_time"": 0.0006388700567185879, ""logging_time"": 0.00012399815022945404, ""total_train_step_time"": 0.04317604470998049}",0.14240269642323256,0.01109196012839675
rollout_update,64256,1540.051970336921,11.897128307044628,209893.9210750699,0.04155703913420439,"{""policy_inference_time"": 0.007186840754002333, ""env_step_time"": 0.03335526678711176, ""replay_insert_time"": 0.0006322981789708138, ""logging_time"": 0.00012451643124222755, ""total_train_step_time"": 0.04155703913420439}",0.14240269642323256,0.01109196012839675
rollout_update,64320,62.127215997571824,11.90301314796245,209907.11095551617,1.030144341289997,"{""policy_inference_time"": 0.007209297735244036, ""env_step_time"": 0.0331314061768353, ""replay_insert_time"": 0.0006252690218389034, ""logging_time"": 0.00012288428843021393, ""total_train_step_time"": 1.030144341289997}",0.1412089359946549,0.011154394131153822
rollout_update,64384,1446.3430475273585,11.901236386688058,209907.11095551617,0.04424952995032072,"{""policy_inference_time"": 0.007098660804331303, ""env_step_time"": 0.03575901221483946, ""replay_insert_time"": 0.000983571633696556, ""logging_time"": 0.00012846384197473526, ""total_train_step_time"": 0.04424952995032072}",0.1412089359946549,0.011154394131153822
rollout_update,64448,1512.7379856001305,11.899538104437783,209907.11095551617,0.042307392694056034,"{""policy_inference_time"": 0.0072147729806602, ""env_step_time"": 0.03407404199242592, ""replay_insert_time"": 0.0006331810727715492, ""logging_time"": 0.00012074457481503487, ""total_train_step_time"": 0.042307392694056034}",0.1412089359946549,0.011154394131153822
rollout_update,64512,1519.5631756843452,11.897847931456688,209907.11095551617,0.042117367032915354,"{""policy_inference_time"": 0.0071134259924292564, ""env_step_time"": 0.03400464681908488, ""replay_insert_time"": 0.0006212699227035046, ""logging_time"": 0.00012257415801286697, ""total_train_step_time"": 0.042117367032915354}",0.1412089359946549,0.011154394131153822
rollout_update,64576,55.404606806473026,11.898709047898798,209920.04633074687,1.1551386010833085,"{""policy_inference_time"": 0.007134579122066498, ""env_step_time"": 0.14669408090412617, ""replay_insert_time"": 0.000655394047498703, ""logging_time"": 0.00012412713840603828, ""total_train_step_time"": 1.1551386010833085}",0.14208996994420886,0.011071219108998775
rollout_update,64640,1412.0632988084105,11.89689766266675,209920.04633074687,0.0453237472102046,"{""policy_inference_time"": 0.008379766251891851, ""env_step_time"": 0.03545134514570236, ""replay_insert_time"": 0.001090883743017912, ""logging_time"": 0.00013198377564549446, ""total_train_step_time"": 0.0453237472102046}",0.14208996994420886,0.011071219108998775
rollout_update,64704,1508.9664345734773,11.895203100815532,209920.04633074687,0.042413136921823025,"{""policy_inference_time"": 0.007574140094220638, ""env_step_time"": 0.0337980380281806, ""replay_insert_time"": 0.0006517223082482815, ""logging_time"": 0.0001244042068719864, ""total_train_step_time"": 0.042413136921823025}",0.14208996994420886,0.011071219108998775
rollout_update,64768,1536.047282720719,11.89353888443953,209920.04633074687,0.04166538408026099,"{""policy_inference_time"": 0.007317784707993269, ""env_step_time"": 0.03333183890208602, ""replay_insert_time"": 0.0006312052719295025, ""logging_time"": 0.00012349989265203476, ""total_train_step_time"": 0.04166538408026099}",0.14208996994420886,0.011071219108998775
rollout_update,64832,61.31932613771647,11.898847576567974,209927.20585347275,1.0437166229821742,"{""policy_inference_time"": 0.007265614811331034, ""env_step_time"": 0.03330139582976699, ""replay_insert_time"": 0.000636266078799963, ""logging_time"": 0.00012336159124970436, ""total_train_step_time"": 1.0437166229821742}",0.14180368185043335,0.01125528896227479
rollout_update,64896,1475.3070900423784,11.897120615456682,209927.20585347275,0.043380798771977425,"{""policy_inference_time"": 0.007156542968004942, ""env_step_time"": 0.03481307299807668, ""replay_insert_time"": 0.0010219290852546692, ""logging_time"": 0.00012424401938915253, ""total_train_step_time"": 0.043380798771977425}",0.14180368185043335,0.01125528896227479
rollout_update,64960,1515.2585623317061,11.895439669162032,209927.20585347275,0.042237015906721354,"{""policy_inference_time"": 0.007394029293209314, ""env_step_time"": 0.033797756768763065, ""replay_insert_time"": 0.0006579151377081871, ""logging_time"": 0.0001248316839337349, ""total_train_step_time"": 0.042237015906721354}",0.14180368185043335,0.01125528896227479
rollout_update,65024,1532.2126468706792,11.893777789786744,209927.20585347275,0.04176965914666653,"{""policy_inference_time"": 0.0074965329840779305, ""env_step_time"": 0.033237325958907604, ""replay_insert_time"": 0.0006526410579681396, ""logging_time"": 0.0001212581992149353, ""total_train_step_time"": 0.04176965914666653}",0.14180368185043335,0.01125528896227479
rollout_update,65088,61.77332645773835,11.899369162012064,209937.7732133444,1.036045874003321,"{""policy_inference_time"": 0.007303540129214525, ""env_step_time"": 0.03299731109291315, ""replay_insert_time"": 0.0006254031322896481, ""logging_time"": 0.00012254109606146812, ""total_train_step_time"": 1.036045874003321}",0.14286844246089458,0.011243235785514116
rollout_update,65152,1443.786717000133,11.897611269042772,209937.7732133444,0.04432787699624896,"{""policy_inference_time"": 0.007234877906739712, ""env_step_time"": 0.03562443098053336, ""replay_insert_time"": 0.0010649817995727062, ""logging_time"": 0.00013069715350866318, ""total_train_step_time"": 0.04432787699624896}",0.14286844246089458,0.011243235785514116
rollout_update,65216,1499.5919349708092,11.895919284287704,209937.7732133444,0.042678277008235455,"{""policy_inference_time"": 0.0075438739731907845, ""env_step_time"": 0.034080722369253635, ""replay_insert_time"": 0.0006609009578824043, ""logging_time"": 0.00012727687135338783, ""total_train_step_time"": 0.042678277008235455}",0.14286844246089458,0.011243235785514116
rollout_update,65280,1518.2482643353985,11.894248563088077,209937.7732133444,0.04215384367853403,"{""policy_inference_time"": 0.007528870366513729, ""env_step_time"": 0.03359696874395013, ""replay_insert_time"": 0.0006428440101444721, ""logging_time"": 0.00012409314513206482, ""total_train_step_time"": 0.04215384367853403}",0.14286844246089458,0.011243235785514116
rollout_update,65344,61.274700065593855,11.899483584962702,209947.01386306452,1.0444767568260431,"{""policy_inference_time"": 0.007497570011764765, ""env_step_time"": 0.03345805685967207, ""replay_insert_time"": 0.0006221979856491089, ""logging_time"": 0.00012224912643432617, ""total_train_step_time"": 1.0444767568260431}",0.14528665924444795,0.011078989133238792
rollout_update,65408,1454.1084263400078,11.897744951832552,209947.01386306452,0.04401322407647967,"{""policy_inference_time"": 0.007502717897295952, ""env_step_time"": 0.03506034566089511, ""replay_insert_time"": 0.0010128696449100971, ""logging_time"": 0.00015656603500247002, ""total_train_step_time"": 0.04401322407647967}",0.14528665924444795,0.011078989133238792
rollout_update,65472,1426.7376520282864,11.89597348717201,209947.01386306452,0.04485758114606142,"{""policy_inference_time"": 0.007186788134276867, ""env_step_time"": 0.03661805624142289, ""replay_insert_time"": 0.0006670327857136726, ""logging_time"": 0.0001254701055586338, ""total_train_step_time"": 0.04485758114606142}",0.14528665924444795,0.011078989133238792
rollout_update,65536,1484.6292708274877,11.894271595971494,209947.01386306452,0.0431084050796926,"{""policy_inference_time"": 0.007898094598203897, ""env_step_time"": 0.03417201479896903, ""replay_insert_time"": 0.0006556529551744461, ""logging_time"": 0.00012363214045763016, ""total_train_step_time"": 0.0431084050796926}",0.14528665924444795,0.011078989133238792
rollout_update,65600,58.89380889798805,11.897824658397072,209923.1081924184,1.0867016618140042,"{""policy_inference_time"": 0.007274107076227665, ""env_step_time"": 0.03546780627220869, ""replay_insert_time"": 0.0007135760970413685, ""logging_time"": 0.0001367088407278061, ""total_train_step_time"": 1.0867016618140042}",0.15353498980402946,0.012494918890297413
rollout_update,65664,1468.728036805083,11.896110503815748,209923.1081924184,0.04357511969283223,"{""policy_inference_time"": 0.007352318614721298, ""env_step_time"": 0.034794352017343044, ""replay_insert_time"": 0.0010317121632397175, ""logging_time"": 0.0001300307922065258, ""total_train_step_time"": 0.04357511969283223}",0.15353498980402946,0.012494918890297413
rollout_update,65728,1514.2785742681015,11.894448383976824,209923.1081924184,0.04226435022428632,"{""policy_inference_time"": 0.007523941807448864, ""env_step_time"": 0.033717884216457605, ""replay_insert_time"": 0.0006422363221645355, ""logging_time"": 0.00012129126116633415, ""total_train_step_time"": 0.04226435022428632}",0.15353498980402946,0.012494918890297413
rollout_update,65792,1550.4228732974943,11.892825460662001,209923.1081924184,0.041279060766100883,"{""policy_inference_time"": 0.00710704643279314, ""env_step_time"": 0.03317061718553305, ""replay_insert_time"": 0.0006225747056305408, ""logging_time"": 0.00012209778651595116, ""total_train_step_time"": 0.041279060766100883}",0.15353498980402946,0.012494918890297413
rollout_update,65856,62.12670965302973,11.898585579444182,209936.72296463902,1.0301527371630073,"{""policy_inference_time"": 0.007207352202385664, ""env_step_time"": 0.03320128982886672, ""replay_insert_time"": 0.0006466349586844444, ""logging_time"": 0.0001238337717950344, ""total_train_step_time"": 1.0301527371630073}",0.1424867333844304,0.011115439236164093
rollout_update,65920,1488.0581769349076,11.896900030094088,209936.72296463902,0.04300907114520669,"{""policy_inference_time"": 0.007150581106543541, ""env_step_time"": 0.03444582177326083, ""replay_insert_time"": 0.001016417983919382, ""logging_time"": 0.00012788083404302597, ""total_train_step_time"": 0.04300907114520669}",0.1424867333844304,0.011115439236164093
rollout_update,65984,1535.21529633863,11.895266711373923,209936.72296463902,0.041687963996082544,"{""policy_inference_time"": 0.007099461276084185, ""env_step_time"": 0.03355784900486469, ""replay_insert_time"": 0.0006474270485341549, ""logging_time"": 0.00012350594624876976, ""total_train_step_time"": 0.041687963996082544}",0.1424867333844304,0.011115439236164093
rollout_update,66048,1535.9987010966795,11.893634673764891,209936.72296463902,0.04166670190170407,"{""policy_inference_time"": 0.00726865092292428, ""env_step_time"": 0.03338420297950506, ""replay_insert_time"": 0.0006234971806406975, ""logging_time"": 0.0001204339787364006, ""total_train_step_time"": 0.04166670190170407}",0.1424867333844304,0.011115439236164093
rollout_update,66112,61.731280440557114,11.899112518316995,209950.27809574138,1.0367515389807522,"{""policy_inference_time"": 0.007126831915229559, ""env_step_time"": 0.033008208964020014, ""replay_insert_time"": 0.000613293144851923, ""logging_time"": 0.00011939788237214088, ""total_train_step_time"": 1.0367515389807522}",0.15110601484775543,0.011827555019408464
rollout_update,66176,1486.8535942622593,11.897431967038889,209950.27809574138,0.043043915182352066,"{""policy_inference_time"": 0.007143542170524597, ""env_step_time"": 0.034482663962990046, ""replay_insert_time"": 0.0010131709277629852, ""logging_time"": 0.0001355540007352829, ""total_train_step_time"": 0.043043915182352066}",0.15110601484775543,0.011827555019408464
rollout_update,66240,1530.7537493979098,11.895800066338657,209950.27809574138,0.04180946806445718,"{""policy_inference_time"": 0.007170619908720255, ""env_step_time"": 0.0336232241243124, ""replay_insert_time"": 0.0006344742141664028, ""logging_time"": 0.00012171408161520958, ""total_train_step_time"": 0.04180946806445718}",0.15110601484775543,0.011827555019408464
rollout_update,66304,1546.4429063761438,11.894185162618884,209950.27809574138,0.041385297663509846,"{""policy_inference_time"": 0.007132213097065687, ""env_step_time"": 0.03324971115216613, ""replay_insert_time"": 0.0006242981180548668, ""logging_time"": 0.00012286612764000893, ""total_train_step_time"": 0.041385297663509846}",0.15110601484775543,0.011827555019408464
rollout_update,66368,62.389880261123686,11.90006607394746,209965.62981981647,1.025807386264205,"{""policy_inference_time"": 0.007078129798173904, ""env_step_time"": 0.03307188721373677, ""replay_insert_time"": 0.0006123390048742294, ""logging_time"": 0.00012008566409349442, ""total_train_step_time"": 1.025807386264205}",0.14068012265488505,0.011121179908514023
rollout_update,66432,1493.5333174024797,11.898399204509726,209965.62981981647,0.042851404286921024,"{""policy_inference_time"": 0.007053837645798922, ""env_step_time"": 0.0344292251393199, ""replay_insert_time"": 0.0009780339896678925, ""logging_time"": 0.00012605637311935425, ""total_train_step_time"": 0.042851404286921024}",0.14068012265488505,0.011121179908514023
rollout_update,66496,1548.9655062230029,11.896792428777237,209965.62981981647,0.0413178987801075,"{""policy_inference_time"": 0.007055312395095825, ""env_step_time"": 0.03325670072808862, ""replay_insert_time"": 0.0006300243549048901, ""logging_time"": 0.00011898111552000046, ""total_train_step_time"": 0.0413178987801075}",0.14068012265488505,0.011121179908514023
rollout_update,66560,1546.6447419552592,11.895183676933714,209965.62981981647,0.04137989692389965,"{""policy_inference_time"": 0.007165777962654829, ""env_step_time"": 0.03320014802739024, ""replay_insert_time"": 0.00062962481752038, ""logging_time"": 0.0001233210787177086, ""total_train_step_time"": 0.04137989692389965}",0.14068012265488505,0.011121179908514023
rollout_update,66624,61.43906423544382,11.900423885448287,209960.5940923585,1.041682532057166,"{""policy_inference_time"": 0.007148291915655136, ""env_step_time"": 0.03304214309900999, ""replay_insert_time"": 0.0006251060403883457, ""logging_time"": 0.00012197205796837807, ""total_train_step_time"": 1.041682532057166}",0.1421924652531743,0.01115321833640337
rollout_update,66688,1458.1196342374953,11.89872297653321,209960.5940923585,0.043892146088182926,"{""policy_inference_time"": 0.007099620066583157, ""env_step_time"": 0.03539502387866378, ""replay_insert_time"": 0.0010064281523227692, ""logging_time"": 0.00012580817565321922, ""total_train_step_time"": 0.043892146088182926}",0.1421924652531743,0.01115321833640337
rollout_update,66752,1537.5098425822478,11.897110344176602,209960.5940923585,0.04162574978545308,"{""policy_inference_time"": 0.007228794042021036, ""env_step_time"": 0.033365909941494465, ""replay_insert_time"": 0.0006450889632105827, ""logging_time"": 0.0001269867643713951, ""total_train_step_time"": 0.04162574978545308}",0.1421924652531743,0.01115321833640337
rollout_update,66816,1554.7809059233418,11.895516055323519,209960.5940923585,0.04116335604339838,"{""policy_inference_time"": 0.007188747171312571, ""env_step_time"": 0.03297036373987794, ""replay_insert_time"": 0.0006281076930463314, ""logging_time"": 0.0001211799681186676, ""total_train_step_time"": 0.04116335604339838}",0.1421924652531743,0.01115321833640337
rollout_update,66880,61.11822054589502,11.900524137156786,209947.63042807282,1.0471509057097137,"{""policy_inference_time"": 0.007070890162140131, ""env_step_time"": 0.03348584519699216, ""replay_insert_time"": 0.0006370763294398785, ""logging_time"": 0.00012394599616527557, ""total_train_step_time"": 1.0471509057097137}",0.14300574595108628,0.011089266743510962
rollout_update,66944,1417.7827025149454,11.898781489638285,209947.63042807282,0.045140909031033516,"{""policy_inference_time"": 0.007290318142622709, ""env_step_time"": 0.03632639721035957, ""replay_insert_time"": 0.0011127209290862083, ""logging_time"": 0.0001335619017481804, ""total_train_step_time"": 0.045140909031033516}",0.14300574595108628,0.011089266743510962
rollout_update,67008,1482.6267110396575,11.89711553567817,209947.63042807282,0.043166630901396275,"{""policy_inference_time"": 0.007710939738899469, ""env_step_time"": 0.034399846103042364, ""replay_insert_time"": 0.0006706668063998222, ""logging_time"": 0.0001239599660038948, ""total_train_step_time"": 0.043166630901396275}",0.14300574595108628,0.011089266743510962
rollout_update,67072,1510.0147068466065,11.895480251897327,209947.63042807282,0.042383693158626556,"{""policy_inference_time"": 0.007090363651514053, ""env_step_time"": 0.03427809476852417, ""replay_insert_time"": 0.0006269318982958794, ""logging_time"": 0.00012559490278363228, ""total_train_step_time"": 0.042383693158626556}",0.14300574595108628,0.011089266743510962
rollout_update,67136,61.96546597257861,11.901020112904531,209959.76048203075,1.032833353150636,"{""policy_inference_time"": 0.0070366039872169495, ""env_step_time"": 0.033634644001722336, ""replay_insert_time"": 0.0006263339892029762, ""logging_time"": 0.00012115994468331337, ""total_train_step_time"": 1.032833353150636}",0.1418286580592394,0.01131992181763053
rollout_update,67200,1467.2378732677728,11.899342457293523,209959.76048203075,0.04361937567591667,"{""policy_inference_time"": 0.007050795014947653, ""env_step_time"": 0.035155029967427254, ""replay_insert_time"": 0.0010185367427766323, ""logging_time"": 0.0001269681379199028, ""total_train_step_time"": 0.04361937567591667}",0.1418286580592394,0.01131992181763053
rollout_update,67264,1519.9068447486718,11.897723385711366,209959.76048203075,0.04210784379392862,"{""policy_inference_time"": 0.007141677662730217, ""env_step_time"": 0.03393854992464185, ""replay_insert_time"": 0.0006409441120922565, ""logging_time"": 0.00012347567826509476, ""total_train_step_time"": 0.04210784379392862}",0.1418286580592394,0.01131992181763053
rollout_update,67328,1535.3242319921624,11.896121006410667,209959.76048203075,0.041685006115585566,"{""policy_inference_time"": 0.007107860408723354, ""env_step_time"": 0.03357760701328516, ""replay_insert_time"": 0.0006160060875117779, ""logging_time"": 0.00012241071090102196, ""total_train_step_time"": 0.041685006115585566}",0.1418286580592394,0.01131992181763053
rollout_update,67392,62.077541294962025,11.901709503000948,209960.541949068,1.0309686670079827,"{""policy_inference_time"": 0.007062631193548441, ""env_step_time"": 0.03348799701780081, ""replay_insert_time"": 0.0006136610172688961, ""logging_time"": 0.00012059276923537254, ""total_train_step_time"": 1.0309686670079827}",0.14074560021981597,0.011084936093539
rollout_update,67456,1465.7265484152767,11.900036284381928,209960.541949068,0.04366435203701258,"{""policy_inference_time"": 0.007032093126326799, ""env_step_time"": 0.03523734584450722, ""replay_insert_time"": 0.0010030511766672134, ""logging_time"": 0.00012378720566630363, ""total_train_step_time"": 0.04366435203701258}",0.14074560021981597,0.011084936093539
rollout_update,67520,1513.53489738196,11.89841636642189,209960.541949068,0.042285116855055094,"{""policy_inference_time"": 0.007096664048731327, ""env_step_time"": 0.03416511369869113, ""replay_insert_time"": 0.0006393026560544968, ""logging_time"": 0.00012286799028515816, ""total_train_step_time"": 0.042285116855055094}",0.14074560021981597,0.011084936093539
rollout_update,67584,1519.095403100959,11.896802816570615,209960.541949068,0.04213033616542816,"{""policy_inference_time"": 0.007134296000003815, ""env_step_time"": 0.0339994952082634, ""replay_insert_time"": 0.0006189299747347832, ""logging_time"": 0.00012143095955252647, ""total_train_step_time"": 0.04213033616542816}",0.14074560021981597,0.011084936093539
rollout_update,67648,62.36583027027568,11.90255025864608,209972.79206054108,1.0262029659934342,"{""policy_inference_time"": 0.007058112882077694, ""env_step_time"": 0.03378636064007878, ""replay_insert_time"": 0.0006160419434309006, ""logging_time"": 0.00011986587196588516, ""total_train_step_time"": 1.0262029659934342}",0.14112899731844664,0.011038676835596561
rollout_update,67712,1454.6691464251012,11.900870446998455,209972.79206054108,0.04399625863879919,"{""policy_inference_time"": 0.007130109239369631, ""env_step_time"": 0.03546478413045406, ""replay_insert_time"": 0.0010055801831185818, ""logging_time"": 0.0001276899129152298, ""total_train_step_time"": 0.04399625863879919}",0.14112899731844664,0.011038676835596561
rollout_update,67776,1500.7457703221048,11.899242662212474,209972.79206054108,0.042645464185625315,"{""policy_inference_time"": 0.00723459105938673, ""env_step_time"": 0.034363951068371534, ""replay_insert_time"": 0.0006628497503697872, ""logging_time"": 0.00012155575677752495, ""total_train_step_time"": 0.042645464185625315}",0.14112899731844664,0.011038676835596561
rollout_update,67840,1514.8082113766952,11.897630427715985,209972.79206054108,0.042249572928994894,"{""policy_inference_time"": 0.007132063619792461, ""env_step_time"": 0.034123707097023726, ""replay_insert_time"": 0.0006176899187266827, ""logging_time"": 0.00012004002928733826, ""total_train_step_time"": 0.042249572928994894}",0.14112899731844664,0.011038676835596561
rollout_update,67904,61.00457560260567,11.902482755648094,209972.23100702264,1.0491016348823905,"{""policy_inference_time"": 0.007033031899482012, ""env_step_time"": 0.03396424604579806, ""replay_insert_time"": 0.000616203062236309, ""logging_time"": 0.00012334482744336128, ""total_train_step_time"": 1.0491016348823905}",0.1466150558553636,0.01163590420037508
rollout_update,67968,1430.0457870144298,11.900780466370618,209972.23100702264,0.0447538117878139,"{""policy_inference_time"": 0.007514089811593294, ""env_step_time"": 0.03584445873275399, ""replay_insert_time"": 0.0009974539279937744, ""logging_time"": 0.00012613506987690926, ""total_train_step_time"": 0.0447538117878139}",0.1466150558553636,0.01163590420037508
rollout_update,68032,1504.5753217554009,11.899162951718829,209972.23100702264,0.04253691993653774,"{""policy_inference_time"": 0.007106338161975145, ""env_step_time"": 0.03442681161686778, ""replay_insert_time"": 0.0006216773763298988, ""logging_time"": 0.00011989008635282516, ""total_train_step_time"": 0.04253691993653774}",0.1466150558553636,0.01163590420037508
rollout_update,68096,1518.4611096157294,11.89756066228756,209972.23100702264,0.04214793490245938,"{""policy_inference_time"": 0.007051500026136637, ""env_step_time"": 0.03407526109367609, ""replay_insert_time"": 0.0006322469562292099, ""logging_time"": 0.00012630783021450043, ""total_train_step_time"": 0.04214793490245938}",0.1466150558553636,0.01163590420037508
rollout_update,68160,61.77930965201538,11.902893639952262,209981.53998524387,1.035945535171777,"{""policy_inference_time"": 0.007391235325485468, ""env_step_time"": 0.034168203826993704, ""replay_insert_time"": 0.000626852735877037, ""logging_time"": 0.00012062210589647293, ""total_train_step_time"": 1.035945535171777}",0.14280878705903888,0.011198209598660469
rollout_update,68224,1444.103926133858,11.901214116587765,209981.53998524387,0.044318140018731356,"{""policy_inference_time"": 0.007317383773624897, ""env_step_time"": 0.035580321215093136, ""replay_insert_time"": 0.0010207169689238071, ""logging_time"": 0.00012771179899573326, ""total_train_step_time"": 0.044318140018731356}",0.14280878705903888,0.011198209598660469
rollout_update,68288,1485.2110204620715,11.899581532829545,209981.53998524387,0.043091519735753536,"{""policy_inference_time"": 0.007344227749854326, ""env_step_time"": 0.03470720769837499, ""replay_insert_time"": 0.0006476282142102718, ""logging_time"": 0.0001300848089158535, ""total_train_step_time"": 0.043091519735753536}",0.14280878705903888,0.011198209598660469
rollout_update,68352,1501.0504863783547,11.897966617294044,209981.53998524387,0.04263680707663298,"{""policy_inference_time"": 0.0074430592358112335, ""env_step_time"": 0.03416600776836276, ""replay_insert_time"": 0.0006391699425876141, ""logging_time"": 0.00012619933113455772, ""total_train_step_time"": 0.04263680707663298}",0.14280878705903888,0.011198209598660469
rollout_update,68416,61.00393776226128,11.902781321714404,209991.72141878086,1.0491126039996743,"{""policy_inference_time"": 0.0072815692983567715, ""env_step_time"": 0.03439472569152713, ""replay_insert_time"": 0.000628527719527483, ""logging_time"": 0.00012192828580737114, ""total_train_step_time"": 1.0491126039996743}",0.15098160970956087,0.01154870493337512
rollout_update,68480,1363.2736738382575,11.90100890298342,209991.72141878086,0.04694581963121891,"{""policy_inference_time"": 0.007347330916672945, ""env_step_time"": 0.03804603312164545, ""replay_insert_time"": 0.0011296872980892658, ""logging_time"": 0.0001336829736828804, ""total_train_step_time"": 0.04694581963121891}",0.15098160970956087,0.01154870493337512
rollout_update,68544,1380.1973915416334,11.899258735422817,209991.72141878086,0.046370178926736116,"{""policy_inference_time"": 0.008146625012159348, ""env_step_time"": 0.037151945289224386, ""replay_insert_time"": 0.0006757429800927639, ""logging_time"": 0.00012964801862835884, ""total_train_step_time"": 0.046370178926736116}",0.15098160970956087,0.01154870493337512
rollout_update,68608,1299.6346657151826,11.897400640692165,209991.72141878086,0.049244608264416456,"{""policy_inference_time"": 0.008125056978315115, ""env_step_time"": 0.03999883309006691, ""replay_insert_time"": 0.0006973035633563995, ""logging_time"": 0.00014266232028603554, ""total_train_step_time"": 0.049244608264416456}",0.15098160970956087,0.01154870493337512
rollout_update,68672,60.643577628247606,11.901964590290278,209985.50648025074,1.0553467078134418,"{""policy_inference_time"": 0.008402855601161718, ""env_step_time"": 0.03768211975693703, ""replay_insert_time"": 0.0007068328559398651, ""logging_time"": 0.00012984173372387886, ""total_train_step_time"": 1.0553467078134418}",0.1454528900794685,0.011677631177008152
rollout_update,68736,1409.0456753568697,11.90025634765277,209985.50648025074,0.04542081290856004,"{""policy_inference_time"": 0.006980819161981344, ""env_step_time"": 0.036919690668582916, ""replay_insert_time"": 0.001091110985726118, ""logging_time"": 0.0001369798555970192, ""total_train_step_time"": 0.04542081290856004}",0.1454528900794685,0.011677631177008152
rollout_update,68800,1453.867329470478,11.898601236718784,209985.50648025074,0.044020522851496935,"{""policy_inference_time"": 0.007589045912027359, ""env_step_time"": 0.0354201290756464, ""replay_insert_time"": 0.0006321738474071026, ""logging_time"": 0.00012046610936522484, ""total_train_step_time"": 0.044020522851496935}",0.1454528900794685,0.011677631177008152
rollout_update,68864,1465.7266578346293,11.896959972195507,209985.50648025074,0.043664348777383566,"{""policy_inference_time"": 0.00713270902633667, ""env_step_time"": 0.03548674611374736, ""replay_insert_time"": 0.000657202210277319, ""logging_time"": 0.000126624945551157, ""total_train_step_time"": 0.043664348777383566}",0.1454528900794685,0.011677631177008152
rollout_update,68928,60.785657981122995,11.901600744747602,209967.45161174634,1.0528799411840737,"{""policy_inference_time"": 0.007715611718595028, ""env_step_time"": 0.03483397513628006, ""replay_insert_time"": 0.0006179818883538246, ""logging_time"": 0.00012137321755290031, ""total_train_step_time"": 1.0528799411840737}",0.14322197111323476,0.011023534927517176
rollout_update,68992,1403.7786228340672,11.899892547701084,209967.45161174634,0.04559123422950506,"{""policy_inference_time"": 0.007343086879700422, ""env_step_time"": 0.03675295598804951, ""replay_insert_time"": 0.0010925987735390663, ""logging_time"": 0.00013643503189086914, ""total_train_step_time"": 0.04559123422950506}",0.14322197111323476,0.011023534927517176
rollout_update,69056,1378.1672427307217,11.898153110138711,209967.45161174634,0.046438485849648714,"{""policy_inference_time"": 0.007793713361024857, ""env_step_time"": 0.03751377621665597, ""replay_insert_time"": 0.0007252702489495277, ""logging_time"": 0.0001359516754746437, ""total_train_step_time"": 0.046438485849648714}",0.14322197111323476,0.011023534927517176
rollout_update,69120,1428.172526924151,11.896475058383682,209967.45161174634,0.044812513049691916,"{""policy_inference_time"": 0.007724593859165907, ""env_step_time"": 0.0360267348587513, ""replay_insert_time"": 0.0006657182238996029, ""logging_time"": 0.00012857886031270027, ""total_train_step_time"": 0.044812513049691916}",0.14322197111323476,0.011023534927517176
rollout_update,69184,61.73980030663864,11.901707584767284,209981.30002963217,1.036608471069485,"{""policy_inference_time"": 0.00780115881934762, ""env_step_time"": 0.03571949200704694, ""replay_insert_time"": 0.0006598862819373608, ""logging_time"": 0.00012933509424328804, ""total_train_step_time"": 1.036608471069485}",0.1443493878468871,0.011110393330454826
rollout_update,69248,1471.230675119114,11.900083677717832,209981.30002963217,0.04350099619477987,"{""policy_inference_time"": 0.006980807986110449, ""env_step_time"": 0.03514880081638694, ""replay_insert_time"": 0.0009823329746723175, ""logging_time"": 0.00012511899694800377, ""total_train_step_time"": 0.04350099619477987}",0.1443493878468871,0.011110393330454826
rollout_update,69312,1459.6694215694074,11.898447356936456,209981.30002963217,0.04384554410353303,"{""policy_inference_time"": 0.007066019345074892, ""env_step_time"": 0.035741962026804686, ""replay_insert_time"": 0.0006508529186248779, ""logging_time"": 0.00012389523908495903, ""total_train_step_time"": 0.04384554410353303}",0.1443493878468871,0.011110393330454826
rollout_update,69376,1478.3183290194593,11.89683211972031,209981.30002963217,0.04329243488609791,"{""policy_inference_time"": 0.007204985711723566, ""env_step_time"": 0.03506469679996371, ""replay_insert_time"": 0.0006400751881301403, ""logging_time"": 0.00012414203956723213, ""total_train_step_time"": 0.04329243488609791}",0.1443493878468871,0.011110393330454826
rollout_update,69440,62.008295113659194,11.902211375193609,209989.08139672442,1.0321199749596417,"{""policy_inference_time"": 0.007203908171504736, ""env_step_time"": 0.03440116997808218, ""replay_insert_time"": 0.0006243833340704441, ""logging_time"": 0.00012018997222185135, ""total_train_step_time"": 1.0321199749596417}",0.14118778333067894,0.011102633085101843
rollout_update,69504,1441.3820764556867,11.900559797659614,209989.08139672442,0.0444018286652863,"{""policy_inference_time"": 0.0071408930234611034, ""env_step_time"": 0.035872811917215586, ""replay_insert_time"": 0.000990930013358593, ""logging_time"": 0.00012757675722241402, ""total_train_step_time"": 0.0444018286652863}",0.14118778333067894,0.011102633085101843
rollout_update,69568,1515.0864968629512,11.898988989819328,209989.08139672442,0.04224181268364191,"{""policy_inference_time"": 0.007089971099048853, ""env_step_time"": 0.0341350850649178, ""replay_insert_time"": 0.0006336690858006477, ""logging_time"": 0.00012368429452180862, ""total_train_step_time"": 0.04224181268364191}",0.14118778333067894,0.011102633085101843
rollout_update,69632,1523.3284327094357,11.897427092063726,209989.08139672442,0.04201326426118612,"{""policy_inference_time"": 0.007108673918992281, ""env_step_time"": 0.03390779485926032, ""replay_insert_time"": 0.0006194268353283405, ""logging_time"": 0.00012129126116633415, ""total_train_step_time"": 0.04201326426118612}",0.14118778333067894,0.011102633085101843
rollout_update,69696,62.29899315094504,11.902963516321593,210003.39979728017,1.0273039219900966,"{""policy_inference_time"": 0.007034292910248041, ""env_step_time"": 0.03353298921138048, ""replay_insert_time"": 0.0006118258461356163, ""logging_time"": 0.00011782906949520111, ""total_train_step_time"": 1.0273039219900966}",0.1426778375171125,0.011057266965508461
rollout_update,69760,1470.0689738853264,11.901349890238928,210003.39979728017,0.043535372242331505,"{""policy_inference_time"": 0.007142652757465839, ""env_step_time"": 0.034997872076928616, ""replay_insert_time"": 0.0009969230741262436, ""logging_time"": 0.0001286170445382595, ""total_train_step_time"": 0.043535372242331505}",0.1426778375171125,0.011057266965508461
rollout_update,69824,1513.6215242496262,11.899783112957431,210003.39979728017,0.042282696813344955,"{""policy_inference_time"": 0.00701608182862401, ""env_step_time"": 0.03425832884386182, ""replay_insert_time"": 0.000627690926194191, ""logging_time"": 0.00012234924361109734, ""total_train_step_time"": 0.042282696813344955}",0.1426778375171125,0.011057266965508461
rollout_update,69888,1521.5950284736616,11.898224955178074,210003.39979728017,0.04206112585961819,"{""policy_inference_time"": 0.007043903227895498, ""env_step_time"": 0.03401204291731119, ""replay_insert_time"": 0.0006277747452259064, ""logging_time"": 0.0001199948601424694, ""total_train_step_time"": 0.04206112585961819}",0.1426778375171125,0.011057266965508461
rollout_update,69952,62.00962197239832,11.903561906386384,210018.48449639435,1.0320978900417686,"{""policy_inference_time"": 0.007225492969155312, ""env_step_time"": 0.03373780008405447, ""replay_insert_time"": 0.0006160507909953594, ""logging_time"": 0.0001202411949634552, ""total_train_step_time"": 1.0320978900417686}",0.14649722119793296,0.011142034083604813
rollout_update,70016,1448.1278881989554,11.901929648513807,210018.48449639435,0.04419499170035124,"{""policy_inference_time"": 0.007631720043718815, ""env_step_time"": 0.03516162279993296, ""replay_insert_time"": 0.001006396021693945, ""logging_time"": 0.00012692809104919434, ""total_train_step_time"": 0.04419499170035124}",0.14649722119793296,0.011142034083604813
rollout_update,70080,1445.49307909177,11.900294864206654,210018.48449639435,0.04427554924041033,"{""policy_inference_time"": 0.007173995953053236, ""env_step_time"": 0.036011442076414824, ""replay_insert_time"": 0.0006982702761888504, ""logging_time"": 0.0001296279951930046, ""total_train_step_time"": 0.04427554924041033}",0.14649722119793296,0.011142034083604813
rollout_update,70144,1489.2596458577743,11.898708552594927,210018.48449639435,0.04297437332570553,"{""policy_inference_time"": 0.007494568824768066, ""env_step_time"": 0.034478151705116034, ""replay_insert_time"": 0.0006230669096112251, ""logging_time"": 0.00012207310646772385, ""total_train_step_time"": 0.04297437332570553}",0.14649722119793296,0.011142034083604813
rollout_update,70208,62.38138138550723,11.904251153246113,210033.82898004996,1.0259471428580582,"{""policy_inference_time"": 0.0071065956726670265, ""env_step_time"": 0.033612264320254326, ""replay_insert_time"": 0.00061394227668643, ""logging_time"": 0.00012236787006258965, ""total_train_step_time"": 1.0259471428580582}",0.1409510732628405,0.011030909139662981
rollout_update,70272,1447.189551253997,11.902623587254038,210033.82898004996,0.044223647098988295,"{""policy_inference_time"": 0.00701359286904335, ""env_step_time"": 0.03581257490441203, ""replay_insert_time"": 0.0009973361156880856, ""logging_time"": 0.00013422593474388123, ""total_train_step_time"": 0.044223647098988295}",0.1409510732628405,0.011030909139662981
rollout_update,70336,1519.3801371792708,11.901073765878518,210033.82898004996,0.04212244087830186,"{""policy_inference_time"": 0.007163467351347208, ""env_step_time"": 0.033933165948837996, ""replay_insert_time"": 0.0006404849700629711, ""logging_time"": 0.00012236321344971657, ""total_train_step_time"": 0.04212244087830186}",0.1409510732628405,0.011030909139662981
rollout_update,70400,1526.950571409275,11.89953202887892,210033.82898004996,0.04191360296681523,"{""policy_inference_time"": 0.007128915283828974, ""env_step_time"": 0.03378091612830758, ""replay_insert_time"": 0.000623743049800396, ""logging_time"": 0.0001226835884153843, ""total_train_step_time"": 0.04191360296681523}",0.1409510732628405,0.011030909139662981
rollout_update,70464,61.892999636558244,11.904755383963879,210047.55714024138,1.0340426280163229,"{""policy_inference_time"": 0.006958452984690666, ""env_step_time"": 0.03397019114345312, ""replay_insert_time"": 0.0006183558143675327, ""logging_time"": 0.00012184213846921921, ""total_train_step_time"": 1.0340426280163229}",0.14170613838359714,0.011116830166429281
rollout_update,70528,1457.343061115786,11.903144874599876,210047.55714024138,0.04391553485766053,"{""policy_inference_time"": 0.00695864437147975, ""env_step_time"": 0.0355771416798234, ""replay_insert_time"": 0.0009823939763009548, ""logging_time"": 0.00012752506881952286, ""total_train_step_time"": 0.04391553485766053}",0.14170613838359714,0.011116830166429281
rollout_update,70592,1512.2197780840188,11.901593221031467,210047.55714024138,0.04232189059257507,"{""policy_inference_time"": 0.007113263010978699, ""env_step_time"": 0.034204944036901, ""replay_insert_time"": 0.0006290287710726261, ""logging_time"": 0.00011870497837662697, ""total_train_step_time"": 0.04232189059257507}",0.14170613838359714,0.011116830166429281
rollout_update,70656,1536.8935764102305,11.90006687301942,210047.55714024138,0.04164244094863534,"{""policy_inference_time"": 0.007040104828774929, ""env_step_time"": 0.033629901241511106, ""replay_insert_time"": 0.0006005237810313702, ""logging_time"": 0.00011851266026496887, ""total_train_step_time"": 0.04164244094863534}",0.14170613838359714,0.011116830166429281
rollout_update,70720,62.56998042695589,11.905678814572408,210064.12636678302,1.0228547230362892,"{""policy_inference_time"": 0.006950608920305967, ""env_step_time"": 0.03348046401515603, ""replay_insert_time"": 0.0006180419586598873, ""logging_time"": 0.00011926284059882164, ""total_train_step_time"": 1.0228547230362892}",0.1403063558973372,0.01097728218883276
rollout_update,70784,1477.864810942941,11.904096153030844,210064.12636678302,0.0433057202026248,"{""policy_inference_time"": 0.007044363301247358, ""env_step_time"": 0.03488839324563742, ""replay_insert_time"": 0.000985101331025362, ""logging_time"": 0.00012603122740983963, ""total_train_step_time"": 0.0433057202026248}",0.1403063558973372,0.01097728218883276
rollout_update,70848,1531.8503466668153,11.902569666458865,210064.12636678302,0.04177953815087676,"{""policy_inference_time"": 0.007058477029204369, ""env_step_time"": 0.033729171846061945, ""replay_insert_time"": 0.0006181690841913223, ""logging_time"": 0.00011984538286924362, ""total_train_step_time"": 0.04177953815087676}",0.1403063558973372,0.01097728218883276
rollout_update,70912,1534.131532867143,11.901045840271582,210064.12636678302,0.04171741381287575,"{""policy_inference_time"": 0.007088509853929281, ""env_step_time"": 0.03364499378949404, ""replay_insert_time"": 0.0006078360602259636, ""logging_time"": 0.00012004980817437172, ""total_train_step_time"": 0.04171741381287575}",0.1403063558973372,0.01097728218883276
rollout_update,70976,62.0385633870013,11.906315840658442,210076.08752378213,1.0316164093092084,"{""policy_inference_time"": 0.006931998301297426, ""env_step_time"": 0.03355323290452361, ""replay_insert_time"": 0.0006043058820068836, ""logging_time"": 0.00011989986523985863, ""total_train_step_time"": 1.0316164093092084}",0.14162069279700518,0.011044907849282026
rollout_update,71040,1445.506959337077,11.904703402993853,210076.08752378213,0.044275124091655016,"{""policy_inference_time"": 0.007113640196621418, ""env_step_time"": 0.035768779926002026, ""replay_insert_time"": 0.0009914590045809746, ""logging_time"": 0.00012629898265004158, ""total_train_step_time"": 0.044275124091655016}",0.14162069279700518,0.011044907849282026
rollout_update,71104,1504.0686326275966,11.903154157911827,210076.08752378213,0.042551249731332064,"{""policy_inference_time"": 0.0071052126586437225, ""env_step_time"": 0.034416337963193655, ""replay_insert_time"": 0.0006371890194714069, ""logging_time"": 0.00013320893049240112, ""total_train_step_time"": 0.042551249731332064}",0.14162069279700518,0.011044907849282026
rollout_update,71168,1500.7132588469135,11.901601853475515,210076.08752378213,0.04264638805761933,"{""policy_inference_time"": 0.007212221156805754, ""env_step_time"": 0.03443443961441517, ""replay_insert_time"": 0.0006195190362632275, ""logging_time"": 0.00012035714462399483, ""total_train_step_time"": 0.04264638805761933}",0.14162069279700518,0.011044907849282026
rollout_update,71232,60.94877462251794,11.906181980094328,210084.16315129536,1.050062128342688,"{""policy_inference_time"": 0.007111778017133474, ""env_step_time"": 0.03416651301085949, ""replay_insert_time"": 0.0006147720851004124, ""logging_time"": 0.00011993292719125748, ""total_train_step_time"": 1.050062128342688}",0.1521184341982007,0.011140716262161732
rollout_update,71296,1392.703502211876,11.90451445157557,210084.16315129536,0.04595378693193197,"{""policy_inference_time"": 0.007953159976750612, ""env_step_time"": 0.03660549130290747, ""replay_insert_time"": 0.0010044891387224197, ""logging_time"": 0.00012565823271870613, ""total_train_step_time"": 0.04595378693193197}",0.1521184341982007,0.011140716262161732
rollout_update,71360,1489.882661112432,11.902956111685075,210084.16315129536,0.042956402990967035,"{""policy_inference_time"": 0.007182742934674025, ""env_step_time"": 0.03474194882437587, ""replay_insert_time"": 0.000647430308163166, ""logging_time"": 0.0001224786974489689, ""total_train_step_time"": 0.042956402990967035}",0.1521184341982007,0.011140716262161732
rollout_update,71424,1477.7376119911664,11.901385377273796,210084.16315129536,0.043309447821229696,"{""policy_inference_time"": 0.0074478741735219955, ""env_step_time"": 0.034833990037441254, ""replay_insert_time"": 0.0006441278383135796, ""logging_time"": 0.00012673111632466316, ""total_train_step_time"": 0.043309447821229696}",0.1521184341982007,0.011140716262161732
rollout_update,71488,61.993393976216616,11.906589619546555,210097.12210941722,1.0323680620640516,"{""policy_inference_time"": 0.007433253340423107, ""env_step_time"": 0.03452904708683491, ""replay_insert_time"": 0.0006245770491659641, ""logging_time"": 0.00012192409485578537, ""total_train_step_time"": 1.0323680620640516}",0.14205065043643117,0.011136525310575962
rollout_update,71552,1439.3074837437862,11.904981729147979,210097.12210941722,0.04446582868695259,"{""policy_inference_time"": 0.007385476026684046, ""env_step_time"": 0.03565504914149642, ""replay_insert_time"": 0.0010272138752043247, ""logging_time"": 0.00012837117537856102, ""total_train_step_time"": 0.04446582868695259}",0.14205065043643117,0.011136525310575962
rollout_update,71616,1470.0919785923286,11.903407929479869,210097.12210941722,0.043534690979868174,"{""policy_inference_time"": 0.007385397795587778, ""env_step_time"": 0.03512616083025932, ""replay_insert_time"": 0.0006388258188962936, ""logging_time"": 0.00012259185314178467, ""total_train_step_time"": 0.043534690979868174}",0.14205065043643117,0.011136525310575962
rollout_update,71680,1486.5515433332534,11.901851964578624,210097.12210941722,0.04305266123265028,"{""policy_inference_time"": 0.0072460961528122425, ""env_step_time"": 0.034768614917993546, ""replay_insert_time"": 0.00065239192917943, ""logging_time"": 0.0001244647428393364, ""total_train_step_time"": 0.04305266123265028}",0.14205065043643117,0.011136525310575962
rollout_update,71744,59.96192344019112,11.90577605740406,210054.59420844654,1.0673440131358802,"{""policy_inference_time"": 0.007482599001377821, ""env_step_time"": 0.03511507390066981, ""replay_insert_time"": 0.0006440011784434319, ""logging_time"": 0.00012410013005137444, ""total_train_step_time"": 1.0673440131358802}",0.14499431755393744,0.01121747400611639
rollout_update,71808,1423.83026073624,11.904156696149633,210054.59420844654,0.044949178118258715,"{""policy_inference_time"": 0.007210210897028446, ""env_step_time"": 0.03630134928971529, ""replay_insert_time"": 0.0010427511297166348, ""logging_time"": 0.000125872902572155, ""total_train_step_time"": 0.044949178118258715}",0.14499431755393744,0.01121747400611639
rollout_update,71872,1457.0062473858975,11.902574633226243,210054.59420844654,0.04392568673938513,"{""policy_inference_time"": 0.0073577407747507095, ""env_step_time"": 0.03552244324237108, ""replay_insert_time"": 0.0006582201458513737, ""logging_time"": 0.000125042162835598, ""total_train_step_time"": 0.04392568673938513}",0.14499431755393744,0.01121747400611639
rollout_update,71936,1473.4211462716319,11.901010609000966,210054.59420844654,0.043436325155198574,"{""policy_inference_time"": 0.007548736874014139, ""env_step_time"": 0.034864041954278946, ""replay_insert_time"": 0.0006376658566296101, ""logging_time"": 0.00012449407950043678, ""total_train_step_time"": 0.043436325155198574}",0.14499431755393744,0.01121747400611639
rollout_update,72000,61.41640711609694,11.905830696414126,210061.72744865,1.0420668190345168,"{""policy_inference_time"": 0.007442784029990435, ""env_step_time"": 0.034769874997437, ""replay_insert_time"": 0.0006346330046653748, ""logging_time"": 0.0001224549487233162, ""total_train_step_time"": 1.0420668190345168}",0.14352004416286945,0.011209259741008282
rollout_update,72064,1441.7659992188976,11.904237133102553,210061.72744865,0.04439000505954027,"{""policy_inference_time"": 0.007219400256872177, ""env_step_time"": 0.035731890238821507, ""replay_insert_time"": 0.001039321068674326, ""logging_time"": 0.0001307888887822628, ""total_train_step_time"": 0.04439000505954027}",0.14352004416286945,0.011209259741008282
rollout_update,72128,1472.3165473828367,11.902677049556242,210061.72744865,0.043468913063406944,"{""policy_inference_time"": 0.007320778910070658, ""env_step_time"": 0.03507006727159023, ""replay_insert_time"": 0.0006761080585420132, ""logging_time"": 0.00012869806960225105, ""total_train_step_time"": 0.043468913063406944}",0.14352004416286945,0.011209259741008282
rollout_update,72192,1479.192322468448,11.90112462380115,210061.72744865,0.04326685518026352,"{""policy_inference_time"": 0.007515938952565193, ""env_step_time"": 0.034688588697463274, ""replay_insert_time"": 0.0006555630825459957, ""logging_time"": 0.00012724939733743668, ""total_train_step_time"": 0.04326685518026352}",0.14352004416286945,0.011209259741008282
rollout_update,72256,58.50679447102138,11.904073535801995,210009.75402979754,1.0938900443725288,"{""policy_inference_time"": 0.007479514926671982, ""env_step_time"": 0.03487731982022524, ""replay_insert_time"": 0.0006397855468094349, ""logging_time"": 0.00012349197641015053, ""total_train_step_time"": 1.0938900443725288}",0.14620586903765798,0.01340141473338008
rollout_update,72320,1297.5869831699024,11.902309709272938,210009.75402979754,0.04932231968268752,"{""policy_inference_time"": 0.007660410832613707, ""env_step_time"": 0.04020098503679037, ""replay_insert_time"": 0.0010578599758446217, ""logging_time"": 0.00013207504525780678, ""total_train_step_time"": 0.04932231968268752}",0.14620586903765798,0.01340141473338008
rollout_update,72384,1471.427547630951,11.900754702192954,210009.75402979754,0.04349517589434981,"{""policy_inference_time"": 0.007555406074970961, ""env_step_time"": 0.034923863131552935, ""replay_insert_time"": 0.0006342083215713501, ""logging_time"": 0.00012290477752685547, ""total_train_step_time"": 0.04349517589434981}",0.14620586903765798,0.01340141473338008
rollout_update,72448,1499.2874345709429,11.89922898539692,210009.75402979754,0.0426869448274374,"{""policy_inference_time"": 0.007294462062418461, ""env_step_time"": 0.03437662683427334, ""replay_insert_time"": 0.0006335549987852573, ""logging_time"": 0.00012209173291921616, ""total_train_step_time"": 0.0426869448274374}",0.14620586903765798,0.01340141473338008
rollout_update,72512,61.01963059484797,11.903778466399078,210008.30643519142,1.0488427965901792,"{""policy_inference_time"": 0.007248287089169025, ""env_step_time"": 0.03412069892510772, ""replay_insert_time"": 0.0006382688879966736, ""logging_time"": 0.00012512505054473877, ""total_train_step_time"": 1.0488427965901792}",0.14489598805084825,0.011034578084945679
rollout_update,72576,1420.381604711073,11.902172857937034,210008.30643519142,0.04505831375718117,"{""policy_inference_time"": 0.007294385228306055, ""env_step_time"": 0.036259172949939966, ""replay_insert_time"": 0.001077568158507347, ""logging_time"": 0.00015528080984950066, ""total_train_step_time"": 0.04505831375718117}",0.14489598805084825,0.011034578084945679
rollout_update,72640,1496.8537892493102,11.900649678242642,210008.30643519142,0.042756346985697746,"{""policy_inference_time"": 0.0074315499514341354, ""env_step_time"": 0.0343159600161016, ""replay_insert_time"": 0.0006266743876039982, ""logging_time"": 0.0001241043210029602, ""total_train_step_time"": 0.042756346985697746}",0.14489598805084825,0.011034578084945679
rollout_update,72704,1524.599732361046,11.899154597880417,210008.30643519142,0.0419782311655581,"{""policy_inference_time"": 0.00708402693271637, ""env_step_time"": 0.03389723412692547, ""replay_insert_time"": 0.0006193839944899082, ""logging_time"": 0.00012202095240354538, ""total_train_step_time"": 0.0419782311655581}",0.14489598805084825,0.011034578084945679
rollout_update,72768,62.205608678620024,11.90439850270911,210021.58173285768,1.0288461339659989,"{""policy_inference_time"": 0.007091399282217026, ""env_step_time"": 0.03400245634838939, ""replay_insert_time"": 0.0006094668060541153, ""logging_time"": 0.0001188269816339016, ""total_train_step_time"": 1.0288461339659989}",0.14118739357218146,0.011117090005427599
rollout_update,72832,1457.1129863172825,11.902838692156633,210021.58173285768,0.04392246901988983,"{""policy_inference_time"": 0.0071389442309737206, ""env_step_time"": 0.03540963726118207, ""replay_insert_time"": 0.0009845499880611897, ""logging_time"": 0.0001240442506968975, ""total_train_step_time"": 0.04392246901988983}",0.14118739357218146,0.011117090005427599
rollout_update,72896,1514.2345129505386,11.901338108268256,210021.58173285768,0.0422655800357461,"{""policy_inference_time"": 0.007128631230443716, ""env_step_time"": 0.0341107458807528, ""replay_insert_time"": 0.0006451401859521866, ""logging_time"": 0.00012320606037974358, ""total_train_step_time"": 0.0422655800357461}",0.14118739357218146,0.011117090005427599
rollout_update,72960,1518.0168676329467,11.899841640192964,210021.58173285768,0.04216026933863759,"{""policy_inference_time"": 0.0071008773520588875, ""env_step_time"": 0.03406301001086831, ""replay_insert_time"": 0.0006173276342451572, ""logging_time"": 0.00012127961963415146, ""total_train_step_time"": 0.04216026933863759}",0.14118739357218146,0.011117090005427599
rollout_update,73024,60.75590867414359,11.904196484610859,210028.8448347314,1.0533954869024456,"{""policy_inference_time"": 0.007085012272000313, ""env_step_time"": 0.03391122678294778, ""replay_insert_time"": 0.0006133969873189926, ""logging_time"": 0.00012060627341270447, ""total_train_step_time"": 1.0533954869024456}",0.15072545548900962,0.011863306164741516
rollout_update,73088,1348.3405922497727,11.902516809890932,210028.8448347314,0.04746575187891722,"{""policy_inference_time"": 0.007814870215952396, ""env_step_time"": 0.0381354452110827, ""replay_insert_time"": 0.0010712328366935253, ""logging_time"": 0.00014435872435569763, ""total_train_step_time"": 0.04746575187891722}",0.15072545548900962,0.011863306164741516
rollout_update,73152,1292.7835309863026,11.900765456474664,210028.8448347314,0.04950558114796877,"{""policy_inference_time"": 0.0076675741001963615, ""env_step_time"": 0.04068673122674227, ""replay_insert_time"": 0.0007163658738136292, ""logging_time"": 0.0001328038051724434, ""total_train_step_time"": 0.04950558114796877}",0.15072545548900962,0.011863306164741516
rollout_update,73216,1225.2324992827646,11.898918103991207,210028.8448347314,0.05223498400300741,"{""policy_inference_time"": 0.008287827018648386, ""env_step_time"": 0.042413010727614164, ""replay_insert_time"": 0.0009336080402135849, ""logging_time"": 0.0002035382203757763, ""total_train_step_time"": 0.05223498400300741}",0.15072545548900962,0.011863306164741516
rollout_update,73280,56.54525258493814,11.900494863684404,209946.97669661097,1.1318368399515748,"{""policy_inference_time"": 0.009492076002061367, ""env_step_time"": 0.04075380926951766, ""replay_insert_time"": 0.0007033189758658409, ""logging_time"": 0.00012500537559390068, ""total_train_step_time"": 1.1318368399515748}",0.1496041831560433,0.011798177380114794
rollout_update,73344,1354.3427430454256,11.89882949375319,209946.97669661097,0.04725539404898882,"{""policy_inference_time"": 0.007693017832934856, ""env_step_time"": 0.03814731677994132, ""replay_insert_time"": 0.0009965966455638409, ""logging_time"": 0.00012777186930179596, ""total_train_step_time"": 0.04725539404898882}",0.1496041831560433,0.011798177380114794
rollout_update,73408,1403.505939109681,11.8972229016553,209946.97669661097,0.04560009203851223,"{""policy_inference_time"": 0.007661161012947559, ""env_step_time"": 0.03685954865068197, ""replay_insert_time"": 0.00067109614610672, ""logging_time"": 0.00014130771160125732, ""total_train_step_time"": 0.04560009203851223}",0.1496041831560433,0.011798177380114794
rollout_update,73472,1408.8137291337353,11.89562279382992,209946.97669661097,0.04542829096317291,"{""policy_inference_time"": 0.007641304284334183, ""env_step_time"": 0.03670793306082487, ""replay_insert_time"": 0.0006504668854176998, ""logging_time"": 0.0001356499269604683, ""total_train_step_time"": 0.04542829096317291}",0.1496041831560433,0.011798177380114794
rollout_update,73536,57.08453014951866,11.897580020669368,209872.18118847255,1.1211443771608174,"{""policy_inference_time"": 0.007590483874082565, ""env_step_time"": 0.03703573392704129, ""replay_insert_time"": 0.0006657829508185387, ""logging_time"": 0.00011911196634173393, ""total_train_step_time"": 1.1211443771608174}",0.14481103047728539,0.011048821732401848
rollout_update,73600,1459.5455213349608,11.896040792916903,209872.18118847255,0.04384926613420248,"{""policy_inference_time"": 0.007070452906191349, ""env_step_time"": 0.03539508208632469, ""replay_insert_time"": 0.0009870589710772038, ""logging_time"": 0.00012707430869340897, ""total_train_step_time"": 0.04384926613420248}",0.14481103047728539,0.011048821732401848
rollout_update,73664,1514.5063793061404,11.894557799956864,209872.18118847255,0.04225799301639199,"{""policy_inference_time"": 0.007032314315438271, ""env_step_time"": 0.03421575715765357, ""replay_insert_time"": 0.0006326050497591496, ""logging_time"": 0.00012028729543089867, ""total_train_step_time"": 0.04225799301639199}",0.14481103047728539,0.011048821732401848
rollout_update,73728,1524.2235441674527,11.893084627484493,209872.18118847255,0.04198859166353941,"{""policy_inference_time"": 0.007117964792996645, ""env_step_time"": 0.03387198504060507, ""replay_insert_time"": 0.0006168363615870476, ""logging_time"": 0.00012285402044653893, ""total_train_step_time"": 0.04198859166353941}",0.14481103047728539,0.011048821732401848
rollout_update,73792,57.30383343658762,11.895193081612858,209796.60116374015,1.1168537279590964,"{""policy_inference_time"": 0.007062436081469059, ""env_step_time"": 0.03386742901057005, ""replay_insert_time"": 0.0006252750754356384, ""logging_time"": 0.00012231292203068733, ""total_train_step_time"": 1.1168537279590964}",0.1556293941102922,0.013310685753822327
rollout_update,73856,1145.7967473647245,11.893240009902076,209796.60116374015,0.055856328923255205,"{""policy_inference_time"": 0.008393513970077038, ""env_step_time"": 0.04570724023506045, ""replay_insert_time"": 0.0012433910742402077, ""logging_time"": 0.000164056196808815, ""total_train_step_time"": 0.055856328923255205}",0.1556293941102922,0.013310685753822327
rollout_update,73920,1286.3346296235911,11.891500860111288,209796.60116374015,0.04975377209484577,"{""policy_inference_time"": 0.008761944249272346, ""env_step_time"": 0.03982397122308612, ""replay_insert_time"": 0.000720044132322073, ""logging_time"": 0.00014273682609200478, ""total_train_step_time"": 0.04975377209484577}",0.1556293941102922,0.013310685753822327
rollout_update,73984,1342.2111105359013,11.889834588671723,209796.60116374015,0.04768251394852996,"{""policy_inference_time"": 0.00838005030527711, ""env_step_time"": 0.038139095064252615, ""replay_insert_time"": 0.0007231771014630795, ""logging_time"": 0.00013749394565820694, ""total_train_step_time"": 0.04768251394852996}",0.1556293941102922,0.013310685753822327
rollout_update,74048,56.08227732948398,11.891098538907285,209686.29553922926,1.141180477105081,"{""policy_inference_time"": 0.008410721085965633, ""env_step_time"": 0.03876106580719352, ""replay_insert_time"": 0.000701668206602335, ""logging_time"": 0.0001381300389766693, ""total_train_step_time"": 1.141180477105081}",0.15598469320684671,0.01297711068764329
rollout_update,74112,1295.443864278148,11.889378190293465,209686.29553922926,0.049403916113078594,"{""policy_inference_time"": 0.007996932603418827, ""env_step_time"": 0.039868163876235485, ""replay_insert_time"": 0.0011077290400862694, ""logging_time"": 0.00014386605471372604, ""total_train_step_time"": 0.049403916113078594}",0.15598469320684671,0.01297711068764329
rollout_update,74176,1347.8247446542073,11.8877251691331,209686.29553922926,0.04748391825705767,"{""policy_inference_time"": 0.008134082891047001, ""env_step_time"": 0.03823300590738654, ""replay_insert_time"": 0.0007019331678748131, ""logging_time"": 0.00013593723997473717, ""total_train_step_time"": 0.04748391825705767}",0.15598469320684671,0.01297711068764329
rollout_update,74240,1348.4167493040968,11.886073332993897,209686.29553922926,0.04746307106688619,"{""policy_inference_time"": 0.007999137975275517, ""env_step_time"": 0.03830143203958869, ""replay_insert_time"": 0.0007109972648322582, ""logging_time"": 0.0001436886377632618, ""total_train_step_time"": 0.04746307106688619}",0.15598469320684671,0.01297711068764329
rollout_update,74304,55.20420618605878,11.886715505727416,209573.57276398517,1.1593319498933852,"{""policy_inference_time"": 0.008137727156281471, ""env_step_time"": 0.03738179802894592, ""replay_insert_time"": 0.0006739851087331772, ""logging_time"": 0.00013410532847046852, ""total_train_step_time"": 1.1593319498933852}",0.1593260713852942,0.01394297881051898
rollout_update,74368,1294.9832347389813,11.885001722370703,209573.57276398517,0.049421489238739014,"{""policy_inference_time"": 0.008157063741236925, ""env_step_time"": 0.03963385196402669, ""replay_insert_time"": 0.0011682198382914066, ""logging_time"": 0.00015038205310702324, ""total_train_step_time"": 0.049421489238739014}",0.1593260713852942,0.01394297881051898
rollout_update,74432,1205.197424284785,11.883160814824597,209573.57276398517,0.05310333287343383,"{""policy_inference_time"": 0.008471154142171144, ""env_step_time"": 0.04326856788247824, ""replay_insert_time"": 0.0008421102538704872, ""logging_time"": 0.00015596440061926842, ""total_train_step_time"": 0.05310333287343383}",0.1593260713852942,0.01394297881051898
rollout_update,74496,1251.9208416010852,11.881389151173762,209573.57276398517,0.051121443044394255,"{""policy_inference_time"": 0.009756846353411674, ""env_step_time"": 0.04017971735447645, ""replay_insert_time"": 0.0007301322184503078, ""logging_time"": 0.00014679599553346634, ""total_train_step_time"": 0.051121443044394255}",0.1593260713852942,0.01394297881051898
rollout_update,74560,53.270221791598345,11.88059122573831,209453.2821751652,1.2014216920360923,"{""policy_inference_time"": 0.008400124963372946, ""env_step_time"": 0.03906758734956384, ""replay_insert_time"": 0.0007266695611178875, ""logging_time"": 0.00014224601909518242, ""total_train_step_time"": 1.2014216920360923}",0.1685447716154158,0.01531288493424654
rollout_update,74624,1183.9417228848727,11.878725075323704,209453.2821751652,0.05405671475455165,"{""policy_inference_time"": 0.009144780691713095, ""env_step_time"": 0.043484888039529324, ""replay_insert_time"": 0.0010143374092876911, ""logging_time"": 0.00012716790661215782, ""total_train_step_time"": 0.05405671475455165}",0.1685447716154158,0.01531288493424654
rollout_update,74688,1169.7846832671078,11.876836937113351,209453.2821751652,0.05471092322841287,"{""policy_inference_time"": 0.008099811151623726, ""env_step_time"": 0.045270460192114115, ""replay_insert_time"": 0.0008202390745282173, ""logging_time"": 0.00015816930681467056, ""total_train_step_time"": 0.05471092322841287}",0.1685447716154158,0.01531288493424654
rollout_update,74752,1162.5920592682846,11.874937723261601,209453.2821751652,0.05504940403625369,"{""policy_inference_time"": 0.009616975672543049, ""env_step_time"": 0.04400960681959987, ""replay_insert_time"": 0.0008965427987277508, ""logging_time"": 0.000173856969922781, ""total_train_step_time"": 0.05504940403625369}",0.1685447716154158,0.01531288493424654
rollout_update,74816,54.603796630888944,11.875174030823908,209333.73217454684,1.1720796711742878,"{""policy_inference_time"": 0.009250537026673555, ""env_step_time"": 0.04420008324086666, ""replay_insert_time"": 0.0007997439242899418, ""logging_time"": 0.00015140697360038757, ""total_train_step_time"": 1.1720796711742878}",0.16323530115187168,0.01299286587163806
rollout_update,74880,1171.2123382637312,11.873295752494702,209333.73217454684,0.0546442330814898,"{""policy_inference_time"": 0.009621168952435255, ""env_step_time"": 0.04336554417386651, ""replay_insert_time"": 0.0011758399195969105, ""logging_time"": 0.0001559392549097538, ""total_train_step_time"": 0.0546442330814898}",0.16323530115187168,0.01299286587163806
rollout_update,74944,1271.2713742174508,11.87156583519754,209333.73217454684,0.05034330300986767,"{""policy_inference_time"": 0.008813485037535429, ""env_step_time"": 0.040359183214604855, ""replay_insert_time"": 0.0007188129238784313, ""logging_time"": 0.0001422562636435032, ""total_train_step_time"": 0.05034330300986767}",0.16323530115187168,0.01299286587163806
rollout_update,75008,1161.2329325024248,11.869672568837998,209333.73217454684,0.05511383479461074,"{""policy_inference_time"": 0.008402666077017784, ""env_step_time"": 0.04536553518846631, ""replay_insert_time"": 0.0008441000245511532, ""logging_time"": 0.00015919888392090797, ""total_train_step_time"": 0.05511383479461074}",0.16323530115187168,0.01299286587163806
rollout_update,75072,53.181613714080584,11.868852931465776,209191.54060469003,1.203423430211842,"{""policy_inference_time"": 0.01038049254566431, ""env_step_time"": 0.04246686305850744, ""replay_insert_time"": 0.0007645692676305771, ""logging_time"": 0.00014931010082364082, ""total_train_step_time"": 1.203423430211842}",0.1686203614808619,0.014910607133060694
rollout_update,75136,1202.305664993556,11.867031383742805,209191.54060469003,0.05323105584830046,"{""policy_inference_time"": 0.008471439126878977, ""env_step_time"": 0.04308171523734927, ""replay_insert_time"": 0.0012139310128986835, ""logging_time"": 0.00014964211732149124, ""total_train_step_time"": 0.05323105584830046}",0.1686203614808619,0.014910607133060694
rollout_update,75200,1233.1452171891308,11.86525592908263,209191.54060469003,0.05189980799332261,"{""policy_inference_time"": 0.011106492951512337, ""env_step_time"": 0.03958554705604911, ""replay_insert_time"": 0.0007549319416284561, ""logging_time"": 0.00014090631157159805, ""total_train_step_time"": 0.05189980799332261}",0.1686203614808619,0.014910607133060694
rollout_update,75264,1292.0798004864685,11.863561952183385,209191.54060469003,0.04953254433348775,"{""policy_inference_time"": 0.008674632757902145, ""env_step_time"": 0.03968904307112098, ""replay_insert_time"": 0.0007251007482409477, ""logging_time"": 0.00014399411156773567, ""total_train_step_time"": 0.04953254433348775}",0.1686203614808619,0.014910607133060694
rollout_update,75328,50.82659085816013,11.860866978271865,208976.44887728922,1.259183410089463,"{""policy_inference_time"": 0.00831580813974142, ""env_step_time"": 0.04342627711594105, ""replay_insert_time"": 0.0008386899717152119, ""logging_time"": 0.00016167527064681053, ""total_train_step_time"": 1.259183410089463}",0.16692260978743434,0.014853905886411667
rollout_update,75392,1210.3874248736597,11.859066149394943,208976.44887728922,0.05287563195452094,"{""policy_inference_time"": 0.007621340919286013, ""env_step_time"": 0.04344133101403713, ""replay_insert_time"": 0.0013295868411660194, ""logging_time"": 0.00015777209773659706, ""total_train_step_time"": 0.05287563195452094}",0.16692260978743434,0.014853905886411667
rollout_update,75456,1180.8858784967267,11.857220898623762,208976.44887728922,0.05419660033658147,"{""policy_inference_time"": 0.01052694208920002, ""env_step_time"": 0.042493955697864294, ""replay_insert_time"": 0.0007318607531487942, ""logging_time"": 0.00013958057388663292, ""total_train_step_time"": 0.05419660033658147}",0.16692260978743434,0.014853905886411667
rollout_update,75520,1299.7585921373766,11.85554490772467,208976.44887728922,0.04923991300165653,"{""policy_inference_time"": 0.008242059033364058, ""env_step_time"": 0.03976408392190933, ""replay_insert_time"": 0.0007654358632862568, ""logging_time"": 0.00015592807903885841, ""total_train_step_time"": 0.04923991300165653}",0.16692260978743434,0.014853905886411667
rollout_update,75584,53.57465254898075,11.855079824704392,208845.70045000603,1.1945947748608887,"{""policy_inference_time"": 0.008754746988415718, ""env_step_time"": 0.03927819710224867, ""replay_insert_time"": 0.0007371953688561916, ""logging_time"": 0.0001491159200668335, ""total_train_step_time"": 1.1945947748608887}",0.16054922388866544,0.012935072183609009
rollout_update,75648,1199.3256802147723,11.853270294799676,208845.70045000603,0.05336331995204091,"{""policy_inference_time"": 0.00833394518122077, ""env_step_time"": 0.04235961474478245, ""replay_insert_time"": 0.0019160499796271324, ""logging_time"": 0.0002475706860423088, ""total_train_step_time"": 0.05336331995204091}",0.16054922388866544,0.012935072183609009
rollout_update,75712,1271.2128175928906,11.85156360024278,208845.70045000603,0.05034562200307846,"{""policy_inference_time"": 0.007979484740644693, ""env_step_time"": 0.041192131116986275, ""replay_insert_time"": 0.0007137288339436054, ""logging_time"": 0.00014220084995031357, ""total_train_step_time"": 0.05034562200307846}",0.16054922388866544,0.012935072183609009
rollout_update,75776,1285.3767572521886,11.84987619556336,208845.70045000603,0.04979084897786379,"{""policy_inference_time"": 0.008208028972148895, ""env_step_time"": 0.040413259994238615, ""replay_insert_time"": 0.000721377320587635, ""logging_time"": 0.00013897567987442017, ""total_train_step_time"": 0.04979084897786379}",0.16054922388866544,0.012935072183609009
rollout_update,75840,55.683647861603106,11.850960239028323,208748.8773300833,1.1493499879725277,"{""policy_inference_time"": 0.008251719176769257, ""env_step_time"": 0.03847535280510783, ""replay_insert_time"": 0.0007396540604531765, ""logging_time"": 0.00014126719906926155, ""total_train_step_time"": 1.1493499879725277}",0.15619503753259778,0.013065394014120102
rollout_update,75904,1290.7965073583052,11.849285745701925,208748.8773300833,0.04958178894594312,"{""policy_inference_time"": 0.008151972200721502, ""env_step_time"": 0.039818675722926855, ""replay_insert_time"": 0.001135628204792738, ""logging_time"": 0.00014499109238386154, ""total_train_step_time"": 0.04958178894594312}",0.15619503753259778,0.013065394014120102
rollout_update,75968,1303.4588742600818,11.847627985392847,208748.8773300833,0.04910012986510992,"{""policy_inference_time"": 0.0083751673810184, ""env_step_time"": 0.0395489688962698, ""replay_insert_time"": 0.0007241223938763142, ""logging_time"": 0.00013946183025836945, ""total_train_step_time"": 0.04910012986510992}",0.15619503753259778,0.013065394014120102
rollout_update,76032,1320.5295070789193,11.845992109972428,208748.8773300833,0.048465406987816095,"{""policy_inference_time"": 0.008046454284340143, ""env_step_time"": 0.039069453720003366, ""replay_insert_time"": 0.0008435077033936977, ""logging_time"": 0.00016264431178569794, ""total_train_step_time"": 0.048465406987816095}",0.15619503753259778,0.013065394014120102
rollout_update,76096,54.47486544359048,11.84622690984393,208612.3790424639,1.1748537509702146,"{""policy_inference_time"": 0.013560266233980656, ""env_step_time"": 0.0428492589853704, ""replay_insert_time"": 0.0008134352974593639, ""logging_time"": 0.00016594305634498596, ""total_train_step_time"": 1.1748537509702146}",0.1578858820721507,0.012986014131456614
rollout_update,76160,1170.1219636842766,11.844387420846884,208612.3790424639,0.0546951531432569,"{""policy_inference_time"": 0.008427216205745935, ""env_step_time"": 0.04450982715934515, ""replay_insert_time"": 0.0012091249227523804, ""logging_time"": 0.00017432216554880142, ""total_train_step_time"": 0.0546951531432569}",0.1578858820721507,0.012986014131456614
rollout_update,76224,1160.5631056560665,11.842533359349442,208612.3790424639,0.05514564411714673,"{""policy_inference_time"": 0.009226465597748756, ""env_step_time"": 0.04461861960589886, ""replay_insert_time"": 0.0008176108822226524, ""logging_time"": 0.00015470478683710098, ""total_train_step_time"": 0.05514564411714673}",0.1578858820721507,0.012986014131456614
rollout_update,76288,1137.2618522077087,11.840641908473179,208612.3790424639,0.05627551814541221,"{""policy_inference_time"": 0.009976321831345558, ""env_step_time"": 0.04499684274196625, ""replay_insert_time"": 0.0007995590567588806, ""logging_time"": 0.00015427405014634132, ""total_train_step_time"": 0.05627551814541221}",0.1578858820721507,0.012986014131456614
rollout_update,76352,53.823955047243885,11.840417735283383,208453.24838056354,1.1890616351738572,"{""policy_inference_time"": 0.00954849412664771, ""env_step_time"": 0.04412614181637764, ""replay_insert_time"": 0.0008897129446268082, ""logging_time"": 0.00015901494771242142, ""total_train_step_time"": 1.1890616351738572}",0.15623955009505153,0.012900703120976686
rollout_update,76416,1285.8773864099858,11.83875104806847,208453.24838056354,0.049771463964134455,"{""policy_inference_time"": 0.00791452405974269, ""env_step_time"": 0.040186881087720394, ""replay_insert_time"": 0.0012135989964008331, ""logging_time"": 0.00015045888721942902, ""total_train_step_time"": 0.049771463964134455}",0.15623955009505153,0.012900703120976686
rollout_update,76480,1325.9375874765863,11.837135164135693,208453.24838056354,0.04826773190870881,"{""policy_inference_time"": 0.008781413082033396, ""env_step_time"": 0.038311270996928215, ""replay_insert_time"": 0.000692994799464941, ""logging_time"": 0.0001513729803264141, ""total_train_step_time"": 0.04826773190870881}",0.15623955009505153,0.012900703120976686
rollout_update,76544,1321.6842812634036,11.835514523312515,208453.24838056354,0.048423062078654766,"{""policy_inference_time"": 0.009077872149646282, ""env_step_time"": 0.03809513710439205, ""replay_insert_time"": 0.0007620877586305141, ""logging_time"": 0.0001499699428677559, ""total_train_step_time"": 0.048423062078654766}",0.15623955009505153,0.012900703120976686
rollout_update,76608,54.88351510448825,11.836074016491867,208314.36240032586,1.1661060680635273,"{""policy_inference_time"": 0.008080041967332363, ""env_step_time"": 0.038332327734678984, ""replay_insert_time"": 0.0006885840557515621, ""logging_time"": 0.00013670232146978378, ""total_train_step_time"": 1.1661060680635273}",0.15320227295160294,0.012918067630380392
rollout_update,76672,1168.9555752503616,11.834248099546436,208314.36240032586,0.05474972818046808,"{""policy_inference_time"": 0.008471740875393152, ""env_step_time"": 0.04420317895710468, ""replay_insert_time"": 0.0014904448762536049, ""logging_time"": 0.00019300077110528946, ""total_train_step_time"": 0.05474972818046808}",0.15320227295160294,0.012918067630380392
rollout_update,76736,1077.91308658802,11.832268598987818,208314.36240032586,0.05937398923560977,"{""policy_inference_time"": 0.008844736963510513, ""env_step_time"": 0.04898723307996988, ""replay_insert_time"": 0.0009559891186654568, ""logging_time"": 0.00019336212426424026, ""total_train_step_time"": 0.05937398923560977}",0.15320227295160294,0.012918067630380392
rollout_update,76800,1290.6807442592888,11.830615924861435,208314.36240032586,0.049586236011236906,"{""policy_inference_time"": 0.010023712646216154, ""env_step_time"": 0.03830708609893918, ""replay_insert_time"": 0.0007665171287953854, ""logging_time"": 0.00014778785407543182, ""total_train_step_time"": 0.049586236011236906}",0.15320227295160294,0.012918067630380392
rollout_update,76864,55.10580802947799,11.831345622039287,208230.0583827495,1.1614020788110793,"{""policy_inference_time"": 0.008943845052272081, ""env_step_time"": 0.038488276302814484, ""replay_insert_time"": 0.0006322180852293968, ""logging_time"": 0.00012631993740797043, ""total_train_step_time"": 1.1614020788110793}",0.1612929468974471,0.012846102938055992
rollout_update,76928,1024.6422024321034,11.829271160765394,208230.0583827495,0.0624608276411891,"{""policy_inference_time"": 0.010684031061828136, ""env_step_time"": 0.049725914373993874, ""replay_insert_time"": 0.0014275740832090378, ""logging_time"": 0.00020322762429714203, ""total_train_step_time"": 0.0624608276411891}",0.1612929468974471,0.012846102938055992
rollout_update,76992,1196.9685171716735,11.827495935338803,208230.0583827495,0.05346840713173151,"{""policy_inference_time"": 0.011002887040376663, ""env_step_time"": 0.041327934712171555, ""replay_insert_time"": 0.0007004397921264172, ""logging_time"": 0.00012674275785684586, ""total_train_step_time"": 0.05346840713173151}",0.1612929468974471,0.012846102938055992
rollout_update,77056,1306.9024513127586,11.825870505617122,208230.0583827495,0.04897075518965721,"{""policy_inference_time"": 0.008254918735474348, ""env_step_time"": 0.03949183505028486, ""replay_insert_time"": 0.0007746010087430477, ""logging_time"": 0.00014286721125245094, ""total_train_step_time"": 0.04897075518965721}",0.1612929468974471,0.012846102938055992
rollout_update,77120,53.847640590734834,11.825715261736352,208113.33933025287,1.1885386118665338,"{""policy_inference_time"": 0.008310011588037014, ""env_step_time"": 0.03933981107547879, ""replay_insert_time"": 0.0007257298566401005, ""logging_time"": 0.00013263802975416183, ""total_train_step_time"": 1.1885386118665338}",0.16513740317896008,0.017176177818328142
rollout_update,77184,1216.9443424000274,11.823975998822087,208113.33933025287,0.052590737119317055,"{""policy_inference_time"": 0.008406271692365408, ""env_step_time"": 0.04233051184564829, ""replay_insert_time"": 0.001331923995167017, ""logging_time"": 0.00016885995864868164, ""total_train_step_time"": 0.052590737119317055}",0.16513740317896008,0.017176177818328142
rollout_update,77248,1218.1761982973376,11.822239005454218,208113.33933025287,0.05253755580633879,"{""policy_inference_time"": 0.009130917023867369, ""env_step_time"": 0.04221854591742158, ""replay_insert_time"": 0.000705414917320013, ""logging_time"": 0.00015695299953222275, ""total_train_step_time"": 0.05253755580633879}",0.16513740317896008,0.017176177818328142
rollout_update,77312,1268.8390870555704,11.820571847807658,208113.33933025287,0.050439808052033186,"{""policy_inference_time"": 0.008733136113733053, ""env_step_time"": 0.04044459480792284, ""replay_insert_time"": 0.0007843580096960068, ""logging_time"": 0.00014509214088320732, ""total_train_step_time"": 0.050439808052033186}",0.16513740317896008,0.017176177818328142
rollout_update,77376,54.37736060165083,11.82081610858218,207994.5936182853,1.1769603984430432,"{""policy_inference_time"": 0.0083486782386899, ""env_step_time"": 0.04009304801002145, ""replay_insert_time"": 0.00070966687053442, ""logging_time"": 0.00012659281492233276, ""total_train_step_time"": 1.1769603984430432}",0.15986783476546407,0.01342540979385376
rollout_update,77440,1170.2527213542767,11.81901492328866,207994.5936182853,0.054689041804522276,"{""policy_inference_time"": 0.008620287757366896, ""env_step_time"": 0.043968035373836756, ""replay_insert_time"": 0.001490832306444645, ""logging_time"": 0.00019895611330866814, ""total_train_step_time"": 0.054689041804522276}",0.15986783476546407,0.01342540979385376
rollout_update,77504,1038.11930349127,11.8169851384069,207994.5936182853,0.061649946961551905,"{""policy_inference_time"": 0.011068390216678381, ""env_step_time"": 0.04904651269316673, ""replay_insert_time"": 0.0009273919276893139, ""logging_time"": 0.00019349809736013412, ""total_train_step_time"": 0.061649946961551905}",0.15986783476546407,0.01342540979385376
rollout_update,77568,1051.921342931709,11.814982669315965,207994.5936182853,0.06084105093032122,"{""policy_inference_time"": 0.011147690936923027, ""env_step_time"": 0.048218558076769114, ""replay_insert_time"": 0.000887508038431406, ""logging_time"": 0.00018869014456868172, ""total_train_step_time"": 0.06084105093032122}",0.15986783476546407,0.01342540979385376
rollout_update,77632,51.357506308085874,11.812974700356861,207810.81711454102,1.2461664243601263,"{""policy_inference_time"": 0.011129552964121103, ""env_step_time"": 0.05170218972489238, ""replay_insert_time"": 0.0009695249609649181, ""logging_time"": 0.0001976490020751953, ""total_train_step_time"": 1.2461664243601263}",0.17701459862291813,0.016104108188301325
rollout_update,77696,1013.6851148780827,11.810904951107457,207810.81711454102,0.06313597690314054,"{""policy_inference_time"": 0.010522834025323391, ""env_step_time"": 0.05055062100291252, ""replay_insert_time"": 0.0015010559000074863, ""logging_time"": 0.00014477036893367767, ""total_train_step_time"": 0.06313597690314054}",0.17701459862291813,0.016104108188301325
rollout_update,77760,1060.2572323050156,11.80892679429523,207810.81711454102,0.060362710151821375,"{""policy_inference_time"": 0.010565460193902254, ""env_step_time"": 0.048204041086137295, ""replay_insert_time"": 0.0010226150043308735, ""logging_time"": 0.00017400970682501793, ""total_train_step_time"": 0.060362710151821375}",0.17701459862291813,0.016104108188301325
rollout_update,77824,1074.3392321525541,11.806975215901614,207810.81711454102,0.05957150040194392,"{""policy_inference_time"": 0.009974157903343439, ""env_step_time"": 0.04835203709080815, ""replay_insert_time"": 0.0007897941395640373, ""logging_time"": 0.0001501929946243763, ""total_train_step_time"": 0.05957150040194392}",0.17701459862291813,0.016104108188301325
rollout_update,77888,55.06447342194715,11.807741366669081,207702.15446071432,1.162273894995451,"{""policy_inference_time"": 0.011396299116313457, ""env_step_time"": 0.046977085061371326, ""replay_insert_time"": 0.000832750927656889, ""logging_time"": 0.0001774500124156475, ""total_train_step_time"": 1.162273894995451}",0.1535092438571155,0.011985582765191793
rollout_update,77952,1250.704206448574,11.806070777340548,207702.15446071432,0.05117117194458842,"{""policy_inference_time"": 0.007825438864529133, ""env_step_time"": 0.041917553171515465, ""replay_insert_time"": 0.0010308311320841312, ""logging_time"": 0.00013037631288170815, ""total_train_step_time"": 0.05117117194458842}",0.1535092438571155,0.011985582765191793
rollout_update,78016,1332.4263910927316,11.804503080925477,207702.15446071432,0.0480326721444726,"{""policy_inference_time"": 0.007957383058965206, ""env_step_time"": 0.0388007378205657, ""replay_insert_time"": 0.0008368119597434998, ""logging_time"": 0.0001385197974741459, ""total_train_step_time"": 0.0480326721444726}",0.1535092438571155,0.011985582765191793
rollout_update,78080,1330.93154531364,11.802934040727024,207702.15446071432,0.04808662040159106,"{""policy_inference_time"": 0.00802431907504797, ""env_step_time"": 0.038850707933306694, ""replay_insert_time"": 0.0006637000478804111, ""logging_time"": 0.00019968301057815552, ""total_train_step_time"": 0.04808662040159106}",0.1535092438571155,0.011985582765191793
rollout_update,78144,55.56195121839011,11.804048826548177,207618.95244755768,1.1518673948012292,"{""policy_inference_time"": 0.008463799953460693, ""env_step_time"": 0.039719535037875175, ""replay_insert_time"": 0.0006916718557476997, ""logging_time"": 0.0001359870657324791, ""total_train_step_time"": 1.1518673948012292}",0.15694582788273692,0.012374674901366234
rollout_update,78208,1232.063770327795,11.80235956396156,207618.95244755768,0.05194536317139864,"{""policy_inference_time"": 0.008786126039922237, ""env_step_time"": 0.04126946069300175, ""replay_insert_time"": 0.0014611361548304558, ""logging_time"": 0.0001387130469083786, ""total_train_step_time"": 0.05194536317139864}",0.15694582788273692,0.012374674901366234
rollout_update,78272,1232.2430087787582,11.800671030411962,207618.95244755768,0.051937807351350784,"{""policy_inference_time"": 0.009100863710045815, ""env_step_time"": 0.04153350694105029, ""replay_insert_time"": 0.0008116140961647034, ""logging_time"": 0.00016598263755440712, ""total_train_step_time"": 0.051937807351350784}",0.15694582788273692,0.012374674901366234
rollout_update,78336,1300.1987138795018,11.79907119500213,207618.95244755768,0.04922324512153864,"{""policy_inference_time"": 0.008761739358305931, ""env_step_time"": 0.03928070096299052, ""replay_insert_time"": 0.0007490711286664009, ""logging_time"": 0.00012628640979528427, ""total_train_step_time"": 0.04922324512153864}",0.15694582788273692,0.012374674901366234
rollout_update,78400,54.70037890326388,11.799606450801443,207528.75981703616,1.1700101769529283,"{""policy_inference_time"": 0.00811499310657382, ""env_step_time"": 0.038318186067044735, ""replay_insert_time"": 0.0008096457459032536, ""logging_time"": 0.00013413187116384506, ""total_train_step_time"": 1.1700101769529283}",0.15972514916211367,0.013226757757365704
rollout_update,78464,1255.7640247199909,11.797955706488901,207528.75981703616,0.050964989233762026,"{""policy_inference_time"": 0.008027422707527876, ""env_step_time"": 0.04127047769725323, ""replay_insert_time"": 0.0011852551251649857, ""logging_time"": 0.0001680757850408554, ""total_train_step_time"": 0.050964989233762026}",0.15972514916211367,0.013226757757365704
rollout_update,78528,1224.4910832511134,11.796263282570951,207528.75981703616,0.052266611717641354,"{""policy_inference_time"": 0.00827649887651205, ""env_step_time"": 0.04265411989763379, ""replay_insert_time"": 0.0008879289962351322, ""logging_time"": 0.00015016226097941399, ""total_train_step_time"": 0.052266611717641354}",0.15972514916211367,0.013226757757365704
rollout_update,78592,1256.0341639507371,11.794613828247316,207528.75981703616,0.05095402803272009,"{""policy_inference_time"": 0.008846316020935774, ""env_step_time"": 0.04086745297536254, ""replay_insert_time"": 0.0007884609512984753, ""logging_time"": 0.00015101907774806023, ""total_train_step_time"": 0.05095402803272009}",0.15972514916211367,0.013226757757365704
rollout_update,78656,57.02899683000015,11.796703033019718,207468.6725231233,1.122236117720604,"{""policy_inference_time"": 0.008558561094105244, ""env_step_time"": 0.041084363125264645, ""replay_insert_time"": 0.0008292687125504017, ""logging_time"": 0.00015840400010347366, ""total_train_step_time"": 1.122236117720604}",0.15258051035925746,0.012086824048310518
rollout_update,78720,1316.5353246196692,11.79513436065896,207468.6725231233,0.04861244419589639,"{""policy_inference_time"": 0.007763574831187725, ""env_step_time"": 0.03935984522104263, ""replay_insert_time"": 0.001065209973603487, ""logging_time"": 0.00013596424832940102, ""total_train_step_time"": 0.04861244419589639}",0.15258051035925746,0.012086824048310518
rollout_update,78784,1343.8438694972565,11.793597970138652,207468.6725231233,0.04762458009645343,"{""policy_inference_time"": 0.008020349778234959, ""env_step_time"": 0.0385386529378593, ""replay_insert_time"": 0.0006770547479391098, ""logging_time"": 0.00012482702732086182, ""total_train_step_time"": 0.04762458009645343}",0.15258051035925746,0.012086824048310518
rollout_update,78848,1334.5673009528305,11.79205130455683,207468.6725231233,0.04795561823993921,"{""policy_inference_time"": 0.008106821216642857, ""env_step_time"": 0.03881941502913833, ""replay_insert_time"": 0.0006431019864976406, ""logging_time"": 0.00012309476733207703, ""total_train_step_time"": 0.04795561823993921}",0.15258051035925746,0.012086824048310518
rollout_update,78912,55.848506184566574,11.793378437025183,207377.4079044996,1.1459572399035096,"{""policy_inference_time"": 0.007866552099585533, ""env_step_time"": 0.040969086810946465, ""replay_insert_time"": 0.000714009627699852, ""logging_time"": 0.00015686172991991043, ""total_train_step_time"": 1.1459572399035096}",0.1652634348720312,0.012028861790895462
rollout_update,78976,1277.985384567411,11.791768589463091,207377.4079044996,0.05007881997153163,"{""policy_inference_time"": 0.00788132706657052, ""env_step_time"": 0.040487742982804775, ""replay_insert_time"": 0.001234712079167366, ""logging_time"": 0.0001494232565164566, ""total_train_step_time"": 0.05007881997153163}",0.1652634348720312,0.012028861790895462
rollout_update,79040,1342.2547480230548,11.790236232435213,207377.4079044996,0.04768096376210451,"{""policy_inference_time"": 0.008003845810890198, ""env_step_time"": 0.038541669957339764, ""replay_insert_time"": 0.0006966716609895229, ""logging_time"": 0.00013372022658586502, ""total_train_step_time"": 0.04768096376210451}",0.1652634348720312,0.012028861790895462
rollout_update,79104,1350.4859336936229,11.788713609673058,207377.4079044996,0.047390349209308624,"{""policy_inference_time"": 0.007927187718451023, ""env_step_time"": 0.03831483982503414, ""replay_insert_time"": 0.0007198890671133995, ""logging_time"": 0.000132623128592968, ""total_train_step_time"": 0.047390349209308624}",0.1652634348720312,0.012028861790895462
rollout_update,79168,55.8609328885357,11.790054642961422,207272.25399862512,1.1457023127004504,"{""policy_inference_time"": 0.008166586048901081, ""env_step_time"": 0.0409313072450459, ""replay_insert_time"": 0.0006529819220304489, ""logging_time"": 0.0001277141273021698, ""total_train_step_time"": 1.1457023127004504}",0.1577506917528808,0.012153428979218006
rollout_update,79232,1236.6528471818183,11.788397297570489,207272.25399862512,0.05175259988754988,"{""policy_inference_time"": 0.00807502819225192, ""env_step_time"": 0.042139939963817596, ""replay_insert_time"": 0.001122230663895607, ""logging_time"": 0.00013810675591230392, ""total_train_step_time"": 0.05175259988754988}",0.1577506917528808,0.012153428979218006
rollout_update,79296,1288.6438072228566,11.786807256656578,207272.25399862512,0.049664616119116545,"{""policy_inference_time"": 0.008627614006400108, ""env_step_time"": 0.03990720817819238, ""replay_insert_time"": 0.0007160985842347145, ""logging_time"": 0.00012627383694052696, ""total_train_step_time"": 0.049664616119116545}",0.1577506917528808,0.012153428979218006
rollout_update,79360,1344.0601849385741,11.78528317676788,207272.25399862512,0.04761691531166434,"{""policy_inference_time"": 0.008032722864300013, ""env_step_time"": 0.038452547043561935, ""replay_insert_time"": 0.0007190201431512833, ""logging_time"": 0.0001253429800271988, ""total_train_step_time"": 0.04761691531166434}",0.1577506917528808,0.012153428979218006
rollout_update,79424,55.26762055834433,11.78623772055477,207203.15720060674,1.1580017260275781,"{""policy_inference_time"": 0.007916936185210943, ""env_step_time"": 0.039274511858820915, ""replay_insert_time"": 0.000729359220713377, ""logging_time"": 0.0001461324281990528, ""total_train_step_time"": 1.1580017260275781}",0.1520000547170639,0.011971239000558853
rollout_update,79488,1288.9301167604767,11.784653724118906,207203.15720060674,0.04965358413755894,"{""policy_inference_time"": 0.007946230936795473, ""env_step_time"": 0.04013971285894513, ""replay_insert_time"": 0.0011277422308921814, ""logging_time"": 0.00013788091018795967, ""total_train_step_time"": 0.04965358413755894}",0.1520000547170639,0.011971239000558853
rollout_update,79552,1335.528863419066,11.783125399544387,207203.15720060674,0.047921090852469206,"{""policy_inference_time"": 0.008189056068658829, ""env_step_time"": 0.038596037309616804, ""replay_insert_time"": 0.0007060449570417404, ""logging_time"": 0.00013664690777659416, ""total_train_step_time"": 0.047921090852469206}",0.1520000547170639,0.011971239000558853
rollout_update,79616,1344.7065232666087,11.781607898138304,207203.15720060674,0.04759402805939317,"{""policy_inference_time"": 0.00789347616955638, ""env_step_time"": 0.03854262363165617, ""replay_insert_time"": 0.0007173758931457996, ""logging_time"": 0.0001472211442887783, ""total_train_step_time"": 0.04759402805939317}",0.1520000547170639,0.011971239000558853
rollout_update,79680,55.46920262168691,11.782704322318594,207098.16033050072,1.1537934020161629,"{""policy_inference_time"": 0.007989672012627125, ""env_step_time"": 0.038198679219931364, ""replay_insert_time"": 0.0007111080922186375, ""logging_time"": 0.00013676006346940994, ""total_train_step_time"": 1.1537934020161629}",0.15791538869962096,0.011865864973515272
rollout_update,79744,1312.6855556335877,11.78115490115534,207098.16033050072,0.0487550119869411,"{""policy_inference_time"": 0.0075131310150027275, ""env_step_time"": 0.03967622108757496, ""replay_insert_time"": 0.0011256192810833454, ""logging_time"": 0.00014751125127077103, ""total_train_step_time"": 0.0487550119869411}",0.15791538869962096,0.011865864973515272
rollout_update,79808,1351.713739233256,11.779650606572597,207098.16033050072,0.04734730301424861,"{""policy_inference_time"": 0.007783790118992329, ""env_step_time"": 0.038509783800691366, ""replay_insert_time"": 0.0006671231240034103, ""logging_time"": 0.00012144912034273148, ""total_train_step_time"": 0.04734730301424861}",0.15791538869962096,0.011865864973515272
rollout_update,79872,1386.4177904581006,11.778184336475006,207098.16033050072,0.04616213124245405,"{""policy_inference_time"": 0.007799437735229731, ""env_step_time"": 0.037333494052290916, ""replay_insert_time"": 0.0006396202370524406, ""logging_time"": 0.00012125307694077492, ""total_train_step_time"": 0.04616213124245405}",0.15791538869962096,0.011865864973515272
rollout_update,79936,58.14189009126811,11.780967193112616,207061.44608141028,1.100755408871919,"{""policy_inference_time"": 0.007970804814249277, ""env_step_time"": 0.03782209800556302, ""replay_insert_time"": 0.0007205470465123653, ""logging_time"": 0.00012647220864892006, ""total_train_step_time"": 1.100755408871919}",0.15072905691340566,0.012024867814034224
rollout_update,80000,1316.7155502186527,11.779427901931793,207061.44608141028,0.04860579036176205,"{""policy_inference_time"": 0.007789724972099066, ""env_step_time"": 0.03924730373546481, ""replay_insert_time"": 0.0011271974071860313, ""logging_time"": 0.00013986695557832718, ""total_train_step_time"": 0.04860579036176205}",0.15072905691340566,0.012024867814034224
rollout_update,80064,1356.8607928810864,11.777934538055472,207061.44608141028,0.0471676979213953,"{""policy_inference_time"": 0.007887779735028744, ""env_step_time"": 0.03814367298036814, ""replay_insert_time"": 0.0007186327129602432, ""logging_time"": 0.0001356629654765129, ""total_train_step_time"": 0.0471676979213953}",0.15072905691340566,0.012024867814034224
rollout_update,80128,1345.5170135333276,11.77642896733522,207061.44608141028,0.04756535915657878,"{""policy_inference_time"": 0.008057184983044863, ""env_step_time"": 0.03834804380312562, ""replay_insert_time"": 0.0007417360320687294, ""logging_time"": 0.00013986509293317795, ""total_train_step_time"": 0.04756535915657878}",0.15072905691340566,0.012024867814034224
rollout_update,80192,55.01012275096846,11.777230120866403,206993.16978306384,1.1634222357533872,"{""policy_inference_time"": 0.008095859084278345, ""env_step_time"": 0.03848906420171261, ""replay_insert_time"": 0.0007166271097958088, ""logging_time"": 0.00012565404176712036, ""total_train_step_time"": 1.1634222357533872}",0.15457045985385776,0.012263055890798569
rollout_update,80256,1296.5915766000041,11.775672907979208,206993.16978306384,0.04936018493026495,"{""policy_inference_time"": 0.007907588966190815, ""env_step_time"": 0.039961788803339005, ""replay_insert_time"": 0.0010875789448618889, ""logging_time"": 0.00012964382767677307, ""total_train_step_time"": 0.04936018493026495}",0.15457045985385776,0.012263055890798569
rollout_update,80320,1334.4793152189204,11.774160300923734,206993.16978306384,0.04795878008008003,"{""policy_inference_time"": 0.008185026701539755, ""env_step_time"": 0.03864053264260292, ""replay_insert_time"": 0.0007148203440010548, ""logging_time"": 0.0001376839354634285, ""total_train_step_time"": 0.04795878008008003}",0.15457045985385776,0.012263055890798569
rollout_update,80384,1353.8314684878649,11.772669695870661,206993.16978306384,0.0472732400521636,"{""policy_inference_time"": 0.007936648093163967, ""env_step_time"": 0.038186902180314064, ""replay_insert_time"": 0.0007260320708155632, ""logging_time"": 0.000141798984259367, ""total_train_step_time"": 0.0472732400521636}",0.15457045985385776,0.012263055890798569
rollout_update,80448,57.378723776907904,11.774989478547859,206952.28496896866,1.1153960176743567,"{""policy_inference_time"": 0.008092063944786787, ""env_step_time"": 0.03846726194024086, ""replay_insert_time"": 0.0007061236537992954, ""logging_time"": 0.00014114519581198692, ""total_train_step_time"": 1.1153960176743567}",0.153868711553514,0.012218391057103872
rollout_update,80512,1286.8691037042,11.773426077497144,206952.28496896866,0.049733107909560204,"{""policy_inference_time"": 0.00806567957624793, ""env_step_time"": 0.0401063421741128, ""replay_insert_time"": 0.0011137169785797596, ""logging_time"": 0.0001545073464512825, ""total_train_step_time"": 0.049733107909560204}",0.153868711553514,0.012218391057103872
rollout_update,80576,1084.480433982327,11.771571448832471,206952.28496896866,0.059014434926211834,"{""policy_inference_time"": 0.008519681170582771, ""env_step_time"": 0.04893050994724035, ""replay_insert_time"": 0.0009109438396990299, ""logging_time"": 0.00019042706117033958, ""total_train_step_time"": 0.059014434926211834}",0.153868711553514,0.012218391057103872
rollout_update,80640,1050.0781648870288,11.76965667275043,206952.28496896866,0.060947843827307224,"{""policy_inference_time"": 0.010891643818467855, ""env_step_time"": 0.04841360868886113, ""replay_insert_time"": 0.0010352940298616886, ""logging_time"": 0.0001897900365293026, ""total_train_step_time"": 0.060947843827307224}",0.153868711553514,0.012218391057103872
rollout_update,80704,43.97057339235557,11.761332930806995,205924.6779354047,1.4555188859812915,"{""policy_inference_time"": 0.0110420361161232, ""env_step_time"": 0.04894995177164674, ""replay_insert_time"": 0.0009187399409711361, ""logging_time"": 0.0001941216178238392, ""total_train_step_time"": 1.4555188859812915}",0.1528029153123498,0.011931715998798609
rollout_update,80768,1293.4006287476873,11.759785939945347,205924.6779354047,0.04948196141049266,"{""policy_inference_time"": 0.008015003055334091, ""env_step_time"": 0.03987755533307791, ""replay_insert_time"": 0.0011574653908610344, ""logging_time"": 0.00013895193114876747, ""total_train_step_time"": 0.04948196141049266}",0.1528029153123498,0.011931715998798609
rollout_update,80832,1327.7833050420463,11.758279399331295,205924.6779354047,0.0482006361708045,"{""policy_inference_time"": 0.008330261800438166, ""env_step_time"": 0.03873162530362606, ""replay_insert_time"": 0.0007117860950529575, ""logging_time"": 0.0001263241283595562, ""total_train_step_time"": 0.0482006361708045}",0.1528029153123498,0.011931715998798609
rollout_update,80896,1350.8957686828937,11.75679901021448,205924.6779354047,0.047375971917063,"{""policy_inference_time"": 0.008017101790755987, ""env_step_time"": 0.0382313160225749, ""replay_insert_time"": 0.0007117758505046368, ""logging_time"": 0.0001385691575706005, ""total_train_step_time"": 0.047375971917063}",0.1528029153123498,0.011931715998798609
rollout_update,80960,56.576790302133766,11.758655381795812,205863.91498462964,1.131205917801708,"{""policy_inference_time"": 0.008191132918000221, ""env_step_time"": 0.03900775220245123, ""replay_insert_time"": 0.0006576371379196644, ""logging_time"": 0.00012405728921294212, ""total_train_step_time"": 1.131205917801708}",0.15563652338460088,0.012539329007267952
rollout_update,81024,1254.1392519812705,11.75706572444028,205863.91498462964,0.05103101581335068,"{""policy_inference_time"": 0.008413688279688358, ""env_step_time"": 0.04105896130204201, ""replay_insert_time"": 0.001110081560909748, ""logging_time"": 0.00015132594853639603, ""total_train_step_time"": 0.05103101581335068}",0.15563652338460088,0.012539329007267952
rollout_update,81088,1280.3466638769107,11.755509022427177,205863.91498462964,0.049986462108790874,"{""policy_inference_time"": 0.00880463793873787, ""env_step_time"": 0.04001265112310648, ""replay_insert_time"": 0.000716707669198513, ""logging_time"": 0.00015002861618995667, ""total_train_step_time"": 0.049986462108790874}",0.15563652338460088,0.012539329007267952
rollout_update,81152,1327.6599921877666,11.754008186436572,205863.91498462964,0.04820511303842068,"{""policy_inference_time"": 0.007696336135268211, ""env_step_time"": 0.03934095986187458, ""replay_insert_time"": 0.0007210532203316689, ""logging_time"": 0.00014268327504396439, ""total_train_step_time"": 0.04820511303842068}",0.15563652338460088,0.012539329007267952
rollout_update,81216,58.63282110100927,11.757098105637194,205809.4347913081,1.0915388138964772,"{""policy_inference_time"": 0.008184851612895727, ""env_step_time"": 0.04000121308490634, ""replay_insert_time"": 0.0019490444101393223, ""logging_time"": 0.000522139947861433, ""total_train_step_time"": 1.0915388138964772}",0.14673893572762609,0.011331944726407528
rollout_update,81280,1442.090219420776,11.755720319615547,205809.4347913081,0.04438002500683069,"{""policy_inference_time"": 0.007133458275347948, ""env_step_time"": 0.035851164255291224, ""replay_insert_time"": 0.0010028802789747715, ""logging_time"": 0.0001267329789698124, ""total_train_step_time"": 0.04438002500683069}",0.14673893572762609,0.011331944726407528
rollout_update,81344,1392.4140420878787,11.754293719654045,205809.4347913081,0.04596333997324109,"{""policy_inference_time"": 0.007170354947447777, ""env_step_time"": 0.037701515946537256, ""replay_insert_time"": 0.0006833858788013458, ""logging_time"": 0.00014065345749258995, ""total_train_step_time"": 0.04596333997324109}",0.14673893572762609,0.011331944726407528
rollout_update,81408,1451.9128381267863,11.752925906392871,205809.4347913081,0.04407978104427457,"{""policy_inference_time"": 0.007446243893355131, ""env_step_time"": 0.035583886317908764, ""replay_insert_time"": 0.0006702719256281853, ""logging_time"": 0.00012186821550130844, ""total_train_step_time"": 0.04407978104427457}",0.14673893572762609,0.011331944726407528
rollout_update,81472,61.795246174752286,11.757737861505424,205832.441246558,1.0356783727183938,"{""policy_inference_time"": 0.007185767870396376, ""env_step_time"": 0.034915987867861986, ""replay_insert_time"": 0.0006245211698114872, ""logging_time"": 0.0001252838410437107, ""total_train_step_time"": 1.0356783727183938}",0.1432021209038794,0.011120515875518322
rollout_update,81536,1415.853833653297,11.756338793900817,205832.441246558,0.045202406123280525,"{""policy_inference_time"": 0.007233219686895609, ""env_step_time"": 0.03655004221946001, ""replay_insert_time"": 0.0010202862322330475, ""logging_time"": 0.00012893695384263992, ""total_train_step_time"": 0.045202406123280525}",0.1432021209038794,0.011120515875518322
rollout_update,81600,1434.520547695849,11.754958258122986,205832.441246558,0.044614209327846766,"{""policy_inference_time"": 0.00746372202411294, ""env_step_time"": 0.036080422811210155, ""replay_insert_time"": 0.0006708763539791107, ""logging_time"": 0.0001283753663301468, ""total_train_step_time"": 0.044614209327846766}",0.1432021209038794,0.011120515875518322
rollout_update,81664,1419.8972119655516,11.75356383360466,205832.441246558,0.045073685236275196,"{""policy_inference_time"": 0.007815135642886162, ""env_step_time"": 0.03623390709981322, ""replay_insert_time"": 0.0006315167993307114, ""logging_time"": 0.00012163398787379265, ""total_train_step_time"": 0.045073685236275196}",0.1432021209038794,0.011120515875518322
rollout_update,81728,60.97897950766756,11.757931435677229,205847.80980716855,1.0495419981889427,"{""policy_inference_time"": 0.007226136047393084, ""env_step_time"": 0.03514284687116742, ""replay_insert_time"": 0.0007134610787034035, ""logging_time"": 0.00018085399642586708, ""total_train_step_time"": 1.0495419981889427}",0.14457896072417498,0.01109048118814826
rollout_update,81792,1399.8983565827996,11.756520798919967,205847.80980716855,0.04571760492399335,"{""policy_inference_time"": 0.0074609192088246346, ""env_step_time"": 0.03682786971330643, ""replay_insert_time"": 0.0010210317559540272, ""logging_time"": 0.00013010762631893158, ""total_train_step_time"": 0.04571760492399335}",0.14457896072417498,0.01109048118814826
rollout_update,81856,1463.2802388248253,11.75517158056291,205847.80980716855,0.04373735003173351,"{""policy_inference_time"": 0.007431815844029188, ""env_step_time"": 0.03528730710968375, ""replay_insert_time"": 0.0006357361562550068, ""logging_time"": 0.0001227809116244316, ""total_train_step_time"": 0.04373735003173351}",0.14457896072417498,0.01109048118814826
rollout_update,81920,1465.3337444771562,11.753824561984137,205847.80980716855,0.043676056899130344,"{""policy_inference_time"": 0.007278155069798231, ""env_step_time"": 0.035367246717214584, ""replay_insert_time"": 0.0006445618346333504, ""logging_time"": 0.00012692715972661972, ""total_train_step_time"": 0.043676056899130344}",0.14457896072417498,0.01109048118814826
rollout_update,81984,59.9860478879765,11.757643496567153,205844.867873672,1.066914761904627,"{""policy_inference_time"": 0.007477565202862024, ""env_step_time"": 0.03507542936131358, ""replay_insert_time"": 0.0006283819675445557, ""logging_time"": 0.00012388313189148903, ""total_train_step_time"": 1.066914761904627}",0.14801627583801746,0.011488123796880245
rollout_update,82048,402.1073307594699,11.752749488485504,205844.867873672,0.15916148526594043,"{""policy_inference_time"": 0.007096537854522467, ""env_step_time"": 0.1505962568335235, ""replay_insert_time"": 0.001063068863004446, ""logging_time"": 0.0001296759583055973, ""total_train_step_time"": 0.15916148526594043}",0.14801627583801746,0.011488123796880245
rollout_update,82112,1453.4858971294925,11.751396278996237,205844.867873672,0.044032074976712465,"{""policy_inference_time"": 0.008667032700031996, ""env_step_time"": 0.03433296224102378, ""replay_insert_time"": 0.0006434009410440922, ""logging_time"": 0.00012561213225126266, ""total_train_step_time"": 0.044032074976712465}",0.14801627583801746,0.011488123796880245
rollout_update,82176,1457.6541043409352,11.750047249297198,205844.867873672,0.04390616388991475,"{""policy_inference_time"": 0.007956425193697214, ""env_step_time"": 0.03491969034075737, ""replay_insert_time"": 0.0006344988942146301, ""logging_time"": 0.00012618815526366234, ""total_train_step_time"": 0.04390616388991475}",0.14801627583801746,0.011488123796880245
rollout_update,82240,61.45853266672634,11.754647045756897,205862.07943541027,1.0413525546900928,"{""policy_inference_time"": 0.007362707052379847, ""env_step_time"": 0.03478899970650673, ""replay_insert_time"": 0.0006384821608662605, ""logging_time"": 0.00012273900210857391, ""total_train_step_time"": 1.0413525546900928}",0.14377375040203333,0.011142071802169085
rollout_update,82304,1401.567612609636,11.753247621193388,205862.07943541027,0.04566315561532974,"{""policy_inference_time"": 0.007267666980624199, ""env_step_time"": 0.03698467882350087, ""replay_insert_time"": 0.0010128938592970371, ""logging_time"": 0.00012613087892532349, ""total_train_step_time"": 0.04566315561532974}",0.14377375040203333,0.011142071802169085
rollout_update,82368,1491.4355147053254,11.751932823987381,205862.07943541027,0.04291167762130499,"{""policy_inference_time"": 0.00719153368845582, ""env_step_time"": 0.034676091745495796, ""replay_insert_time"": 0.000643434002995491, ""logging_time"": 0.00013729184865951538, ""total_train_step_time"": 0.04291167762130499}",0.14377375040203333,0.011142071802169085
rollout_update,82432,406.5558862620484,11.747112056058567,205862.07943541027,0.15741993207484484,"{""policy_inference_time"": 0.0075207860209047794, ""env_step_time"": 0.1488568759523332, ""replay_insert_time"": 0.0006543430499732494, ""logging_time"": 0.00012550782412290573, ""total_train_step_time"": 0.15741993207484484}",0.14377375040203333,0.011142071802169085
rollout_update,82496,55.45446409200362,11.748262090219319,205876.32884562406,1.1541000539436936,"{""policy_inference_time"": 0.008841023314744234, ""env_step_time"": 0.14801268372684717, ""replay_insert_time"": 0.0006638946942985058, ""logging_time"": 0.00012720702216029167, ""total_train_step_time"": 1.1541000539436936}",0.1425862181931734,0.011310687754303217
rollout_update,82560,1401.138544571954,11.74686808611039,205876.32884562406,0.04567713895812631,"{""policy_inference_time"": 0.008225994650274515, ""env_step_time"": 0.03603214584290981, ""replay_insert_time"": 0.0010142377577722073, ""logging_time"": 0.0001300359144806862, ""total_train_step_time"": 0.04567713895812631}",0.1425862181931734,0.011310687754303217
rollout_update,82624,1443.4285641669637,11.745515240349512,205876.32884562406,0.04433887591585517,"{""policy_inference_time"": 0.0073157320730388165, ""env_step_time"": 0.035990080796182156, ""replay_insert_time"": 0.0006408118642866611, ""logging_time"": 0.00012618722394108772, ""total_train_step_time"": 0.04433887591585517}",0.1425862181931734,0.011310687754303217
rollout_update,82688,1492.0556709490206,11.744206781254348,205876.32884562406,0.04289384186267853,"{""policy_inference_time"": 0.007350652012974024, ""env_step_time"": 0.03452459117397666, ""replay_insert_time"": 0.0006366460584104061, ""logging_time"": 0.00012428686022758484, ""total_train_step_time"": 0.04289384186267853}",0.1425862181931734,0.011310687754303217
rollout_update,82752,60.714261766716845,11.748403208051196,205897.27463891008,1.0541180628351867,"{""policy_inference_time"": 0.007259477395564318, ""env_step_time"": 0.03446875885128975, ""replay_insert_time"": 0.0006433366797864437, ""logging_time"": 0.00012229196727275848, ""total_train_step_time"": 1.0541180628351867}",0.16134703857824206,0.011129600927233696
rollout_update,82816,408.28356224642664,11.743635315800036,205897.27463891008,0.1567538003437221,"{""policy_inference_time"": 0.007261854130774736, ""env_step_time"": 0.1480394061654806, ""replay_insert_time"": 0.0010558920912444592, ""logging_time"": 0.00012789713218808174, ""total_train_step_time"": 0.1567538003437221}",0.16134703857824206,0.011129600927233696
rollout_update,82880,1449.585553141495,11.742293111736332,205897.27463891008,0.04415055038407445,"{""policy_inference_time"": 0.008632050827145576, ""env_step_time"": 0.034483909606933594, ""replay_insert_time"": 0.000648879911750555, ""logging_time"": 0.0001241588033735752, ""total_train_step_time"": 0.04415055038407445}",0.16134703857824206,0.011129600927233696
rollout_update,82944,413.77591124135654,11.737593373153619,205897.27463891008,0.15467309299856424,"{""policy_inference_time"": 0.007326093968003988, ""env_step_time"": 0.14631031965836883, ""replay_insert_time"": 0.0006527421064674854, ""logging_time"": 0.00012384401634335518, ""total_train_step_time"": 0.15467309299856424}",0.16134703857824206,0.011129600927233696
rollout_update,83008,61.51901720294121,11.742210370504738,205921.0235579885,1.0403287131339312,"{""policy_inference_time"": 0.008616532664746046, ""env_step_time"": 0.034189453814178705, ""replay_insert_time"": 0.0006189867854118347, ""logging_time"": 0.00012581469491124153, ""total_train_step_time"": 1.0403287131339312}",0.14175705099478364,0.01116123516112566
rollout_update,83072,1447.379874132807,11.740870582128498,205921.0235579885,0.044217831920832396,"{""policy_inference_time"": 0.0071775480173528194, ""env_step_time"": 0.03555950382724404, ""replay_insert_time"": 0.0010805712081491947, ""logging_time"": 0.00012718373909592628, ""total_train_step_time"": 0.044217831920832396}",0.14175705099478364,0.01116123516112566
rollout_update,83136,1333.7066796467282,11.739416948104203,205921.0235579885,0.04798656329512596,"{""policy_inference_time"": 0.007237644400447607, ""env_step_time"": 0.035383941140025854, ""replay_insert_time"": 0.0031489827670156956, ""logging_time"": 0.000561591237783432, ""total_train_step_time"": 0.04798656329512596}",0.14175705099478364,0.01116123516112566
rollout_update,83200,1492.4857372214085,11.738118264384301,205921.0235579885,0.04288148181512952,"{""policy_inference_time"": 0.007482288870960474, ""env_step_time"": 0.03426835499703884, ""replay_insert_time"": 0.0006490983068943024, ""logging_time"": 0.00012576067820191383, ""total_train_step_time"": 0.04288148181512952}",0.14175705099478364,0.01116123516112566
rollout_update,83264,56.032988384797356,11.739643351899582,205937.09332423995,1.1421843068674207,"{""policy_inference_time"": 0.007281184196472168, ""env_step_time"": 0.1461068787612021, ""replay_insert_time"": 0.0006550592370331287, ""logging_time"": 0.0001217816025018692, ""total_train_step_time"": 1.1421843068674207}",0.14089543046429753,0.011110214050859213
rollout_update,83328,1379.4784029589475,11.738242547764441,205937.09332423995,0.046394347213208675,"{""policy_inference_time"": 0.008156286086887121, ""env_step_time"": 0.036737156100571156, ""replay_insert_time"": 0.0010804771445691586, ""logging_time"": 0.0001353919506072998, ""total_train_step_time"": 0.046394347213208675}",0.14089543046429753,0.011110214050859213
rollout_update,83392,1415.3217434927708,11.736877540973827,205937.09332423995,0.045219399966299534,"{""policy_inference_time"": 0.007842028047889471, ""env_step_time"": 0.036279563792049885, ""replay_insert_time"": 0.0006905272603034973, ""logging_time"": 0.00012909527868032455, ""total_train_step_time"": 0.045219399966299534}",0.14089543046429753,0.011110214050859213
rollout_update,83456,1432.990730541714,11.735529676500512,205937.09332423995,0.044661838095635176,"{""policy_inference_time"": 0.00772350188344717, ""env_step_time"": 0.03586462512612343, ""replay_insert_time"": 0.0006635128520429134, ""logging_time"": 0.00012861192226409912, ""total_train_step_time"": 0.044661838095635176}",0.14089543046429753,0.011110214050859213
rollout_update,83520,61.633771712119405,11.740181442111757,205943.61183441384,1.0383917489089072,"{""policy_inference_time"": 0.007652050815522671, ""env_step_time"": 0.03577317576855421, ""replay_insert_time"": 0.0006774980574846268, ""logging_time"": 0.00012680189684033394, ""total_train_step_time"": 1.0383917489089072}",0.1409896588884294,0.011045210994780064
rollout_update,83584,1465.9625726793759,11.738867179053477,205943.61183441384,0.04365732194855809,"{""policy_inference_time"": 0.007069495040923357, ""env_step_time"": 0.03516637720167637, ""replay_insert_time"": 0.0010144859552383423, ""logging_time"": 0.00013389671221375465, ""total_train_step_time"": 0.04365732194855809}",0.1409896588884294,0.011045210994780064
rollout_update,83648,1448.8052122640188,11.737537651405479,205943.61183441384,0.044174330309033394,"{""policy_inference_time"": 0.0075475312769412994, ""env_step_time"": 0.035542445722967386, ""replay_insert_time"": 0.0006803669966757298, ""logging_time"": 0.0001296522095799446, ""total_train_step_time"": 0.044174330309033394}",0.1409896588884294,0.011045210994780064
rollout_update,83712,390.22362522842093,11.732604072936821,205943.61183441384,0.16400852194055915,"{""policy_inference_time"": 0.007706431671977043, ""env_step_time"": 0.15519229602068663, ""replay_insert_time"": 0.0007017068564891815, ""logging_time"": 0.00012981193140149117, ""total_train_step_time"": 0.16400852194055915}",0.1409896588884294,0.011045210994780064
rollout_update,83776,60.13078012777579,11.736469647555765,205930.82174537115,1.0643467432819307,"{""policy_inference_time"": 0.009226878173649311, ""env_step_time"": 0.03588067227974534, ""replay_insert_time"": 0.0006698668003082275, ""logging_time"": 0.00013289880007505417, ""total_train_step_time"": 1.0643467432819307}",0.14544368814677,0.01137892622500658
rollout_update,83840,1431.1887356508153,11.735128407511807,205930.82174537115,0.04471807135269046,"{""policy_inference_time"": 0.007418847177177668, ""env_step_time"": 0.03577366005629301, ""replay_insert_time"": 0.0010421979241073132, ""logging_time"": 0.00016793794929981232, ""total_train_step_time"": 0.04471807135269046}",0.14544368814677,0.01137892622500658
rollout_update,83904,1500.6215657229482,11.733849511387632,205930.82174537115,0.04264899389818311,"{""policy_inference_time"": 0.007394030690193176, ""env_step_time"": 0.034251410048455, ""replay_insert_time"": 0.0006270399317145348, ""logging_time"": 0.00012063700705766678, ""total_train_step_time"": 0.04264899389818311}",0.14544368814677,0.01137892622500658
rollout_update,83968,1512.9788680575177,11.732581336000745,205930.82174537115,0.04230065690353513,"{""policy_inference_time"": 0.007306449115276337, ""env_step_time"": 0.033970820251852274, ""replay_insert_time"": 0.0006411420181393623, ""logging_time"": 0.00012359116226434708, ""total_train_step_time"": 0.04230065690353513}",0.14544368814677,0.01137892622500658
rollout_update,84032,61.09713255597407,11.736938671491902,205940.20468129133,1.0475123352371156,"{""policy_inference_time"": 0.007452771067619324, ""env_step_time"": 0.03435909282416105, ""replay_insert_time"": 0.0007055271416902542, ""logging_time"": 0.0001255599781870842, ""total_train_step_time"": 1.0475123352371156}",0.14490421814844012,0.01136573264375329
rollout_update,84096,1450.9150607122422,11.735619580028079,205940.20468129133,0.04411009419709444,"{""policy_inference_time"": 0.00737121794372797, ""env_step_time"": 0.03532079514116049, ""replay_insert_time"": 0.0010131201706826687, ""logging_time"": 0.0001272382214665413, ""total_train_step_time"": 0.04411009419709444}",0.14490421814844012,0.01136573264375329
rollout_update,84160,403.9223031430108,11.730883762496529,205940.20468129133,0.15844631381332874,"{""policy_inference_time"": 0.00733600789681077, ""env_step_time"": 0.15003006206825376, ""replay_insert_time"": 0.0006575789302587509, ""logging_time"": 0.00012522004544734955, ""total_train_step_time"": 0.15844631381332874}",0.14490421814844012,0.01136573264375329
rollout_update,84224,1446.6590817394183,11.729562155360187,205940.20468129133,0.0442398632876575,"{""policy_inference_time"": 0.008730307687073946, ""env_step_time"": 0.03440604405477643, ""replay_insert_time"": 0.0007124720141291618, ""logging_time"": 0.00012412387877702713, ""total_train_step_time"": 0.0442398632876575}",0.14490421814844012,0.01136573264375329
rollout_update,84288,60.31315095514828,11.733507427780323,205949.27131941068,1.0611284435726702,"{""policy_inference_time"": 0.007336177863180637, ""env_step_time"": 0.0339613757096231, ""replay_insert_time"": 0.0006453040987253189, ""logging_time"": 0.00012599723413586617, ""total_train_step_time"": 1.0611284435726702}",0.14935179892927408,0.011423035990446806
rollout_update,84352,1446.0762485701948,11.732188704425386,205949.27131941068,0.0442576939240098,"{""policy_inference_time"": 0.0073103331960737705, ""env_step_time"": 0.03551348112523556, ""replay_insert_time"": 0.0010311771184206009, ""logging_time"": 0.00013006199151277542, ""total_train_step_time"": 0.0442576939240098}",0.14935179892927408,0.011423035990446806
rollout_update,84416,1481.7918690817428,11.73090205201073,205949.27131941068,0.043190950993448496,"{""policy_inference_time"": 0.007541442755609751, ""env_step_time"": 0.03462754562497139, ""replay_insert_time"": 0.0006396672688424587, ""logging_time"": 0.00012427521869540215, ""total_train_step_time"": 0.043190950993448496}",0.14935179892927408,0.011423035990446806
rollout_update,84480,1491.5864180081433,11.729624127846051,205949.27131941068,0.04290733626112342,"{""policy_inference_time"": 0.007418502122163773, ""env_step_time"": 0.03435374889522791, ""replay_insert_time"": 0.0007415441796183586, ""logging_time"": 0.00012595998123288155, ""total_train_step_time"": 0.04290733626112342}",0.14935179892927408,0.011423035990446806
rollout_update,84544,60.33736535198873,11.733569983230693,205948.06560882035,1.0607025949284434,"{""policy_inference_time"": 0.0073571400716900826, ""env_step_time"": 0.03421031264588237, ""replay_insert_time"": 0.0006219306960701942, ""logging_time"": 0.0001220889389514923, ""total_train_step_time"": 1.0607025949284434}",0.14620449068024755,0.01173153892159462
rollout_update,84608,1391.536816720884,11.732203705447878,205948.06560882035,0.04599231528118253,"{""policy_inference_time"": 0.007713415194302797, ""env_step_time"": 0.03673308528959751, ""replay_insert_time"": 0.0011366563849151134, ""logging_time"": 0.00013108085840940475, ""total_train_step_time"": 0.04599231528118253}",0.14620449068024755,0.01173153892159462
rollout_update,84672,1436.7322191744163,11.730880710069739,205948.06560882035,0.044545531272888184,"{""policy_inference_time"": 0.007868926972150803, ""env_step_time"": 0.0356347830966115, ""replay_insert_time"": 0.0006545181386172771, ""logging_time"": 0.00012381607666611671, ""total_train_step_time"": 0.044545531272888184}",0.14620449068024755,0.01173153892159462
rollout_update,84736,1444.3571563035125,11.72956499493151,205948.06560882035,0.04431036999449134,"{""policy_inference_time"": 0.00777570391073823, ""env_step_time"": 0.0354974758811295, ""replay_insert_time"": 0.0006541041657328606, ""logging_time"": 0.00012477999553084373, ""total_train_step_time"": 0.04431036999449134}",0.14620449068024755,0.01173153892159462
rollout_update,84800,56.94284684769339,11.731626468440744,205868.35630741125,1.1239339713938534,"{""policy_inference_time"": 0.007691622711718082, ""env_step_time"": 0.035107234958559275, ""replay_insert_time"": 0.0007619368843734264, ""logging_time"": 0.00012354040518403053, ""total_train_step_time"": 1.1239339713938534}",0.1467176009900868,0.018339033238589764
rollout_update,84864,1195.9711188179203,11.730042119051603,205868.35630741125,0.053512997925281525,"{""policy_inference_time"": 0.012729012407362461, ""env_step_time"": 0.03921642014756799, ""replay_insert_time"": 0.0010761190205812454, ""logging_time"": 0.00017637992277741432, ""total_train_step_time"": 0.053512997925281525}",0.1467176009900868,0.018339033238589764
rollout_update,84928,1453.4057553677626,11.728738718615068,205868.35630741125,0.04403450293466449,"{""policy_inference_time"": 0.007870187051594257, ""env_step_time"": 0.03505742596462369, ""replay_insert_time"": 0.0006990428082644939, ""logging_time"": 0.00013625435531139374, ""total_train_step_time"": 0.04403450293466449}",0.1467176009900868,0.018339033238589764
rollout_update,84992,1402.5122474773746,11.727388326759863,205868.35630741125,0.04563240008428693,"{""policy_inference_time"": 0.008337837643921375, ""env_step_time"": 0.03625227278098464, ""replay_insert_time"": 0.0006551989354193211, ""logging_time"": 0.00012304121628403664, ""total_train_step_time"": 0.04563240008428693}",0.1467176009900868,0.018339033238589764
rollout_update,85056,59.21921549532829,11.730724503038825,205860.56165478492,1.080730291083455,"{""policy_inference_time"": 0.0077439104206860065, ""env_step_time"": 0.035316288005560637, ""replay_insert_time"": 0.0006342302076518536, ""logging_time"": 0.000163304153829813, ""total_train_step_time"": 1.080730291083455}",0.15038461703807116,0.011575751937925816
rollout_update,85120,1402.0121319653151,11.729377229678777,205860.56165478492,0.04564867774024606,"{""policy_inference_time"": 0.00741696497425437, ""env_step_time"": 0.03680068999528885, ""replay_insert_time"": 0.0010294429957866669, ""logging_time"": 0.00012762285768985748, ""total_train_step_time"": 0.04564867774024606}",0.15038461703807116,0.011575751937925816
rollout_update,85184,1449.1266780854444,11.72807405387896,205860.56165478492,0.04416453093290329,"{""policy_inference_time"": 0.0077173602767288685, ""env_step_time"": 0.03527787420898676, ""replay_insert_time"": 0.0007208222523331642, ""logging_time"": 0.0001437729224562645, ""total_train_step_time"": 0.04416453093290329}",0.15038461703807116,0.011575751937925816
rollout_update,85248,1418.8565705849612,11.726743374796992,205860.56165478492,0.045106743928045034,"{""policy_inference_time"": 0.007376895751804113, ""env_step_time"": 0.03635853761807084, ""replay_insert_time"": 0.0009665610268712044, ""logging_time"": 0.0001263730227947235, ""total_train_step_time"": 0.045106743928045034}",0.15038461703807116,0.011575751937925816
rollout_update,85312,58.86511896552743,11.729879832080085,205845.12995145158,1.0872313030995429,"{""policy_inference_time"": 0.007505876012146473, ""env_step_time"": 0.03499398194253445, ""replay_insert_time"": 0.0006329459138214588, ""logging_time"": 0.00012039486318826675, ""total_train_step_time"": 1.0872313030995429}",0.15160195203498006,0.012057757005095482
rollout_update,85376,1339.7766070435216,11.72847440548235,205845.12995145158,0.04776915768161416,"{""policy_inference_time"": 0.007999229710549116, ""env_step_time"": 0.03818258782848716, ""replay_insert_time"": 0.0010732258670032024, ""logging_time"": 0.00022955192252993584, ""total_train_step_time"": 0.04776915768161416}",0.15160195203498006,0.012057757005095482
rollout_update,85440,1354.2523040323908,11.727084332952293,205845.12995145158,0.047258549835532904,"{""policy_inference_time"": 0.008418993093073368, ""env_step_time"": 0.03768416400998831, ""replay_insert_time"": 0.0006561009213328362, ""logging_time"": 0.0001254091039299965, ""total_train_step_time"": 0.047258549835532904}",0.15160195203498006,0.012057757005095482
rollout_update,85504,1348.135009843795,11.725688284545152,205845.12995145158,0.04747299011796713,"{""policy_inference_time"": 0.008423035964369774, ""env_step_time"": 0.03780828416347504, ""replay_insert_time"": 0.0008175470866262913, ""logging_time"": 0.000123622827231884, ""total_train_step_time"": 0.04747299011796713}",0.15160195203498006,0.012057757005095482
rollout_update,85568,57.176193308210955,11.727876036269837,205794.83577872263,1.1193469921126962,"{""policy_inference_time"": 0.008476153947412968, ""env_step_time"": 0.03720759227871895, ""replay_insert_time"": 0.0006512412801384926, ""logging_time"": 0.000123665202409029, ""total_train_step_time"": 1.1193469921126962}",0.15302854450419545,0.012446653097867966
rollout_update,85632,1327.320044921009,11.726462139016789,205794.83577872263,0.04821745911613107,"{""policy_inference_time"": 0.008046431001275778, ""env_step_time"": 0.038294301368296146, ""replay_insert_time"": 0.0013831723481416702, ""logging_time"": 0.00017580296844244003, ""total_train_step_time"": 0.04821745911613107}",0.15302854450419545,0.012446653097867966
rollout_update,85696,1400.9605589597936,11.725122876756354,205794.83577872263,0.045682942029088736,"{""policy_inference_time"": 0.008388921618461609, ""env_step_time"": 0.036278833635151386, ""replay_insert_time"": 0.0006300960667431355, ""logging_time"": 0.00012192642316222191, ""total_train_step_time"": 0.045682942029088736}",0.15302854450419545,0.012446653097867966
rollout_update,85760,1385.859420048305,11.723769331999792,205794.83577872263,0.04618073021993041,"{""policy_inference_time"": 0.007902197074145079, ""env_step_time"": 0.03689288021996617, ""replay_insert_time"": 0.000958872027695179, ""logging_time"": 0.00012465007603168488, ""total_train_step_time"": 0.04618073021993041}",0.15302854450419545,0.012446653097867966
rollout_update,85824,57.12129575000417,11.725924125044806,205750.77632898567,1.1204227628186345,"{""policy_inference_time"": 0.007937775924801826, ""env_step_time"": 0.03634159918874502, ""replay_insert_time"": 0.0006598909385502338, ""logging_time"": 0.00012758094817399979, ""total_train_step_time"": 1.1204227628186345}",0.1527317431755364,0.011969346087425947
rollout_update,85888,1329.995405287639,11.724517738871604,205750.77632898567,0.048120466992259026,"{""policy_inference_time"": 0.008000871166586876, ""env_step_time"": 0.03857171023264527, ""replay_insert_time"": 0.0010272678919136524, ""logging_time"": 0.00024252710863947868, ""total_train_step_time"": 0.048120466992259026}",0.1527317431755364,0.011969346087425947
rollout_update,85952,1355.866245972682,11.723138515219448,205750.77632898567,0.04720229608938098,"{""policy_inference_time"": 0.0082408650778234, ""env_step_time"": 0.03773500211536884, ""replay_insert_time"": 0.000748238991945982, ""logging_time"": 0.00020952383056282997, ""total_train_step_time"": 0.04720229608938098}",0.1527317431755364,0.011969346087425947
rollout_update,86016,1387.1586071303564,11.721790718485622,205750.77632898567,0.046137478202581406,"{""policy_inference_time"": 0.00805204501375556, ""env_step_time"": 0.03706057695671916, ""replay_insert_time"": 0.0006414358504116535, ""logging_time"": 0.00012241117656230927, ""total_train_step_time"": 0.046137478202581406}",0.1527317431755364,0.011969346087425947
rollout_update,86080,59.20216381765786,11.725091679675286,205738.1191020159,1.0810415679588914,"{""policy_inference_time"": 0.008262203074991703, ""env_step_time"": 0.03750663995742798, ""replay_insert_time"": 0.0009354571811854839, ""logging_time"": 0.00016694515943527222, ""total_train_step_time"": 1.0810415679588914}",0.14862047228962183,0.01154922740533948
rollout_update,86144,1360.8326746651048,11.723721432085803,205738.1191020159,0.04703002888709307,"{""policy_inference_time"": 0.007631693966686726, ""env_step_time"": 0.03779470222070813, ""replay_insert_time"": 0.0011211177334189415, ""logging_time"": 0.00015635229647159576, ""total_train_step_time"": 0.04703002888709307}",0.14862047228962183,0.01154922740533948
rollout_update,86208,1412.9204693456531,11.722402001880923,205738.1191020159,0.045296250842511654,"{""policy_inference_time"": 0.007764813955873251, ""env_step_time"": 0.0364202531054616, ""replay_insert_time"": 0.0007138550281524658, ""logging_time"": 0.00012751715257763863, ""total_train_step_time"": 0.045296250842511654}",0.14862047228962183,0.01154922740533948
rollout_update,86272,1413.3523082124466,11.72108327163518,205738.1191020159,0.04528241092339158,"{""policy_inference_time"": 0.00785133196040988, ""env_step_time"": 0.03641500836238265, ""replay_insert_time"": 0.000634992029517889, ""logging_time"": 0.00012369314208626747, ""total_train_step_time"": 0.04528241092339158}",0.14862047228962183,0.01154922740533948
rollout_update,86336,60.66323484253922,11.725132559666303,205738.60123544774,1.0550047350116074,"{""policy_inference_time"": 0.007666893303394318, ""env_step_time"": 0.03608977096155286, ""replay_insert_time"": 0.0007355357520282269, ""logging_time"": 0.00013270974159240723, ""total_train_step_time"": 1.0550047350116074}",0.14323185617104173,0.011084236204624176
rollout_update,86400,1453.5833118565752,11.723853521644816,205738.60123544774,0.044029124081134796,"{""policy_inference_time"": 0.007180030923336744, ""env_step_time"": 0.03543860791251063, ""replay_insert_time"": 0.001015238929539919, ""logging_time"": 0.0001239241100847721, ""total_train_step_time"": 0.044029124081134796}",0.14323185617104173,0.011084236204624176
rollout_update,86464,1507.9352015648765,11.722620849276968,205738.60123544774,0.04244214203208685,"{""policy_inference_time"": 0.0071080150082707405, ""env_step_time"": 0.03433732409030199, ""replay_insert_time"": 0.0006193108856678009, ""logging_time"": 0.0001215171068906784, ""total_train_step_time"": 0.04244214203208685}",0.14323185617104173,0.011084236204624176
rollout_update,86528,1515.3043372245515,11.721394428863386,205738.60123544774,0.04223573999479413,"{""policy_inference_time"": 0.00701929023489356, ""env_step_time"": 0.034219696186482906, ""replay_insert_time"": 0.0006089047528803349, ""logging_time"": 0.00012157903984189034, ""total_train_step_time"": 0.04223573999479413}",0.14323185617104173,0.011084236204624176
rollout_update,86592,62.16480522025871,11.726169329681069,205759.24006024096,1.0295214434154332,"{""policy_inference_time"": 0.007057800889015198, ""env_step_time"": 0.034138227347284555, ""replay_insert_time"": 0.0006378260441124439, ""logging_time"": 0.00012246612459421158, ""total_train_step_time"": 1.0295214434154332}",0.1409608069807291,0.011139807756990194
rollout_update,86656,1449.6071108917276,11.724890340472342,205759.24006024096,0.044149893801659346,"{""policy_inference_time"": 0.007093226071447134, ""env_step_time"": 0.03562071779742837, ""replay_insert_time"": 0.001024017110466957, ""logging_time"": 0.0001421128399670124, ""total_train_step_time"": 0.044149893801659346}",0.1409608069807291,0.011139807756990194
rollout_update,86720,1476.174433806697,11.723634641248644,205759.24006024096,0.04335530987009406,"{""policy_inference_time"": 0.007453262805938721, ""env_step_time"": 0.03486506873741746, ""replay_insert_time"": 0.0006475578993558884, ""logging_time"": 0.0001262151636183262, ""total_train_step_time"": 0.04335530987009406}",0.1409608069807291,0.011139807756990194
rollout_update,86784,1474.6149706038782,11.722377883434616,205759.24006024096,0.043401159811764956,"{""policy_inference_time"": 0.007369390223175287, ""env_step_time"": 0.03500321228057146, ""replay_insert_time"": 0.000639474019408226, ""logging_time"": 0.0001236586831510067, ""total_train_step_time"": 0.043401159811764956}",0.1409608069807291,0.011139807756990194
rollout_update,86848,61.99676681151394,11.72705601756443,205777.52725331936,1.0323118977248669,"{""policy_inference_time"": 0.007249855902045965, ""env_step_time"": 0.03449341235682368, ""replay_insert_time"": 0.000621188897639513, ""logging_time"": 0.00012305378913879395, ""total_train_step_time"": 1.0323118977248669}",0.1416704598814249,0.011192067991942167
rollout_update,86912,1427.9445078086947,11.725761250219046,205777.52725331936,0.044819668866693974,"{""policy_inference_time"": 0.007147856988012791, ""env_step_time"": 0.036242981906980276, ""replay_insert_time"": 0.0010204911231994629, ""logging_time"": 0.00012828735634684563, ""total_train_step_time"": 0.044819668866693974}",0.1416704598814249,0.011192067991942167
rollout_update,86976,1488.071049957104,11.724519067628961,205777.52725331936,0.04300869908183813,"{""policy_inference_time"": 0.0073289950378239155, ""env_step_time"": 0.0346624949015677, ""replay_insert_time"": 0.0006334180943667889, ""logging_time"": 0.00012213410809636116, ""total_train_step_time"": 0.04300869908183813}",0.1416704598814249,0.011192067991942167
rollout_update,87040,1492.1983075862565,11.723280582845941,205777.52725331936,0.04288974171504378,"{""policy_inference_time"": 0.0071759531274437904, ""env_step_time"": 0.03469871077686548, ""replay_insert_time"": 0.0006305379793047905, ""logging_time"": 0.0001226537860929966, ""total_train_step_time"": 0.04288974171504378}",0.1416704598814249,0.011192067991942167
rollout_update,87104,61.96481011565987,11.727927722981562,205796.47095118935,1.0328442850150168,"{""policy_inference_time"": 0.0071735018864274025, ""env_step_time"": 0.03441481012851, ""replay_insert_time"": 0.0006222897209227085, ""logging_time"": 0.0001235869713127613, ""total_train_step_time"": 1.0328442850150168}",0.1419729758054018,0.01121733570471406
rollout_update,87168,1322.608715742162,11.726533741137404,205796.47095118935,0.048389216884970665,"{""policy_inference_time"": 0.007118795998394489, ""env_step_time"": 0.03983184415847063, ""replay_insert_time"": 0.001041823998093605, ""logging_time"": 0.0001288210041821003, ""total_train_step_time"": 0.048389216884970665}",0.1419729758054018,0.01121733570471406
rollout_update,87232,1442.3480416103787,11.725255774627922,205796.47095118935,0.04437209200114012,"{""policy_inference_time"": 0.007528763264417648, ""env_step_time"": 0.03579090489074588, ""replay_insert_time"": 0.0006683701649308205, ""logging_time"": 0.00012232502922415733, ""total_train_step_time"": 0.04437209200114012}",0.1419729758054018,0.01121733570471406
rollout_update,87296,1455.7039182448254,11.723989807975725,205796.47095118935,0.043964984361082315,"{""policy_inference_time"": 0.0075185480527579784, ""env_step_time"": 0.03543771477416158, ""replay_insert_time"": 0.0006316867657005787, ""logging_time"": 0.00012273387983441353, ""total_train_step_time"": 0.043964984361082315}",0.1419729758054018,0.01121733570471406
rollout_update,87360,60.10507710114004,11.727703760704138,205774.426132836,1.0648018950596452,"{""policy_inference_time"": 0.007421819027513266, ""env_step_time"": 0.03531902516260743, ""replay_insert_time"": 0.0006413441151380539, ""logging_time"": 0.00012237299233675003, ""total_train_step_time"": 1.0648018950596452}",0.14415597775951028,0.011466850060969591
rollout_update,87424,1401.168756055865,11.726391824320531,205774.426132836,0.04567615408450365,"{""policy_inference_time"": 0.007459875196218491, ""env_step_time"": 0.03670550789684057, ""replay_insert_time"": 0.0010201227851212025, ""logging_time"": 0.0001529497094452381, ""total_train_step_time"": 0.04567615408450365}",0.14415597775951028,0.011466850060969591
rollout_update,87488,1447.2597277517768,11.725121948877627,205774.426132836,0.04422150272876024,"{""policy_inference_time"": 0.007536601275205612, ""env_step_time"": 0.03556314576417208, ""replay_insert_time"": 0.0007191477343440056, ""logging_time"": 0.00012700585648417473, ""total_train_step_time"": 0.04422150272876024}",0.14415597775951028,0.011466850060969591
rollout_update,87552,1457.315787021516,11.723861108246401,205774.426132836,0.04391635674983263,"{""policy_inference_time"": 0.007424668874591589, ""env_step_time"": 0.035377359949052334, ""replay_insert_time"": 0.0007221181876957417, ""logging_time"": 0.00012643402442336082, ""total_train_step_time"": 0.04391635674983263}",0.14415597775951028,0.011466850060969591
rollout_update,87616,61.16993373494828,11.72809545120968,205785.27878925693,1.0462656421586871,"{""policy_inference_time"": 0.007423984818160534, ""env_step_time"": 0.035612055100500584, ""replay_insert_time"": 0.0007093152962625027, ""logging_time"": 0.00012647081166505814, ""total_train_step_time"": 1.0462656421586871}",0.14390830183401704,0.01120840199291706
rollout_update,87680,1413.896750843818,11.726799027109045,205785.27878925693,0.04526497423648834,"{""policy_inference_time"": 0.0073227789252996445, ""env_step_time"": 0.036484950222074986, ""replay_insert_time"": 0.0010606269352138042, ""logging_time"": 0.00012804986909031868, ""total_train_step_time"": 0.04526497423648834}",0.14390830183401704,0.01120840199291706
rollout_update,87744,1478.8595924998478,11.725559819862125,205785.27878925693,0.04327658982947469,"{""policy_inference_time"": 0.007225512992590666, ""env_step_time"": 0.035005906131118536, ""replay_insert_time"": 0.0006157583557069302, ""logging_time"": 0.00012068916112184525, ""total_train_step_time"": 0.04327658982947469}",0.14390830183401704,0.01120840199291706
rollout_update,87808,1484.4533485057486,11.724325542624264,205785.27878925693,0.043113513849675655,"{""policy_inference_time"": 0.007086883299052715, ""env_step_time"": 0.035029033198952675, ""replay_insert_time"": 0.0006181676872074604, ""logging_time"": 0.0001218300312757492, ""total_train_step_time"": 0.043113513849675655}",0.14390830183401704,0.01120840199291706
rollout_update,87872,61.1121705009458,11.728518308837113,205797.67457757445,1.047254572622478,"{""policy_inference_time"": 0.0072526088915765285, ""env_step_time"": 0.03478916501626372, ""replay_insert_time"": 0.0006049331277608871, ""logging_time"": 0.00011939136311411858, ""total_train_step_time"": 1.047254572622478}",0.14334146678447723,0.01122730877250433
rollout_update,87936,1384.8894479900878,11.727198485463186,205797.67457757445,0.046213075052946806,"{""policy_inference_time"": 0.007296851836144924, ""env_step_time"": 0.037369569297879934, ""replay_insert_time"": 0.0011337781324982643, ""logging_time"": 0.00013807602226734161, ""total_train_step_time"": 0.046213075052946806}",0.14334146678447723,0.01122730877250433
rollout_update,88000,1433.8495102762588,11.72592401059884,205797.67457757445,0.04463508864864707,"{""policy_inference_time"": 0.00760365417227149, ""env_step_time"": 0.03599652694538236, ""replay_insert_time"": 0.000646855216473341, ""logging_time"": 0.00012628082185983658, ""total_train_step_time"": 0.04463508864864707}",0.14334146678447723,0.01122730877250433
rollout_update,88064,1468.385328825678,11.724679778145978,205797.67457757445,0.04358528973534703,"{""policy_inference_time"": 0.0075266617350280285, ""env_step_time"": 0.03506193496286869, ""replay_insert_time"": 0.0006209621205925941, ""logging_time"": 0.00011958461254835129, ""total_train_step_time"": 0.04358528973534703}",0.14334146678447723,0.01122730877250433
rollout_update,88128,60.85672139001636,11.728734411184305,205805.427418354,1.0516504757106304,"{""policy_inference_time"": 0.007283763960003853, ""env_step_time"": 0.03467712039127946, ""replay_insert_time"": 0.0006994693540036678, ""logging_time"": 0.00012440374121069908, ""total_train_step_time"": 1.0516504757106304}",0.14448229782283306,0.011260927189141512
rollout_update,88192,1403.852825706882,11.727436139779579,205805.427418354,0.045588824432343245,"{""policy_inference_time"": 0.007657942827790976, ""env_step_time"": 0.03654794115573168, ""replay_insert_time"": 0.0009888443164527416, ""logging_time"": 0.00012595299631357193, ""total_train_step_time"": 0.045588824432343245}",0.14448229782283306,0.011260927189141512
rollout_update,88256,1456.0339444947456,11.726184667744473,205805.427418354,0.04395501920953393,"{""policy_inference_time"": 0.007290523033589125, ""env_step_time"": 0.035591863095760345, ""replay_insert_time"": 0.000677207950502634, ""logging_time"": 0.00012925686314702034, ""total_train_step_time"": 0.04395501920953393}",0.14448229782283306,0.011260927189141512
rollout_update,88320,1418.8145038591192,11.724900643794614,205805.427418354,0.04510808130726218,"{""policy_inference_time"": 0.007872181944549084, ""env_step_time"": 0.03613549331203103, ""replay_insert_time"": 0.0007099481299519539, ""logging_time"": 0.0001245788298547268, ""total_train_step_time"": 0.04510808130726218}",0.14448229782283306,0.011260927189141512
rollout_update,88384,61.3167206417783,11.729167131475263,205817.39608140275,1.0437609730288386,"{""policy_inference_time"": 0.0072690811939537525, ""env_step_time"": 0.03490402502939105, ""replay_insert_time"": 0.0006262464448809624, ""logging_time"": 0.00012280698865652084, ""total_train_step_time"": 1.0437609730288386}",0.14296310395002365,0.01112829428166151
rollout_update,88448,1371.835492555026,11.727842304699234,205817.39608140275,0.04665282415226102,"{""policy_inference_time"": 0.007249185815453529, ""env_step_time"": 0.03798644430935383, ""replay_insert_time"": 0.001012955792248249, ""logging_time"": 0.00012909341603517532, ""total_train_step_time"": 0.04665282415226102}",0.14296310395002365,0.01112829428166151
rollout_update,88512,1448.3713130467982,11.726587761267673,205817.39608140275,0.04418756393715739,"{""policy_inference_time"": 0.007556912023574114, ""env_step_time"": 0.03563220566138625, ""replay_insert_time"": 0.0006212452426552773, ""logging_time"": 0.00012134574353694916, ""total_train_step_time"": 0.04418756393715739}",0.14296310395002365,0.01112829428166151
rollout_update,88576,1485.7922785174292,11.725365072917892,205817.39608140275,0.04307466186583042,"{""policy_inference_time"": 0.0071520330384373665, ""env_step_time"": 0.034923011902719736, ""replay_insert_time"": 0.0006150589324533939, ""logging_time"": 0.00012032035738229752, ""total_train_step_time"": 0.04307466186583042}",0.14296310395002365,0.01112829428166151
rollout_update,88640,61.121406430067346,11.72952379835585,205821.26456533014,1.0470963241532445,"{""policy_inference_time"": 0.007284063845872879, ""env_step_time"": 0.03514378936961293, ""replay_insert_time"": 0.0006156917661428452, ""logging_time"": 0.00012022396549582481, ""total_train_step_time"": 1.0470963241532445}",0.14387631881982088,0.011243814136832952
rollout_update,88704,1211.8094042063367,11.728028273862998,205821.26456533014,0.052813585847616196,"{""policy_inference_time"": 0.007326974067837, ""env_step_time"": 0.04401845997199416, ""replay_insert_time"": 0.0010667480528354645, ""logging_time"": 0.0001286650076508522, ""total_train_step_time"": 0.052813585847616196}",0.14387631881982088,0.011243814136832952
rollout_update,88768,1471.7632139407021,11.726797186316087,205821.26456533014,0.0434852559119463,"{""policy_inference_time"": 0.007498098071664572, ""env_step_time"": 0.03497679019346833, ""replay_insert_time"": 0.0006301449611783028, ""logging_time"": 0.00012304726988077164, ""total_train_step_time"": 0.0434852559119463}",0.14387631881982088,0.011243814136832952
rollout_update,88832,1497.3342091962645,11.72558737473378,205821.26456533014,0.04274262860417366,"{""policy_inference_time"": 0.007217083126306534, ""env_step_time"": 0.034533950965851545, ""replay_insert_time"": 0.0006165807135403156, ""logging_time"": 0.00011788401752710342, ""total_train_step_time"": 0.04274262860417366}",0.14387631881982088,0.011243814136832952
rollout_update,88896,62.330437960705986,11.73030727045877,205842.98164610958,1.026785661932081,"{""policy_inference_time"": 0.007192321587353945, ""env_step_time"": 0.034715899266302586, ""replay_insert_time"": 0.000644410029053688, ""logging_time"": 0.0001224861480295658, ""total_train_step_time"": 1.026785661932081}",0.14074730221182108,0.011189484968781471
rollout_update,88960,1446.2529013223202,11.729057584304721,205842.98164610958,0.044252288062125444,"{""policy_inference_time"": 0.0071555329486727715, ""env_step_time"": 0.035681385081261396, ""replay_insert_time"": 0.0010077743791043758, ""logging_time"": 0.00012618815526366234, ""total_train_step_time"": 0.044252288062125444}",0.14074730221182108,0.011189484968781471
rollout_update,89024,1489.1022108189754,11.727844113060941,205842.98164610958,0.04297891678288579,"{""policy_inference_time"": 0.007223955821245909, ""env_step_time"": 0.03471729997545481, ""replay_insert_time"": 0.000652216374874115, ""logging_time"": 0.00012326892465353012, ""total_train_step_time"": 0.04297891678288579}",0.14074730221182108,0.011189484968781471
rollout_update,89088,1490.924632003555,11.726632375697017,205842.98164610958,0.042926381807774305,"{""policy_inference_time"": 0.007223759312182665, ""env_step_time"": 0.03470060508698225, ""replay_insert_time"": 0.0006212261505424976, ""logging_time"": 0.00012126518413424492, ""total_train_step_time"": 0.042926381807774305}",0.14074730221182108,0.011189484968781471
rollout_update,89152,61.51716033426103,11.730954244095564,205858.70621151233,1.0403601150028408,"{""policy_inference_time"": 0.0070731560699641705, ""env_step_time"": 0.03436048794537783, ""replay_insert_time"": 0.0006084488704800606, ""logging_time"": 0.00012047076597809792, ""total_train_step_time"": 1.0403601150028408}",0.1404836568981409,0.011122004128992558
rollout_update,89216,1434.999748236231,11.729698228978604,205858.70621151233,0.04459931096062064,"{""policy_inference_time"": 0.00712645472958684, ""env_step_time"": 0.036054621916264296, ""replay_insert_time"": 0.001021054107695818, ""logging_time"": 0.0001269560307264328, ""total_train_step_time"": 0.04459931096062064}",0.1404836568981409,0.011122004128992558
rollout_update,89280,1496.5502530516535,11.728494124143342,205858.70621151233,0.04276501899585128,"{""policy_inference_time"": 0.007196854799985886, ""env_step_time"": 0.034569751005619764, ""replay_insert_time"": 0.0006172782741487026, ""logging_time"": 0.00012275297194719315, ""total_train_step_time"": 0.04276501899585128}",0.1404836568981409,0.011122004128992558
rollout_update,89344,1494.861174065771,11.727288906368525,205858.70621151233,0.042813340201973915,"{""policy_inference_time"": 0.007138727232813835, ""env_step_time"": 0.03465181868523359, ""replay_insert_time"": 0.0006278632208704948, ""logging_time"": 0.00012129917740821838, ""total_train_step_time"": 0.042813340201973915}",0.1404836568981409,0.011122004128992558
rollout_update,89408,60.71381083209037,11.731210389331434,205859.50990027102,1.0541258919984102,"{""policy_inference_time"": 0.007231513038277626, ""env_step_time"": 0.03872999409213662, ""replay_insert_time"": 0.0006310618482530117, ""logging_time"": 0.00012410804629325867, ""total_train_step_time"": 1.0541258919984102}",0.14300562627613544,0.01134474528953433
rollout_update,89472,1409.6085479050662,11.72993534932599,205859.50990027102,0.04540267586708069,"{""policy_inference_time"": 0.007227299269288778, ""env_step_time"": 0.03679083613678813, ""replay_insert_time"": 0.0009918417781591415, ""logging_time"": 0.00012802798300981522, ""total_train_step_time"": 0.04540267586708069}",0.14300562627613544,0.01134474528953433
rollout_update,89536,1440.187284788914,11.728687649941724,205859.50990027102,0.04443866480141878,"{""policy_inference_time"": 0.007473624777048826, ""env_step_time"": 0.03594332514330745, ""replay_insert_time"": 0.0006353799253702164, ""logging_time"": 0.0001238030381500721, ""total_train_step_time"": 0.04443866480141878}",0.14300562627613544,0.01134474528953433
rollout_update,89600,1460.365532488615,11.727457450271435,205859.50990027102,0.043824644293636084,"{""policy_inference_time"": 0.007341346703469753, ""env_step_time"": 0.035483721643686295, ""replay_insert_time"": 0.0006214804016053677, ""logging_time"": 0.00012276973575353622, ""total_train_step_time"": 0.043824644293636084}",0.14300562627613544,0.01134474528953433
rollout_update,89664,61.00937521303949,11.731510415238898,205866.87004610876,1.0490191020071507,"{""policy_inference_time"": 0.007240611128509045, ""env_step_time"": 0.03553517861291766, ""replay_insert_time"": 0.0006034998223185539, ""logging_time"": 0.0001185862347483635, ""total_train_step_time"": 1.0490191020071507}",0.14599497988820076,0.011203648056834936
rollout_update,89728,1415.9964523166827,11.730244677706875,205866.87004610876,0.04519785335287452,"{""policy_inference_time"": 0.0073198419995605946, ""env_step_time"": 0.036491695791482925, ""replay_insert_time"": 0.0009891451336443424, ""logging_time"": 0.00012925593182444572, ""total_train_step_time"": 0.04519785335287452}",0.14599497988820076,0.011203648056834936
rollout_update,89792,1450.1234040990291,11.729008991354139,205866.87004610876,0.044134174939244986,"{""policy_inference_time"": 0.007150260265916586, ""env_step_time"": 0.03597603878006339, ""replay_insert_time"": 0.0006204806268215179, ""logging_time"": 0.00011936202645301819, ""total_train_step_time"": 0.044134174939244986}",0.14599497988820076,0.011203648056834936
rollout_update,89856,1467.2809493960797,11.727788010175678,205866.87004610876,0.043618095107376575,"{""policy_inference_time"": 0.0072211166843771935, ""env_step_time"": 0.035402031149715185, ""replay_insert_time"": 0.0006169499829411507, ""logging_time"": 0.00011996272951364517, ""total_train_step_time"": 0.043618095107376575}",0.14599497988820076,0.011203648056834936
rollout_update,89920,61.22271767238179,11.73193084208974,205879.5052088207,1.0453635910525918,"{""policy_inference_time"": 0.007262442726641893, ""env_step_time"": 0.03546948917210102, ""replay_insert_time"": 0.0006116526201367378, ""logging_time"": 0.00011967401951551437, ""total_train_step_time"": 1.0453635910525918}",0.14294800674542785,0.011255166959017515
rollout_update,89984,1390.349959758551,11.730645328877241,205879.5052088207,0.04603157611563802,"{""policy_inference_time"": 0.007180600892752409, ""env_step_time"": 0.037426883820444345, ""replay_insert_time"": 0.0010244138538837433, ""logging_time"": 0.00012684566900134087, ""total_train_step_time"": 0.04603157611563802}",0.14294800674542785,0.011255166959017515
rollout_update,90048,1398.4039196957992,11.72936749870037,205879.5052088207,0.04576646210625768,"{""policy_inference_time"": 0.008352646138519049, ""env_step_time"": 0.03639255277812481, ""replay_insert_time"": 0.0006406637839972973, ""logging_time"": 0.00012045912444591522, ""total_train_step_time"": 0.04576646210625768}",0.14294800674542785,0.011255166959017515
rollout_update,90112,1442.9998182167558,11.728129425445399,205879.5052088207,0.04435204993933439,"{""policy_inference_time"": 0.007351350970566273, ""env_step_time"": 0.03597780782729387, ""replay_insert_time"": 0.0006039803847670555, ""logging_time"": 0.0001188330352306366, ""total_train_step_time"": 0.04435204993933439}",0.14294800674542785,0.011255166959017515
rollout_update,90176,60.676097148110465,11.731997496923697,205880.58546695157,1.0547810918651521,"{""policy_inference_time"": 0.00709170987829566, ""env_step_time"": 0.03566539892926812, ""replay_insert_time"": 0.0006061340682208538, ""logging_time"": 0.00011834502220153809, ""total_train_step_time"": 1.0547810918651521}",0.14297458855435252,0.011184400413185358
rollout_update,90240,1416.6043587776167,11.730739365509017,205880.58546695157,0.045178457628935575,"{""policy_inference_time"": 0.007129355799406767, ""env_step_time"": 0.03665065998211503, ""replay_insert_time"": 0.0009991410188376904, ""logging_time"": 0.00012667803093791008, ""total_train_step_time"": 0.045178457628935575}",0.14297458855435252,0.011184400413185358
rollout_update,90304,1473.4017175895358,11.729529987529274,205880.58546695157,0.04343689791858196,"{""policy_inference_time"": 0.007159149274230003, ""env_step_time"": 0.03525575529783964, ""replay_insert_time"": 0.0006281835958361626, ""logging_time"": 0.00011965679004788399, ""total_train_step_time"": 0.04343689791858196}",0.14297458855435252,0.011184400413185358
rollout_update,90368,1283.4008307207562,11.728141874797053,205880.58546695157,0.04986750707030296,"{""policy_inference_time"": 0.0070403581485152245, ""env_step_time"": 0.0418245461769402, ""replay_insert_time"": 0.0006270459853112698, ""logging_time"": 0.00012009497731924057, ""total_train_step_time"": 0.04986750707030296}",0.14297458855435252,0.011184400413185358
rollout_update,90432,61.73530414784758,11.732501610269999,205899.8369303008,1.036683966871351,"{""policy_inference_time"": 0.007272337097674608, ""env_step_time"": 0.035378681961447, ""replay_insert_time"": 0.0006164340302348137, ""logging_time"": 0.000120523851364851, ""total_train_step_time"": 1.036683966871351}",0.1434617042541504,0.011258984915912151
rollout_update,90496,1375.4499240844737,11.731209387761288,205899.8369303008,0.04653022903949022,"{""policy_inference_time"": 0.007292904891073704, ""env_step_time"": 0.03782805986702442, ""replay_insert_time"": 0.0010083718225359917, ""logging_time"": 0.00012658396735787392, ""total_train_step_time"": 0.04653022903949022}",0.1434617042541504,0.011258984915912151
rollout_update,90560,1448.335322951361,11.729982457995522,205899.8369303008,0.044188661966472864,"{""policy_inference_time"": 0.007307487074285746, ""env_step_time"": 0.035886439960449934, ""replay_insert_time"": 0.0006187609396874905, ""logging_time"": 0.00012115808203816414, ""total_train_step_time"": 0.044188661966472864}",0.1434617042541504,0.011258984915912151
rollout_update,90624,1457.4470056346174,11.728763452975532,205899.8369303008,0.0439124028198421,"{""policy_inference_time"": 0.007183057721704245, ""env_step_time"": 0.03574556577950716, ""replay_insert_time"": 0.0006110356189310551, ""logging_time"": 0.00011919112876057625, ""total_train_step_time"": 0.0439124028198421}",0.1434617042541504,0.011258984915912151
rollout_update,90688,61.03613531884049,11.732780684870875,205911.6546991086,1.048559179995209,"{""policy_inference_time"": 0.007167092990130186, ""env_step_time"": 0.03996942285448313, ""replay_insert_time"": 0.0006174631416797638, ""logging_time"": 0.00012074597179889679, ""total_train_step_time"": 1.048559179995209}",0.1434170976281166,0.011181669309735298
rollout_update,90752,1389.5353449214629,11.731505102015054,205911.6546991086,0.046058562118560076,"{""policy_inference_time"": 0.007264342159032822, ""env_step_time"": 0.037316691130399704, ""replay_insert_time"": 0.0010767332278192043, ""logging_time"": 0.00012943800538778305, ""total_train_step_time"": 0.046058562118560076}",0.1434170976281166,0.011181669309735298
rollout_update,90816,1450.4612829370747,11.730283359515456,205911.6546991086,0.044123894069343805,"{""policy_inference_time"": 0.007280909921973944, ""env_step_time"": 0.035830171313136816, ""replay_insert_time"": 0.0006273128092288971, ""logging_time"": 0.00012080185115337372, ""total_train_step_time"": 0.044123894069343805}",0.1434170976281166,0.011181669309735298
rollout_update,90880,1452.4518191833358,11.729063545292911,205911.6546991086,0.04406342376023531,"{""policy_inference_time"": 0.007208826020359993, ""env_step_time"": 0.03586012637242675, ""replay_insert_time"": 0.00061469292268157, ""logging_time"": 0.00012062070891261101, ""total_train_step_time"": 0.04406342376023531}",0.1434170976281166,0.011181669309735298
rollout_update,90944,61.02808838711704,11.733065031548932,205924.31679756296,1.0486974390223622,"{""policy_inference_time"": 0.007247499655932188, ""env_step_time"": 0.036377761978656054, ""replay_insert_time"": 0.0006202231161296368, ""logging_time"": 0.00012152409180998802, ""total_train_step_time"": 1.0486974390223622}",0.14158575143665075,0.011143060866743326
rollout_update,91008,1403.4623699913607,11.731805591489122,205924.31679756296,0.045601507648825645,"{""policy_inference_time"": 0.007083528209477663, ""env_step_time"": 0.03712493274360895, ""replay_insert_time"": 0.0009807730093598366, ""logging_time"": 0.00012610899284482002, ""total_train_step_time"": 0.045601507648825645}",0.14158575143665075,0.011143060866743326
rollout_update,91072,1371.3236663990317,11.730516914787348,205924.31679756296,0.04667023662477732,"{""policy_inference_time"": 0.007177678868174553, ""env_step_time"": 0.03847260493785143, ""replay_insert_time"": 0.0006374376825988293, ""logging_time"": 0.0001212460920214653, ""total_train_step_time"": 0.04667023662477732}",0.14158575143665075,0.011143060866743326
rollout_update,91136,1463.9968901333336,11.729310070043072,205924.31679756296,0.04371593985706568,"{""policy_inference_time"": 0.007233116310089827, ""env_step_time"": 0.03548130625858903, ""replay_insert_time"": 0.0006213169544935226, ""logging_time"": 0.00012127263471484184, ""total_train_step_time"": 0.04371593985706568}",0.14158575143665075,0.011143060866743326
rollout_update,91200,61.73809445912244,11.733632032666405,205946.19731961834,1.0366371129639447,"{""policy_inference_time"": 0.0070553990080952644, ""env_step_time"": 0.035422971937805414, ""replay_insert_time"": 0.0006205113604664803, ""logging_time"": 0.00012296298518776894, ""total_train_step_time"": 1.0366371129639447}",0.14140018029138446,0.01107372622936964
rollout_update,91264,1416.4064239343509,11.732387475939209,205946.19731961834,0.045184771064668894,"{""policy_inference_time"": 0.007060538046061993, ""env_step_time"": 0.03672358067706227, ""replay_insert_time"": 0.0010039489716291428, ""logging_time"": 0.00012580305337905884, ""total_train_step_time"": 0.045184771064668894}",0.14140018029138446,0.01107372622936964
rollout_update,91328,1464.311778899,11.731183886394726,205946.19731961834,0.04370653908699751,"{""policy_inference_time"": 0.007183440960943699, ""env_step_time"": 0.03547209408134222, ""replay_insert_time"": 0.0006609638221561909, ""logging_time"": 0.00012604007497429848, ""total_train_step_time"": 0.04370653908699751}",0.14140018029138446,0.01107372622936964
rollout_update,91392,1469.658281017527,11.729984920989148,205946.19731961834,0.04354753810912371,"{""policy_inference_time"": 0.007258410099893808, ""env_step_time"": 0.035257012117654085, ""replay_insert_time"": 0.0006424919702112675, ""logging_time"": 0.0001230151392519474, ""total_train_step_time"": 0.04354753810912371}",0.14140018029138446,0.01107372622936964
rollout_update,91456,58.14028710111508,11.732531338304971,205943.81505495575,1.100785757880658,"{""policy_inference_time"": 0.007137996144592762, ""env_step_time"": 0.035548288840800524, ""replay_insert_time"": 0.0006357426755130291, ""logging_time"": 0.00012363027781248093, ""total_train_step_time"": 1.100785757880658}",0.15007095644250512,0.011258934158831835
rollout_update,91520,1359.3700185098864,11.731238432726869,205943.81505495575,0.0470806322991848,"{""policy_inference_time"": 0.00828161695972085, ""env_step_time"": 0.03736323211342096, ""replay_insert_time"": 0.0010375697165727615, ""logging_time"": 0.00012504402548074722, ""total_train_step_time"": 0.0470806322991848}",0.15007095644250512,0.011258934158831835
rollout_update,91584,1454.4937258341631,11.730030340592718,205943.81505495575,0.04400156484916806,"{""policy_inference_time"": 0.0070384349673986435, ""env_step_time"": 0.035945771262049675, ""replay_insert_time"": 0.0006366507150232792, ""logging_time"": 0.00012108497321605682, ""total_train_step_time"": 0.04400156484916806}",0.15007095644250512,0.011258934158831835
rollout_update,91648,1226.8748944876431,11.72859843665069,205943.81505495575,0.052165057975798845,"{""policy_inference_time"": 0.007104838266968727, ""env_step_time"": 0.0440202159807086, ""replay_insert_time"": 0.0006495043635368347, ""logging_time"": 0.0001268479973077774, ""total_train_step_time"": 0.052165057975798845}",0.15007095644250512,0.011258934158831835
rollout_update,91712,60.504199496441075,11.732318764644926,205954.83593754168,1.057777815964073,"{""policy_inference_time"": 0.010111632291227579, ""env_step_time"": 0.038864330388605595, ""replay_insert_time"": 0.000763546209782362, ""logging_time"": 0.00015513598918914795, ""total_train_step_time"": 1.057777815964073}",0.14144186722114682,0.011019830126315355
rollout_update,91776,1403.034375594162,11.731069625999737,205954.83593754168,0.04561541834846139,"{""policy_inference_time"": 0.007124962750822306, ""env_step_time"": 0.037085501942783594, ""replay_insert_time"": 0.001007752027362585, ""logging_time"": 0.00012656813487410545, ""total_train_step_time"": 0.04561541834846139}",0.14144186722114682,0.011019830126315355
rollout_update,91840,1449.9957342961334,11.72986119668929,205954.83593754168,0.04413806088268757,"{""policy_inference_time"": 0.007348052691668272, ""env_step_time"": 0.03576803021132946, ""replay_insert_time"": 0.0006387070752680302, ""logging_time"": 0.0001229299232363701, ""total_train_step_time"": 0.04413806088268757}",0.14144186722114682,0.011019830126315355
rollout_update,91904,1465.6626190438715,11.728665929584016,205954.83593754168,0.043666256591677666,"{""policy_inference_time"": 0.007136152125895023, ""env_step_time"": 0.035523680970072746, ""replay_insert_time"": 0.0006233779713511467, ""logging_time"": 0.00012177787721157074, ""total_train_step_time"": 0.043666256591677666}",0.14144186722114682,0.011019830126315355
rollout_update,91968,61.30509308655796,11.73275319792467,205968.8383925088,1.043958940077573,"{""policy_inference_time"": 0.0071091428399086, ""env_step_time"": 0.035734230652451515, ""replay_insert_time"": 0.0006294199265539646, ""logging_time"": 0.00012295693159103394, ""total_train_step_time"": 1.043958940077573}",0.1441613701172173,0.010992377065122128
rollout_update,92032,1387.992667901179,11.731493937597024,205968.8383925088,0.04610975366085768,"{""policy_inference_time"": 0.007152134086936712, ""env_step_time"": 0.03758575674146414, ""replay_insert_time"": 0.0009799040853977203, ""logging_time"": 0.00012447917833924294, ""total_train_step_time"": 0.04610975366085768}",0.1441613701172173,0.010992377065122128
rollout_update,92096,1465.591740551348,11.730301600852986,205968.8383925088,0.043668368365615606,"{""policy_inference_time"": 0.007025684230029583, ""env_step_time"": 0.03563350113108754, ""replay_insert_time"": 0.0006223577074706554, ""logging_time"": 0.00012235809117555618, ""total_train_step_time"": 0.043668368365615606}",0.1441613701172173,0.010992377065122128
rollout_update,92160,1399.1124533897519,11.729052869725214,205968.8383925088,0.045743285212665796,"{""policy_inference_time"": 0.00834866613149643, ""env_step_time"": 0.036365706007927656, ""replay_insert_time"": 0.0006342018023133278, ""logging_time"": 0.00012233294546604156, ""total_train_step_time"": 0.045743285212665796}",0.1441613701172173,0.010992377065122128
rollout_update,92224,60.11136745702153,11.73256332789032,205955.27818468848,1.0646904688328505,"{""policy_inference_time"": 0.0072908769361674786, ""env_step_time"": 0.035906866658478975, ""replay_insert_time"": 0.000634307973086834, ""logging_time"": 0.0001233937218785286, ""total_train_step_time"": 1.0646904688328505}",0.14485635748133063,0.011093895882368088
rollout_update,92288,1228.1008289538197,11.73114412662589,205955.27818468848,0.05211298493668437,"{""policy_inference_time"": 0.010869268793612719, ""env_step_time"": 0.03982522897422314, ""replay_insert_time"": 0.001023799180984497, ""logging_time"": 0.00012893695384263992, ""total_train_step_time"": 0.05211298493668437}",0.14485635748133063,0.011093895882368088
rollout_update,92352,1392.6414659195118,11.729892888897549,205955.27818468848,0.04595583397895098,"{""policy_inference_time"": 0.007314777001738548, ""env_step_time"": 0.0375422271899879, ""replay_insert_time"": 0.0006993580609560013, ""logging_time"": 0.000123647041618824, ""total_train_step_time"": 0.04595583397895098}",0.14485635748133063,0.011093895882368088
rollout_update,92416,1420.5793307192987,11.728666517735837,205955.27818468848,0.04505204223096371,"{""policy_inference_time"": 0.007194629870355129, ""env_step_time"": 0.03682976169511676, ""replay_insert_time"": 0.0006403313018381596, ""logging_time"": 0.00012265285477042198, ""total_train_step_time"": 0.04505204223096371}",0.14485635748133063,0.011093895882368088
rollout_update,92480,60.39290253197678,11.732302914380226,205949.6858470287,1.0597271751612425,"{""policy_inference_time"": 0.007435926236212254, ""env_step_time"": 0.03613088605925441, ""replay_insert_time"": 0.0006344136781990528, ""logging_time"": 0.0001232801005244255, ""total_train_step_time"": 1.0597271751612425}",0.14450220577418804,0.011825401801615953
rollout_update,92544,1397.466570990724,11.731059194908859,205949.6858470287,0.045797159895300865,"{""policy_inference_time"": 0.007141103036701679, ""env_step_time"": 0.037278121802955866, ""replay_insert_time"": 0.000985981896519661, ""logging_time"": 0.00012753019109368324, ""total_train_step_time"": 0.045797159895300865}",0.14450220577418804,0.011825401801615953
rollout_update,92608,1429.077634848939,11.72984324137375,205949.6858470287,0.04478413099423051,"{""policy_inference_time"": 0.007125792093575001, ""env_step_time"": 0.03654436208307743, ""replay_insert_time"": 0.0006300951354205608, ""logging_time"": 0.0001352238468825817, ""total_train_step_time"": 0.04478413099423051}",0.14450220577418804,0.011825401801615953
rollout_update,92672,1394.463930684063,11.72859736666918,205949.6858470287,0.045895772986114025,"{""policy_inference_time"": 0.00804392620921135, ""env_step_time"": 0.03682913398370147, ""replay_insert_time"": 0.0006296760402619839, ""logging_time"": 0.0001242118887603283, ""total_train_step_time"": 0.045895772986114025}",0.14450220577418804,0.011825401801615953
rollout_update,92736,60.15585600730105,11.73211078810227,205935.36553794012,1.0639030719175935,"{""policy_inference_time"": 0.007318148855119944, ""env_step_time"": 0.037052261643111706, ""replay_insert_time"": 0.0007267477922141552, ""logging_time"": 0.00016150064766407013, ""total_train_step_time"": 1.0639030719175935}",0.14516880409792066,0.01123624574393034
rollout_update,92800,1404.4827403350996,11.7308767302114,205935.36553794012,0.04556837771087885,"{""policy_inference_time"": 0.007119996938854456, ""env_step_time"": 0.03704253491014242, ""replay_insert_time"": 0.001005656085908413, ""logging_time"": 0.00012861890718340874, ""total_train_step_time"": 0.04556837771087885}",0.14516880409792066,0.01123624574393034
rollout_update,92864,1417.6884915681653,11.729654423524178,205935.36553794012,0.04514390882104635,"{""policy_inference_time"": 0.0072192782536149025, ""env_step_time"": 0.03646990703418851, ""replay_insert_time"": 0.0008900482207536697, ""logging_time"": 0.00018491270020604134, ""total_train_step_time"": 0.04514390882104635}",0.14516880409792066,0.01123624574393034
rollout_update,92928,1426.9017300848025,11.728440261273766,205935.36553794012,0.04485242301598191,"{""policy_inference_time"": 0.007796535734087229, ""env_step_time"": 0.036054583732038736, ""replay_insert_time"": 0.0006155227310955524, ""logging_time"": 0.0001208549365401268, ""total_train_step_time"": 0.04485242301598191}",0.14516880409792066,0.01123624574393034
rollout_update,92992,60.310079628569646,11.732017846765515,205937.6834135412,1.0611824821680784,"{""policy_inference_time"": 0.007071672938764095, ""env_step_time"": 0.036588957998901606, ""replay_insert_time"": 0.0006199362687766552, ""logging_time"": 0.0001211320050060749, ""total_train_step_time"": 1.0611824821680784}",0.14431506674736738,0.011002089362591505
rollout_update,93056,1379.7673019584402,11.730765156330303,205937.6834135412,0.04638463305309415,"{""policy_inference_time"": 0.007244795095175505, ""env_step_time"": 0.037724414840340614, ""replay_insert_time"": 0.0010158470831811428, ""logging_time"": 0.00012785475701093674, ""total_train_step_time"": 0.04638463305309415}",0.14431506674736738,0.011002089362591505
rollout_update,93120,1422.6089062765095,11.729550445959687,205937.6834135412,0.04498776840046048,"{""policy_inference_time"": 0.007298129145056009, ""env_step_time"": 0.03667877707630396, ""replay_insert_time"": 0.000630503986030817, ""logging_time"": 0.00012262025848031044, ""total_train_step_time"": 0.04498776840046048}",0.14431506674736738,0.011002089362591505
rollout_update,93184,1346.108692973452,11.728266976211554,205937.6834135412,0.047544451896101236,"{""policy_inference_time"": 0.008256286382675171, ""env_step_time"": 0.03826062800362706, ""replay_insert_time"": 0.0006370097398757935, ""logging_time"": 0.0001232018694281578, ""total_train_step_time"": 0.047544451896101236}",0.14431506674736738,0.011002089362591505
rollout_update,93248,60.08566525915288,11.731728374492821,205937.51525181186,1.0651459000073373,"{""policy_inference_time"": 0.0072381822392344475, ""env_step_time"": 0.03692902671173215, ""replay_insert_time"": 0.0006258366629481316, ""logging_time"": 0.0001224130392074585, ""total_train_step_time"": 1.0651459000073373}",0.15089004253968596,0.011014626827090979
rollout_update,93312,1375.2519001765247,11.730475076279799,205937.51525181186,0.04653692897409201,"{""policy_inference_time"": 0.007320201024413109, ""env_step_time"": 0.037782101426273584, ""replay_insert_time"": 0.0010248208418488503, ""logging_time"": 0.00012933369725942612, ""total_train_step_time"": 0.04653692897409201}",0.15089004253968596,0.011014626827090979
rollout_update,93376,1212.3286851323796,11.72905367314993,205937.51525181186,0.052790964022278786,"{""policy_inference_time"": 0.009751216974109411, ""env_step_time"": 0.04201391292735934, ""replay_insert_time"": 0.0006428929045796394, ""logging_time"": 0.00012129684910178185, ""total_train_step_time"": 0.052790964022278786}",0.15089004253968596,0.011014626827090979
rollout_update,93440,1425.1494090048914,11.727844802424423,205937.51525181186,0.04490757221356034,"{""policy_inference_time"": 0.007211867719888687, ""env_step_time"": 0.03668789379298687, ""replay_insert_time"": 0.0006267228163778782, ""logging_time"": 0.00012076413258910179, ""total_train_step_time"": 0.04490757221356034}",0.15089004253968596,0.011014626827090979
rollout_update,93504,58.78396531460959,11.730664184011811,205918.6313051169,1.0887322700582445,"{""policy_inference_time"": 0.009264622814953327, ""env_step_time"": 0.03978425217792392, ""replay_insert_time"": 0.000663338229060173, ""logging_time"": 0.000125145073980093, ""total_train_step_time"": 1.0887322700582445}",0.1467532622627914,0.011106217745691538
rollout_update,93568,1399.8146338799418,11.729436461913695,205918.6313051169,0.04572033928707242,"{""policy_inference_time"": 0.007127050776034594, ""env_step_time"": 0.037187638226896524, ""replay_insert_time"": 0.0010111909359693527, ""logging_time"": 0.000127286184579134, ""total_train_step_time"": 0.04572033928707242}",0.1467532622627914,0.011106217745691538
rollout_update,93632,1263.3077786884476,11.728076378277965,205918.6313051169,0.05066065536811948,"{""policy_inference_time"": 0.009583605919033289, ""env_step_time"": 0.040044075809419155, ""replay_insert_time"": 0.0006404663436114788, ""logging_time"": 0.00012233993038535118, ""total_train_step_time"": 0.05066065536811948}",0.1467532622627914,0.011106217745691538
rollout_update,93696,1465.9294712325257,11.726904539265327,205918.6313051169,0.04365830775350332,"{""policy_inference_time"": 0.007140706293284893, ""env_step_time"": 0.035520791076123714, ""replay_insert_time"": 0.0006201406940817833, ""logging_time"": 0.00011905096471309662, ""total_train_step_time"": 0.04365830775350332}",0.1467532622627914,0.011106217745691538
rollout_update,93760,60.23544583474328,11.730420915146686,205929.0167407016,1.0624973238445818,"{""policy_inference_time"": 0.007060759235173464, ""env_step_time"": 0.040349358692765236, ""replay_insert_time"": 0.0006214152090251446, ""logging_time"": 0.00013275118544697762, ""total_train_step_time"": 1.0624973238445818}",0.1412517223507166,0.011128202080726624
rollout_update,93824,1338.9470049722327,11.729140937790696,205929.0167407016,0.04779875511303544,"{""policy_inference_time"": 0.00894577894359827, ""env_step_time"": 0.03735782206058502, ""replay_insert_time"": 0.0010973168537020683, ""logging_time"": 0.00012719212099909782, ""total_train_step_time"": 0.04779875511303544}",0.1412517223507166,0.011128202080726624
rollout_update,93888,1398.2157320264962,11.727915478970434,205929.0167407016,0.045772621873766184,"{""policy_inference_time"": 0.007543995976448059, ""env_step_time"": 0.037161600310355425, ""replay_insert_time"": 0.0006572278216481209, ""logging_time"": 0.00012319907546043396, ""total_train_step_time"": 0.045772621873766184}",0.1412517223507166,0.011128202080726624
rollout_update,93952,1361.3164992746706,11.726657069962961,205929.0167407016,0.047013313975185156,"{""policy_inference_time"": 0.007499730680137873, ""env_step_time"": 0.038479714188724756, ""replay_insert_time"": 0.000643325038254261, ""logging_time"": 0.00012580212205648422, ""total_train_step_time"": 0.047013313975185156}",0.1412517223507166,0.011128202080726624
rollout_update,94016,60.11542260925893,11.730107757549018,205925.81699070023,1.0646186489611864,"{""policy_inference_time"": 0.007348186336457729, ""env_step_time"": 0.0368013852275908, ""replay_insert_time"": 0.0009476481936872005, ""logging_time"": 0.00018663983792066574, ""total_train_step_time"": 1.0646186489611864}",0.14081291388720274,0.010996126104146242
rollout_update,94080,1416.72896141988,11.728901398226704,205925.81699070023,0.04517448414117098,"{""policy_inference_time"": 0.00707353325560689, ""env_step_time"": 0.03673680825158954, ""replay_insert_time"": 0.0009718132205307484, ""logging_time"": 0.00012662820518016815, ""total_train_step_time"": 0.04517448414117098}",0.14081291388720274,0.010996126104146242
rollout_update,94144,1283.9135225718321,11.727570534048802,205925.81699070023,0.04984759399667382,"{""policy_inference_time"": 0.007133344188332558, ""env_step_time"": 0.0416915281675756, ""replay_insert_time"": 0.000639759935438633, ""logging_time"": 0.00012429896742105484, ""total_train_step_time"": 0.04984759399667382}",0.14081291388720274,0.010996126104146242
rollout_update,94208,1457.329709816873,11.726398287411856,205925.81699070023,0.043915937189012766,"{""policy_inference_time"": 0.007376472931355238, ""env_step_time"": 0.0355297620408237, ""replay_insert_time"": 0.0006294120103120804, ""logging_time"": 0.00012372806668281555, ""total_train_step_time"": 0.043915937189012766}",0.14081291388720274,0.010996126104146242
rollout_update,94272,60.470696163243794,11.7300067602138,205893.15436449216,1.0583638697862625,"{""policy_inference_time"": 0.007211350370198488, ""env_step_time"": 0.03525426518172026, ""replay_insert_time"": 0.0006321179680526257, ""logging_time"": 0.0001232502982020378, ""total_train_step_time"": 1.0583638697862625}",0.14131674822419882,0.010994086973369122
rollout_update,94336,1422.7752174024126,11.7288088026074,205893.15436449216,0.044982509687542915,"{""policy_inference_time"": 0.007146387826651335, ""env_step_time"": 0.036475267726927996, ""replay_insert_time"": 0.0009667789563536644, ""logging_time"": 0.00012601912021636963, ""total_train_step_time"": 0.044982509687542915}",0.14131674822419882,0.010994086973369122
rollout_update,94400,1468.775108877097,11.727648596574857,205893.15436449216,0.043573723174631596,"{""policy_inference_time"": 0.007170010358095169, ""env_step_time"": 0.03537954390048981, ""replay_insert_time"": 0.0006389380432665348, ""logging_time"": 0.0001230989582836628, ""total_train_step_time"": 0.043573723174631596}",0.14131674822419882,0.010994086973369122
rollout_update,94464,1470.2745951485597,11.72648980295949,205893.15436449216,0.043529283720999956,"{""policy_inference_time"": 0.007161473855376244, ""env_step_time"": 0.03537015337496996, ""replay_insert_time"": 0.0006201509386301041, ""logging_time"": 0.00012113014236092567, ""total_train_step_time"": 0.043529283720999956}",0.14131674822419882,0.010994086973369122
rollout_update,94528,61.71978250580579,11.730657308757271,205914.81423516775,1.0369446780532598,"{""policy_inference_time"": 0.007040872238576412, ""env_step_time"": 0.03503089398145676, ""replay_insert_time"": 0.0006145676597952843, ""logging_time"": 0.00011818902567029, ""total_train_step_time"": 1.0369446780532598}",0.14653655141592026,0.01112656993791461
rollout_update,94592,1421.4920821388314,11.729461377583352,205914.81423516775,0.04502311395481229,"{""policy_inference_time"": 0.007260852959007025, ""env_step_time"": 0.03639000002294779, ""replay_insert_time"": 0.0009860871359705925, ""logging_time"": 0.00012471992522478104, ""total_train_step_time"": 0.04502311395481229}",0.14653655141592026,0.01112656993791461
rollout_update,94656,1478.8937896963446,11.728312095033104,205914.81423516775,0.04327558912336826,"{""policy_inference_time"": 0.007066013757139444, ""env_step_time"": 0.035204804968088865, ""replay_insert_time"": 0.0006268457509577274, ""logging_time"": 0.00012111756950616837, ""total_train_step_time"": 0.04327558912336826}",0.14653655141592026,0.01112656993791461
rollout_update,94720,1489.6237924731893,11.727171313722247,205914.81423516775,0.042963868007063866,"{""policy_inference_time"": 0.006974304094910622, ""env_step_time"": 0.0349866128526628, ""replay_insert_time"": 0.0006218678317964077, ""logging_time"": 0.0001228228211402893, ""total_train_step_time"": 0.042963868007063866}",0.14653655141592026,0.01112656993791461
rollout_update,94784,62.11766932402797,11.731502221577042,205936.8328478123,1.0303026610054076,"{""policy_inference_time"": 0.007124106865376234, ""env_step_time"": 0.03503315104171634, ""replay_insert_time"": 0.0006015258841216564, ""logging_time"": 0.00011922838166356087, ""total_train_step_time"": 1.0303026610054076}",0.1423983029089868,0.011250732932239771
rollout_update,94848,1423.6133435060037,11.730311119075342,205936.8328478123,0.04495602706447244,"{""policy_inference_time"": 0.0071066031232476234, ""env_step_time"": 0.036463438998907804, ""replay_insert_time"": 0.0009936047717928886, ""logging_time"": 0.00012667197734117508, ""total_train_step_time"": 0.04495602706447244}",0.1423983029089868,0.011250732932239771
rollout_update,94912,1400.3870766193836,11.729100509308866,205936.8328478123,0.045701649971306324,"{""policy_inference_time"": 0.007979352958500385, ""env_step_time"": 0.03669666079804301, ""replay_insert_time"": 0.0006386414170265198, ""logging_time"": 0.00012312596663832664, ""total_train_step_time"": 0.045701649971306324}",0.1423983029089868,0.011250732932239771
rollout_update,94976,1469.008017976075,11.727946682691798,205936.8328478123,0.0435668146237731,"{""policy_inference_time"": 0.007271289359778166, ""env_step_time"": 0.035251612309366465, ""replay_insert_time"": 0.0006591258570551872, ""logging_time"": 0.00012635299935936928, ""total_train_step_time"": 0.0435668146237731}",0.1423983029089868,0.011250732932239771
rollout_update,95040,58.2911707288637,11.730477159389803,205927.40314743225,1.097936431877315,"{""policy_inference_time"": 0.007807291112840176, ""env_step_time"": 0.03587160771712661, ""replay_insert_time"": 0.00062576774507761, ""logging_time"": 0.00011978624388575554, ""total_train_step_time"": 1.097936431877315}",0.15984306065365672,0.01188790425658226
rollout_update,95104,1247.5330737160689,11.729121851062967,205927.40314743225,0.051301245111972094,"{""policy_inference_time"": 0.007610216736793518, ""env_step_time"": 0.042036316357553005, ""replay_insert_time"": 0.001166005153208971, ""logging_time"": 0.00015666894614696503, ""total_train_step_time"": 0.051301245111972094}",0.15984306065365672,0.01188790425658226
rollout_update,95168,1303.1881680460665,11.727824717087962,205927.40314743225,0.04911032924428582,"{""policy_inference_time"": 0.008683531079441309, ""env_step_time"": 0.03940971801057458, ""replay_insert_time"": 0.0006286781281232834, ""logging_time"": 0.00012368615716695786, ""total_train_step_time"": 0.04911032924428582}",0.15984306065365672,0.01188790425658226
rollout_update,95232,1472.8189216750884,11.726677218708144,205927.40314743225,0.04345408594235778,"{""policy_inference_time"": 0.0071818470023572445, ""env_step_time"": 0.03527390770614147, ""replay_insert_time"": 0.0006207609549164772, ""logging_time"": 0.00012095412239432335, ""total_train_step_time"": 0.04345408594235778}",0.15984306065365672,0.01188790425658226
rollout_update,95296,61.57717201940421,11.730747537731505,205950.74500842302,1.0393462041392922,"{""policy_inference_time"": 0.01096449512988329, ""env_step_time"": 0.035196220967918634, ""replay_insert_time"": 0.0006218831986188889, ""logging_time"": 0.00012085866183042526, ""total_train_step_time"": 1.0393462041392922}",0.14571628998965025,0.010982426814734936
rollout_update,95360,1417.3718900611411,11.729557757859574,205950.74500842302,0.045153992716223,"{""policy_inference_time"": 0.007243781816214323, ""env_step_time"": 0.0365308141335845, ""replay_insert_time"": 0.000989409163594246, ""logging_time"": 0.00012391014024615288, ""total_train_step_time"": 0.045153992716223}",0.14571628998965025,0.010982426814734936
rollout_update,95424,1475.5675964391526,11.728415129590159,205950.74500842302,0.043373140040785074,"{""policy_inference_time"": 0.007046181708574295, ""env_step_time"": 0.03532670112326741, ""replay_insert_time"": 0.0006218506023287773, ""logging_time"": 0.00012038880959153175, ""total_train_step_time"": 0.043373140040785074}",0.14571628998965025,0.010982426814734936
rollout_update,95488,1467.2569987565478,11.727266253922068,205950.74500842302,0.04361880710348487,"{""policy_inference_time"": 0.007003101985901594, ""env_step_time"": 0.03562198393046856, ""replay_insert_time"": 0.0006169569678604603, ""logging_time"": 0.00012144166976213455, ""total_train_step_time"": 0.04361880710348487}",0.14571628998965025,0.010982426814734936
rollout_update,95552,61.43095659863522,11.731259496056213,205961.45741200977,1.0418200129643083,"{""policy_inference_time"": 0.007156735751777887, ""env_step_time"": 0.03484611911699176, ""replay_insert_time"": 0.0006035990081727505, ""logging_time"": 0.0001185201108455658, ""total_train_step_time"": 1.0418200129643083}",0.14561722287908196,0.010997737757861614
rollout_update,95616,1399.4661915505221,11.730057611619346,205961.45741200977,0.045731722842901945,"{""policy_inference_time"": 0.007264026906341314, ""env_step_time"": 0.037035534624010324, ""replay_insert_time"": 0.0010340716689825058, ""logging_time"": 0.00012510782107710838, ""total_train_step_time"": 0.045731722842901945}",0.14561722287908196,0.010997737757861614
rollout_update,95680,1457.210393445667,11.728903585502767,205961.45741200977,0.043919533025473356,"{""policy_inference_time"": 0.007393053267151117, ""env_step_time"": 0.0355215766467154, ""replay_insert_time"": 0.0006254119798541069, ""logging_time"": 0.00012118695303797722, ""total_train_step_time"": 0.043919533025473356}",0.14561722287908196,0.010997737757861614
rollout_update,95744,1480.0086978309653,11.727767558029152,205961.45741200977,0.04324298910796642,"{""policy_inference_time"": 0.007047644816339016, ""env_step_time"": 0.03520287619903684, ""replay_insert_time"": 0.0006122640334069729, ""logging_time"": 0.00012174993753433228, ""total_train_step_time"": 0.04324298910796642}",0.14561722287908196,0.010997737757861614
rollout_update,95808,61.13311904576723,11.731616087801587,205970.1424302655,1.0468957088887691,"{""policy_inference_time"": 0.007063109427690506, ""env_step_time"": 0.03519520303234458, ""replay_insert_time"": 0.000626223161816597, ""logging_time"": 0.0001224917359650135, ""total_train_step_time"": 1.0468957088887691}",0.14789463998749852,0.0118855987675488
rollout_update,95872,1397.5322637228946,11.73041567650959,205970.1424302655,0.04579500714316964,"{""policy_inference_time"": 0.007253733929246664, ""env_step_time"": 0.03710914263501763, ""replay_insert_time"": 0.0010234727524220943, ""logging_time"": 0.00013904087245464325, ""total_train_step_time"": 0.04579500714316964}",0.14789463998749852,0.0118855987675488
rollout_update,95936,1430.2554707350114,11.729242967025243,205970.1424302655,0.044747250620275736,"{""policy_inference_time"": 0.007458739914000034, ""env_step_time"": 0.03626543190330267, ""replay_insert_time"": 0.0006401720456779003, ""logging_time"": 0.00012261327356100082, ""total_train_step_time"": 0.044747250620275736}",0.14789463998749852,0.0118855987675488
rollout_update,96000,1447.232265909978,11.728084244382643,205970.1424302655,0.04422234185039997,"{""policy_inference_time"": 0.007136777974665165, ""env_step_time"": 0.03608962241560221, ""replay_insert_time"": 0.000610005110502243, ""logging_time"": 0.0001249467022716999, ""total_train_step_time"": 0.04422234185039997}",0.14789463998749852,0.0118855987675488
rollout_update,96064,61.67802319687278,11.732163737826756,205986.87941727985,1.0376467448659241,"{""policy_inference_time"": 0.007023606915026903, ""env_step_time"": 0.0362088899128139, ""replay_insert_time"": 0.0006136707961559296, ""logging_time"": 0.00016675004735589027, ""total_train_step_time"": 1.0376467448659241}",0.14152224175632,0.011029337998479605
rollout_update,96128,1378.8064308166065,11.730950147523385,205986.87941727985,0.04641695786267519,"{""policy_inference_time"": 0.007210057228803635, ""env_step_time"": 0.03780586877837777, ""replay_insert_time"": 0.0010031918063759804, ""logging_time"": 0.000128868967294693, ""total_train_step_time"": 0.04641695786267519}",0.14152224175632,0.011029337998479605
rollout_update,96192,1430.7849836306916,11.72978088290442,205986.87941727985,0.04473069030791521,"{""policy_inference_time"": 0.0072426521219313145, ""env_step_time"": 0.03647917788475752, ""replay_insert_time"": 0.0006247218698263168, ""logging_time"": 0.00012432783842086792, ""total_train_step_time"": 0.04473069030791521}",0.14152224175632,0.011029337998479605
rollout_update,96256,1291.2575959388962,11.728485545100584,205986.87941727985,0.04956408403813839,"{""policy_inference_time"": 0.007059070281684399, ""env_step_time"": 0.04145212424919009, ""replay_insert_time"": 0.0006592641584575176, ""logging_time"": 0.00012739375233650208, ""total_train_step_time"": 0.04956408403813839}",0.14152224175632,0.011029337998479605
rollout_update,96320,60.949919431322634,11.732230151158028,206001.5173899789,1.0500424052588642,"{""policy_inference_time"": 0.007261984050273895, ""env_step_time"": 0.036762361880391836, ""replay_insert_time"": 0.0006191511638462543, ""logging_time"": 0.00012314924970269203, ""total_train_step_time"": 1.0500424052588642}",0.14368727430701256,0.01125472690910101
rollout_update,96384,1398.8592906913113,11.731037115184089,206001.5173899789,0.04575156373903155,"{""policy_inference_time"": 0.007053212728351355, ""env_step_time"": 0.03727998770773411, ""replay_insert_time"": 0.001016444992274046, ""logging_time"": 0.00012867385521531105, ""total_train_step_time"": 0.04575156373903155}",0.14368727430701256,0.01125472690910101
rollout_update,96448,1276.249840103082,11.729729742814603,206001.5173899789,0.05014692107215524,"{""policy_inference_time"": 0.012712575029581785, ""env_step_time"": 0.036396889947354794, ""replay_insert_time"": 0.0006456617265939713, ""logging_time"": 0.00012504775077104568, ""total_train_step_time"": 0.05014692107215524}",0.14368727430701256,0.01125472690910101
rollout_update,96512,1468.3011670155938,11.728593609254794,206001.5173899789,0.04358778800815344,"{""policy_inference_time"": 0.007199206855148077, ""env_step_time"": 0.035391885321587324, ""replay_insert_time"": 0.0006164521910250187, ""logging_time"": 0.00012353109195828438, ""total_train_step_time"": 0.04358778800815344}",0.14368727430701256,0.01125472690910101
rollout_update,96576,61.11742312794739,11.732402942991081,206013.10234275943,1.0471645682118833,"{""policy_inference_time"": 0.007055544760078192, ""env_step_time"": 0.0351429209113121, ""replay_insert_time"": 0.0006198487244546413, ""logging_time"": 0.00012087495997548103, ""total_train_step_time"": 1.0471645682118833}",0.1457181591540575,0.011057127267122269
rollout_update,96640,1393.6394443363909,11.731208571481611,206013.10234275943,0.04592292523011565,"{""policy_inference_time"": 0.007205713074654341, ""env_step_time"": 0.03730724332854152, ""replay_insert_time"": 0.0010102051310241222, ""logging_time"": 0.00013037817552685738, ""total_train_step_time"": 0.04592292523011565}",0.1457181591540575,0.011057127267122269
rollout_update,96704,1468.487308530646,11.730075301207357,206013.10234275943,0.04358226293697953,"{""policy_inference_time"": 0.007138437125831842, ""env_step_time"": 0.03543469728901982, ""replay_insert_time"": 0.0006205323152244091, ""logging_time"": 0.00013026222586631775, ""total_train_step_time"": 0.04358226293697953}",0.1457181591540575,0.011057127267122269
rollout_update,96768,1304.1991039825823,11.728799536438533,206013.10234275943,0.0490722618997097,"{""policy_inference_time"": 0.012666589114814997, ""env_step_time"": 0.0354077541269362, ""replay_insert_time"": 0.0006215511821210384, ""logging_time"": 0.00012080511078238487, ""total_train_step_time"": 0.0490722618997097}",0.1457181591540575,0.011057127267122269
rollout_update,96832,60.81310233009667,11.732462459915004,206009.22641940706,1.052404786925763,"{""policy_inference_time"": 0.007097993046045303, ""env_step_time"": 0.0351950922049582, ""replay_insert_time"": 0.0006272769533097744, ""logging_time"": 0.00012148870155215263, ""total_train_step_time"": 1.052404786925763}",0.14915234921500087,0.010958763770759106
rollout_update,96896,1346.493079605759,11.731229521716946,206009.22641940706,0.04753087926656008,"{""policy_inference_time"": 0.007355907000601292, ""env_step_time"": 0.03878262406215072, ""replay_insert_time"": 0.0009953510016202927, ""logging_time"": 0.00012748921290040016, ""total_train_step_time"": 0.04753087926656008}",0.14915234921500087,0.010958763770759106
rollout_update,96960,1467.295752504097,11.73009831948815,206009.22641940706,0.04361765505746007,"{""policy_inference_time"": 0.0072680930607020855, ""env_step_time"": 0.03533913753926754, ""replay_insert_time"": 0.0006266888231039047, ""logging_time"": 0.0001220949925482273, ""total_train_step_time"": 0.04361765505746007}",0.14915234921500087,0.010958763770759106
rollout_update,97024,1473.5000983341517,11.728972097078827,206009.22641940706,0.04343399778008461,"{""policy_inference_time"": 0.007167300675064325, ""env_step_time"": 0.035264492966234684, ""replay_insert_time"": 0.0006141779012978077, ""logging_time"": 0.0001234780065715313, ""total_train_step_time"": 0.04343399778008461}",0.14915234921500087,0.010958763770759106
rollout_update,97088,61.28904169476782,11.732836496249377,206023.673171146,1.0442323493771255,"{""policy_inference_time"": 0.00714174285531044, ""env_step_time"": 0.035046187695115805, ""replay_insert_time"": 0.000621437095105648, ""logging_time"": 0.00012076878920197487, ""total_train_step_time"": 1.0442323493771255}",0.14636933617293835,0.011041239835321903
rollout_update,97152,1349.119765995829,11.731609117952829,206023.673171146,0.04743833839893341,"{""policy_inference_time"": 0.0072769043035805225, ""env_step_time"": 0.03852657927200198, ""replay_insert_time"": 0.0012117838487029076, ""logging_time"": 0.00013931002467870712, ""total_train_step_time"": 0.04743833839893341}",0.14636933617293835,0.011041239835321903
rollout_update,97216,1395.4448721264648,11.730422729516258,206023.673171146,0.045863510109484196,"{""policy_inference_time"": 0.00812906725332141, ""env_step_time"": 0.03669429384171963, ""replay_insert_time"": 0.0006505190394818783, ""logging_time"": 0.00012668687850236893, ""total_train_step_time"": 0.045863510109484196}",0.14636933617293835,0.011041239835321903
rollout_update,97280,1455.312214041123,11.72928537100172,206023.673171146,0.04397681774571538,"{""policy_inference_time"": 0.007484431378543377, ""env_step_time"": 0.03547406475991011, ""replay_insert_time"": 0.0006354879587888718, ""logging_time"": 0.00012339092791080475, ""total_train_step_time"": 0.04397681774571538}",0.14636933617293835,0.011041239835321903
rollout_update,97344,59.99415425849497,11.732557340597833,206019.04894306225,1.0667706010863185,"{""policy_inference_time"": 0.007446757052093744, ""env_step_time"": 0.035767334047704935, ""replay_insert_time"": 0.0006241663359105587, ""logging_time"": 0.0001228521578013897, ""total_train_step_time"": 1.0667706010863185}",0.15002299239858985,0.011276749894022942
rollout_update,97408,1374.270536634233,11.731355641837228,206019.04894306225,0.046570160891860723,"{""policy_inference_time"": 0.007360709831118584, ""env_step_time"": 0.03765190113335848, ""replay_insert_time"": 0.0011501521803438663, ""logging_time"": 0.00013082614168524742, ""total_train_step_time"": 0.046570160891860723}",0.15002299239858985,0.011276749894022942
rollout_update,97472,1436.3866243796128,11.730206140567311,206019.04894306225,0.04455624893307686,"{""policy_inference_time"": 0.0076067764312028885, ""env_step_time"": 0.03594298800453544, ""replay_insert_time"": 0.0006279740482568741, ""logging_time"": 0.00012091314420104027, ""total_train_step_time"": 0.04455624893307686}",0.15002299239858985,0.011276749894022942
rollout_update,97536,1455.4883870225617,11.729071946131237,206019.04894306225,0.043971494771540165,"{""policy_inference_time"": 0.007325122598558664, ""env_step_time"": 0.035653209779411554, ""replay_insert_time"": 0.0006139138713479042, ""logging_time"": 0.00012203725054860115, ""total_train_step_time"": 0.043971494771540165}",0.15002299239858985,0.011276749894022942
rollout_update,97600,60.238377712455225,11.732447106575014,206019.47497616857,1.0624456107616425,"{""policy_inference_time"": 0.0072609600611031055, ""env_step_time"": 0.03545408183708787, ""replay_insert_time"": 0.0006008157506585121, ""logging_time"": 0.00011876272037625313, ""total_train_step_time"": 1.0624456107616425}",0.14358647167682648,0.011248625814914703
rollout_update,97664,1349.041688925108,11.731226164058834,206019.47497616857,0.04744108393788338,"{""policy_inference_time"": 0.007270753849297762, ""env_step_time"": 0.03869631374254823, ""replay_insert_time"": 0.0009827837347984314, ""logging_time"": 0.0001627136953175068, ""total_train_step_time"": 0.04744108393788338}",0.14358647167682648,0.011248625814914703
rollout_update,97728,1437.2164155290325,11.730080358826022,206019.47497616857,0.04453052394092083,"{""policy_inference_time"": 0.007284469902515411, ""env_step_time"": 0.036117724142968655, ""replay_insert_time"": 0.0007350440137088299, ""logging_time"": 0.00012655369937419891, ""total_train_step_time"": 0.04453052394092083}",0.14358647167682648,0.011248625814914703
rollout_update,97792,1455.9789708593187,11.728949538572845,206019.47497616857,0.043956678826361895,"{""policy_inference_time"": 0.007293424103409052, ""env_step_time"": 0.03560253605246544, ""replay_insert_time"": 0.0006669880822300911, ""logging_time"": 0.00012496113777160645, ""total_train_step_time"": 0.043956678826361895}",0.14358647167682648,0.011248625814914703
rollout_update,97856,60.01152000808394,11.732213032655995,206009.2496052878,1.066461905837059,"{""policy_inference_time"": 0.0073577952571213245, ""env_step_time"": 0.035336357075721025, ""replay_insert_time"": 0.0006762002594769001, ""logging_time"": 0.00012330198660492897, ""total_train_step_time"": 1.066461905837059}",0.1439149803481996,0.011243558954447508
rollout_update,97920,1380.9452546992761,11.731023455691506,206009.2496052878,0.046345066744834185,"{""policy_inference_time"": 0.007316169794648886, ""env_step_time"": 0.03762758010998368, ""replay_insert_time"": 0.0009888489730656147, ""logging_time"": 0.00012833112850785255, ""total_train_step_time"": 0.046345066744834185}",0.1439149803481996,0.011243558954447508
rollout_update,97984,1430.2136779022926,11.729875086513443,206009.2496052878,0.044748558197170496,"{""policy_inference_time"": 0.007412297185510397, ""env_step_time"": 0.03630535490810871, ""replay_insert_time"": 0.000640559010207653, ""logging_time"": 0.00012521259486675262, ""total_train_step_time"": 0.044748558197170496}",0.1439149803481996,0.011243558954447508
rollout_update,98048,1446.4620674695286,11.728739838225499,206009.2496052878,0.04424588894471526,"{""policy_inference_time"": 0.007274541072547436, ""env_step_time"": 0.03595383511856198, ""replay_insert_time"": 0.00063315499573946, ""logging_time"": 0.00012367777526378632, ""total_train_step_time"": 0.04424588894471526}",0.1439149803481996,0.011243558954447508
rollout_update,98112,60.253552329938785,11.732104940535585,206011.75544725067,1.0621780380606651,"{""policy_inference_time"": 0.007375084795057774, ""env_step_time"": 0.03609111299738288, ""replay_insert_time"": 0.0006306399591267109, ""logging_time"": 0.0001723119057714939, ""total_train_step_time"": 1.0621780380606651}",0.14457674976438284,0.011210870929062366
rollout_update,98176,1217.7309126269822,11.730759478486469,206011.75544725067,0.052556767128407955,"{""policy_inference_time"": 0.007324851583689451, ""env_step_time"": 0.04378212383016944, ""replay_insert_time"": 0.0010527591221034527, ""logging_time"": 0.00012859469279646873, ""total_train_step_time"": 0.052556767128407955}",0.14457674976438284,0.011210870929062366
rollout_update,98240,1433.071625171173,11.729616434987681,206011.75544725067,0.04465931700542569,"{""policy_inference_time"": 0.007601635996252298, ""env_step_time"": 0.03605703078210354, ""replay_insert_time"": 0.0006197867915034294, ""logging_time"": 0.00011893128976225853, ""total_train_step_time"": 0.04465931700542569}",0.14457674976438284,0.011210870929062366
rollout_update,98304,1167.6597341581144,11.728213879351456,206011.75544725067,0.054810488130897284,"{""policy_inference_time"": 0.007018778007477522, ""env_step_time"": 0.04679112508893013, ""replay_insert_time"": 0.0006193127483129501, ""logging_time"": 0.0001227199099957943, ""total_train_step_time"": 0.054810488130897284}",0.14457674976438284,0.011210870929062366
rollout_update,98368,58.19028385918,11.730609712983872,205951.70114062852,1.099839969072491,"{""policy_inference_time"": 0.007184719201177359, ""env_step_time"": 0.037574884947389364, ""replay_insert_time"": 0.0006221518851816654, ""logging_time"": 0.00012132804840803146, ""total_train_step_time"": 1.099839969072491}",0.15077575342729688,0.011044381186366081
rollout_update,98432,1421.7364581622828,11.729460578826151,205951.70114062852,0.04501537512987852,"{""policy_inference_time"": 0.0070884800516068935, ""env_step_time"": 0.036542052403092384, ""replay_insert_time"": 0.0009877472184598446, ""logging_time"": 0.0001267390325665474, ""total_train_step_time"": 0.04501537512987852}",0.15077575342729688,0.011044381186366081
rollout_update,98496,1469.088083799543,11.728348697894484,205951.70114062852,0.043564440216869116,"{""policy_inference_time"": 0.0071100760251283646, ""env_step_time"": 0.035446520894765854, ""replay_insert_time"": 0.0006318381056189537, ""logging_time"": 0.00011970894411206245, ""total_train_step_time"": 0.043564440216869116}",0.15077575342729688,0.011044381186366081
rollout_update,98560,1484.6847933901813,11.72724870481325,205951.70114062852,0.04310679296031594,"{""policy_inference_time"": 0.00709039019420743, ""env_step_time"": 0.03500897902995348, ""replay_insert_time"": 0.0006245141848921776, ""logging_time"": 0.00012081209570169449, ""total_train_step_time"": 0.04310679296031594}",0.15077575342729688,0.011044381186366081
rollout_update,98624,59.31925948181592,11.730173395244714,205970.81729548113,1.0789076020009816,"{""policy_inference_time"": 0.0070558409206569195, ""env_step_time"": 0.034714666195213795, ""replay_insert_time"": 0.0006108577363193035, ""logging_time"": 0.00012076413258910179, ""total_train_step_time"": 1.0789076020009816}",0.18645019782707095,0.01110428525134921
rollout_update,98688,1401.3261196707972,11.729010632178444,205970.81729548113,0.045671024825423956,"{""policy_inference_time"": 0.0071262517012655735, ""env_step_time"": 0.03709015576168895, ""replay_insert_time"": 0.001053488813340664, ""logging_time"": 0.00012867804616689682, ""total_train_step_time"": 0.045671024825423956}",0.18645019782707095,0.01110428525134921
rollout_update,98752,1452.611640189965,11.727889139750442,205970.81729548113,0.04405857576057315,"{""policy_inference_time"": 0.007324864622205496, ""env_step_time"": 0.03573190560564399, ""replay_insert_time"": 0.0006254459731280804, ""logging_time"": 0.00012014387175440788, ""total_train_step_time"": 0.04405857576057315}",0.18645019782707095,0.01110428525134921
rollout_update,98816,1478.9474835996882,11.726787826662385,205970.81729548113,0.04327401798218489,"{""policy_inference_time"": 0.007091555744409561, ""env_step_time"": 0.035191557835787535, ""replay_insert_time"": 0.0006131310947239399, ""logging_time"": 0.00012052571401000023, ""total_train_step_time"": 0.04327401798218489}",0.18645019782707095,0.01110428525134921
rollout_update,98880,61.94184181294843,11.730866052176951,205990.2226842429,1.033227268140763,"{""policy_inference_time"": 0.009848534595221281, ""env_step_time"": 0.03717685677111149, ""replay_insert_time"": 0.0006077620200812817, ""logging_time"": 0.00011670216917991638, ""total_train_step_time"": 1.033227268140763}",0.14116933709010482,0.01105209393426776
rollout_update,98944,1356.3854707903363,11.729667729908357,205990.2226842429,0.04718422703444958,"{""policy_inference_time"": 0.007072995416820049, ""env_step_time"": 0.03869276214390993, ""replay_insert_time"": 0.0010116640478372574, ""logging_time"": 0.00013804296031594276, ""total_train_step_time"": 0.04718422703444958}",0.14116933709010482,0.01105209393426776
rollout_update,99008,1452.3033281595337,11.728548772312577,205990.2226842429,0.04406792903319001,"{""policy_inference_time"": 0.007333558052778244, ""env_step_time"": 0.03571413131430745, ""replay_insert_time"": 0.0006359140388667583, ""logging_time"": 0.00012298114597797394, ""total_train_step_time"": 0.04406792903319001}",0.14116933709010482,0.01105209393426776
rollout_update,99072,1479.8834401160348,11.727450875906477,205990.2226842429,0.04324664920568466,"{""policy_inference_time"": 0.007062123157083988, ""env_step_time"": 0.03520313696935773, ""replay_insert_time"": 0.000600774772465229, ""logging_time"": 0.00012093968689441681, ""total_train_step_time"": 0.04324664920568466}",0.14116933709010482,0.01105209393426776
rollout_update,99136,61.886066586692486,11.731493743310654,205995.73822234743,1.0341584710404277,"{""policy_inference_time"": 0.006929213181138039, ""env_step_time"": 0.03508812701329589, ""replay_insert_time"": 0.0006095920689404011, ""logging_time"": 0.0001228773035109043, ""total_train_step_time"": 1.0341584710404277}",0.1407427191734314,0.011126795783638954
rollout_update,99200,1418.9917517275794,11.730351115824902,205995.73822234743,0.04510244680568576,"{""policy_inference_time"": 0.007068296894431114, ""env_step_time"": 0.03666092315688729, ""replay_insert_time"": 0.0009824428707361221, ""logging_time"": 0.00012458395212888718, ""total_train_step_time"": 0.04510244680568576}",0.1407427191734314,0.011126795783638954
rollout_update,99264,1475.403951501952,11.729252386758926,205995.73822234743,0.04337795078754425,"{""policy_inference_time"": 0.007051721215248108, ""env_step_time"": 0.03532845573499799, ""replay_insert_time"": 0.0006213551387190819, ""logging_time"": 0.00011990126222372055, ""total_train_step_time"": 0.04337795078754425}",0.1407427191734314,0.011126795783638954
rollout_update,99328,1486.6575897222372,11.728162178282007,205995.73822234743,0.043049590196460485,"{""policy_inference_time"": 0.007071288302540779, ""env_step_time"": 0.03500643512234092, ""replay_insert_time"": 0.0005990732461214066, ""logging_time"": 0.00011724187061190605, ""total_train_step_time"": 0.043049590196460485}",0.1407427191734314,0.011126795783638954
rollout_update,99392,61.945637773699104,11.732218444381742,206012.68004220995,1.0331639531068504,"{""policy_inference_time"": 0.006942993029952049, ""env_step_time"": 0.03477166499942541, ""replay_insert_time"": 0.0005924818105995655, ""logging_time"": 0.00011904630810022354, ""total_train_step_time"": 1.0331639531068504}",0.14344017021358013,0.011152962688356638
rollout_update,99456,1357.2358381325937,11.731026754686114,206012.68004220995,0.04715466406196356,"{""policy_inference_time"": 0.007186276838183403, ""env_step_time"": 0.038581144995987415, ""replay_insert_time"": 0.0009938180446624756, ""logging_time"": 0.00012546125799417496, ""total_train_step_time"": 0.04715466406196356}",0.14344017021358013,0.011152962688356638
rollout_update,99520,1397.109852064925,11.729869308041208,206012.68004220995,0.04580885311588645,"{""policy_inference_time"": 0.008797548711299896, ""env_step_time"": 0.03596492484211922, ""replay_insert_time"": 0.0006566029042005539, ""logging_time"": 0.0001232069917023182, ""total_train_step_time"": 0.04580885311588645}",0.14344017021358013,0.011152962688356638
rollout_update,99584,1459.4901737302448,11.728761545968524,206012.68004220995,0.043850929010659456,"{""policy_inference_time"": 0.007101824041455984, ""env_step_time"": 0.03572657098993659, ""replay_insert_time"": 0.0006438172422349453, ""logging_time"": 0.00012233108282089233, ""total_train_step_time"": 0.043850929010659456}",0.14344017021358013,0.011152962688356638
rollout_update,99648,58.693682141655366,11.731363237210841,205970.05496268818,1.0904069682583213,"{""policy_inference_time"": 0.011449160985648632, ""env_step_time"": 0.03855897160246968, ""replay_insert_time"": 0.000628818292170763, ""logging_time"": 0.0001231352798640728, ""total_train_step_time"": 1.0904069682583213}",0.14709728676825762,0.011282996740192175
rollout_update,99712,1363.1340280000811,11.730179917966694,205970.05496268818,0.046950628980994225,"{""policy_inference_time"": 0.007335638161748648, ""env_step_time"": 0.03819033224135637, ""replay_insert_time"": 0.001027159858494997, ""logging_time"": 0.00012544402852654457, ""total_train_step_time"": 0.046950628980994225}",0.14709728676825762,0.011282996740192175
rollout_update,99776,1422.9169210626271,11.729046538943896,205970.05496268818,0.044978030025959015,"{""policy_inference_time"": 0.007250308990478516, ""env_step_time"": 0.036696309223771095, ""replay_insert_time"": 0.0006538080051541328, ""logging_time"": 0.00011924095451831818, ""total_train_step_time"": 0.044978030025959015}",0.14709728676825762,0.011282996740192175
rollout_update,99840,1445.9418059329957,11.72793142141143,205970.05496268818,0.04426180897280574,"{""policy_inference_time"": 0.007304387632757425, ""env_step_time"": 0.035902400966733694, ""replay_insert_time"": 0.0006056218408048153, ""logging_time"": 0.00012044096365571022, ""total_train_step_time"": 0.04426180897280574}",0.14709728676825762,0.011282996740192175
rollout_update,99904,60.68134859425535,11.731426139623498,205975.88285500673,1.054689809679985,"{""policy_inference_time"": 0.007058943621814251, ""env_step_time"": 0.03582873987033963, ""replay_insert_time"": 0.0006073382683098316, ""logging_time"": 0.00016528600826859474, ""total_train_step_time"": 1.054689809679985}",0.147761314176023,0.011294662952423096
rollout_update,99968,1356.0045939149206,11.730239628771146,205975.88285500673,0.04719748022034764,"{""policy_inference_time"": 0.00737325195223093, ""env_step_time"": 0.03843298181891441, ""replay_insert_time"": 0.000998105388134718, ""logging_time"": 0.00012657186016440392, ""total_train_step_time"": 0.04719748022034764}",0.147761314176023,0.011294662952423096
rollout_update,100032,1435.9279201322117,11.729119379083281,205975.88285500673,0.04457048233598471,"{""policy_inference_time"": 0.007321324199438095, ""env_step_time"": 0.03622804256156087, ""replay_insert_time"": 0.0006276038475334644, ""logging_time"": 0.0001328582875430584, ""total_train_step_time"": 0.04457048233598471}",0.147761314176023,0.011294662952423096
rollout_update,100096,1404.9969004473298,11.72797468815428,205975.88285500673,0.04555170191451907,"{""policy_inference_time"": 0.0074110692366957664, ""env_step_time"": 0.037015234120190144, ""replay_insert_time"": 0.0007351408712565899, ""logging_time"": 0.0001266011968255043, ""total_train_step_time"": 0.04555170191451907}",0.147761314176023,0.011294662952423096
rollout_update,100160,59.217312382036404,11.730806530420312,205970.75363805672,1.0807650233618915,"{""policy_inference_time"": 0.007559373043477535, ""env_step_time"": 0.03583618300035596, ""replay_insert_time"": 0.0006198449991643429, ""logging_time"": 0.0001218956895172596, ""total_train_step_time"": 1.0807650233618915}",0.15828933054581285,0.013577079866081476
rollout_update,100224,1374.7292440635006,11.729639287552295,205970.75363805672,0.046554621774703264,"{""policy_inference_time"": 0.007351711858063936, ""env_step_time"": 0.037722816690802574, ""replay_insert_time"": 0.0010786582715809345, ""logging_time"": 0.00012798607349395752, ""total_train_step_time"": 0.046554621774703264}",0.15828933054581285,0.013577079866081476
rollout_update,100288,1433.0260517132199,11.728519747473188,205970.75363805672,0.04466073727235198,"{""policy_inference_time"": 0.0071654231287539005, ""env_step_time"": 0.03648165613412857, ""replay_insert_time"": 0.000636751763522625, ""logging_time"": 0.00012073526158928871, ""total_train_step_time"": 0.04466073727235198}",0.15828933054581285,0.013577079866081476
rollout_update,100352,1247.138064234796,11.727233601932559,205970.75363805672,0.05131749389693141,"{""policy_inference_time"": 0.00777908181771636, ""env_step_time"": 0.042438986245542765, ""replay_insert_time"": 0.0007144808769226074, ""logging_time"": 0.0001230277121067047, ""total_train_step_time"": 0.05131749389693141}",0.15828933054581285,0.013577079866081476
rollout_update,100416,59.77264295426492,11.73031087946931,205965.7042935852,1.0707239438779652,"{""policy_inference_time"": 0.0073365578427910805, ""env_step_time"": 0.036288386676460505, ""replay_insert_time"": 0.000617999117821455, ""logging_time"": 0.00012179696932435036, ""total_train_step_time"": 1.0707239438779652}",0.14442217629402876,0.011313557159155607
rollout_update,100480,1385.6246225595924,11.729155857951609,205965.7042935852,0.04618855565786362,"{""policy_inference_time"": 0.007284252904355526, ""env_step_time"": 0.03750183014199138, ""replay_insert_time"": 0.0009929053485393524, ""logging_time"": 0.00012836279347538948, ""total_train_step_time"": 0.04618855565786362}",0.14442217629402876,0.011313557159155607
rollout_update,100544,1435.320227581864,11.728041042917052,205965.7042935852,0.044589352793991566,"{""policy_inference_time"": 0.0073341489769518375, ""env_step_time"": 0.03625764511525631, ""replay_insert_time"": 0.0006193369626998901, ""logging_time"": 0.00012198183685541153, ""total_train_step_time"": 0.044589352793991566}",0.14442217629402876,0.011313557159155607
rollout_update,100608,1459.4375578751465,11.726944856971317,205965.7042935852,0.043852509930729866,"{""policy_inference_time"": 0.00721939979121089, ""env_step_time"": 0.03563578426837921, ""replay_insert_time"": 0.0006190626882016659, ""logging_time"": 0.00012074271216988564, ""total_train_step_time"": 0.043852509930729866}",0.14442217629402876,0.011313557159155607
rollout_update,100672,60.15270792930508,11.730183660196106,205973.36886061402,1.0639587510377169,"{""policy_inference_time"": 0.007219880819320679, ""env_step_time"": 0.03593508619815111, ""replay_insert_time"": 0.0006221933290362358, ""logging_time"": 0.00012094620615243912, ""total_train_step_time"": 1.0639587510377169}",0.15223526628687978,0.011409251019358635
rollout_update,100736,1362.1733192021973,11.72901176282309,205973.36886061402,0.04698374215513468,"{""policy_inference_time"": 0.007399383932352066, ""env_step_time"": 0.03818955738097429, ""replay_insert_time"": 0.0009975139982998371, ""logging_time"": 0.00012872600927948952, ""total_train_step_time"": 0.04698374215513468}",0.15223526628687978,0.011409251019358635
rollout_update,100800,1428.8435482060854,11.727894764501572,205973.36886061402,0.04479146795347333,"{""policy_inference_time"": 0.007319726049900055, ""env_step_time"": 0.03648436814546585, ""replay_insert_time"": 0.000610151793807745, ""logging_time"": 0.00011980719864368439, ""total_train_step_time"": 0.04479146795347333}",0.15223526628687978,0.011409251019358635
rollout_update,100864,1420.3100182150154,11.726771269665031,205973.36886061402,0.04506058478727937,"{""policy_inference_time"": 0.0072611309587955475, ""env_step_time"": 0.036651946138590574, ""replay_insert_time"": 0.0006510196253657341, ""logging_time"": 0.00016919802874326706, ""total_train_step_time"": 0.04506058478727937}",0.15223526628687978,0.011409251019358635
rollout_update,100928,61.09229335751585,11.730409371104388,205982.11500118097,1.0475953100249171,"{""policy_inference_time"": 0.007462074980139732, ""env_step_time"": 0.035713739693164825, ""replay_insert_time"": 0.000699235126376152, ""logging_time"": 0.00012297602370381355, ""total_train_step_time"": 1.0475953100249171}",0.14376313239336014,0.011234889272600412
rollout_update,100992,1429.1026585473523,11.729295136868709,205982.11500118097,0.04478334682062268,"{""policy_inference_time"": 0.007053582929074764, ""env_step_time"": 0.03635194292291999, ""replay_insert_time"": 0.0009851143695414066, ""logging_time"": 0.00012394506484270096, ""total_train_step_time"": 0.04478334682062268}",0.14376313239336014,0.011234889272600412
rollout_update,101056,1474.2997947528215,11.728215263376919,205982.11500118097,0.04341043811291456,"{""policy_inference_time"": 0.007087239064276218, ""env_step_time"": 0.03529321728274226, ""replay_insert_time"": 0.000645466148853302, ""logging_time"": 0.00012121116742491722, ""total_train_step_time"": 0.04341043811291456}",0.14376313239336014,0.011234889272600412
rollout_update,101120,1467.3270044908193,11.727130458528887,205982.11500118097,0.04361672606319189,"{""policy_inference_time"": 0.007094019092619419, ""env_step_time"": 0.03551455121487379, ""replay_insert_time"": 0.0006287549622356892, ""logging_time"": 0.00012015318498015404, ""total_train_step_time"": 0.04361672606319189}",0.14376313239336014,0.011234889272600412
rollout_update,101184,55.707317820627885,11.728245635669309,205998.8917075375,1.148861630819738,"{""policy_inference_time"": 0.007003258913755417, ""env_step_time"": 0.14986450364813209, ""replay_insert_time"": 0.0006526708602905273, ""logging_time"": 0.00012432783842086792, ""total_train_step_time"": 1.148861630819738}",0.14092596573755145,0.011000969912856817
rollout_update,101248,1401.4193544624197,11.727112680324332,205998.8917075375,0.04566798638552427,"{""policy_inference_time"": 0.0081453169696033, ""env_step_time"": 0.03615673491731286, ""replay_insert_time"": 0.0009793289937078953, ""logging_time"": 0.00012299511581659317, ""total_train_step_time"": 0.04566798638552427}",0.14092596573755145,0.011000969912856817
rollout_update,101312,1485.7672539549503,11.726044244117958,205998.8917075375,0.04307538736611605,"{""policy_inference_time"": 0.007096786983311176, ""env_step_time"": 0.034981783013790846, ""replay_insert_time"": 0.0006178328767418861, ""logging_time"": 0.00012008426710963249, ""total_train_step_time"": 0.04307538736611605}",0.14092596573755145,0.011000969912856817
rollout_update,101376,1492.0528201142063,11.724980502349942,205998.8917075375,0.042893923819065094,"{""policy_inference_time"": 0.007003764156252146, ""env_step_time"": 0.03488630009815097, ""replay_insert_time"": 0.000624949112534523, ""logging_time"": 0.00012126332148909569, ""total_train_step_time"": 0.042893923819065094}",0.14092596573755145,0.011000969912856817
rollout_update,101440,62.10827279269712,11.729027826733454,206017.18016424574,1.0304585383273661,"{""policy_inference_time"": 0.0070501710288226604, ""env_step_time"": 0.03463428886607289, ""replay_insert_time"": 0.0006239018402993679, ""logging_time"": 0.00011888518929481506, ""total_train_step_time"": 1.0304585383273661}",0.1408972069621086,0.011012723203748465
rollout_update,101504,1424.0894593616233,11.727915564971973,206017.18016424574,0.044940996915102005,"{""policy_inference_time"": 0.007036262191832066, ""env_step_time"": 0.03643501689657569, ""replay_insert_time"": 0.0010668649338185787, ""logging_time"": 0.00012823473662137985, ""total_train_step_time"": 0.044940996915102005}",0.1408972069621086,0.011012723203748465
rollout_update,101568,404.72883861554084,11.724003608130623,206017.18016424574,0.15813056519255042,"{""policy_inference_time"": 0.007345838006585836, ""env_step_time"": 0.1497087348252535, ""replay_insert_time"": 0.0006814161315560341, ""logging_time"": 0.00012516509741544724, ""total_train_step_time"": 0.15813056519255042}",0.1408972069621086,0.011012723203748465
rollout_update,101632,404.0183608576906,11.720087387756244,206017.18016424574,0.15840864228084683,"{""policy_inference_time"": 0.008734289091080427, ""env_step_time"": 0.14863159507513046, ""replay_insert_time"": 0.0006544436328113079, ""logging_time"": 0.00012460118159651756, ""total_train_step_time"": 0.15840864228084683}",0.1408972069621086,0.011012723203748465
rollout_update,101696,60.44085076561368,11.723432222391244,206033.16501733795,1.058886484708637,"{""policy_inference_time"": 0.00862324982881546, ""env_step_time"": 0.03501536883413792, ""replay_insert_time"": 0.0006371038034558296, ""logging_time"": 0.0001224246807396412, ""total_train_step_time"": 1.058886484708637}",0.16014692094177008,0.01103987218812108
rollout_update,101760,352.98092444610245,11.71896166637824,206033.16501733795,0.18131291400641203,"{""policy_inference_time"": 0.007114065811038017, ""env_step_time"": 0.17271347204223275, ""replay_insert_time"": 0.0010812170803546906, ""logging_time"": 0.00013161497190594673, ""total_train_step_time"": 0.18131291400641203}",0.16014692094177008,0.01103987218812108
rollout_update,101824,1427.3331611949234,11.717856619190528,206033.16501733795,0.044838865753263235,"{""policy_inference_time"": 0.008775746915489435, ""env_step_time"": 0.03505238192155957, ""replay_insert_time"": 0.0006170272827148438, ""logging_time"": 0.0001223948784172535, ""total_train_step_time"": 0.044838865753263235}",0.16014692094177008,0.01103987218812108
rollout_update,101888,1215.4218815241875,11.716559170819199,206033.16501733795,0.052656613290309906,"{""policy_inference_time"": 0.007049804087728262, ""env_step_time"": 0.044384140986949205, ""replay_insert_time"": 0.0008003818802535534, ""logging_time"": 0.0001345849595963955, ""total_train_step_time"": 0.052656613290309906}",0.16014692094177008,0.01103987218812108
rollout_update,101952,52.72604426121258,11.716093945693325,205961.50278160154,1.2138213836587965,"{""policy_inference_time"": 0.007693864870816469, ""env_step_time"": 0.1531265890225768, ""replay_insert_time"": 0.0006674998439848423, ""logging_time"": 0.00012408709153532982, ""total_train_step_time"": 1.2138213836587965}",0.14966462925076485,0.011094095185399055
rollout_update,102016,403.52732862225486,11.712197870441443,205961.50278160154,0.1586014018394053,"{""policy_inference_time"": 0.008783020079135895, ""env_step_time"": 0.1483646659180522, ""replay_insert_time"": 0.0010421881452202797, ""logging_time"": 0.00012881401926279068, ""total_train_step_time"": 0.1586014018394053}",0.14966462925076485,0.011094095185399055
rollout_update,102080,408.25914379937876,11.708349497070538,205961.50278160154,0.15676317596808076,"{""policy_inference_time"": 0.008569934871047735, ""env_step_time"": 0.14713894296437502, ""replay_insert_time"": 0.0006617247126996517, ""logging_time"": 0.00012401212006807327, ""total_train_step_time"": 0.15676317596808076}",0.14966462925076485,0.011094095185399055
rollout_update,102144,1463.413733595086,11.70727633957429,205961.50278160154,0.04373336024582386,"{""policy_inference_time"": 0.008738190867006779, ""env_step_time"": 0.03398090275004506, ""replay_insert_time"": 0.000628212932497263, ""logging_time"": 0.00012358324602246284, ""total_train_step_time"": 0.04373336024582386}",0.14966462925076485,0.011094095185399055
rollout_update,102208,60.894925881252355,11.710822547273361,205964.7982720967,1.0509906872175634,"{""policy_inference_time"": 0.007206539623439312, ""env_step_time"": 0.03344910824671388, ""replay_insert_time"": 0.0006518829613924026, ""logging_time"": 0.0001221117563545704, ""total_train_step_time"": 1.0509906872175634}",0.1447476581670344,0.011469964869320393
rollout_update,102272,1483.831772876139,11.709766355183493,205964.7982720967,0.0431315740570426,"{""policy_inference_time"": 0.0072311777621507645, ""env_step_time"": 0.03450247598811984, ""replay_insert_time"": 0.0009977808222174644, ""logging_time"": 0.00013067526742815971, ""total_train_step_time"": 0.0431315740570426}",0.1447476581670344,0.011469964869320393
rollout_update,102336,1547.4134453147985,11.708753739889282,205964.7982720967,0.04135934077203274,"{""policy_inference_time"": 0.0070370640605688095, ""env_step_time"": 0.03332148911431432, ""replay_insert_time"": 0.000625313725322485, ""logging_time"": 0.00011891080066561699, ""total_train_step_time"": 0.04135934077203274}",0.1447476581670344,0.011469964869320393
rollout_update,102400,374.1288035158423,11.70456737730842,205964.7982720967,0.17106408113613725,"{""policy_inference_time"": 0.007156298030167818, ""env_step_time"": 0.16285123582929373, ""replay_insert_time"": 0.0006638681516051292, ""logging_time"": 0.00012567313387989998, ""total_train_step_time"": 0.17106408113613725}",0.1447476581670344,0.011469964869320393
rollout_update,102464,60.87066044502484,11.708099629779099,205960.9445700879,1.0514096533879638,"{""policy_inference_time"": 0.008681364823132753, ""env_step_time"": 0.03593464428558946, ""replay_insert_time"": 0.0006253207102417946, ""logging_time"": 0.0001238626427948475, ""total_train_step_time"": 1.0514096533879638}",0.14380007656291127,0.011232644785195589
rollout_update,102528,1488.5406566394465,11.707049892203349,205960.9445700879,0.04299513064324856,"{""policy_inference_time"": 0.007029199972748756, ""env_step_time"": 0.03458791691809893, ""replay_insert_time"": 0.0009906641207635403, ""logging_time"": 0.00012392504140734673, ""total_train_step_time"": 0.04299513064324856}",0.14380007656291127,0.011232644785195589
rollout_update,102592,1537.6695946681482,11.706033873308666,205960.9445700879,0.041621425189077854,"{""policy_inference_time"": 0.007142193615436554, ""env_step_time"": 0.03346414491534233, ""replay_insert_time"": 0.0006314651109278202, ""logging_time"": 0.00012294482439756393, ""total_train_step_time"": 0.041621425189077854}",0.14380007656291127,0.011232644785195589
rollout_update,102656,1553.2212122088818,11.705028200996338,205960.9445700879,0.04120469093322754,"{""policy_inference_time"": 0.0071230861358344555, ""env_step_time"": 0.03306203009560704, ""replay_insert_time"": 0.000639983918517828, ""logging_time"": 0.00012215180322527885, ""total_train_step_time"": 0.04120469093322754}",0.14380007656291127,0.011232644785195589
rollout_update,102720,61.5292085571854,11.70882491441912,205964.62561611258,1.0401563988998532,"{""policy_inference_time"": 0.007214585784822702, ""env_step_time"": 0.03302536811679602, ""replay_insert_time"": 0.0006255218759179115, ""logging_time"": 0.0001231348142027855, ""total_train_step_time"": 1.0401563988998532}",0.14322806894779205,0.011055923998355865
rollout_update,102784,1486.3284049016074,11.70777609956892,205964.62561611258,0.04305912461131811,"{""policy_inference_time"": 0.00711142597720027, ""env_step_time"": 0.034527418203651905, ""replay_insert_time"": 0.001017073169350624, ""logging_time"": 0.00012922799214720726, ""total_train_step_time"": 0.04305912461131811}",0.14322806894779205,0.011055923998355865
rollout_update,102848,413.62245556075294,11.704008794200618,205964.62561611258,0.15473047737032175,"{""policy_inference_time"": 0.007296154275536537, ""env_step_time"": 0.14640344167128205, ""replay_insert_time"": 0.0006473930552601814, ""logging_time"": 0.00012329081073403358, ""total_train_step_time"": 0.15473047737032175}",0.14322806894779205,0.011055923998355865
rollout_update,102912,1485.2515149189107,11.702960082184102,205964.62561611258,0.04309034487232566,"{""policy_inference_time"": 0.008595812600106001, ""env_step_time"": 0.03347138175740838, ""replay_insert_time"": 0.0006371070630848408, ""logging_time"": 0.00012401631101965904, ""total_train_step_time"": 0.04309034487232566}",0.14322806894779205,0.011055923998355865
rollout_update,102976,59.20897160744661,11.705761141624253,205947.78122506832,1.0809172708541155,"{""policy_inference_time"": 0.007221241015940905, ""env_step_time"": 0.033130060881376266, ""replay_insert_time"": 0.0006282581016421318, ""logging_time"": 0.00011952780187129974, ""total_train_step_time"": 1.0809172708541155}",0.14791934471577406,0.011125477962195873
rollout_update,103040,1495.0430197662313,11.704721571122292,205947.78122506832,0.04280813271179795,"{""policy_inference_time"": 0.0071306680329144, ""env_step_time"": 0.03429602785035968, ""replay_insert_time"": 0.0009876498952507973, ""logging_time"": 0.00012316089123487473, ""total_train_step_time"": 0.04280813271179795}",0.14791934471577406,0.011125477962195873
rollout_update,103104,1562.5120832648838,11.703727061979349,205947.78122506832,0.04095968324691057,"{""policy_inference_time"": 0.007034447975456715, ""env_step_time"": 0.0329217379912734, ""replay_insert_time"": 0.0006249160505831242, ""logging_time"": 0.00012082932516932487, ""total_train_step_time"": 0.04095968324691057}",0.14791934471577406,0.011125477962195873
rollout_update,103168,1566.561426448019,11.702735291835024,205947.78122506832,0.04085380816832185,"{""policy_inference_time"": 0.007040056865662336, ""env_step_time"": 0.03282698476687074, ""replay_insert_time"": 0.0006134258583188057, ""logging_time"": 0.00011981884017586708, ""total_train_step_time"": 0.04085380816832185}",0.14791934471577406,0.011125477962195873
rollout_update,103232,62.225382555229274,11.706799373033752,205967.6346366586,1.0285191889852285,"{""policy_inference_time"": 0.0069739301688969135, ""env_step_time"": 0.032716697081923485, ""replay_insert_time"": 0.0006167148239910603, ""logging_time"": 0.0001203371211886406, ""total_train_step_time"": 1.0285191889852285}",0.1409309790469706,0.010933626908808947
rollout_update,103296,415.4773036131465,11.703068064380906,205967.6346366586,0.15403970191255212,"{""policy_inference_time"": 0.006995166651904583, ""env_step_time"": 0.14564622333273292, ""replay_insert_time"": 0.0010020798072218895, ""logging_time"": 0.00012902915477752686, ""total_train_step_time"": 0.15403970191255212}",0.1409309790469706,0.010933626908808947
rollout_update,103360,1513.7905727049058,11.702044379595506,205967.6346366586,0.042277975007891655,"{""policy_inference_time"": 0.008341599255800247, ""env_step_time"": 0.032927009742707014, ""replay_insert_time"": 0.000628029927611351, ""logging_time"": 0.00012198509648442268, ""total_train_step_time"": 0.042277975007891655}",0.1409309790469706,0.010933626908808947
rollout_update,103424,1584.282213161354,11.701066410317912,205967.6346366586,0.04039684310555458,"{""policy_inference_time"": 0.007147404830902815, ""env_step_time"": 0.032267943024635315, ""replay_insert_time"": 0.0006062928587198257, ""logging_time"": 0.00012074410915374756, ""total_train_step_time"": 0.04039684310555458}",0.1409309790469706,0.010933626908808947
rollout_update,103488,62.29326405940872,11.705150502602006,205986.29106130093,1.0273984028026462,"{""policy_inference_time"": 0.0069671859964728355, ""env_step_time"": 0.03196916403248906, ""replay_insert_time"": 0.0005951710045337677, ""logging_time"": 0.00011999532580375671, ""total_train_step_time"": 1.0273984028026462}",0.14044069172814488,0.010944193694740534
rollout_update,103552,1523.0424195477246,11.704135186562059,205986.29106130093,0.04202115396037698,"{""policy_inference_time"": 0.007058797869831324, ""env_step_time"": 0.03359653102234006, ""replay_insert_time"": 0.0009748758748173714, ""logging_time"": 0.00012571224942803383, ""total_train_step_time"": 0.04202115396037698}",0.14044069172814488,0.010944193694740534
rollout_update,103616,1587.0329903877193,11.703160974576193,205986.29106130093,0.04032682394608855,"{""policy_inference_time"": 0.007033362053334713, ""env_step_time"": 0.032302808947861195, ""replay_insert_time"": 0.0006058881990611553, ""logging_time"": 0.00012955628335475922, ""total_train_step_time"": 0.04032682394608855}",0.14044069172814488,0.010944193694740534
rollout_update,103680,1601.19381968498,11.70219553846453,205986.29106130093,0.03997017676010728,"{""policy_inference_time"": 0.00692101800814271, ""env_step_time"": 0.03206050908192992, ""replay_insert_time"": 0.0006143888458609581, ""logging_time"": 0.00011915294453501701, ""total_train_step_time"": 0.03997017676010728}",0.14044069172814488,0.010944193694740534
rollout_update,103744,61.874721263715735,11.706100021938092,206006.25749369254,1.0343480939045548,"{""policy_inference_time"": 0.0070154243148863316, ""env_step_time"": 0.03199255280196667, ""replay_insert_time"": 0.0006163269281387329, ""logging_time"": 0.00012253690510988235, ""total_train_step_time"": 1.0343480939045548}",0.14015199383720756,0.011012775357812643
rollout_update,103808,1523.716916119377,11.705087490514071,206006.25749369254,0.04200255265459418,"{""policy_inference_time"": 0.006971218157559633, ""env_step_time"": 0.03364073997363448, ""replay_insert_time"": 0.0010022399947047234, ""logging_time"": 0.00012439442798495293, ""total_train_step_time"": 0.04200255265459418}",0.14015199383720756,0.011012775357812643
rollout_update,103872,1443.1081362109153,11.704018591450298,206006.25749369254,0.04434872092679143,"{""policy_inference_time"": 0.007065734826028347, ""env_step_time"": 0.036252719815820456, ""replay_insert_time"": 0.0006367238238453865, ""logging_time"": 0.00012617465108633041, ""total_train_step_time"": 0.04434872092679143}",0.14015199383720756,0.011012775357812643
rollout_update,103936,1565.32818894056,11.703033324436326,206006.25749369254,0.04088599467650056,"{""policy_inference_time"": 0.007198954001069069, ""env_step_time"": 0.032686866354197264, ""replay_insert_time"": 0.000616756733506918, ""logging_time"": 0.0001246570609509945, ""total_train_step_time"": 0.04088599467650056}",0.14015199383720756,0.011012775357812643
rollout_update,104000,62.501479088028226,11.7071761967348,206026.92206159723,1.0239757671952248,"{""policy_inference_time"": 0.007041019853204489, ""env_step_time"": 0.032576463650912046, ""replay_insert_time"": 0.0006165280938148499, ""logging_time"": 0.00012383237481117249, ""total_train_step_time"": 1.0239757671952248}",0.1410839417949319,0.010981426108628511
rollout_update,104064,1482.8923209782847,11.706138157633665,206026.92206159723,0.04315889906138182,"{""policy_inference_time"": 0.0069806138053536415, ""env_step_time"": 0.03479297924786806, ""replay_insert_time"": 0.0009912420064210892, ""logging_time"": 0.00012234924361109734, ""total_train_step_time"": 0.04315889906138182}",0.1410839417949319,0.010981426108628511
rollout_update,104128,1574.2066551627906,11.705160499982377,206026.92206159723,0.040655399207025766,"{""policy_inference_time"": 0.0070783160626888275, ""env_step_time"": 0.03258627699688077, ""replay_insert_time"": 0.0006127199158072472, ""logging_time"": 0.0001216190867125988, ""total_train_step_time"": 0.040655399207025766}",0.1410839417949319,0.010981426108628511
rollout_update,104192,1574.68001433538,11.704183299435574,206026.92206159723,0.040643177926540375,"{""policy_inference_time"": 0.0072228433564305305, ""env_step_time"": 0.03242051275447011, ""replay_insert_time"": 0.0006103329360485077, ""logging_time"": 0.00012179091572761536, ""total_train_step_time"": 0.040643177926540375}",0.1410839417949319,0.010981426108628511
rollout_update,104256,62.27764842057479,11.708225682483304,206046.21694414073,1.027656015008688,"{""policy_inference_time"": 0.007122447248548269, ""env_step_time"": 0.032041534315794706, ""replay_insert_time"": 0.0006140670739114285, ""logging_time"": 0.00011738715693354607, ""total_train_step_time"": 1.027656015008688}",0.1438110019080341,0.01098768599331379
rollout_update,104320,1521.9576337099352,11.707216583078745,206046.21694414073,0.042051104828715324,"{""policy_inference_time"": 0.006979470141232014, ""env_step_time"": 0.03373804735019803, ""replay_insert_time"": 0.000947797205299139, ""logging_time"": 0.00012385286390781403, ""total_train_step_time"": 0.042051104828715324}",0.1438110019080341,0.01098768599331379
rollout_update,104384,1588.26892532924,11.706249777438037,206046.21694414073,0.040295443031936884,"{""policy_inference_time"": 0.006959899794310331, ""env_step_time"": 0.03235349478200078, ""replay_insert_time"": 0.0006105550564825535, ""logging_time"": 0.00011779088526964188, ""total_train_step_time"": 0.040295443031936884}",0.1438110019080341,0.01098768599331379
rollout_update,104448,1554.432345033768,11.705262091479918,206046.21694414073,0.041172586381435394,"{""policy_inference_time"": 0.0069276257418096066, ""env_step_time"": 0.03316797083243728, ""replay_insert_time"": 0.0006920173764228821, ""logging_time"": 0.00012367218732833862, ""total_train_step_time"": 0.041172586381435394}",0.1438110019080341,0.01098768599331379
rollout_update,104512,61.836707780762794,11.709117228594552,206060.87601475252,1.0349839488044381,"{""policy_inference_time"": 0.007447848096489906, ""env_step_time"": 0.03215154819190502, ""replay_insert_time"": 0.0006008218042552471, ""logging_time"": 0.00012026214972138405, ""total_train_step_time"": 1.0349839488044381}",0.14197318814694881,0.010961981024593115
rollout_update,104576,1520.9201029377718,11.708109756167273,206060.87601475252,0.04207979096099734,"{""policy_inference_time"": 0.006947471760213375, ""env_step_time"": 0.033761905040591955, ""replay_insert_time"": 0.0009699328802525997, ""logging_time"": 0.00012237811461091042, ""total_train_step_time"": 0.04207979096099734}",0.14197318814694881,0.010961981024593115
rollout_update,104640,1576.164250226237,11.70713775973402,206060.87601475252,0.04060490522533655,"{""policy_inference_time"": 0.007129746023565531, ""env_step_time"": 0.032496445812284946, ""replay_insert_time"": 0.0006022448651492596, ""logging_time"": 0.00011984491720795631, ""total_train_step_time"": 0.04060490522533655}",0.14197318814694881,0.010961981024593115
rollout_update,104704,1587.2735524882353,11.706172725973234,206060.87601475252,0.04032071214169264,"{""policy_inference_time"": 0.006921186111867428, ""env_step_time"": 0.03242977801710367, ""replay_insert_time"": 0.0005975160747766495, ""logging_time"": 0.00011728284880518913, ""total_train_step_time"": 0.04032071214169264}",0.14197318814694881,0.010961981024593115
rollout_update,104768,61.7597155353163,11.709986009856516,206075.92839617722,1.0362742030993104,"{""policy_inference_time"": 0.006915197242051363, ""env_step_time"": 0.03215441107749939, ""replay_insert_time"": 0.0005942936986684799, ""logging_time"": 0.00011791381984949112, ""total_train_step_time"": 1.0362742030993104}",0.144830163102597,0.011089890729635954
rollout_update,104832,1499.1814266586987,11.708966271348606,206075.92839617722,0.04268996324390173,"{""policy_inference_time"": 0.007094697095453739, ""env_step_time"": 0.03421251988038421, ""replay_insert_time"": 0.0009896829724311829, ""logging_time"": 0.00012589385733008385, ""total_train_step_time"": 0.04268996324390173}",0.144830163102597,0.011089890729635954
rollout_update,104896,1548.0362257652318,11.707978884251633,206075.92839617722,0.04134270176291466,"{""policy_inference_time"": 0.007139438763260841, ""env_step_time"": 0.03319428814575076, ""replay_insert_time"": 0.000626599881798029, ""logging_time"": 0.00012417789548635483, ""total_train_step_time"": 0.04134270176291466}",0.144830163102597,0.011089890729635954
rollout_update,104960,1558.9439266829804,11.706998570526835,206075.92839617722,0.04105343297123909,"{""policy_inference_time"": 0.007069522049278021, ""env_step_time"": 0.032966944854706526, ""replay_insert_time"": 0.0006399913690984249, ""logging_time"": 0.00012020999565720558, ""total_train_step_time"": 0.04105343297123909}",0.144830163102597,0.011089890729635954
rollout_update,105024,62.53673385825619,11.711107991305925,206094.84385971713,1.0233985059894621,"{""policy_inference_time"": 0.007053868379443884, ""env_step_time"": 0.032884336076676846, ""replay_insert_time"": 0.0006205858662724495, ""logging_time"": 0.00011928891763091087, ""total_train_step_time"": 1.0233985059894621}",0.13959791930392385,0.01100859697908163
rollout_update,105088,1500.480950952328,11.710091419872514,206094.84385971713,0.04265299066901207,"{""policy_inference_time"": 0.0070338076911866665, ""env_step_time"": 0.03423802787438035, ""replay_insert_time"": 0.0009920126758515835, ""logging_time"": 0.0001261741854250431, ""total_train_step_time"": 0.04265299066901207}",0.13959791930392385,0.01100859697908163
rollout_update,105152,1544.6078533118448,11.709104059190583,206094.84385971713,0.04143446497619152,"{""policy_inference_time"": 0.007105756085366011, ""env_step_time"": 0.033316310960799456, ""replay_insert_time"": 0.0006313640624284744, ""logging_time"": 0.00012285728007555008, ""total_train_step_time"": 0.04143446497619152}",0.13959791930392385,0.01100859697908163
rollout_update,105216,1555.5641111830712,11.708123817490401,206094.84385971713,0.041142630856484175,"{""policy_inference_time"": 0.007021449040621519, ""env_step_time"": 0.033121680840849876, ""replay_insert_time"": 0.0006143590435385704, ""logging_time"": 0.0001242370344698429, ""total_train_step_time"": 0.041142630856484175}",0.13959791930392385,0.01100859697908163
rollout_update,105280,61.32002667557474,11.711738407888156,206113.77002607443,1.0437046992592514,"{""policy_inference_time"": 0.007072109263390303, ""env_step_time"": 0.03349194163456559, ""replay_insert_time"": 0.0006103948689997196, ""logging_time"": 0.00012031616643071175, ""total_train_step_time"": 1.0437046992592514}",0.1515730507671833,0.011092012282460928
rollout_update,105344,1383.3451591121243,11.710638323252054,206113.77002607443,0.046264664735645056,"{""policy_inference_time"": 0.007570821326225996, ""env_step_time"": 0.03720343392342329, ""replay_insert_time"": 0.001061710063368082, ""logging_time"": 0.0001389770768582821, ""total_train_step_time"": 0.046264664735645056}",0.1515730507671833,0.011092012282460928
rollout_update,105408,1433.8747462479332,11.709577201325148,206113.77002607443,0.04463430307805538,"{""policy_inference_time"": 0.007668009027838707, ""env_step_time"": 0.03590502170845866, ""replay_insert_time"": 0.0006608697585761547, ""logging_time"": 0.0001294407993555069, ""total_train_step_time"": 0.04463430307805538}",0.1515730507671833,0.011092012282460928
rollout_update,105472,1454.6606938617117,11.70853143017041,206113.77002607443,0.04399651428684592,"{""policy_inference_time"": 0.00744606601074338, ""env_step_time"": 0.035510723013430834, ""replay_insert_time"": 0.0006377259269356728, ""logging_time"": 0.00012633297592401505, ""total_train_step_time"": 0.04399651428684592}",0.1515730507671833,0.011092012282460928
rollout_update,105536,61.27009679804806,11.712116351127403,206119.84521022465,1.0445552291348577,"{""policy_inference_time"": 0.007423222064971924, ""env_step_time"": 0.03534151799976826, ""replay_insert_time"": 0.0006410279311239719, ""logging_time"": 0.00012635905295610428, ""total_train_step_time"": 1.0445552291348577}",0.14912204490974545,0.011036762036383152
rollout_update,105600,1444.5569985551483,11.711065360151903,206119.84521022465,0.04430424002930522,"{""policy_inference_time"": 0.007229677867144346, ""env_step_time"": 0.03570919996127486, ""replay_insert_time"": 0.0009675789624452591, ""logging_time"": 0.00012699514627456665, ""total_train_step_time"": 0.04430424002930522}",0.14912204490974545,0.011036762036383152
rollout_update,105664,1465.3265891973817,11.710029450573893,206119.84521022465,0.04367627017199993,"{""policy_inference_time"": 0.007780803833156824, ""env_step_time"": 0.0348435090854764, ""replay_insert_time"": 0.0006625382229685783, ""logging_time"": 0.00012851692736148834, ""total_train_step_time"": 0.04367627017199993}",0.14912204490974545,0.011036762036383152
rollout_update,105728,1495.2993342135546,11.709014483211373,206119.84521022465,0.04280079482123256,"{""policy_inference_time"": 0.007345045916736126, ""env_step_time"": 0.03446099488064647, ""replay_insert_time"": 0.0006174421869218349, ""logging_time"": 0.00012223701924085617, ""total_train_step_time"": 0.04280079482123256}",0.14912204490974545,0.011036762036383152
rollout_update,105792,60.62302008997432,11.71232598328949,206134.2081018329,1.0557045806199312,"{""policy_inference_time"": 0.007002260070294142, ""env_step_time"": 0.033888302743434906, ""replay_insert_time"": 0.0006031817756593227, ""logging_time"": 0.00012010941281914711, ""total_train_step_time"": 1.0557045806199312}",0.15321804210543633,0.011145593132823706
rollout_update,105856,1437.8271290543576,11.71127258607786,206134.2081018329,0.044511609710752964,"{""policy_inference_time"": 0.007127563003450632, ""env_step_time"": 0.03600919293239713, ""replay_insert_time"": 0.0009790011681616306, ""logging_time"": 0.00012623099610209465, ""total_train_step_time"": 0.044511609710752964}",0.15321804210543633,0.011145593132823706
rollout_update,105920,1443.149307070952,11.710223262100431,206134.2081018329,0.044347455725073814,"{""policy_inference_time"": 0.007007441949099302, ""env_step_time"": 0.036271167919039726, ""replay_insert_time"": 0.0006756321527063847, ""logging_time"": 0.0001289891079068184, ""total_train_step_time"": 0.044347455725073814}",0.15321804210543633,0.011145593132823706
rollout_update,105984,1430.7062830698503,11.709165002507369,206134.2081018329,0.044733150862157345,"{""policy_inference_time"": 0.007683645002543926, ""env_step_time"": 0.03603002103045583, ""replay_insert_time"": 0.0006378726102411747, ""logging_time"": 0.0001216609962284565, ""total_train_step_time"": 0.044733150862157345}",0.15321804210543633,0.011145593132823706
rollout_update,106048,60.45038792398775,11.712397058736462,206140.51905864172,1.0587194259278476,"{""policy_inference_time"": 0.007149829063564539, ""env_step_time"": 0.03465558309108019, ""replay_insert_time"": 0.0005837408825755119, ""logging_time"": 0.00012054713442921638, ""total_train_step_time"": 1.0587194259278476}",0.1432030643336475,0.011074547190219164
rollout_update,106112,1407.7141836641802,11.711323709312966,206140.51905864172,0.04546377435326576,"{""policy_inference_time"": 0.0070986091159284115, ""env_step_time"": 0.036908081732690334, ""replay_insert_time"": 0.0010263100266456604, ""logging_time"": 0.0001437310129404068, ""total_train_step_time"": 0.04546377435326576}",0.1432030643336475,0.011074547190219164
rollout_update,106176,1453.996943324769,11.710284713523281,206140.51905864172,0.04401659872382879,"{""policy_inference_time"": 0.0074249450117349625, ""env_step_time"": 0.035562960896641016, ""replay_insert_time"": 0.0006292439065873623, ""logging_time"": 0.0001338990405201912, ""total_train_step_time"": 0.04401659872382879}",0.1432030643336475,0.011074547190219164
rollout_update,106240,1476.1612584413513,11.709261498288665,206140.51905864172,0.043355696834623814,"{""policy_inference_time"": 0.0072866203263401985, ""env_step_time"": 0.0350862592458725, ""replay_insert_time"": 0.0006088521331548691, ""logging_time"": 0.000119802076369524, ""total_train_step_time"": 0.043355696834623814}",0.1432030643336475,0.011074547190219164
rollout_update,106304,61.85590544684703,11.713052278693716,206156.55751250612,1.0346627300605178,"{""policy_inference_time"": 0.0069967047311365604, ""env_step_time"": 0.03447415167465806, ""replay_insert_time"": 0.0005988548509776592, ""logging_time"": 0.0001233462244272232, ""total_train_step_time"": 1.0346627300605178}",0.14150917436927557,0.010969262104481459
rollout_update,106368,1439.6501425750525,11.712005142962527,206156.55751250612,0.04445524513721466,"{""policy_inference_time"": 0.0070321280509233475, ""env_step_time"": 0.03606289392337203, ""replay_insert_time"": 0.0009634792804718018, ""logging_time"": 0.000127534382045269, ""total_train_step_time"": 0.04445524513721466}",0.14150917436927557,0.010969262104481459
rollout_update,106432,1514.6561452218934,11.711010035085497,206156.55751250612,0.04225381463766098,"{""policy_inference_time"": 0.006955733988434076, ""env_step_time"": 0.034311071038246155, ""replay_insert_time"": 0.0006100679747760296, ""logging_time"": 0.00012120697647333145, ""total_train_step_time"": 0.04225381463766098}",0.14150917436927557,0.010969262104481459
rollout_update,106496,1497.184652367885,11.710003486787834,206156.55751250612,0.042746898252516985,"{""policy_inference_time"": 0.007110640872269869, ""env_step_time"": 0.034639676101505756, ""replay_insert_time"": 0.0006217099726200104, ""logging_time"": 0.0001208428293466568, ""total_train_step_time"": 0.042746898252516985}",0.14150917436927557,0.010969262104481459
rollout_update,106560,62.10536329760987,11.713881551324585,206172.76932542594,1.03050681296736,"{""policy_inference_time"": 0.006981294602155685, ""env_step_time"": 0.03434011386707425, ""replay_insert_time"": 0.0006125969812273979, ""logging_time"": 0.00011910498142242432, ""total_train_step_time"": 1.03050681296736}",0.14095448283478618,0.010995065793395042
rollout_update,106624,1423.3912886257058,11.712824845608074,206172.76932542594,0.04496304038912058,"{""policy_inference_time"": 0.007047230843454599, ""env_step_time"": 0.0364699219353497, ""replay_insert_time"": 0.001047543715685606, ""logging_time"": 0.00012847920879721642, ""total_train_step_time"": 0.04496304038912058}",0.14095448283478618,0.010995065793395042
rollout_update,106688,1295.646563026219,11.71166417337314,206172.76932542594,0.04939618706703186,"{""policy_inference_time"": 0.0074556609615683556, ""env_step_time"": 0.040916276164352894, ""replay_insert_time"": 0.000642784871160984, ""logging_time"": 0.00012269895523786545, ""total_train_step_time"": 0.04939618706703186}",0.14095448283478618,0.010995065793395042
rollout_update,106752,1458.5097093669117,11.710633299456024,206172.76932542594,0.043880407232791185,"{""policy_inference_time"": 0.007574767805635929, ""env_step_time"": 0.03530065203085542, ""replay_insert_time"": 0.0006215688772499561, ""logging_time"": 0.00012298999354243279, ""total_train_step_time"": 0.043880407232791185}",0.14095448283478618,0.010995065793395042
rollout_update,106816,61.847755561250416,11.714400339009535,206188.5710667016,1.0347990710288286,"{""policy_inference_time"": 0.007137719076126814, ""env_step_time"": 0.03427344933152199, ""replay_insert_time"": 0.000625810120254755, ""logging_time"": 0.00012323400005698204, ""total_train_step_time"": 1.0347990710288286}",0.14158579241484404,0.011024364735931158
rollout_update,106880,1429.9318038023741,11.71335088950652,206188.5710667016,0.044757379218935966,"{""policy_inference_time"": 0.007213836070150137, ""env_step_time"": 0.036188552156090736, ""replay_insert_time"": 0.000966555904597044, ""logging_time"": 0.00012297136709094048, ""total_train_step_time"": 0.044757379218935966}",0.14158579241484404,0.011024364735931158
rollout_update,106944,1504.66456652839,11.712353737662879,206188.5710667016,0.04253439698368311,"{""policy_inference_time"": 0.0070487018674612045, ""env_step_time"": 0.034498677123337984, ""replay_insert_time"": 0.0006111972033977509, ""logging_time"": 0.00011945795267820358, ""total_train_step_time"": 0.04253439698368311}",0.14158579241484404,0.011024364735931158
rollout_update,107008,1484.1673212268029,11.711342987843592,206188.5710667016,0.04312182264402509,"{""policy_inference_time"": 0.006868314929306507, ""env_step_time"": 0.0352605739608407, ""replay_insert_time"": 0.0006008218042552471, ""logging_time"": 0.00012248801067471504, ""total_train_step_time"": 0.04312182264402509}",0.14158579241484404,0.011024364735931158
rollout_update,107072,60.75161831438649,11.714662980285217,206193.2533955303,1.0534698790870607,"{""policy_inference_time"": 0.007191360928118229, ""env_step_time"": 0.03462823340669274, ""replay_insert_time"": 0.0006086789071559906, ""logging_time"": 0.00012363027781248093, ""total_train_step_time"": 1.0534698790870607}",0.142345089931041,0.011436103377491236
rollout_update,107136,1372.3220903212682,11.713572039915721,206193.2533955303,0.0466362820006907,"{""policy_inference_time"": 0.007102707866579294, ""env_step_time"": 0.03805712703615427, ""replay_insert_time"": 0.0010578697547316551, ""logging_time"": 0.0001350599341094494, ""total_train_step_time"": 0.0466362820006907}",0.142345089931041,0.011436103377491236
rollout_update,107200,1399.9118312844053,11.712502797220777,206193.2533955303,0.04571716487407684,"{""policy_inference_time"": 0.00761892506852746, ""env_step_time"": 0.03701290488243103, ""replay_insert_time"": 0.0006768852472305298, ""logging_time"": 0.0001324429176747799, ""total_train_step_time"": 0.04571716487407684}",0.142345089931041,0.011436103377491236
rollout_update,107264,1440.1585967031372,11.711463622734232,206193.2533955303,0.04443955002352595,"{""policy_inference_time"": 0.007619223557412624, ""env_step_time"": 0.03582292376086116, ""replay_insert_time"": 0.000618400052189827, ""logging_time"": 0.00011780718341469765, ""total_train_step_time"": 0.04443955002352595}",0.142345089931041,0.011436103377491236
rollout_update,107328,60.761907132408545,11.714779652437457,206190.28016179273,1.0532914949581027,"{""policy_inference_time"": 0.0071549671702086926, ""env_step_time"": 0.03606849256902933, ""replay_insert_time"": 0.0006621982902288437, ""logging_time"": 0.00012829666957259178, ""total_train_step_time"": 1.0532914949581027}",0.1463911822065711,0.010999350808560848
rollout_update,107392,1349.3906294612566,11.71367279376919,206190.28016179273,0.047428816091269255,"{""policy_inference_time"": 0.007578173186630011, ""env_step_time"": 0.03838061634451151, ""replay_insert_time"": 0.0010389978997409344, ""logging_time"": 0.0001338999718427658, ""total_train_step_time"": 0.047428816091269255}",0.1463911822065711,0.010999350808560848
rollout_update,107456,1395.2514601244116,11.712602515627887,206190.28016179273,0.04586986778303981,"{""policy_inference_time"": 0.007551137823611498, ""env_step_time"": 0.03725449787452817, ""replay_insert_time"": 0.000662313774228096, ""logging_time"": 0.0001291288062930107, ""total_train_step_time"": 0.04586986778303981}",0.1463911822065711,0.010999350808560848
rollout_update,107520,1449.3016775204133,11.7115723371718,206190.28016179273,0.04415919817984104,"{""policy_inference_time"": 0.007520213257521391, ""env_step_time"": 0.03558346489444375, ""replay_insert_time"": 0.0006581922061741352, ""logging_time"": 0.00012691877782344818, ""total_train_step_time"": 0.04415919817984104}",0.1463911822065711,0.010999350808560848
rollout_update,107584,61.951273749568315,11.715351156909724,206205.83589086376,1.0330699617043138,"{""policy_inference_time"": 0.007274942938238382, ""env_step_time"": 0.03534420998767018, ""replay_insert_time"": 0.0006194580346345901, ""logging_time"": 0.00013874797150492668, ""total_train_step_time"": 1.0330699617043138}",0.14367796760052443,0.011088849045336246
rollout_update,107648,1432.9915672329178,11.714311240869101,206205.83589086376,0.044661812018603086,"{""policy_inference_time"": 0.007025198079645634, ""env_step_time"": 0.036259197164326906, ""replay_insert_time"": 0.000979206059128046, ""logging_time"": 0.00013109855353832245, ""total_train_step_time"": 0.044661812018603086}",0.14367796760052443,0.011088849045336246
rollout_update,107712,1485.923534748393,11.713308543851438,206205.83589086376,0.04307085694745183,"{""policy_inference_time"": 0.007024030201137066, ""env_step_time"": 0.03502940805628896, ""replay_insert_time"": 0.000633475836366415, ""logging_time"": 0.0001241099089384079, ""total_train_step_time"": 0.04307085694745183}",0.14367796760052443,0.011088849045336246
rollout_update,107776,1467.196820155475,11.71229322374796,206205.83589086376,0.043620596174150705,"{""policy_inference_time"": 0.007154153194278479, ""env_step_time"": 0.03547781007364392, ""replay_insert_time"": 0.0006130519323050976, ""logging_time"": 0.00011978112161159515, ""total_train_step_time"": 0.043620596174150705}",0.14367796760052443,0.011088849045336246
rollout_update,107840,62.04411147722116,11.716097755933019,206223.01602390243,1.0315241604112089,"{""policy_inference_time"": 0.0071700578555464745, ""env_step_time"": 0.035205008927732706, ""replay_insert_time"": 0.0006068181246519089, ""logging_time"": 0.0001196758821606636, ""total_train_step_time"": 1.0315241604112089}",0.14197771158069372,0.01097444398328662
rollout_update,107904,1429.8967093804051,11.715057926161485,206223.01602390243,0.044758477713912725,"{""policy_inference_time"": 0.007073806133121252, ""env_step_time"": 0.036304018925875425, ""replay_insert_time"": 0.0009868303313851357, ""logging_time"": 0.0001249760389328003, ""total_train_step_time"": 0.044758477713912725}",0.14197771158069372,0.01097444398328662
rollout_update,107968,1487.9277514636806,11.71405882495275,206223.01602390243,0.04301284113898873,"{""policy_inference_time"": 0.006985233165323734, ""env_step_time"": 0.035040108021348715, ""replay_insert_time"": 0.0006093941628932953, ""logging_time"": 0.00012077903375029564, ""total_train_step_time"": 0.04301284113898873}",0.14197771158069372,0.01097444398328662
rollout_update,108032,1448.0239871467086,11.71303236862767,206223.01602390243,0.044198162853717804,"{""policy_inference_time"": 0.00696104671806097, ""env_step_time"": 0.034682252909988165, ""replay_insert_time"": 0.002094842027872801, ""logging_time"": 0.00015357090160250664, ""total_train_step_time"": 0.044198162853717804}",0.14197771158069372,0.01097444398328662
rollout_update,108096,61.92267519794498,11.716779739096358,206241.1885374619,1.033547077793628,"{""policy_inference_time"": 0.0073596881702542305, ""env_step_time"": 0.036207588855177164, ""replay_insert_time"": 0.0006135236471891403, ""logging_time"": 0.0001180451363325119, ""total_train_step_time"": 1.033547077793628}",0.14240446174517274,0.011054238304495811
rollout_update,108160,1418.5816733251954,11.715733971951224,206241.1885374619,0.04511548485606909,"{""policy_inference_time"": 0.007094181142747402, ""env_step_time"": 0.03663450479507446, ""replay_insert_time"": 0.0009902957826852798, ""logging_time"": 0.00012837909162044525, ""total_train_step_time"": 0.04511548485606909}",0.14240446174517274,0.011054238304495811
rollout_update,108224,1473.5162752312635,11.714727368717073,206241.1885374619,0.04343352094292641,"{""policy_inference_time"": 0.007048312108963728, ""env_step_time"": 0.03537866706028581, ""replay_insert_time"": 0.0006204470992088318, ""logging_time"": 0.00012259697541594505, ""total_train_step_time"": 0.04343352094292641}",0.14240446174517274,0.011054238304495811
rollout_update,108288,1476.993861219014,11.713723307880262,206241.1885374619,0.04333125660195947,"{""policy_inference_time"": 0.007082291878759861, ""env_step_time"": 0.035247504245489836, ""replay_insert_time"": 0.0006220252253115177, ""logging_time"": 0.00012117531150579453, ""total_train_step_time"": 0.04333125660195947}",0.14240446174517274,0.011054238304495811
rollout_update,108352,62.09519667334053,11.717527066622804,206259.95136628926,1.030675534158945,"{""policy_inference_time"": 0.0070268698036670685, ""env_step_time"": 0.034956163726747036, ""replay_insert_time"": 0.0006221313960850239, ""logging_time"": 0.00012305518612265587, ""total_train_step_time"": 1.030675534158945}",0.14407391613349319,0.010941410902887583
rollout_update,108416,1431.4768158201389,11.716493031317894,206259.95136628926,0.04470907198265195,"{""policy_inference_time"": 0.006962724030017853, ""env_step_time"": 0.03639968764036894, ""replay_insert_time"": 0.0009596068412065506, ""logging_time"": 0.00012397672981023788, ""total_train_step_time"": 0.04470907198265195}",0.14407391613349319,0.010941410902887583
rollout_update,108480,1495.9495255124139,11.715503731915735,206259.95136628926,0.0427821921184659,"{""policy_inference_time"": 0.006936806254088879, ""env_step_time"": 0.034827752970159054, ""replay_insert_time"": 0.000632499810308218, ""logging_time"": 0.00012452388182282448, ""total_train_step_time"": 0.0427821921184659}",0.14407391613349319,0.010941410902887583
rollout_update,108544,1501.8739087263275,11.71451850102892,206259.95136628926,0.04261343088001013,"{""policy_inference_time"": 0.007008337881416082, ""env_step_time"": 0.03461029287427664, ""replay_insert_time"": 0.0006168498657643795, ""logging_time"": 0.0001228819601237774, ""total_train_step_time"": 0.04261343088001013}",0.14407391613349319,0.010941410902887583
rollout_update,108608,61.559244347874944,11.7181048592293,206278.40472963807,1.0396488890983164,"{""policy_inference_time"": 0.007028024643659592, ""env_step_time"": 0.03465648600831628, ""replay_insert_time"": 0.0006093536503612995, ""logging_time"": 0.00011882930994033813, ""total_train_step_time"": 1.0396488890983164}",0.14059276739135385,0.011032757814973593
rollout_update,108672,1426.8260187110805,11.717069792414916,206278.40472963807,0.04485480301082134,"{""policy_inference_time"": 0.007014112081378698, ""env_step_time"": 0.036453991662710905, ""replay_insert_time"": 0.0009947647340595722, ""logging_time"": 0.00012377509847283363, ""total_train_step_time"": 0.04485480301082134}",0.14059276739135385,0.011032757814973593
rollout_update,108736,1474.4012532248616,11.716068298699327,206278.40472963807,0.04340745089575648,"{""policy_inference_time"": 0.006993123330175877, ""env_step_time"": 0.03540782490745187, ""replay_insert_time"": 0.00062158377841115, ""logging_time"": 0.00011883070692420006, ""total_train_step_time"": 0.04340745089575648}",0.14059276739135385,0.011032757814973593
rollout_update,108800,1490.6457737506125,11.715077887300225,206278.40472963807,0.04293441213667393,"{""policy_inference_time"": 0.007081662304699421, ""env_step_time"": 0.03485091123729944, ""replay_insert_time"": 0.0006159711629152298, ""logging_time"": 0.00012176902964711189, ""total_train_step_time"": 0.04293441213667393}",0.14059276739135385,0.011032757814973593
rollout_update,108864,62.564457283707995,11.719039487412035,206299.18243644809,1.0229450198821723,"{""policy_inference_time"": 0.007035632152110338, ""env_step_time"": 0.0347668519243598, ""replay_insert_time"": 0.0006013964302837849, ""logging_time"": 0.0001199762336909771, ""total_train_step_time"": 1.0229450198821723}",0.1394928377121687,0.010946383234113455
rollout_update,108928,1436.0943890255305,11.718013350382678,206299.18243644809,0.04456531582400203,"{""policy_inference_time"": 0.006973216310143471, ""env_step_time"": 0.03624218609184027, ""replay_insert_time"": 0.0009584678336977959, ""logging_time"": 0.00012617837637662888, ""total_train_step_time"": 0.04456531582400203}",0.1394928377121687,0.010946383234113455
rollout_update,108992,1484.5438781109337,11.717020873287156,206299.18243644809,0.043110884726047516,"{""policy_inference_time"": 0.006945971865206957, ""env_step_time"": 0.03515592636540532, ""replay_insert_time"": 0.0006288071162998676, ""logging_time"": 0.00012046471238136292, ""total_train_step_time"": 0.043110884726047516}",0.1394928377121687,0.010946383234113455
rollout_update,109056,1497.6853586029706,11.716037270607494,206299.18243644809,0.04273260710760951,"{""policy_inference_time"": 0.006989649031311274, ""env_step_time"": 0.03474948462098837, ""replay_insert_time"": 0.0006126859225332737, ""logging_time"": 0.0001214388757944107, ""total_train_step_time"": 0.04273260710760951}",0.1394928377121687,0.010946383234113455
rollout_update,109120,61.88313627246561,11.719729214836352,206317.3486704913,1.0342074409127235,"{""policy_inference_time"": 0.007037599105387926, ""env_step_time"": 0.037984276190400124, ""replay_insert_time"": 0.0009631812572479248, ""logging_time"": 0.0001209876500070095, ""total_train_step_time"": 1.0342074409127235}",0.14194442005828023,0.010969180148094893
rollout_update,109184,1398.5187094512723,11.718677853563625,206317.3486704913,0.045762705616652966,"{""policy_inference_time"": 0.007129916921257973, ""env_step_time"": 0.037214839830994606, ""replay_insert_time"": 0.0010176021605730057, ""logging_time"": 0.00012850109487771988, ""total_train_step_time"": 0.045762705616652966}",0.14194442005828023,0.010969180148094893
rollout_update,109248,1484.934953022476,11.717687849052592,206317.3486704913,0.04309953097254038,"{""policy_inference_time"": 0.006983971688896418, ""env_step_time"": 0.03510834462940693, ""replay_insert_time"": 0.0006291600875556469, ""logging_time"": 0.00012180302292108536, ""total_train_step_time"": 0.04309953097254038}",0.14194442005828023,0.010969180148094893
rollout_update,109312,1494.2337291368717,11.716704171146228,206317.3486704913,0.042831317987293005,"{""policy_inference_time"": 0.006928852293640375, ""env_step_time"": 0.03492260118946433, ""replay_insert_time"": 0.0006063040345907211, ""logging_time"": 0.00011963490396738052, ""total_train_step_time"": 0.042831317987293005}",0.14194442005828023,0.010969180148094893
rollout_update,109376,62.25864626625308,11.720529350334562,206337.7730738423,1.027969669084996,"{""policy_inference_time"": 0.006858397740870714, ""env_step_time"": 0.03457873500883579, ""replay_insert_time"": 0.0005922000855207443, ""logging_time"": 0.00011702487245202065, ""total_train_step_time"": 1.027969669084996}",0.14029705245047808,0.011055611073970795
rollout_update,109440,1387.415759297523,11.719471907703383,206337.7730738423,0.046128926798701286,"{""policy_inference_time"": 0.006997476331889629, ""env_step_time"": 0.037682412192225456, ""replay_insert_time"": 0.0010515730828046799, ""logging_time"": 0.00012953206896781921, ""total_train_step_time"": 0.046128926798701286}",0.14029705245047808,0.011055611073970795
rollout_update,109504,1393.4160173336434,11.718419208138718,206337.7730738423,0.04593028873205185,"{""policy_inference_time"": 0.007996132597327232, ""env_step_time"": 0.0368800931610167, ""replay_insert_time"": 0.000661513302475214, ""logging_time"": 0.0001233150251209736, ""total_train_step_time"": 0.04593028873205185}",0.14029705245047808,0.011055611073970795
rollout_update,109568,1459.2702972039365,11.717414191530763,206337.7730738423,0.043857536278665066,"{""policy_inference_time"": 0.007164597045630217, ""env_step_time"": 0.035654781851917505, ""replay_insert_time"": 0.0006434647366404533, ""logging_time"": 0.00012203911319375038, ""total_train_step_time"": 0.043857536278665066}",0.14029705245047808,0.011055611073970795
rollout_update,109632,60.203508046052924,11.720426599222316,206350.54608476863,1.0630609756335616,"{""policy_inference_time"": 0.00714462623000145, ""env_step_time"": 0.035245577804744244, ""replay_insert_time"": 0.0006216280162334442, ""logging_time"": 0.00013760104775428772, ""total_train_step_time"": 1.0630609756335616}",0.14153838390484452,0.01114624785259366
rollout_update,109696,1120.825432499075,11.71912074373758,206350.54608476863,0.05710077425464988,"{""policy_inference_time"": 0.01845998503267765, ""env_step_time"": 0.037189274094998837, ""replay_insert_time"": 0.0010478338226675987, ""logging_time"": 0.0001296042464673519, ""total_train_step_time"": 0.05710077425464988}",0.14153838390484452,0.01114624785259366
rollout_update,109760,1462.2997182285303,11.718120026868393,206350.54608476863,0.043766677379608154,"{""policy_inference_time"": 0.007379787974059582, ""env_step_time"": 0.035371285397559404, ""replay_insert_time"": 0.0006300187669694424, ""logging_time"": 0.00012227194383740425, ""total_train_step_time"": 0.043766677379608154}",0.14153838390484452,0.01114624785259366
rollout_update,109824,1412.3307553373797,11.717084084207038,206350.54608476863,0.045315164141356945,"{""policy_inference_time"": 0.00747763691470027, ""env_step_time"": 0.03681614203378558, ""replay_insert_time"": 0.0006365031003952026, ""logging_time"": 0.00012176204472780228, ""total_train_step_time"": 0.045315164141356945}",0.14153838390484452,0.01114624785259366
rollout_update,109888,60.89627262309047,11.720366032174526,206358.72322201182,1.0509674442000687,"{""policy_inference_time"": 0.007305104751139879, ""env_step_time"": 0.04166358336806297, ""replay_insert_time"": 0.0020780060440301895, ""logging_time"": 0.00033764494583010674, ""total_train_step_time"": 1.0509674442000687}",0.14176440984010696,0.010946513619273901
rollout_update,109952,1242.300022042316,11.719190604848862,206358.72322201182,0.05151734594255686,"{""policy_inference_time"": 0.011693042237311602, ""env_step_time"": 0.03839679202064872, ""replay_insert_time"": 0.001023817341774702, ""logging_time"": 0.0001294342800974846, ""total_train_step_time"": 0.05151734594255686}",0.14176440984010696,0.010946513619273901
rollout_update,110016,1426.6027532417963,11.718167222943187,206358.72322201182,0.04486182285472751,"{""policy_inference_time"": 0.0072833769954741, ""env_step_time"": 0.03657137881964445, ""replay_insert_time"": 0.0006196582689881325, ""logging_time"": 0.00012478558346629143, ""total_train_step_time"": 0.04486182285472751}",0.14176440984010696,0.010946513619273901
rollout_update,110080,1440.5174686712317,11.717153902558923,206358.72322201182,0.04442847892642021,"{""policy_inference_time"": 0.0070939320139586926, ""env_step_time"": 0.03633842011913657, ""replay_insert_time"": 0.0006166598759591579, ""logging_time"": 0.00012126285582780838, ""total_train_step_time"": 0.04442847892642021}",0.14176440984010696,0.010946513619273901
rollout_update,110144,61.92708666058597,11.720826387717933,206376.47825266974,1.0334734516218305,"{""policy_inference_time"": 0.007052403874695301, ""env_step_time"": 0.036236520390957594, ""replay_insert_time"": 0.0006038160063326359, ""logging_time"": 0.00011985795572400093, ""total_train_step_time"": 1.0334734516218305}",0.1399929141625762,0.011019585654139519
rollout_update,110208,1376.9140101736728,11.7197682429084,206376.47825266974,0.04648075299337506,"{""policy_inference_time"": 0.006996780168265104, ""env_step_time"": 0.038073312025517225, ""replay_insert_time"": 0.001012696884572506, ""logging_time"": 0.00012989388778805733, ""total_train_step_time"": 0.04648075299337506}",0.1399929141625762,0.011019585654139519
rollout_update,110272,1418.6119242341513,11.718741383336274,206376.47825266974,0.04511452279984951,"{""policy_inference_time"": 0.0073118070140480995, ""env_step_time"": 0.03677551681175828, ""replay_insert_time"": 0.0006447630003094673, ""logging_time"": 0.00012101372703909874, ""total_train_step_time"": 0.04511452279984951}",0.1399929141625762,0.011019585654139519
rollout_update,110336,1454.5770203232755,11.71774008665528,206376.47825266974,0.04399904515594244,"{""policy_inference_time"": 0.007000809069722891, ""env_step_time"": 0.03599282028153539, ""replay_insert_time"": 0.0006262683309614658, ""logging_time"": 0.00012117205187678337, ""total_train_step_time"": 0.04399904515594244}",0.1399929141625762,0.011019585654139519
rollout_update,110400,61.61917963433735,11.721285763892762,206392.50642862366,1.038637651130557,"{""policy_inference_time"": 0.007215256802737713, ""env_step_time"": 0.03594352025538683, ""replay_insert_time"": 0.0006234440952539444, ""logging_time"": 0.0001323479227721691, ""total_train_step_time"": 1.038637651130557}",0.1408678311854601,0.011136267799884081
rollout_update,110464,1401.5513904339005,11.720248543037242,206392.50642862366,0.04566368414089084,"{""policy_inference_time"": 0.007041214965283871, ""env_step_time"": 0.03722840500995517, ""replay_insert_time"": 0.0009950269013643265, ""logging_time"": 0.00012594275176525116, ""total_train_step_time"": 0.04566368414089084}",0.1408678311854601,0.011136267799884081
rollout_update,110528,1447.0461715793103,11.719244107141021,206392.50642862366,0.04422802897170186,"{""policy_inference_time"": 0.007129820995032787, ""env_step_time"": 0.0361172859556973, ""replay_insert_time"": 0.0006060991436243057, ""logging_time"": 0.00012009497731924057, ""total_train_step_time"": 0.04422802897170186}",0.1408678311854601,0.011136267799884081
rollout_update,110592,1457.1529208923744,11.718246808329116,206392.50642862366,0.04392126528546214,"{""policy_inference_time"": 0.007022025994956493, ""env_step_time"": 0.03589927777647972, ""replay_insert_time"": 0.0006257179193198681, ""logging_time"": 0.00011870032176375389, ""total_train_step_time"": 0.04392126528546214}",0.1408678311854601,0.011136267799884081
rollout_update,110656,62.23833459707987,11.722017628748791,206409.86315009717,1.028305150102824,"{""policy_inference_time"": 0.007000078912824392, ""env_step_time"": 0.03618315886706114, ""replay_insert_time"": 0.0006127487868070602, ""logging_time"": 0.00011825980618596077, ""total_train_step_time"": 1.028305150102824}",0.1411967696622014,0.010981230065226555
rollout_update,110720,1390.2187039045273,11.720974237964906,206409.86315009717,0.04603592213243246,"{""policy_inference_time"": 0.006985737010836601, ""env_step_time"": 0.03765014233067632, ""replay_insert_time"": 0.0010056919418275356, ""logging_time"": 0.00012641912326216698, ""total_train_step_time"": 0.04603592213243246}",0.1411967696622014,0.010981230065226555
rollout_update,110784,1422.6642899103847,11.719954822399691,206409.86315009717,0.04498601704835892,"{""policy_inference_time"": 0.007167197298258543, ""env_step_time"": 0.03681347332894802, ""replay_insert_time"": 0.0006265598349273205, ""logging_time"": 0.00011973781511187553, ""total_train_step_time"": 0.04498601704835892}",0.1411967696622014,0.010981230065226555
rollout_update,110848,1449.407993655628,11.718954388979267,206409.86315009717,0.04415595903992653,"{""policy_inference_time"": 0.007161854300647974, ""env_step_time"": 0.03600128600373864, ""replay_insert_time"": 0.0006152191199362278, ""logging_time"": 0.00012100813910365105, ""total_train_step_time"": 0.04415595903992653}",0.1411967696622014,0.010981230065226555
rollout_update,110912,61.67034285942923,11.722501141514178,206422.16660939195,1.0377759719267488,"{""policy_inference_time"": 0.007018380332738161, ""env_step_time"": 0.03612059401348233, ""replay_insert_time"": 0.0006046467460691929, ""logging_time"": 0.00012295693159103394, ""total_train_step_time"": 1.0377759719267488}",0.1408951561897993,0.011102217249572277
rollout_update,110976,1379.634505014057,11.721452082641335,206422.16660939195,0.046389097813516855,"{""policy_inference_time"": 0.007085021585226059, ""env_step_time"": 0.03793638525530696, ""replay_insert_time"": 0.0009783217683434486, ""logging_time"": 0.00012234412133693695, ""total_train_step_time"": 0.046389097813516855}",0.1408951561897993,0.011102217249572277
rollout_update,111040,1456.240225183243,11.720458382848761,206422.16660939195,0.04394879285246134,"{""policy_inference_time"": 0.006987088825553656, ""env_step_time"": 0.03598192799836397, ""replay_insert_time"": 0.000605790875852108, ""logging_time"": 0.00011867890134453773, ""total_train_step_time"": 0.04394879285246134}",0.1408951561897993,0.011102217249572277
rollout_update,111104,1455.5044328887836,11.719464349314782,206422.16660939195,0.04397101001814008,"{""policy_inference_time"": 0.006961124949157238, ""env_step_time"": 0.03599521517753601, ""replay_insert_time"": 0.0006327712908387184, ""logging_time"": 0.00012308498844504356, ""total_train_step_time"": 0.04397101001814008}",0.1408951561897993,0.011102217249572277
rollout_update,111168,61.53766942629426,11.722951590911993,206437.4267511069,1.0400133868679404,"{""policy_inference_time"": 0.007217878010123968, ""env_step_time"": 0.03601115383207798, ""replay_insert_time"": 0.0006115050055086613, ""logging_time"": 0.00012164004147052765, ""total_train_step_time"": 1.0400133868679404}",0.14958951948210597,0.01099340571090579
rollout_update,111232,1380.961100499335,11.721905868449074,206437.4267511069,0.04634453495964408,"{""policy_inference_time"": 0.007113699801266193, ""env_step_time"": 0.037858766969293356, ""replay_insert_time"": 0.0009790179319679737, ""logging_time"": 0.00012670783326029778, ""total_train_step_time"": 0.04634453495964408}",0.14958951948210597,0.01099340571090579
rollout_update,111296,1456.950273624426,11.720914859234297,206437.4267511069,0.04392737429589033,"{""policy_inference_time"": 0.006969192996621132, ""env_step_time"": 0.0359762292355299, ""replay_insert_time"": 0.0006067440845072269, ""logging_time"": 0.00012022769078612328, ""total_train_step_time"": 0.04392737429589033}",0.14958951948210597,0.01099340571090579
rollout_update,111360,1430.1578239874798,11.719905456830729,206437.4267511069,0.04475030582398176,"{""policy_inference_time"": 0.008074359968304634, ""env_step_time"": 0.03569219773635268, ""replay_insert_time"": 0.000607021152973175, ""logging_time"": 0.00012238603085279465, ""total_train_step_time"": 0.04475030582398176}",0.14958951948210597,0.01099340571090579
rollout_update,111424,59.69847475182011,11.722662560707287,206440.63768379096,1.072054190095514,"{""policy_inference_time"": 0.006966372020542622, ""env_step_time"": 0.037364312913268805, ""replay_insert_time"": 0.000618878286331892, ""logging_time"": 0.00012108683586120605, ""total_train_step_time"": 1.072054190095514}",0.14689907897263765,0.011926982086151838
rollout_update,111488,1313.876596241013,11.721566025010317,206440.63768379096,0.04871081514284015,"{""policy_inference_time"": 0.007633737754076719, ""env_step_time"": 0.03959399275481701, ""replay_insert_time"": 0.001054334919899702, ""logging_time"": 0.0001395917497575283, ""total_train_step_time"": 0.04871081514284015}",0.14689907897263765,0.011926982086151838
rollout_update,111552,1364.2847414965472,11.720510198451137,206440.63768379096,0.046911028213799,"{""policy_inference_time"": 0.007596573792397976, ""env_step_time"": 0.038248480297625065, ""replay_insert_time"": 0.0006603780202567577, ""logging_time"": 0.00012574996799230576, ""total_train_step_time"": 0.046911028213799}",0.14689907897263765,0.011926982086151838
rollout_update,111616,1373.0650075604567,11.719461311901004,206440.63768379096,0.04661104874685407,"{""policy_inference_time"": 0.00751114496961236, ""env_step_time"": 0.03805538592860103, ""replay_insert_time"": 0.0006477008573710918, ""logging_time"": 0.00012839306145906448, ""total_train_step_time"": 0.04661104874685407}",0.14689907897263765,0.011926982086151838
rollout_update,111680,58.95805772655185,11.72191053658637,206426.78330220032,1.0855174418538809,"{""policy_inference_time"": 0.007562420796602964, ""env_step_time"": 0.03999470267444849, ""replay_insert_time"": 0.0006048791110515594, ""logging_time"": 0.00012136204168200493, ""total_train_step_time"": 1.0855174418538809}",0.14816682925447822,0.013297632802277803
rollout_update,111744,1264.411200251471,11.72077386015175,206426.78330220032,0.050616445019841194,"{""policy_inference_time"": 0.007232598960399628, ""env_step_time"": 0.041825253050774336, ""replay_insert_time"": 0.001150547992438078, ""logging_time"": 0.00012915395200252533, ""total_train_step_time"": 0.050616445019841194}",0.14816682925447822,0.013297632802277803
rollout_update,111808,1391.5072586680126,11.719741195447648,206426.78330220032,0.0459932922385633,"{""policy_inference_time"": 0.007180346641689539, ""env_step_time"": 0.03779255412518978, ""replay_insert_time"": 0.0006362376734614372, ""logging_time"": 0.00012279022485017776, ""total_train_step_time"": 0.0459932922385633}",0.14816682925447822,0.013297632802277803
rollout_update,111872,1396.258886329987,11.718712226042058,206426.78330220032,0.045836771838366985,"{""policy_inference_time"": 0.0072141350246965885, ""env_step_time"": 0.0375551488250494, ""replay_insert_time"": 0.000662561971694231, ""logging_time"": 0.00013004709035158157, ""total_train_step_time"": 0.045836771838366985}",0.14816682925447822,0.013297632802277803
rollout_update,111936,60.3663025138514,11.721724644290576,206420.43823492422,1.0601941370405257,"{""policy_inference_time"": 0.009571518283337355, ""env_step_time"": 0.0392714231275022, ""replay_insert_time"": 0.0006350926123559475, ""logging_time"": 0.00012020906433463097, ""total_train_step_time"": 1.0601941370405257}",0.1415807893499732,0.01114838570356369
rollout_update,112000,1230.9889595732677,11.720559811626577,206420.43823492422,0.051990718115121126,"{""policy_inference_time"": 0.007098816335201263, ""env_step_time"": 0.043439486995339394, ""replay_insert_time"": 0.0010436996817588806, ""logging_time"": 0.00013335561379790306, ""total_train_step_time"": 0.051990718115121126}",0.1415807893499732,0.01114838570356369
rollout_update,112064,1404.2442735026038,11.719538886139059,206420.43823492422,0.04557611607015133,"{""policy_inference_time"": 0.007562621030956507, ""env_step_time"": 0.036992848850786686, ""replay_insert_time"": 0.0006329938769340515, ""logging_time"": 0.00012475484982132912, ""total_train_step_time"": 0.04557611607015133}",0.1415807893499732,0.01114838570356369
rollout_update,112128,1431.3976962570123,11.718537500284283,206420.43823492422,0.04471154324710369,"{""policy_inference_time"": 0.007261560298502445, ""env_step_time"": 0.03643997386097908, ""replay_insert_time"": 0.0006276075728237629, ""logging_time"": 0.00012233667075634003, ""total_train_step_time"": 0.04471154324710369}",0.1415807893499732,0.01114838570356369
rollout_update,112192,60.24579639765539,11.721495956282787,206416.37907602076,1.062314780894667,"{""policy_inference_time"": 0.007171223405748606, ""env_step_time"": 0.036529901903122663, ""replay_insert_time"": 0.0006126128137111664, ""logging_time"": 0.00012307101860642433, ""total_train_step_time"": 1.062314780894667}",0.14509070478379726,0.011124581098556519
rollout_update,112256,1309.76775481426,11.720403714622908,206416.37907602076,0.048863624688237906,"{""policy_inference_time"": 0.008142757695168257, ""env_step_time"": 0.03928748518228531, ""replay_insert_time"": 0.0010321978479623795, ""logging_time"": 0.00012913765385746956, ""total_train_step_time"": 0.048863624688237906}",0.14509070478379726,0.011124581098556519
rollout_update,112320,1379.466191017535,11.719366847563148,206416.37907602076,0.04639475792646408,"{""policy_inference_time"": 0.007306818850338459, ""env_step_time"": 0.038050780072808266, ""replay_insert_time"": 0.0006511509418487549, ""logging_time"": 0.00012258393689990044, ""total_train_step_time"": 0.04639475792646408}",0.14509070478379726,0.011124581098556519
rollout_update,112384,1295.8701327597191,11.71826329420016,206416.37907602076,0.04938766499981284,"{""policy_inference_time"": 0.007861570920795202, ""env_step_time"": 0.04049185290932655, ""replay_insert_time"": 0.0006440039724111557, ""logging_time"": 0.00012169685214757919, ""total_train_step_time"": 0.04938766499981284}",0.14509070478379726,0.011124581098556519
rollout_update,112448,46.720378016967416,11.714360499840284,205769.6605775446,1.3698519300669432,"{""policy_inference_time"": 0.007411920931190252, ""env_step_time"": 0.03747273702174425, ""replay_insert_time"": 0.0006276187486946583, ""logging_time"": 0.00012061744928359985, ""total_train_step_time"": 1.3698519300669432}",0.14698898000642657,0.011199019849300385
rollout_update,112512,1353.8916423329126,11.713307535932056,205769.6605775446,0.04727113898843527,"{""policy_inference_time"": 0.007149192970246077, ""env_step_time"": 0.0386976539157331, ""replay_insert_time"": 0.0010285680182278156, ""logging_time"": 0.00012559723109006882, ""total_train_step_time"": 0.04727113898843527}",0.14698898000642657,0.011199019849300385
rollout_update,112576,1426.274298691156,11.712308184491505,205769.6605775446,0.044872154016047716,"{""policy_inference_time"": 0.007198660168796778, ""env_step_time"": 0.03665581298992038, ""replay_insert_time"": 0.000644083134829998, ""logging_time"": 0.00011872965842485428, ""total_train_step_time"": 0.044872154016047716}",0.14698898000642657,0.011199019849300385
rollout_update,112640,1435.7557453336017,11.711315601394784,205769.6605775446,0.044575827196240425,"{""policy_inference_time"": 0.007165440823882818, ""env_step_time"": 0.036413892172276974, ""replay_insert_time"": 0.0006211819127202034, ""logging_time"": 0.00011982209980487823, ""total_train_step_time"": 0.044575827196240425}",0.14698898000642657,0.011199019849300385
rollout_update,112704,61.6769975116759,11.714821299423097,205783.4378108921,1.0376640008762479,"{""policy_inference_time"": 0.007039431948214769, ""env_step_time"": 0.035748734138906, ""replay_insert_time"": 0.0006277970969676971, ""logging_time"": 0.00012086983770132065, ""total_train_step_time"": 1.0376640008762479}",0.14412872260436416,0.011145607102662325
rollout_update,112768,1373.7046193338463,11.713785792668181,205783.4378108921,0.0465893461368978,"{""policy_inference_time"": 0.007334135007113218, ""env_step_time"": 0.03784224111586809, ""replay_insert_time"": 0.0010206811130046844, ""logging_time"": 0.00012652529403567314, ""total_train_step_time"": 0.0465893461368978}",0.14412872260436416,0.011145607102662325
rollout_update,112832,1437.3045669163077,11.71279627760254,205783.4378108921,0.04452779283747077,"{""policy_inference_time"": 0.007374232169240713, ""env_step_time"": 0.03613122506067157, ""replay_insert_time"": 0.00063362717628479, ""logging_time"": 0.00012246239930391312, ""total_train_step_time"": 0.04452779283747077}",0.14412872260436416,0.011145607102662325
rollout_update,112896,1465.3061079858862,11.711825834262472,205783.4378108921,0.04367688065394759,"{""policy_inference_time"": 0.007115866988897324, ""env_step_time"": 0.03556204307824373, ""replay_insert_time"": 0.0006229900754988194, ""logging_time"": 0.00012096157297492027, ""total_train_step_time"": 0.04367688065394759}",0.14412872260436416,0.011145607102662325
rollout_update,112960,61.120867856332104,11.715113339968596,205791.83188288982,1.0471055507659912,"{""policy_inference_time"": 0.007203888148069382, ""env_step_time"": 0.03556193318217993, ""replay_insert_time"": 0.0006187031976878643, ""logging_time"": 0.00011967122554779053, ""total_train_step_time"": 1.0471055507659912}",0.14331083465367556,0.011316428892314434
rollout_update,113024,1397.9189286895926,11.714098019756616,205791.83188288982,0.045782340224832296,"{""policy_inference_time"": 0.007168636191636324, ""env_step_time"": 0.03722445107996464, ""replay_insert_time"": 0.0009888880886137486, ""logging_time"": 0.000132004264742136, ""total_train_step_time"": 0.045782340224832296}",0.14331083465367556,0.011316428892314434
rollout_update,113088,1463.6051684568704,11.713128431172532,205791.83188288982,0.04372764006257057,"{""policy_inference_time"": 0.0070326076820492744, ""env_step_time"": 0.035695021972060204, ""replay_insert_time"": 0.0006218878552317619, ""logging_time"": 0.00012094900012016296, ""total_train_step_time"": 0.04372764006257057}",0.14331083465367556,0.011316428892314434
rollout_update,113152,1464.133931520686,11.712159353157052,205791.83188288982,0.043711848091334105,"{""policy_inference_time"": 0.007092052139341831, ""env_step_time"": 0.03557787276804447, ""replay_insert_time"": 0.0006417813710868359, ""logging_time"": 0.00012251874431967735, ""total_train_step_time"": 0.043711848091334105}",0.14331083465367556,0.011316428892314434
rollout_update,113216,61.371355603209366,11.715533449486756,205801.28863150225,1.04283177992329,"{""policy_inference_time"": 0.0071975840255618095, ""env_step_time"": 0.035499576944857836, ""replay_insert_time"": 0.0006160177290439606, ""logging_time"": 0.00012057507410645485, ""total_train_step_time"": 1.04283177992329}",0.14288542419672012,0.011328262742608786
rollout_update,113280,1412.8429229389162,11.714531048910445,205801.28863150225,0.04529873700812459,"{""policy_inference_time"": 0.007246260065585375, ""env_step_time"": 0.03666201466694474, ""replay_insert_time"": 0.00098422821611166, ""logging_time"": 0.00013808300718665123, ""total_train_step_time"": 0.04529873700812459}",0.14288542419672012,0.011328262742608786
rollout_update,113344,1467.9630483202557,11.713566449167562,205801.28863150225,0.04359782766550779,"{""policy_inference_time"": 0.007140849716961384, ""env_step_time"": 0.03543417574837804, ""replay_insert_time"": 0.0006273388862609863, ""logging_time"": 0.00012119719758629799, ""total_train_step_time"": 0.04359782766550779}",0.14288542419672012,0.011328262742608786
rollout_update,113408,1466.2069316783331,11.712600853223693,205801.28863150225,0.04365004599094391,"{""policy_inference_time"": 0.007096438203006983, ""env_step_time"": 0.03546493500471115, ""replay_insert_time"": 0.0006524850614368916, ""logging_time"": 0.00011939369142055511, ""total_train_step_time"": 0.04365004599094391}",0.14288542419672012,0.011328262742608786
rollout_update,113472,57.24696171537215,11.714307762337377,205770.5789390242,1.1179632609710097,"{""policy_inference_time"": 0.007153318729251623, ""env_step_time"": 0.03506844770163298, ""replay_insert_time"": 0.0006201169453561306, ""logging_time"": 0.00011865980923175812, ""total_train_step_time"": 1.1179632609710097}",0.14803613582625985,0.011662699282169342
rollout_update,113536,1403.8702053685513,11.713301438035142,205770.5789390242,0.04558826005086303,"{""policy_inference_time"": 0.007285282947123051, ""env_step_time"": 0.03689742321148515, ""replay_insert_time"": 0.0010120319202542305, ""logging_time"": 0.00012445123866200447, ""total_train_step_time"": 0.04558826005086303}",0.14803613582625985,0.011662699282169342
rollout_update,113600,1453.2848985091546,11.712329495006822,205770.5789390242,0.044038164895027876,"{""policy_inference_time"": 0.007263832725584507, ""env_step_time"": 0.03576349699869752, ""replay_insert_time"": 0.0006172722205519676, ""logging_time"": 0.00011948682367801666, ""total_train_step_time"": 0.044038164895027876}",0.14803613582625985,0.011662699282169342
rollout_update,113664,1474.9565724469812,11.711371990576476,205770.5789390242,0.04339110804721713,"{""policy_inference_time"": 0.007088975049555302, ""env_step_time"": 0.03531728405505419, ""replay_insert_time"": 0.0006078560836613178, ""logging_time"": 0.00012216530740261078, ""total_train_step_time"": 0.04339110804721713}",0.14803613582625985,0.011662699282169342
rollout_update,113728,61.622467554882626,11.714825846765716,205785.46517349742,1.0385822337120771,"{""policy_inference_time"": 0.007030079141259193, ""env_step_time"": 0.03487527510151267, ""replay_insert_time"": 0.0006019370630383492, ""logging_time"": 0.00011889776214957237, ""total_train_step_time"": 1.0385822337120771}",0.14082044269889593,0.011120650917291641
rollout_update,113792,1422.8550805889347,11.713835091929797,205785.46517349742,0.04497998487204313,"{""policy_inference_time"": 0.007108958903700113, ""env_step_time"": 0.03649513376876712, ""replay_insert_time"": 0.0009876308031380177, ""logging_time"": 0.00012156181037425995, ""total_train_step_time"": 0.04497998487204313}",0.14082044269889593,0.011120650917291641
rollout_update,113856,1474.5660996346064,11.712879240369206,205785.46517349742,0.04340259823948145,"{""policy_inference_time"": 0.0070655569434165955, ""env_step_time"": 0.03534859977662563, ""replay_insert_time"": 0.0006146696396172047, ""logging_time"": 0.00011833803728222847, ""total_train_step_time"": 0.04340259823948145}",0.14082044269889593,0.011120650917291641
rollout_update,113920,1478.0881334182582,11.71192582186669,205785.46517349742,0.04329917719587684,"{""policy_inference_time"": 0.006984117906540632, ""env_step_time"": 0.03533043712377548, ""replay_insert_time"": 0.0006078868173062801, ""logging_time"": 0.00011991756036877632, ""total_train_step_time"": 0.04329917719587684}",0.14082044269889593,0.011120650917291641
rollout_update,113984,61.78473461384996,11.715430972350644,205799.81511313905,1.0358545747585595,"{""policy_inference_time"": 0.007030639797449112, ""env_step_time"": 0.03490839386358857, ""replay_insert_time"": 0.0006103669293224812, ""logging_time"": 0.00011792918667197227, ""total_train_step_time"": 1.0358545747585595}",0.14112245058640838,0.011053184978663921
rollout_update,114048,1423.9139009565233,11.714443071713706,205799.81511313905,0.04494653781875968,"{""policy_inference_time"": 0.007074503228068352, ""env_step_time"": 0.036518678069114685, ""replay_insert_time"": 0.0009631509892642498, ""logging_time"": 0.00012305425480008125, ""total_train_step_time"": 0.04494653781875968}",0.14112245058640838,0.011053184978663921
rollout_update,114112,1476.4543588698966,11.713490483884264,205799.81511313905,0.043347090017050505,"{""policy_inference_time"": 0.007041752804070711, ""env_step_time"": 0.035282323602586985, ""replay_insert_time"": 0.0006426041945815086, ""logging_time"": 0.00012167822569608688, ""total_train_step_time"": 0.043347090017050505}",0.14112245058640838,0.011053184978663921
rollout_update,114176,1468.0510445576751,11.712532599562573,205799.81511313905,0.04359521437436342,"{""policy_inference_time"": 0.007280144840478897, ""env_step_time"": 0.03529896913096309, ""replay_insert_time"": 0.0006370227783918381, ""logging_time"": 0.00012174900621175766, ""total_train_step_time"": 0.04359521437436342}",0.14112245058640838,0.011053184978663921
rollout_update,114240,61.6219655363854,11.715968895542044,205814.9875666403,1.0385906947776675,"{""policy_inference_time"": 0.007197180297225714, ""env_step_time"": 0.03985950397327542, ""replay_insert_time"": 0.0006224480457603931, ""logging_time"": 0.00012029288336634636, ""total_train_step_time"": 1.0385906947776675}",0.1431260542012751,0.011235150042921305
rollout_update,114304,1414.2755271318952,11.714976396681646,205814.9875666403,0.04525285121053457,"{""policy_inference_time"": 0.007197079248726368, ""env_step_time"": 0.03667094511911273, ""replay_insert_time"": 0.0009944979101419449, ""logging_time"": 0.00012442516162991524, ""total_train_step_time"": 0.04525285121053457}",0.1431260542012751,0.011235150042921305
rollout_update,114368,1484.1774985272039,11.714030799102588,205814.9875666403,0.04312152694910765,"{""policy_inference_time"": 0.007095626089721918, ""env_step_time"": 0.035028337966650724, ""replay_insert_time"": 0.0006205877289175987, ""logging_time"": 0.00012027379125356674, ""total_train_step_time"": 0.04312152694910765}",0.1431260542012751,0.011235150042921305
rollout_update,114432,1492.5244412457535,11.713090641139106,205814.9875666403,0.04288036981597543,"{""policy_inference_time"": 0.00709089171141386, ""env_step_time"": 0.03479252802208066, ""replay_insert_time"": 0.0006243190728127956, ""logging_time"": 0.00011892523616552353, ""total_train_step_time"": 0.04288036981597543}",0.1431260542012751,0.011235150042921305
rollout_update,114496,61.047225770783335,11.716304335489442,205829.62362815026,1.0483686882071197,"{""policy_inference_time"": 0.0070719970390200615, ""env_step_time"": 0.03523029340431094, ""replay_insert_time"": 0.0006058379076421261, ""logging_time"": 0.00011902814731001854, ""total_train_step_time"": 1.0483686882071197}",0.14371322514489293,0.011218572035431862
rollout_update,114560,1424.1467586949075,11.715320858936865,205829.62362815026,0.04493918875232339,"{""policy_inference_time"": 0.007052375935018063, ""env_step_time"": 0.036474882159382105, ""replay_insert_time"": 0.0010145106352865696, ""logging_time"": 0.0001251446083188057, ""total_train_step_time"": 0.04493918875232339}",0.14371322514489293,0.011218572035431862
rollout_update,114624,1481.2467333109191,11.714375449690577,205829.62362815026,0.043206846341490746,"{""policy_inference_time"": 0.007319033145904541, ""env_step_time"": 0.034888767171651125, ""replay_insert_time"": 0.0006199679337441921, ""logging_time"": 0.00012138625606894493, ""total_train_step_time"": 0.043206846341490746}",0.14371322514489293,0.011218572035431862
rollout_update,114688,1483.62870052351,11.713431710506438,205829.62362815026,0.043137477710843086,"{""policy_inference_time"": 0.007089774124324322, ""env_step_time"": 0.035065573174506426, ""replay_insert_time"": 0.0006034951657056808, ""logging_time"": 0.00012087216600775719, ""total_train_step_time"": 0.043137477710843086}",0.14371322514489293,0.011218572035431862
rollout_update,114752,60.18713947600471,11.71631050337376,205839.17937225982,1.063350087031722,"{""policy_inference_time"": 0.006982516963034868, ""env_step_time"": 0.03482220275327563, ""replay_insert_time"": 0.0006084409542381763, ""logging_time"": 0.00012001488357782364, ""total_train_step_time"": 1.063350087031722}",0.14744198275730014,0.01106689777225256
rollout_update,114816,1423.2318045356,11.715328585187407,205839.17937225982,0.04496807884424925,"{""policy_inference_time"": 0.0071037099696695805, ""env_step_time"": 0.03651050291955471, ""replay_insert_time"": 0.0009679729118943214, ""logging_time"": 0.0001230142079293728, ""total_train_step_time"": 0.04496807884424925}",0.14744198275730014,0.01106689777225256
rollout_update,114880,1486.54377737652,11.714388641152258,205839.17937225982,0.04305288614705205,"{""policy_inference_time"": 0.007110271602869034, ""env_step_time"": 0.03494632290676236, ""replay_insert_time"": 0.0006202789954841137, ""logging_time"": 0.00012076366692781448, ""total_train_step_time"": 0.04305288614705205}",0.14744198275730014,0.01106689777225256
rollout_update,114944,1489.4266372739635,11.71345066680338,205839.17937225982,0.042969555128365755,"{""policy_inference_time"": 0.006976936012506485, ""env_step_time"": 0.03499438380822539, ""replay_insert_time"": 0.0006213411688804626, ""logging_time"": 0.00012083491310477257, ""total_train_step_time"": 0.042969555128365755}",0.14744198275730014,0.01106689777225256
rollout_update,115008,60.033095763884695,11.71626357553174,205834.8298708724,1.0660786218941212,"{""policy_inference_time"": 0.007060351315885782, ""env_step_time"": 0.0346224601380527, ""replay_insert_time"": 0.0006095468997955322, ""logging_time"": 0.00011932896450161934, ""total_train_step_time"": 1.0660786218941212}",0.14856821484863758,0.011370800901204348
rollout_update,115072,1419.9382426715044,11.715281574751184,205834.8298708724,0.045072382781654596,"{""policy_inference_time"": 0.007276284042745829, ""env_step_time"": 0.03637750493362546, ""replay_insert_time"": 0.0010216902010142803, ""logging_time"": 0.00012612901628017426, ""total_train_step_time"": 0.045072382781654596}",0.14856821484863758,0.011370800901204348
rollout_update,115136,1463.4017978470922,11.714328897083304,205834.8298708724,0.04373371694236994,"{""policy_inference_time"": 0.007134631276130676, ""env_step_time"": 0.035568259190768, ""replay_insert_time"": 0.0006473991088569164, ""logging_time"": 0.00012229569256305695, ""total_train_step_time"": 0.04373371694236994}",0.14856821484863758,0.011370800901204348
rollout_update,115200,1471.8792350731874,11.713381860052314,205834.8298708724,0.043481828179210424,"{""policy_inference_time"": 0.007142513990402222, ""env_step_time"": 0.0353250321932137, ""replay_insert_time"": 0.0006339801475405693, ""logging_time"": 0.00012281537055969238, ""total_train_step_time"": 0.043481828179210424}",0.14856821484863758,0.011370800901204348
rollout_update,115264,61.521144279329064,11.716749272800271,205842.10285563793,1.0402927440591156,"{""policy_inference_time"": 0.007122591137886047, ""env_step_time"": 0.035895132925361395, ""replay_insert_time"": 0.0006311479955911636, ""logging_time"": 0.0001224610023200512, ""total_train_step_time"": 1.0402927440591156}",0.14174262108281255,0.011051116976886988
rollout_update,115328,1422.2235196914264,11.715770942400397,205842.10285563793,0.04499995894730091,"{""policy_inference_time"": 0.007083073724061251, ""env_step_time"": 0.03654306521639228, ""replay_insert_time"": 0.0009848959743976593, ""logging_time"": 0.00012521585449576378, ""total_train_step_time"": 0.04499995894730091}",0.14174262108281255,0.011051116976886988
rollout_update,115392,1474.0705958848127,11.714827177391358,205842.10285563793,0.04341718787327409,"{""policy_inference_time"": 0.007118741050362587, ""env_step_time"": 0.03529591904953122, ""replay_insert_time"": 0.0006205663084983826, ""logging_time"": 0.00012080743908882141, ""total_train_step_time"": 0.04341718787327409}",0.14174262108281255,0.011051116976886988
rollout_update,115456,1471.6177602231155,11.713881991769455,205842.10285563793,0.04348955396562815,"{""policy_inference_time"": 0.007008440792560577, ""env_step_time"": 0.03545509418472648, ""replay_insert_time"": 0.0006460961885750294, ""logging_time"": 0.000121288001537323, ""total_train_step_time"": 0.04348955396562815}",0.14174262108281255,0.011051116976886988
rollout_update,115520,61.619572786052025,11.717277185318842,205856.1292427023,1.0386310243047774,"{""policy_inference_time"": 0.007043585181236267, ""env_step_time"": 0.03525794297456741, ""replay_insert_time"": 0.0006281929090619087, ""logging_time"": 0.00012105796486139297, ""total_train_step_time"": 1.0386310243047774}",0.143394545186311,0.01102405320852995
rollout_update,115584,1413.0910171410767,11.716294622432741,205856.1292427023,0.04529078397899866,"{""policy_inference_time"": 0.007073378190398216, ""env_step_time"": 0.03683374309912324, ""replay_insert_time"": 0.000994690228253603, ""logging_time"": 0.00012493785470724106, ""total_train_step_time"": 0.04529078397899866}",0.143394545186311,0.01102405320852995
rollout_update,115648,1430.9913679661147,11.71532451217548,205856.1292427023,0.04472423903644085,"{""policy_inference_time"": 0.007185700349509716, ""env_step_time"": 0.03652398521080613, ""replay_insert_time"": 0.0006303419359028339, ""logging_time"": 0.00012238509953022003, ""total_train_step_time"": 0.04472423903644085}",0.143394545186311,0.01102405320852995
rollout_update,115712,1450.1988232239123,11.71436740820217,205856.1292427023,0.044131879694759846,"{""policy_inference_time"": 0.007298629265278578, ""env_step_time"": 0.035839405842125416, ""replay_insert_time"": 0.0006200456991791725, ""logging_time"": 0.0001180330291390419, ""total_train_step_time"": 0.044131879694759846}",0.143394545186311,0.01102405320852995
rollout_update,115776,61.86590485702924,11.717843849070247,205870.91919018395,1.034495497122407,"{""policy_inference_time"": 0.007069622166454792, ""env_step_time"": 0.035521788988262415, ""replay_insert_time"": 0.0006125201471149921, ""logging_time"": 0.00012142909690737724, ""total_train_step_time"": 1.034495497122407}",0.1409507137723267,0.011089746374636889
rollout_update,115840,1265.3075015427496,11.716748853201134,205870.91919018395,0.05058059003204107,"{""policy_inference_time"": 0.007114849053323269, ""env_step_time"": 0.04194383788853884, ""replay_insert_time"": 0.0011163377203047276, ""logging_time"": 0.00013370811939239502, ""total_train_step_time"": 0.05058059003204107}",0.1409507137723267,0.011089746374636889
rollout_update,115904,1438.9118681336952,11.71578613740443,205870.91919018395,0.04447805415838957,"{""policy_inference_time"": 0.0073792701587080956, ""env_step_time"": 0.036087906919419765, ""replay_insert_time"": 0.0006338991224765778, ""logging_time"": 0.0001198318786919117, ""total_train_step_time"": 0.04447805415838957}",0.1409507137723267,0.011089746374636889
rollout_update,115968,1467.9619507859018,11.714842626700408,205870.91919018395,0.043597860261797905,"{""policy_inference_time"": 0.007110370323061943, ""env_step_time"": 0.03548254491761327, ""replay_insert_time"": 0.0006275121122598648, ""logging_time"": 0.00011963490396738052, ""total_train_step_time"": 0.043597860261797905}",0.1409507137723267,0.011089746374636889
rollout_update,116032,61.46546560735646,11.71816503752803,205885.4211395607,1.0412350962869823,"{""policy_inference_time"": 0.007174523081630468, ""env_step_time"": 0.035095791798084974, ""replay_insert_time"": 0.0006211260333657265, ""logging_time"": 0.0001195189543068409, ""total_train_step_time"": 1.0412350962869823}",0.14254307514056563,0.011133426334708929
rollout_update,116096,1407.7094544223964,11.7171829145366,205885.4211395607,0.045463927090168,"{""policy_inference_time"": 0.007086422760039568, ""env_step_time"": 0.03697858937084675, ""replay_insert_time"": 0.0009917900897562504, ""logging_time"": 0.00013728486374020576, ""total_train_step_time"": 0.045463927090168}",0.14254307514056563,0.011133426334708929
rollout_update,116160,1435.7725889808398,11.716220147614335,205885.4211395607,0.04457530425861478,"{""policy_inference_time"": 0.007528246846050024, ""env_step_time"": 0.036024936940521, ""replay_insert_time"": 0.0006336872465908527, ""logging_time"": 0.0001188209280371666, ""total_train_step_time"": 0.04457530425861478}",0.14254307514056563,0.011133426334708929
rollout_update,116224,1480.1198060998136,11.715286378192236,205885.4211395607,0.0432397429831326,"{""policy_inference_time"": 0.0071708038449287415, ""env_step_time"": 0.03506140923127532, ""replay_insert_time"": 0.0006290646269917488, ""logging_time"": 0.0001202831044793129, ""total_train_step_time"": 0.0432397429831326}",0.14254307514056563,0.011133426334708929
rollout_update,116288,61.6518347518039,11.718668616765635,205899.18885635104,1.038087516091764,"{""policy_inference_time"": 0.007006207015365362, ""env_step_time"": 0.03525455901399255, ""replay_insert_time"": 0.0006066630594432354, ""logging_time"": 0.00012028124183416367, ""total_train_step_time"": 1.038087516091764}",0.14353199116885662,0.011307311709970236
rollout_update,116352,1402.1808431623278,11.71768470400396,205899.18885635104,0.04564318526536226,"{""policy_inference_time"": 0.0071364501491189, ""env_step_time"": 0.037115964107215405, ""replay_insert_time"": 0.0010007000528275967, ""logging_time"": 0.0001256442628800869, ""total_train_step_time"": 0.04564318526536226}",0.14353199116885662,0.011307311709970236
rollout_update,116416,1389.3239334097952,11.716691853545669,205899.18885635104,0.046065570786595345,"{""policy_inference_time"": 0.007336048875004053, ""env_step_time"": 0.03761840611696243, ""replay_insert_time"": 0.0007151076570153236, ""logging_time"": 0.00012669619172811508, ""total_train_step_time"": 0.046065570786595345}",0.14353199116885662,0.011307311709970236
rollout_update,116480,1412.5012914403198,11.715715458624613,205899.18885635104,0.045309693086892366,"{""policy_inference_time"": 0.007891638204455376, ""env_step_time"": 0.03640640014782548, ""replay_insert_time"": 0.0006376691162586212, ""logging_time"": 0.00011827098205685616, ""total_train_step_time"": 0.045309693086892366}",0.14353199116885662,0.011307311709970236
rollout_update,116544,61.63752251573864,11.719084398075422,205914.81783431076,1.0383285600692034,"{""policy_inference_time"": 0.007037241943180561, ""env_step_time"": 0.035631290171295404, ""replay_insert_time"": 0.0006115850992500782, ""logging_time"": 0.00012659328058362007, ""total_train_step_time"": 1.0383285600692034}",0.14308533538132906,0.011094547342509031
rollout_update,116608,1404.8699873286794,11.71810445238381,205914.81783431076,0.04555581696331501,"{""policy_inference_time"": 0.0071075716987252235, ""env_step_time"": 0.037062527146190405, ""replay_insert_time"": 0.000990821048617363, ""logging_time"": 0.0001270822249352932, ""total_train_step_time"": 0.04555581696331501}",0.14308533538132906,0.011094547342509031
rollout_update,116672,1449.4502737851444,11.71715480296321,205914.81783431076,0.044154671020805836,"{""policy_inference_time"": 0.007143913768231869, ""env_step_time"": 0.03600990679115057, ""replay_insert_time"": 0.0006206273101270199, ""logging_time"": 0.00012010615319013596, ""total_train_step_time"": 0.044154671020805836}",0.14308533538132906,0.011094547342509031
rollout_update,116736,1467.411383671422,11.716216928342911,205914.81783431076,0.04361421801149845,"{""policy_inference_time"": 0.00703189754858613, ""env_step_time"": 0.03555040527135134, ""replay_insert_time"": 0.0006472398526966572, ""logging_time"": 0.0001227930188179016, ""total_train_step_time"": 0.04361421801149845}",0.14308533538132906,0.011094547342509031
rollout_update,116800,60.68897611092956,11.719229305951998,205926.68583772305,1.0545572540722787,"{""policy_inference_time"": 0.007232476957142353, ""env_step_time"": 0.03611758630722761, ""replay_insert_time"": 0.0006372700445353985, ""logging_time"": 0.0001250789500772953, ""total_train_step_time"": 1.0545572540722787}",0.141617632471025,0.011122887954115868
rollout_update,116864,1374.3328297474445,11.718229755135804,205926.68583772305,0.04656805004924536,"{""policy_inference_time"": 0.00724171195179224, ""env_step_time"": 0.03788631269708276, ""replay_insert_time"": 0.0010390891693532467, ""logging_time"": 0.00012878701090812683, ""total_train_step_time"": 0.04656805004924536}",0.141617632471025,0.011122887954115868
rollout_update,116928,1442.4714160105807,11.717277579094656,205926.68583772305,0.04436829686164856,"{""policy_inference_time"": 0.007298331707715988, ""env_step_time"": 0.03604837693274021, ""replay_insert_time"": 0.0006356467492878437, ""logging_time"": 0.00012464215978980064, ""total_train_step_time"": 0.04436829686164856}",0.141617632471025,0.011122887954115868
rollout_update,116992,1241.956698810222,11.716171867824741,205926.68583772305,0.05153158726170659,"{""policy_inference_time"": 0.007193202618509531, ""env_step_time"": 0.04333265405148268, ""replay_insert_time"": 0.0006246902048587799, ""logging_time"": 0.00012233387678861618, ""total_train_step_time"": 0.05153158726170659}",0.141617632471025,0.011122887954115868
rollout_update,117056,59.91537903664799,11.718886108837241,205930.6526463312,1.068173164036125,"{""policy_inference_time"": 0.007117613218724728, ""env_step_time"": 0.035643220879137516, ""replay_insert_time"": 0.0006150873377919197, ""logging_time"": 0.00011880416423082352, ""total_train_step_time"": 1.068173164036125}",0.1460904460400343,0.011772119905799627
rollout_update,117120,1329.347480042782,11.717855052493213,205930.6526463312,0.048143920954316854,"{""policy_inference_time"": 0.007533985655754805, ""env_step_time"": 0.03916237037628889, ""replay_insert_time"": 0.0010397778823971748, ""logging_time"": 0.0001302231103181839, ""total_train_step_time"": 0.048143920954316854}",0.1460904460400343,0.011772119905799627
rollout_update,117184,1310.7635389462105,11.716809563172854,205930.6526463312,0.04882650310173631,"{""policy_inference_time"": 0.007511995267122984, ""env_step_time"": 0.040223472751677036, ""replay_insert_time"": 0.0006949030794203281, ""logging_time"": 0.00012896303087472916, ""total_train_step_time"": 0.04882650310173631}",0.1460904460400343,0.011772119905799627
rollout_update,117248,1376.9856069944349,11.715814526886728,205930.6526463312,0.046478336211293936,"{""policy_inference_time"": 0.008011172991245985, ""env_step_time"": 0.03748162090778351, ""replay_insert_time"": 0.0006123189814388752, ""logging_time"": 0.00011844327673316002, ""total_train_step_time"": 0.046478336211293936}",0.1460904460400343,0.011772119905799627
rollout_update,117312,59.58024823799189,11.718395070044403,205920.52968590544,1.0741814929060638,"{""policy_inference_time"": 0.0073829940520226955, ""env_step_time"": 0.0393080641515553, ""replay_insert_time"": 0.000654757022857666, ""logging_time"": 0.00012340722605586052, ""total_train_step_time"": 1.0741814929060638}",0.14434182597324252,0.011130100581794977
rollout_update,117376,1395.7620716540998,11.717415291740503,205920.52968590544,0.04585308721289039,"{""policy_inference_time"": 0.007127877790480852, ""env_step_time"": 0.0373310511931777, ""replay_insert_time"": 0.0010024593211710453, ""logging_time"": 0.0001239539124071598, ""total_train_step_time"": 0.04585308721289039}",0.14434182597324252,0.011130100581794977
rollout_update,117440,1454.9348748872453,11.716475515392656,205920.52968590544,0.04398822318762541,"{""policy_inference_time"": 0.007178069092333317, ""env_step_time"": 0.035786365158855915, ""replay_insert_time"": 0.0006417720578610897, ""logging_time"": 0.00012253597378730774, ""total_train_step_time"": 0.04398822318762541}",0.14434182597324252,0.011130100581794977
rollout_update,117504,1463.8574888948247,11.71554161659924,205920.52968590544,0.04372010286897421,"{""policy_inference_time"": 0.007352571003139019, ""env_step_time"": 0.03536411002278328, ""replay_insert_time"": 0.0006239889189600945, ""logging_time"": 0.0001222272403538227, ""total_train_step_time"": 0.04372010286897421}",0.14434182597324252,0.011130100581794977
rollout_update,117568,56.08883226231605,11.716691480851928,205893.30017003667,1.1410471107810736,"{""policy_inference_time"": 0.0071767582558095455, ""env_step_time"": 0.03785333735868335, ""replay_insert_time"": 0.0009569129906594753, ""logging_time"": 0.00019375421106815338, ""total_train_step_time"": 1.1410471107810736}",0.15278475498780608,0.013309742324054241
rollout_update,117632,1150.8596622216244,11.715506154910337,205893.30017003667,0.05561060318723321,"{""policy_inference_time"": 0.008063845802098513, ""env_step_time"": 0.04603551095351577, ""replay_insert_time"": 0.0011189291253685951, ""logging_time"": 0.00012561166658997536, ""total_train_step_time"": 0.05561060318723321}",0.15278475498780608,0.013309742324054241
rollout_update,117696,1278.2948327821096,11.714439201066257,205893.30017003667,0.05006669694557786,"{""policy_inference_time"": 0.008217944763600826, ""env_step_time"": 0.040745156817138195, ""replay_insert_time"": 0.000632536131888628, ""logging_time"": 0.00011956412345170975, ""total_train_step_time"": 0.05006669694557786}",0.15278475498780608,0.013309742324054241
rollout_update,117760,1211.1794785577079,11.71331333464534,205893.30017003667,0.05284105380997062,"{""policy_inference_time"": 0.008891460951417685, ""env_step_time"": 0.042939077131450176, ""replay_insert_time"": 0.0006115781143307686, ""logging_time"": 0.00013150088489055634, ""total_train_step_time"": 0.05284105380997062}",0.15278475498780608,0.013309742324054241
rollout_update,117824,55.23218410689902,11.714088817456423,205838.33274783468,1.158744689077139,"{""policy_inference_time"": 0.007870826870203018, ""env_step_time"": 0.043562887236475945, ""replay_insert_time"": 0.0011053681373596191, ""logging_time"": 0.0002452167682349682, ""total_train_step_time"": 1.158744689077139}",0.15699430974200368,0.012434144038707018
rollout_update,117888,1247.2314112395663,11.712997928482848,205838.33274783468,0.051313653122633696,"{""policy_inference_time"": 0.007913030683994293, ""env_step_time"": 0.042025423143059015, ""replay_insert_time"": 0.0009856093674898148, ""logging_time"": 0.0001239408738911152, ""total_train_step_time"": 0.051313653122633696}",0.15699430974200368,0.012434144038707018
rollout_update,117952,1191.747538709133,11.711856468850987,205838.33274783468,0.05370264919474721,"{""policy_inference_time"": 0.008300705812871456, ""env_step_time"": 0.04397470178082585, ""replay_insert_time"": 0.0009763650596141815, ""logging_time"": 0.00012507475912570953, ""total_train_step_time"": 0.05370264919474721}",0.15699430974200368,0.012434144038707018
rollout_update,118016,1277.884989326455,11.710792151215061,205838.33274783468,0.05008275434374809,"{""policy_inference_time"": 0.008220832329243422, ""env_step_time"": 0.04046832304447889, ""replay_insert_time"": 0.0009760400280356407, ""logging_time"": 0.00012234831228852272, ""total_train_step_time"": 0.05008275434374809}",0.15699430974200368,0.012434144038707018
rollout_update,118080,55.74554702313338,11.711797371768473,205791.82180177668,1.148073764052242,"{""policy_inference_time"": 0.009302725084125996, ""env_step_time"": 0.04328032769262791, ""replay_insert_time"": 0.000632098875939846, ""logging_time"": 0.0001226780004799366, ""total_train_step_time"": 1.148073764052242}",0.15386332152411342,0.012608061078935862
rollout_update,118144,1029.176125822532,11.710478755407319,205791.82180177668,0.062185663264244795,"{""policy_inference_time"": 0.007943347096443176, ""env_step_time"": 0.051899807062000036, ""replay_insert_time"": 0.0016165259294211864, ""logging_time"": 0.0002044709399342537, ""total_train_step_time"": 0.062185663264244795}",0.15386332152411342,0.012608061078935862
rollout_update,118208,898.8898715288625,11.708969381643625,205791.82180177668,0.0711989332921803,"{""policy_inference_time"": 0.011968330945819616, ""env_step_time"": 0.058146588038653135, ""replay_insert_time"": 0.0006740461103618145, ""logging_time"": 0.0001270282082259655, ""total_train_step_time"": 0.0711989332921803}",0.15386332152411342,0.012608061078935862
rollout_update,118272,1314.9422198565499,11.707937802934984,205791.82180177668,0.048671340104192495,"{""policy_inference_time"": 0.008199259173125029, ""env_step_time"": 0.03947087097913027, ""replay_insert_time"": 0.0006273193284869194, ""logging_time"": 0.0001207827590405941, ""total_train_step_time"": 0.048671340104192495}",0.15386332152411342,0.012608061078935862
rollout_update,118336,57.26359529495819,11.709590292581268,205762.5054000963,1.1176385218277574,"{""policy_inference_time"": 0.00801754742860794, ""env_step_time"": 0.03965513687580824, ""replay_insert_time"": 0.0008233222179114819, ""logging_time"": 0.0001224009320139885, ""total_train_step_time"": 1.1176385218277574}",0.15420232573524117,0.012241135351359844
rollout_update,118400,1215.0479304165467,11.70847620427787,205762.5054000963,0.05267281923443079,"{""policy_inference_time"": 0.008090705145150423, ""env_step_time"": 0.04248705506324768, ""replay_insert_time"": 0.0013880105689167976, ""logging_time"": 0.00033240579068660736, ""total_train_step_time"": 0.05267281923443079}",0.15420232573524117,0.012241135351359844
rollout_update,118464,1323.7952198800726,11.707453822807201,205762.5054000963,0.0483458461239934,"{""policy_inference_time"": 0.008294946048408747, ""env_step_time"": 0.03884215001016855, ""replay_insert_time"": 0.0006493679247796535, ""logging_time"": 0.00012103002518415451, ""total_train_step_time"": 0.0483458461239934}",0.15420232573524117,0.012241135351359844
rollout_update,118528,1359.0323603257305,11.706458121405223,205762.5054000963,0.04709232971072197,"{""policy_inference_time"": 0.007756206206977367, ""env_step_time"": 0.03832062100991607, ""replay_insert_time"": 0.0006333510391414165, ""logging_time"": 0.00012365123257040977, ""total_train_step_time"": 0.04709232971072197}",0.15420232573524117,0.012241135351359844
rollout_update,118592,57.56584739299706,11.708233655259182,205737.4428087011,1.1117703099735081,"{""policy_inference_time"": 0.007818515878170729, ""env_step_time"": 0.03900253912433982, ""replay_insert_time"": 0.0006728172302246094, ""logging_time"": 0.0001230877824127674, ""total_train_step_time"": 1.1117703099735081}",0.1522126579657197,0.01228734664618969
rollout_update,118656,1259.9971988318132,11.707161870980869,205737.4428087011,0.05079376371577382,"{""policy_inference_time"": 0.00796658219769597, ""env_step_time"": 0.04141220776364207, ""replay_insert_time"": 0.0010181306861341, ""logging_time"": 0.00012952694669365883, ""total_train_step_time"": 0.05079376371577382}",0.1522126579657197,0.01228734664618969
rollout_update,118720,1440.553735631431,11.706224583168794,205737.4428087011,0.0444273604080081,"{""policy_inference_time"": 0.007275153882801533, ""env_step_time"": 0.03612458985298872, ""replay_insert_time"": 0.0006317188963294029, ""logging_time"": 0.0001246337778866291, ""total_train_step_time"": 0.0444273604080081}",0.1522126579657197,0.01228734664618969
rollout_update,118784,1420.1784012676635,11.70527400137881,205737.4428087011,0.04506476083770394,"{""policy_inference_time"": 0.007068609818816185, ""env_step_time"": 0.03702191822230816, ""replay_insert_time"": 0.0006007002666592598, ""logging_time"": 0.0001188088208436966, ""total_train_step_time"": 0.04506476083770394}",0.1522126579657197,0.01228734664618969
rollout_update,118848,61.08623543918444,11.708396948811842,205751.1565214993,1.047699199989438,"{""policy_inference_time"": 0.006969311740249395, ""env_step_time"": 0.037680141627788544, ""replay_insert_time"": 0.0006148503161966801, ""logging_time"": 0.00012026401236653328, ""total_train_step_time"": 1.047699199989438}",0.14201279124245048,0.011230003088712692
rollout_update,118912,1223.5581015760374,11.707295591067213,205751.1565214993,0.052306465804576874,"{""policy_inference_time"": 0.01142624905332923, ""env_step_time"": 0.03942536097019911, ""replay_insert_time"": 0.0010473919101059437, ""logging_time"": 0.00013048620894551277, ""total_train_step_time"": 0.052306465804576874}",0.14201279124245048,0.011230003088712692
rollout_update,118976,1353.2895048783682,11.706299991945546,205751.1565214993,0.047292171977460384,"{""policy_inference_time"": 0.0075005413964390755, ""env_step_time"": 0.03877305891364813, ""replay_insert_time"": 0.0006352700293064117, ""logging_time"": 0.00012188265100121498, ""total_train_step_time"": 0.047292171977460384}",0.14201279124245048,0.011230003088712692
rollout_update,119040,1360.5093058644306,11.705309844133273,205751.1565214993,0.04704120708629489,"{""policy_inference_time"": 0.007232635281980038, ""env_step_time"": 0.03877642611041665, ""replay_insert_time"": 0.0006447429768741131, ""logging_time"": 0.00012576580047607422, ""total_train_step_time"": 0.04704120708629489}",0.14201279124245048,0.011230003088712692
rollout_update,119104,60.95547599353613,11.708378804621272,205746.9582988962,1.0499466857872903,"{""policy_inference_time"": 0.007122262846678495, ""env_step_time"": 0.03829088620841503, ""replay_insert_time"": 0.0006078421138226986, ""logging_time"": 0.00011855131015181541, ""total_train_step_time"": 1.0499466857872903}",0.14223687164485455,0.011119671165943146
rollout_update,119168,1324.237636176197,11.707363360669014,205746.9582988962,0.04832969419658184,"{""policy_inference_time"": 0.00735528813675046, ""env_step_time"": 0.03958302875980735, ""replay_insert_time"": 0.001001665834337473, ""logging_time"": 0.00012366194278001785, ""total_train_step_time"": 0.04832969419658184}",0.14223687164485455,0.011119671165943146
rollout_update,119232,1369.9836535902173,11.706381991464646,205746.9582988962,0.04671588586643338,"{""policy_inference_time"": 0.0071928249672055244, ""env_step_time"": 0.03850997285917401, ""replay_insert_time"": 0.0006320797838270664, ""logging_time"": 0.00012137368321418762, ""total_train_step_time"": 0.04671588586643338}",0.14223687164485455,0.011119671165943146
rollout_update,119296,1302.345722850495,11.705349831944115,205746.9582988962,0.04914209712296724,"{""policy_inference_time"": 0.007072083186358213, ""env_step_time"": 0.0410322779789567, ""replay_insert_time"": 0.0006465800106525421, ""logging_time"": 0.00012677814811468124, ""total_train_step_time"": 0.04914209712296724}",0.14223687164485455,0.011119671165943146
rollout_update,119360,60.90243155438703,11.708392979869902,205755.13813839125,1.0508611621335149,"{""policy_inference_time"": 0.007655725814402103, ""env_step_time"": 0.03766873199492693, ""replay_insert_time"": 0.0006486969068646431, ""logging_time"": 0.00012456998229026794, ""total_train_step_time"": 1.0508611621335149}",0.14331069076433778,0.011159045156091452
rollout_update,119424,1403.5657077283772,11.707436972086995,205755.13813839125,0.04559815023094416,"{""policy_inference_time"": 0.007078459952026606, ""env_step_time"": 0.03713115490972996, ""replay_insert_time"": 0.000997541006654501, ""logging_time"": 0.00012350920587778091, ""total_train_step_time"": 0.04559815023094416}",0.14331069076433778,0.011159045156091452
rollout_update,119488,1443.4711632144033,11.70650754329239,205755.13813839125,0.044337567407637835,"{""policy_inference_time"": 0.0072051300667226315, ""env_step_time"": 0.03609496168792248, ""replay_insert_time"": 0.0006561190821230412, ""logging_time"": 0.00012032687664031982, ""total_train_step_time"": 0.044337567407637835}",0.14331069076433778,0.011159045156091452
rollout_update,119552,1405.4197409639535,11.70555310402849,205755.13813839125,0.04553799703717232,"{""policy_inference_time"": 0.007231307215988636, ""env_step_time"": 0.037309212144464254, ""replay_insert_time"": 0.0006236839108169079, ""logging_time"": 0.00011912500485777855, ""total_train_step_time"": 0.04553799703717232}",0.14331069076433778,0.011159045156091452
rollout_update,119616,61.15902092310759,11.708681667826571,205750.26445989762,1.046452330891043,"{""policy_inference_time"": 0.007124790921807289, ""env_step_time"": 0.03716596309095621, ""replay_insert_time"": 0.0006186557002365589, ""logging_time"": 0.0001185326837003231, ""total_train_step_time"": 1.046452330891043}",0.14284551423043013,0.011051257140934467
rollout_update,119680,1383.0769035357196,11.707713524085564,205750.26445989762,0.046273638028651476,"{""policy_inference_time"": 0.007178877014666796, ""env_step_time"": 0.03771449625492096, ""replay_insert_time"": 0.0009937798604369164, ""logging_time"": 0.00012157484889030457, ""total_train_step_time"": 0.046273638028651476}",0.14284551423043013,0.011051257140934467
rollout_update,119744,1439.8748559865364,11.706783720921976,205750.26445989762,0.04444830724969506,"{""policy_inference_time"": 0.007108704186975956, ""env_step_time"": 0.036333576310426, ""replay_insert_time"": 0.0006311628967523575, ""logging_time"": 0.00011915387585759163, ""total_train_step_time"": 0.04444830724969506}",0.14284551423043013,0.011051257140934467
rollout_update,119808,1250.8462408940154,11.705713588194321,205750.26445989762,0.0511653614230454,"{""policy_inference_time"": 0.007047514896839857, ""env_step_time"": 0.04308705311268568, ""replay_insert_time"": 0.0006481939926743507, ""logging_time"": 0.00012532714754343033, ""total_train_step_time"": 0.0511653614230454}",0.14284551423043013,0.011051257140934467
rollout_update,119872,61.76786757787686,11.709050599716086,205764.82574108997,1.0361374369822443,"{""policy_inference_time"": 0.0073667000979185104, ""env_step_time"": 0.036235964857041836, ""replay_insert_time"": 0.0006303847767412663, ""logging_time"": 0.0001248619519174099, ""total_train_step_time"": 1.0361374369822443}",0.142730881460011,0.011137837078422308
rollout_update,119936,1373.5604261755518,11.708077766015368,205764.82574108997,0.046594236977398396,"{""policy_inference_time"": 0.007046516053378582, ""env_step_time"": 0.03818892501294613, ""replay_insert_time"": 0.0009669661521911621, ""logging_time"": 0.00012414995580911636, ""total_train_step_time"": 0.046594236977398396}",0.142730881460011,0.011137837078422308
rollout_update,120000,1355.373455388614,11.707092043331127,205764.82574108997,0.047219458036124706,"{""policy_inference_time"": 0.007035641930997372, ""env_step_time"": 0.039171875920146704, ""replay_insert_time"": 0.0006339638493955135, ""logging_time"": 0.00012083025649189949, ""total_train_step_time"": 0.047219458036124706}",0.142730881460011,0.011137837078422308
rollout_update,120064,1350.3064279879704,11.706102788621276,205764.82574108997,0.04739664914086461,"{""policy_inference_time"": 0.007141818758100271, ""env_step_time"": 0.0392207563854754, ""replay_insert_time"": 0.0006514848209917545, ""logging_time"": 0.00012079160660505295, ""total_train_step_time"": 0.04739664914086461}",0.142730881460011,0.011137837078422308
rollout_update,120128,60.68873355906882,11.709048192664492,205775.26673855938,1.0545614687725902,"{""policy_inference_time"": 0.007548504043370485, ""env_step_time"": 0.04212171072140336, ""replay_insert_time"": 0.0006426260806620121, ""logging_time"": 0.00012165401130914688, ""total_train_step_time"": 1.0545614687725902}",0.14446141477674246,0.011067776009440422
rollout_update,120192,1237.4872373882893,11.707970694418263,205775.26673855938,0.051717705093324184,"{""policy_inference_time"": 0.007096511777490377, ""env_step_time"": 0.04324476420879364, ""replay_insert_time"": 0.0009893830865621567, ""logging_time"": 0.00012289080768823624, ""total_train_step_time"": 0.051717705093324184}",0.14446141477674246,0.011067776009440422
rollout_update,120256,1285.100543351828,11.706933305166471,205775.26673855938,0.049801550805568695,"{""policy_inference_time"": 0.007788429036736488, ""env_step_time"": 0.04100800538435578, ""replay_insert_time"": 0.0006292699836194515, ""logging_time"": 0.00012041116133332253, ""total_train_step_time"": 0.049801550805568695}",0.14446141477674246,0.011067776009440422
rollout_update,120320,390.574230425364,11.703521296005476,205775.26673855938,0.16386129707098007,"{""policy_inference_time"": 0.007106048986315727, ""env_step_time"": 0.15572608401998878, ""replay_insert_time"": 0.0006453860551118851, ""logging_time"": 0.0001230929046869278, ""total_train_step_time"": 0.16386129707098007}",0.14446141477674246,0.011067776009440422
rollout_update,120384,61.71295484934757,11.706828383082803,205788.95927747578,1.0370594011619687,"{""policy_inference_time"": 0.00865133386105299, ""env_step_time"": 0.03459566319361329, ""replay_insert_time"": 0.000627666711807251, ""logging_time"": 0.00011960417032241821, ""total_train_step_time"": 1.0370594011619687}",0.1423360500484705,0.011211872100830078
rollout_update,120448,1474.438408074148,11.705926293987762,205788.95927747578,0.0434063570573926,"{""policy_inference_time"": 0.007056849077343941, ""env_step_time"": 0.03498028265312314, ""replay_insert_time"": 0.0009767129085958004, ""logging_time"": 0.00012695929035544395, ""total_train_step_time"": 0.0434063570573926}",0.1423360500484705,0.011211872100830078
rollout_update,120512,1533.7171487342791,11.705059202031272,205788.95927747578,0.04172868514433503,"{""policy_inference_time"": 0.007050654850900173, ""env_step_time"": 0.033664410933852196, ""replay_insert_time"": 0.0006345906294882298, ""logging_time"": 0.00011933175846934319, ""total_train_step_time"": 0.04172868514433503}",0.1423360500484705,0.011211872100830078
rollout_update,120576,1532.0401080988265,11.70419128957407,205788.95927747578,0.04177436325699091,"{""policy_inference_time"": 0.007242927327752113, ""env_step_time"": 0.03352010389789939, ""replay_insert_time"": 0.0006307251751422882, ""logging_time"": 0.00012217089533805847, ""total_train_step_time"": 0.04177436325699091}",0.1423360500484705,0.011211872100830078
rollout_update,120640,60.814764602034955,11.707172631884308,205795.98516573917,1.0523760211654007,"{""policy_inference_time"": 0.00708630820736289, ""env_step_time"": 0.03355071786791086, ""replay_insert_time"": 0.0006137648597359657, ""logging_time"": 0.00012228498235344887, ""total_train_step_time"": 1.0523760211654007}",0.14550059102475643,0.01118961675092578
rollout_update,120704,406.7301998596983,11.703909861509478,205795.98516573917,0.15735246613621712,"{""policy_inference_time"": 0.007105078082531691, ""env_step_time"": 0.14879074599593878, ""replay_insert_time"": 0.0010604681447148323, ""logging_time"": 0.0001268833875656128, ""total_train_step_time"": 0.15735246613621712}",0.14550059102475643,0.01118961675092578
rollout_update,120768,408.54340158085387,11.70066337806447,205795.98516573917,0.1566541027277708,"{""policy_inference_time"": 0.0086189447902143, ""env_step_time"": 0.1469976371154189, ""replay_insert_time"": 0.0006494112312793732, ""logging_time"": 0.00012155994772911072, ""total_train_step_time"": 0.1566541027277708}",0.14550059102475643,0.01118961675092578
rollout_update,120832,1347.5996445894584,11.699679517615076,205795.98516573917,0.04749184986576438,"{""policy_inference_time"": 0.008588582277297974, ""env_step_time"": 0.037891491781920195, ""replay_insert_time"": 0.0006293011829257011, ""logging_time"": 0.00012214761227369308, ""total_train_step_time"": 0.04749184986576438}",0.14550059102475643,0.01118961675092578
rollout_update,120896,49.65593196297899,11.697772833156426,205749.64249595982,1.2888691737316549,"{""policy_inference_time"": 0.007101863622665405, ""env_step_time"": 0.152780890930444, ""replay_insert_time"": 0.0006574597209692001, ""logging_time"": 0.00012605078518390656, ""total_train_step_time"": 1.2888691737316549}",0.15356232039630413,0.017209427896887064
rollout_update,120960,399.2169579522728,11.694461024700757,205749.64249595982,0.1603138311766088,"{""policy_inference_time"": 0.008618964813649654, ""env_step_time"": 0.15019088704138994, ""replay_insert_time"": 0.001088618766516447, ""logging_time"": 0.0001301569864153862, ""total_train_step_time"": 0.1603138311766088}",0.15356232039630413,0.017209427896887064
rollout_update,121024,1463.039626480925,11.693557663194117,205749.64249595982,0.043744543101638556,"{""policy_inference_time"": 0.008671635761857033, ""env_step_time"": 0.034052714705467224, ""replay_insert_time"": 0.0006315163336694241, ""logging_time"": 0.00012112082913517952, ""total_train_step_time"": 0.043744543101638556}",0.15356232039630413,0.017209427896887064
rollout_update,121088,414.82875054844345,11.690372754621103,205749.64249595982,0.15428053122013807,"{""policy_inference_time"": 0.007179641164839268, ""env_step_time"": 0.14605988003313541, ""replay_insert_time"": 0.0006559020839631557, ""logging_time"": 0.00012419791892170906, ""total_train_step_time"": 0.15428053122013807}",0.15356232039630413,0.017209427896887064
rollout_update,121152,55.38991833931203,11.691240292109947,205763.82601004062,1.1554449242539704,"{""policy_inference_time"": 0.008634311612695456, ""env_step_time"": 0.15144767193123698, ""replay_insert_time"": 0.000647915992885828, ""logging_time"": 0.00012543238699436188, ""total_train_step_time"": 1.1554449242539704}",0.14084392180666327,0.011251273099333048
rollout_update,121216,392.87960740211514,11.687885924464776,205763.82601004062,0.1628997758962214,"{""policy_inference_time"": 0.008115956094115973, ""env_step_time"": 0.15332173882052302, ""replay_insert_time"": 0.0010639289394021034, ""logging_time"": 0.00012930668890476227, ""total_train_step_time"": 0.1628997758962214}",0.14084392180666327,0.011251273099333048
rollout_update,121280,1470.849350072591,11.686990262668639,205763.82601004062,0.04351227404549718,"{""policy_inference_time"": 0.008672920055687428, ""env_step_time"": 0.0338173802010715, ""replay_insert_time"": 0.0006386903114616871, ""logging_time"": 0.00011993013322353363, ""total_train_step_time"": 0.04351227404549718}",0.14084392180666327,0.011251273099333048
rollout_update,121344,1546.8588343368765,11.686138739174723,205763.82601004062,0.04137416975572705,"{""policy_inference_time"": 0.007265435066074133, ""env_step_time"": 0.03311183489859104, ""replay_insert_time"": 0.000619690865278244, ""logging_time"": 0.00012132711708545685, ""total_train_step_time"": 0.04137416975572705}",0.14084392180666327,0.011251273099333048
rollout_update,121408,61.42540671105432,11.689345041739452,205777.62869167683,1.0419141431339085,"{""policy_inference_time"": 0.007154627237468958, ""env_step_time"": 0.032976949121803045, ""replay_insert_time"": 0.0006296639330685139, ""logging_time"": 0.00011980487033724785, ""total_train_step_time"": 1.0419141431339085}",0.14239556062966585,0.011282159015536308
rollout_update,121472,1394.748893531209,11.688402267665253,205777.62869167683,0.04588639596477151,"{""policy_inference_time"": 0.007117486093193293, ""env_step_time"": 0.037365725729614496, ""replay_insert_time"": 0.001002976205199957, ""logging_time"": 0.00012905988842248917, ""total_train_step_time"": 0.04588639596477151}",0.14239556062966585,0.011282159015536308
rollout_update,121536,372.1836001312141,11.684870597364265,205777.62869167683,0.17195814102888107,"{""policy_inference_time"": 0.008026331197470427, ""env_step_time"": 0.16277662897482514, ""replay_insert_time"": 0.0007595778442919254, ""logging_time"": 0.0001276242546737194, ""total_train_step_time"": 0.17195814102888107}",0.14239556062966585,0.011282159015536308
rollout_update,121600,1335.353856523336,11.683886646966021,205777.62869167683,0.047927371226251125,"{""policy_inference_time"": 0.00968025904148817, ""env_step_time"": 0.03693836508318782, ""replay_insert_time"": 0.0007979869842529297, ""logging_time"": 0.00016258982941508293, ""total_train_step_time"": 0.047927371226251125}",0.14239556062966585,0.011282159015536308
rollout_update,121664,59.20067324290131,11.686287237001215,205769.81814107462,1.081068786792457,"{""policy_inference_time"": 0.00784994475543499, ""env_step_time"": 0.036621503066271544, ""replay_insert_time"": 0.0008288579992949963, ""logging_time"": 0.00012791110202670097, ""total_train_step_time"": 1.081068786792457}",0.14691127929836512,0.011646157130599022
rollout_update,121728,1415.8680840166282,11.685360959997142,205769.81814107462,0.045201951172202826,"{""policy_inference_time"": 0.007439039181917906, ""env_step_time"": 0.036217676009982824, ""replay_insert_time"": 0.0011178129352629185, ""logging_time"": 0.00013109901919960976, ""total_train_step_time"": 0.045201951172202826}",0.14691127929836512,0.011646157130599022
rollout_update,121792,1466.4313914649201,11.684466760818857,205769.81814107462,0.04364336468279362,"{""policy_inference_time"": 0.007417683955281973, ""env_step_time"": 0.0351594528183341, ""replay_insert_time"": 0.0006305789574980736, ""logging_time"": 0.00012960098683834076, ""total_train_step_time"": 0.04364336468279362}",0.14691127929836512,0.011646157130599022
rollout_update,121856,1476.9330717373798,11.68357905519933,205769.81814107462,0.043333040084689856,"{""policy_inference_time"": 0.007459321990609169, ""env_step_time"": 0.034881641156971455, ""replay_insert_time"": 0.000612759031355381, ""logging_time"": 0.00012271618470549583, ""total_train_step_time"": 0.043333040084689856}",0.14691127929836512,0.011646157130599022
rollout_update,121920,59.312567704000124,11.686016836633904,205764.78019817884,1.0790293267928064,"{""policy_inference_time"": 0.007455150131136179, ""env_step_time"": 0.03504672320559621, ""replay_insert_time"": 0.000637745950371027, ""logging_time"": 0.00012191478163003922, ""total_train_step_time"": 1.0790293267928064}",0.14649597089737654,0.011626302264630795
rollout_update,121984,391.84756270186085,11.682677768235921,205764.78019817884,0.1633288199082017,"{""policy_inference_time"": 0.007295769173651934, ""env_step_time"": 0.15456542326137424, ""replay_insert_time"": 0.0010665608569979668, ""logging_time"": 0.00012920424342155457, ""total_train_step_time"": 0.1633288199082017}",0.14649597089737654,0.011626302264630795
rollout_update,122048,1401.9750767246496,11.681744850433608,205764.78019817884,0.04564988426864147,"{""policy_inference_time"": 0.009125148877501488, ""env_step_time"": 0.035403106827288866, ""replay_insert_time"": 0.0007075909525156021, ""logging_time"": 0.0001231110654771328, ""total_train_step_time"": 0.04564988426864147}",0.14649597089737654,0.011626302264630795
rollout_update,122112,1481.24197601857,11.680861993854691,205764.78019817884,0.04320698510855436,"{""policy_inference_time"": 0.007483219727873802, ""env_step_time"": 0.03460915293544531, ""replay_insert_time"": 0.0007131621241569519, ""logging_time"": 0.0001266258768737316, ""total_train_step_time"": 0.04320698510855436}",0.14649597089737654,0.011626302264630795
rollout_update,122176,59.59193716268892,11.683402410010201,205759.3099610363,1.0739707928150892,"{""policy_inference_time"": 0.0074941120110452175, ""env_step_time"": 0.03437000000849366, ""replay_insert_time"": 0.0006508468650281429, ""logging_time"": 0.0001247292384505272, ""total_train_step_time"": 1.0739707928150892}",0.1479980587027967,0.011497477069497108
rollout_update,122240,1419.1742021408277,11.682482611265888,205759.3099610363,0.0450966483913362,"{""policy_inference_time"": 0.007501258980482817, ""env_step_time"": 0.03616352705284953, ""replay_insert_time"": 0.0010397029109299183, ""logging_time"": 0.00012426963075995445, ""total_train_step_time"": 0.0450966483913362}",0.1479980587027967,0.011497477069497108
rollout_update,122304,1444.1334241079253,11.681578850653473,205759.3099610363,0.04431723477318883,"{""policy_inference_time"": 0.007747726049274206, ""env_step_time"": 0.03555947821587324, ""replay_insert_time"": 0.0006303046829998493, ""logging_time"": 0.00011935504153370857, ""total_train_step_time"": 0.04431723477318883}",0.1479980587027967,0.011497477069497108
rollout_update,122368,1466.1628081012213,11.680688805905987,205759.3099610363,0.043651359621435404,"{""policy_inference_time"": 0.007407997734844685, ""env_step_time"": 0.03511588089168072, ""replay_insert_time"": 0.0006981170736253262, ""logging_time"": 0.00012450385838747025, ""total_train_step_time"": 0.043651359621435404}",0.1479980587027967,0.011497477069497108
rollout_update,122432,53.21855522687904,11.680606841190766,205753.1572995706,1.2025880771689117,"{""policy_inference_time"": 0.0073690409772098064, ""env_step_time"": 0.15416710497811437, ""replay_insert_time"": 0.0006736479699611664, ""logging_time"": 0.00012268777936697006, ""total_train_step_time"": 1.2025880771689117}",0.14667006256058812,0.011418506968766451
rollout_update,122496,1390.6075649769216,11.679670556685005,205753.1572995706,0.04602304892614484,"{""policy_inference_time"": 0.008636374957859516, ""env_step_time"": 0.035997129045426846, ""replay_insert_time"": 0.0010012811981141567, ""logging_time"": 0.0001249411143362522, ""total_train_step_time"": 0.04602304892614484}",0.14667006256058812,0.011418506968766451
rollout_update,122560,1398.7312490145378,11.678739858804098,205753.1572995706,0.0457557518966496,"{""policy_inference_time"": 0.008018857799470425, ""env_step_time"": 0.036617242731153965, ""replay_insert_time"": 0.0007252250798046589, ""logging_time"": 0.00012945476919412613, ""total_train_step_time"": 0.0457557518966496}",0.14667006256058812,0.011418506968766451
rollout_update,122624,1418.6908374448997,11.67782240012834,205753.1572995706,0.04511201335117221,"{""policy_inference_time"": 0.007973920088261366, ""env_step_time"": 0.036135250236839056, ""replay_insert_time"": 0.0006247148849070072, ""logging_time"": 0.00012334715574979782, ""total_train_step_time"": 0.04511201335117221}",0.14667006256058812,0.011418506968766451
rollout_update,122688,57.714790663759125,11.679648125274593,205728.73008145398,1.108901189174503,"{""policy_inference_time"": 0.007955658249557018, ""env_step_time"": 0.03613221412524581, ""replay_insert_time"": 0.000749991275370121, ""logging_time"": 0.00021317508071660995, ""total_train_step_time"": 1.108901189174503}",0.15105231571942568,0.011929161846637726
rollout_update,122752,1356.763079336644,11.67869064332042,205728.73008145398,0.04717109492048621,"{""policy_inference_time"": 0.007809929084032774, ""env_step_time"": 0.037756308913230896, ""replay_insert_time"": 0.0011440240778028965, ""logging_time"": 0.00012903381139039993, ""total_train_step_time"": 0.04717109492048621}",0.15105231571942568,0.011929161846637726
rollout_update,122816,1416.8765036334953,11.677773931311417,205728.73008145398,0.045169780030846596,"{""policy_inference_time"": 0.008021327201277018, ""env_step_time"": 0.036150652915239334, ""replay_insert_time"": 0.0006232699379324913, ""logging_time"": 0.00012016808614134789, ""total_train_step_time"": 0.045169780030846596}",0.15105231571942568,0.011929161846637726
rollout_update,122880,1408.2811442404213,11.676851769428028,205728.73008145398,0.045445471070706844,"{""policy_inference_time"": 0.007996337953954935, ""env_step_time"": 0.03635029913857579, ""replay_insert_time"": 0.000708186998963356, ""logging_time"": 0.00012221792712807655, ""total_train_step_time"": 0.045445471070706844}",0.15105231571942568,0.011929161846637726
rollout_update,122944,56.95533986693826,11.67837593854781,205700.5361904545,1.1236874391324818,"{""policy_inference_time"": 0.00790078192949295, ""env_step_time"": 0.037590696942061186, ""replay_insert_time"": 0.0006734929047524929, ""logging_time"": 0.0001291581429541111, ""total_train_step_time"": 1.1236874391324818}",0.15327348420396447,0.012430440168827772
rollout_update,123008,1383.2864875865348,11.677438970491202,205700.5361904545,0.04626662703230977,"{""policy_inference_time"": 0.007760825101286173, ""env_step_time"": 0.03707679687067866, ""replay_insert_time"": 0.0010335054248571396, ""logging_time"": 0.0001273779198527336, ""total_train_step_time"": 0.04626662703230977}",0.15327348420396447,0.012430440168827772
rollout_update,123072,1393.891936791996,11.67650927999556,205700.5361904545,0.04591460665687919,"{""policy_inference_time"": 0.00794620020315051, ""env_step_time"": 0.03658544598147273, ""replay_insert_time"": 0.0008395779877901077, ""logging_time"": 0.0001992299221456051, ""total_train_step_time"": 0.04591460665687919}",0.15327348420396447,0.012430440168827772
rollout_update,123136,1462.4051801884384,11.675623283002617,205700.5361904545,0.04376352112740278,"{""policy_inference_time"": 0.007460482884198427, ""env_step_time"": 0.03513291897252202, ""replay_insert_time"": 0.0006047561764717102, ""logging_time"": 0.0001182318665087223, ""total_train_step_time"": 0.04376352112740278}",0.15327348420396447,0.012430440168827772
rollout_update,123200,54.397585522933994,11.676078980439925,205638.63328983865,1.1765228067524731,"{""policy_inference_time"": 0.007721965201199055, ""env_step_time"": 0.036179864313453436, ""replay_insert_time"": 0.0008282531052827835, ""logging_time"": 0.00018372992053627968, ""total_train_step_time"": 1.1765228067524731}",0.16175971878692508,0.01382360840216279
rollout_update,123264,1245.2557760433924,11.675040730861115,205638.63328983865,0.05139506375417113,"{""policy_inference_time"": 0.009807120077311993, ""env_step_time"": 0.040218994952738285, ""replay_insert_time"": 0.0009809299372136593, ""logging_time"": 0.00012332992628216743, ""total_train_step_time"": 0.05139506375417113}",0.16175971878692508,0.01382360840216279
rollout_update,123328,1136.8480458670726,11.673903687594324,205638.63328983865,0.05629600211977959,"{""policy_inference_time"": 0.012719394639134407, ""env_step_time"": 0.0421934500336647, ""replay_insert_time"": 0.0008514411747455597, ""logging_time"": 0.00013439776375889778, ""total_train_step_time"": 0.05629600211977959}",0.16175971878692508,0.01382360840216279
rollout_update,123392,1318.2841774633498,11.672923314014517,205638.63328983865,0.04854795429855585,"{""policy_inference_time"": 0.008893057238310575, ""env_step_time"": 0.03837143210694194, ""replay_insert_time"": 0.00085405632853508, ""logging_time"": 0.0001620762050151825, ""total_train_step_time"": 0.04854795429855585}",0.16175971878692508,0.01382360840216279
rollout_update,123456,56.32499989776058,11.674194823920576,205596.9108973017,1.136262762825936,"{""policy_inference_time"": 0.008205607999116182, ""env_step_time"": 0.04197512939572334, ""replay_insert_time"": 0.0006890799850225449, ""logging_time"": 0.0001229490153491497, ""total_train_step_time"": 1.136262762825936}",0.15488409204408526,0.011968974955379963
rollout_update,123520,1343.7677682546898,11.6732349841242,205596.9108973017,0.047627277206629515,"{""policy_inference_time"": 0.007912769448012114, ""env_step_time"": 0.03814585320651531, ""replay_insert_time"": 0.0011697192676365376, ""logging_time"": 0.00013170484453439713, ""total_train_step_time"": 0.047627277206629515}",0.15488409204408526,0.011968974955379963
rollout_update,123584,1403.3638908208889,11.672316053391398,205596.9108973017,0.045604707673192024,"{""policy_inference_time"": 0.00792292458936572, ""env_step_time"": 0.0366713865660131, ""replay_insert_time"": 0.0006307312287390232, ""logging_time"": 0.00012069009244441986, ""total_train_step_time"": 0.045604707673192024}",0.15488409204408526,0.011968974955379963
rollout_update,123648,1447.0501937460613,11.671425003269217,205596.9108973017,0.04422790603712201,"{""policy_inference_time"": 0.007926901336759329, ""env_step_time"": 0.03529686667025089, ""replay_insert_time"": 0.0006234762258827686, ""logging_time"": 0.00012087402865290642, ""total_train_step_time"": 0.04422790603712201}",0.15488409204408526,0.011968974955379963
rollout_update,123712,61.637576474342275,11.674666268107355,205610.86471604762,1.0383276510983706,"{""policy_inference_time"": 0.007099802140146494, ""env_step_time"": 0.03384263115003705, ""replay_insert_time"": 0.0006377152167260647, ""logging_time"": 0.00012254389002919197, ""total_train_step_time"": 1.0383276510983706}",0.14287291886284947,0.0110817258246243
rollout_update,123776,1472.2830795143254,11.673791945557895,205610.86471604762,0.04346990119665861,"{""policy_inference_time"": 0.007129451259970665, ""env_step_time"": 0.034972572699189186, ""replay_insert_time"": 0.0009796959348022938, ""logging_time"": 0.00012489594519138336, ""total_train_step_time"": 0.04346990119665861}",0.14287291886284947,0.0110817258246243
rollout_update,123840,1509.500534957488,11.672939305992207,205610.86471604762,0.04239813005551696,"{""policy_inference_time"": 0.007375557906925678, ""env_step_time"": 0.03402612963691354, ""replay_insert_time"": 0.0006246268749237061, ""logging_time"": 0.00011776294559240341, ""total_train_step_time"": 0.04239813005551696}",0.14287291886284947,0.0110817258246243
rollout_update,123904,1530.601243567297,11.67209854280535,205610.86471604762,0.04181363387033343,"{""policy_inference_time"": 0.007085753139108419, ""env_step_time"": 0.03372933669015765, ""replay_insert_time"": 0.0006252359598875046, ""logging_time"": 0.00012042978778481483, ""total_train_step_time"": 0.04181363387033343}",0.14287291886284947,0.0110817258246243
rollout_update,123968,61.898607220516254,11.67542001229823,205626.2875529984,1.0339489509351552,"{""policy_inference_time"": 0.007018547039479017, ""env_step_time"": 0.03357643261551857, ""replay_insert_time"": 0.0006302483379840851, ""logging_time"": 0.0001237061806023121, ""total_train_step_time"": 1.0339489509351552}",0.14224462443962693,0.011037681251764297
rollout_update,124032,1462.4033129220256,11.674541484752572,205626.2875529984,0.04376357700675726,"{""policy_inference_time"": 0.007188843097537756, ""env_step_time"": 0.03518678620457649, ""replay_insert_time"": 0.0009966669604182243, ""logging_time"": 0.0001255059614777565, ""total_train_step_time"": 0.04376357700675726}",0.14224462443962693,0.011037681251764297
rollout_update,124096,1508.9070103393963,11.673690159103172,205626.2875529984,0.0424148072488606,"{""policy_inference_time"": 0.007089523132890463, ""env_step_time"": 0.0343047259375453, ""replay_insert_time"": 0.000638927798718214, ""logging_time"": 0.00012321211397647858, ""total_train_step_time"": 0.0424148072488606}",0.14224462443962693,0.011037681251764297
rollout_update,124160,1520.6146024059308,11.67284551074369,205626.2875529984,0.042088245041668415,"{""policy_inference_time"": 0.007214407902210951, ""env_step_time"": 0.03386321710422635, ""replay_insert_time"": 0.0006259558722376823, ""logging_time"": 0.0001242128200829029, ""total_train_step_time"": 0.042088245041668415}",0.14224462443962693,0.011037681251764297
rollout_update,124224,61.24271428482474,11.675937157063126,205640.01425999755,1.0450222650542855,"{""policy_inference_time"": 0.007162753026932478, ""env_step_time"": 0.033777174074202776, ""replay_insert_time"": 0.0006233323365449905, ""logging_time"": 0.0001247897744178772, ""total_train_step_time"": 1.0450222650542855}",0.14320917474105954,0.01122439419850707
rollout_update,124288,1449.6479500615262,11.675052645082635,205640.01425999755,0.04414865002036095,"{""policy_inference_time"": 0.00723055936396122, ""env_step_time"": 0.035492993891239166, ""replay_insert_time"": 0.0010311179794371128, ""logging_time"": 0.00012504402548074722, ""total_train_step_time"": 0.04414865002036095}",0.14320917474105954,0.01122439419850707
rollout_update,124352,1512.6493788074888,11.674205098529118,205640.01425999755,0.042309870943427086,"{""policy_inference_time"": 0.007231331896036863, ""env_step_time"": 0.034049730747938156, ""replay_insert_time"": 0.0006446437910199165, ""logging_time"": 0.00012322934344410896, ""total_train_step_time"": 0.042309870943427086}",0.14320917474105954,0.01122439419850707
rollout_update,124416,1503.6089018700861,11.673352580243609,205640.01425999755,0.042564259842038155,"{""policy_inference_time"": 0.007171835284680128, ""env_step_time"": 0.03440419305115938, ""replay_insert_time"": 0.0006126388907432556, ""logging_time"": 0.00011852430179715157, ""total_train_step_time"": 0.042564259842038155}",0.14320917474105954,0.01122439419850707
rollout_update,124480,58.769589375659464,11.675557776803437,205635.82455557672,1.0889985905960202,"{""policy_inference_time"": 0.007184205576777458, ""env_step_time"": 0.03412956465035677, ""replay_insert_time"": 0.0006167092360556126, ""logging_time"": 0.00012105703353881836, ""total_train_step_time"": 1.0889985905960202}",0.14895642828196287,0.011138356290757656
rollout_update,124544,1189.72924366101,11.674482327086142,205635.82455557672,0.05379375210031867,"{""policy_inference_time"": 0.007120228372514248, ""env_step_time"": 0.045195011887699366, ""replay_insert_time"": 0.0010762601159512997, ""logging_time"": 0.00013216398656368256, ""total_train_step_time"": 0.05379375210031867}",0.14895642828196287,0.011138356290757656
rollout_update,124608,1433.4001984435872,11.673589848963106,205635.82455557672,0.04464907990768552,"{""policy_inference_time"": 0.007697986904531717, ""env_step_time"": 0.035950143821537495, ""replay_insert_time"": 0.0006212429143488407, ""logging_time"": 0.00012071337550878525, ""total_train_step_time"": 0.04464907990768552}",0.14895642828196287,0.011138356290757656
rollout_update,124672,1194.2069043514489,11.672518792388404,205635.82455557672,0.05359205324202776,"{""policy_inference_time"": 0.007086099125444889, ""env_step_time"": 0.04523030901327729, ""replay_insert_time"": 0.0008237608708441257, ""logging_time"": 0.00017926841974258423, ""total_train_step_time"": 0.05359205324202776}",0.14895642828196287,0.011138356290757656
rollout_update,124736,56.577304104275434,11.673879089060609,205588.8564018408,1.1311956448480487,"{""policy_inference_time"": 0.008424373809248209, ""env_step_time"": 0.037660505156964064, ""replay_insert_time"": 0.000605026725679636, ""logging_time"": 0.00011944025754928589, ""total_train_step_time"": 1.1311956448480487}",0.15255086869001389,0.011945341248065233
rollout_update,124800,1308.1666213776518,11.672903283854879,205588.8564018408,0.04892343143001199,"{""policy_inference_time"": 0.007891231682151556, ""env_step_time"": 0.039584155194461346, ""replay_insert_time"": 0.0010488498955965042, ""logging_time"": 0.00012745708227157593, ""total_train_step_time"": 0.04892343143001199}",0.15255086869001389,0.011945341248065233
rollout_update,124864,1346.3470377367373,11.671955307291958,205588.8564018408,0.04753603506833315,"{""policy_inference_time"": 0.008134388830512762, ""env_step_time"": 0.03833440877497196, ""replay_insert_time"": 0.0006829160265624523, ""logging_time"": 0.00012362608686089516, ""total_train_step_time"": 0.04753603506833315}",0.15255086869001389,0.011945341248065233
rollout_update,124928,1335.4511576542316,11.670999752085422,205588.8564018408,0.047923879232257605,"{""policy_inference_time"": 0.007857156917452812, ""env_step_time"": 0.03875814704224467, ""replay_insert_time"": 0.0008491859771311283, ""logging_time"": 0.0001207590103149414, ""total_train_step_time"": 0.047923879232257605}",0.15255086869001389,0.011945341248065233
rollout_update,124992,55.879523451323045,11.672078911574248,205529.58153751885,1.1453211489133537,"{""policy_inference_time"": 0.007619332987815142, ""env_step_time"": 0.0373917818069458, ""replay_insert_time"": 0.0006107660010457039, ""logging_time"": 0.000119796022772789, ""total_train_step_time"": 1.1453211489133537}",0.16044006031006575,0.012143474072217941
rollout_update,125056,1309.4276005926538,11.671106339423822,205529.58153751885,0.04887631814926863,"{""policy_inference_time"": 0.007844493724405766, ""env_step_time"": 0.039605672005563974, ""replay_insert_time"": 0.0010369252413511276, ""logging_time"": 0.00012385006994009018, ""total_train_step_time"": 0.04887631814926863}",0.16044006031006575,0.012143474072217941
rollout_update,125120,1355.4115234091432,11.670166916833608,205529.58153751885,0.047218131832778454,"{""policy_inference_time"": 0.007821689359843731, ""env_step_time"": 0.03816462168470025, ""replay_insert_time"": 0.0007691648788750172, ""logging_time"": 0.00016324501484632492, ""total_train_step_time"": 0.047218131832778454}",0.16044006031006575,0.012143474072217941
rollout_update,125184,1150.1855070869592,11.669060068459597,205529.58153751885,0.05564319808036089,"{""policy_inference_time"": 0.00800757110118866, ""env_step_time"": 0.04650620836764574, ""replay_insert_time"": 0.00063303392380476, ""logging_time"": 0.0002264748327434063, ""total_train_step_time"": 0.05564319808036089}",0.16044006031006575,0.012143474072217941
rollout_update,125248,56.87728391000396,11.670539520143473,205501.2327346317,1.1252295398153365,"{""policy_inference_time"": 0.012470911722630262, ""env_step_time"": 0.03849022928625345, ""replay_insert_time"": 0.000636046752333641, ""logging_time"": 0.00012071803212165833, ""total_train_step_time"": 1.1252295398153365}",0.15370131703093648,0.012611959129571915
rollout_update,125312,1299.8809808410613,11.669562062919754,205501.2327346317,0.049235276877880096,"{""policy_inference_time"": 0.008004419971257448, ""env_step_time"": 0.03977952804416418, ""replay_insert_time"": 0.0010520019568502903, ""logging_time"": 0.0001288512721657753, ""total_train_step_time"": 0.049235276877880096}",0.15370131703093648,0.012611959129571915
rollout_update,125376,1170.1603191612733,11.668476439501173,205501.2327346317,0.05469336034730077,"{""policy_inference_time"": 0.007904238067567348, ""env_step_time"": 0.04573426581919193, ""replay_insert_time"": 0.0006689359433948994, ""logging_time"": 0.00012478185817599297, ""total_train_step_time"": 0.05469336034730077}",0.15370131703093648,0.012611959129571915
rollout_update,125440,1453.162371651369,11.667602387062427,205501.2327346317,0.04404187807813287,"{""policy_inference_time"": 0.007462967187166214, ""env_step_time"": 0.03554630698636174, ""replay_insert_time"": 0.00064835324883461, ""logging_time"": 0.00012499280273914337, ""total_train_step_time"": 0.04404187807813287}",0.15370131703093648,0.012611959129571915
rollout_update,125504,61.33732304715314,11.6707024109791,205514.22782582688,1.0434103873558342,"{""policy_inference_time"": 0.00718750711530447, ""env_step_time"": 0.0355773470364511, ""replay_insert_time"": 0.0007395497523248196, ""logging_time"": 0.0001274128444492817, ""total_train_step_time"": 1.0434103873558342}",0.14207100681960583,0.011188967153429985
rollout_update,125568,1346.1728234805985,11.669760459431137,205514.22782582688,0.04754218691959977,"{""policy_inference_time"": 0.007605578750371933, ""env_step_time"": 0.03840603120625019, ""replay_insert_time"": 0.0011154590174555779, ""logging_time"": 0.00013759126886725426, ""total_train_step_time"": 0.04754218691959977}",0.14207100681960583,0.011188967153429985
rollout_update,125632,1461.3549582623361,11.668892885840185,205514.22782582688,0.043794972356408834,"{""policy_inference_time"": 0.007183179259300232, ""env_step_time"": 0.03560361312702298, ""replay_insert_time"": 0.0006185839883983135, ""logging_time"": 0.0001304210163652897, ""total_train_step_time"": 0.043794972356408834}",0.14207100681960583,0.011188967153429985
rollout_update,125696,1484.572726119598,11.668039006522998,205514.22782582688,0.04311004700139165,"{""policy_inference_time"": 0.006981034763157368, ""env_step_time"": 0.03514974331483245, ""replay_insert_time"": 0.0006096628494560719, ""logging_time"": 0.00011797575280070305, ""total_train_step_time"": 0.04311004700139165}",0.14207100681960583,0.011188967153429985
rollout_update,125760,61.98910595048576,11.671349033531188,205528.35703228804,1.0324394749477506,"{""policy_inference_time"": 0.00702801626175642, ""env_step_time"": 0.034845266956835985, ""replay_insert_time"": 0.0006066602654755116, ""logging_time"": 0.00012104911729693413, ""total_train_step_time"": 1.0324394749477506}",0.14088954916223884,0.011131756007671356
rollout_update,125824,1420.3373044864047,11.670457978969418,205528.35703228804,0.04505971912294626,"{""policy_inference_time"": 0.0072021461091935635, ""env_step_time"": 0.036460939794778824, ""replay_insert_time"": 0.001003928016871214, ""logging_time"": 0.00012459000572562218, ""total_train_step_time"": 0.04505971912294626}",0.14088954916223884,0.011131756007671356
rollout_update,125888,1476.629278695915,11.669601021502373,205528.35703228804,0.04334195517003536,"{""policy_inference_time"": 0.00737087382003665, ""env_step_time"": 0.03497188724577427, ""replay_insert_time"": 0.0006218110211193562, ""logging_time"": 0.00012241723015904427, ""total_train_step_time"": 0.04334195517003536}",0.14088954916223884,0.011131756007671356
rollout_update,125952,1491.988225708968,11.66875300970333,205528.35703228804,0.04289578087627888,"{""policy_inference_time"": 0.007009612862020731, ""env_step_time"": 0.03488140180706978, ""replay_insert_time"": 0.0006194943562150002, ""logging_time"": 0.00012039579451084137, ""total_train_step_time"": 0.04289578087627888}",0.14088954916223884,0.011131756007671356
rollout_update,126016,61.82919501195901,11.6720025690833,205540.59843006686,1.0351097080856562,"{""policy_inference_time"": 0.0070892260409891605, ""env_step_time"": 0.03487427392974496, ""replay_insert_time"": 0.0006136191077530384, ""logging_time"": 0.00011944770812988281, ""total_train_step_time"": 1.0351097080856562}",0.1422376367263496,0.01108508463948965
rollout_update,126080,1404.4280169622762,11.67110314851239,205540.59843006686,0.04557015327736735,"{""policy_inference_time"": 0.007069853134453297, ""env_step_time"": 0.03707013325765729, ""replay_insert_time"": 0.001030248124152422, ""logging_time"": 0.00012763682752847672, ""total_train_step_time"": 0.04557015327736735}",0.1422376367263496,0.01108508463948965
rollout_update,126144,1437.2440095832612,11.670224397929644,205540.59843006686,0.04452966898679733,"{""policy_inference_time"": 0.007107282988727093, ""env_step_time"": 0.03641505911946297, ""replay_insert_time"": 0.0006273100152611732, ""logging_time"": 0.0001194290816783905, ""total_train_step_time"": 0.04452966898679733}",0.1422376367263496,0.01108508463948965
rollout_update,126208,1477.1831501258673,11.669369533447126,205540.59843006686,0.04332570405676961,"{""policy_inference_time"": 0.0070919739082455635, ""env_step_time"": 0.03523562103509903, ""replay_insert_time"": 0.0006184750236570835, ""logging_time"": 0.0001222570426762104, ""total_train_step_time"": 0.04332570405676961}",0.1422376367263496,0.01108508463948965
rollout_update,126272,60.942885165725,11.672315042518992,205538.06417306792,1.0501636052504182,"{""policy_inference_time"": 0.007116565015166998, ""env_step_time"": 0.03529415838420391, ""replay_insert_time"": 0.0006186678074300289, ""logging_time"": 0.00011952081695199013, ""total_train_step_time"": 1.0501636052504182}",0.14295261725783348,0.01121465303003788
rollout_update,126336,1410.2584283565973,11.671421105288529,205538.06417306792,0.045381753239780664,"{""policy_inference_time"": 0.007060919888317585, ""env_step_time"": 0.03693241626024246, ""replay_insert_time"": 0.0009992150589823723, ""logging_time"": 0.00012404564768075943, ""total_train_step_time"": 0.045381753239780664}",0.14295261725783348,0.01121465303003788
rollout_update,126400,1400.1923493433162,11.670520879877666,205538.06417306792,0.04570800578221679,"{""policy_inference_time"": 0.007091782987117767, ""env_step_time"": 0.037576579954475164, ""replay_insert_time"": 0.0006526228971779346, ""logging_time"": 0.0001265411265194416, ""total_train_step_time"": 0.04570800578221679}",0.14295261725783348,0.01121465303003788
rollout_update,126464,1473.6190794980766,11.669665639087233,205538.06417306792,0.043430490884929895,"{""policy_inference_time"": 0.007205992937088013, ""env_step_time"": 0.03520102985203266, ""replay_insert_time"": 0.0006227572448551655, ""logging_time"": 0.000138808973133564, ""total_train_step_time"": 0.043430490884929895}",0.14295261725783348,0.01121465303003788
rollout_update,126528,61.667773413754986,11.672847453161273,205548.74326038713,1.0378192118369043,"{""policy_inference_time"": 0.007126783952116966, ""env_step_time"": 0.03515798598527908, ""replay_insert_time"": 0.000608065165579319, ""logging_time"": 0.00011898903176188469, ""total_train_step_time"": 1.0378192118369043}",0.14254810567945242,0.01112214382737875
rollout_update,126592,1404.764748836443,11.671951751391186,205548.74326038713,0.04555922979488969,"{""policy_inference_time"": 0.00720604183152318, ""env_step_time"": 0.03694819379597902, ""replay_insert_time"": 0.0010130000300705433, ""logging_time"": 0.0001232316717505455, ""total_train_step_time"": 0.04555922979488969}",0.14254810567945242,0.01112214382737875
rollout_update,126656,1474.539838166304,11.671098561995112,205548.74326038713,0.04340337123721838,"{""policy_inference_time"": 0.007071385160088539, ""env_step_time"": 0.03532864898443222, ""replay_insert_time"": 0.0006230073049664497, ""logging_time"": 0.00012066960334777832, ""total_train_step_time"": 0.04340337123721838}",0.14254810567945242,0.01112214382737875
rollout_update,126720,1473.9464044597858,11.67024515388982,205548.74326038713,0.04342084610834718,"{""policy_inference_time"": 0.0070651317946612835, ""env_step_time"": 0.03537432383745909, ""replay_insert_time"": 0.0006044977344572544, ""logging_time"": 0.0001199948601424694, ""total_train_step_time"": 0.04342084610834718}",0.14254810567945242,0.01112214382737875
rollout_update,126784,61.615061166818286,11.67340227425957,205561.40392369727,1.0387070756405592,"{""policy_inference_time"": 0.00705764489248395, ""env_step_time"": 0.03529235813766718, ""replay_insert_time"": 0.0006039869040250778, ""logging_time"": 0.0001177801750600338, ""total_train_step_time"": 1.0387070756405592}",0.1434196145273745,0.01118112402036786
rollout_update,126848,1420.2550085218534,11.672518042849319,205561.40392369727,0.0450623300857842,"{""policy_inference_time"": 0.007085809018462896, ""env_step_time"": 0.0366135579533875, ""replay_insert_time"": 0.0009719394147396088, ""logging_time"": 0.00012708501890301704, ""total_train_step_time"": 0.0450623300857842}",0.1434196145273745,0.01118112402036786
rollout_update,126912,1467.7677444048404,11.67166256218199,205561.40392369727,0.04360362887382507,"{""policy_inference_time"": 0.007101899012923241, ""env_step_time"": 0.03549320111051202, ""replay_insert_time"": 0.0006248489953577518, ""logging_time"": 0.00012291595339775085, ""total_train_step_time"": 0.04360362887382507}",0.1434196145273745,0.01118112402036786
rollout_update,126976,1355.6866845726386,11.67073649622769,205561.40392369727,0.04720854805782437,"{""policy_inference_time"": 0.007054234854876995, ""env_step_time"": 0.039093994069844484, ""replay_insert_time"": 0.0006499243900179863, ""logging_time"": 0.0001306571066379547, ""total_train_step_time"": 0.04720854805782437}",0.1434196145273745,0.01118112402036786
rollout_update,127040,60.394529783046735,11.673475412012685,205566.64516780258,1.0596986222080886,"{""policy_inference_time"": 0.008377115242183208, ""env_step_time"": 0.03676102124154568, ""replay_insert_time"": 0.0006169416010379791, ""logging_time"": 0.00012086797505617142, ""total_train_step_time"": 1.0596986222080886}",0.14429950946941972,0.011173511855304241
rollout_update,127104,1199.9926053908907,11.672430984106267,205566.64516780258,0.05333366198465228,"{""policy_inference_time"": 0.007108403369784355, ""env_step_time"": 0.04414527676999569, ""replay_insert_time"": 0.0014932900667190552, ""logging_time"": 0.00019768299534916878, ""total_train_step_time"": 0.05333366198465228}",0.14429950946941972,0.011173511855304241
rollout_update,127168,1034.3327366433261,11.671219513639448,205566.64516780258,0.06187563994899392,"{""policy_inference_time"": 0.010980760678648949, ""env_step_time"": 0.049371687695384026, ""replay_insert_time"": 0.0009280210360884666, ""logging_time"": 0.0001896279864013195, ""total_train_step_time"": 0.06187563994899392}",0.14429950946941972,0.011173511855304241
rollout_update,127232,1064.5217433668402,11.670042640384708,205566.64516780258,0.06012089503929019,"{""policy_inference_time"": 0.010830869898200035, ""env_step_time"": 0.04821479879319668, ""replay_insert_time"": 0.0006613251753151417, ""logging_time"": 0.00012749992311000824, ""total_train_step_time"": 0.06012089503929019}",0.14429950946941972,0.011173511855304241
rollout_update,127296,61.040814376825445,11.67299639678995,205577.12519408602,1.0484788031317294,"{""policy_inference_time"": 0.00729482201859355, ""env_step_time"": 0.03571489313617349, ""replay_insert_time"": 0.000635107047855854, ""logging_time"": 0.0001215171068906784, ""total_train_step_time"": 1.0484788031317294}",0.1426573428325355,0.01129410695284605
rollout_update,127360,1286.4668578472315,11.672024203712928,205577.12519408602,0.04974865820258856,"{""policy_inference_time"": 0.007161194924265146, ""env_step_time"": 0.04113409388810396, ""replay_insert_time"": 0.0010565640404820442, ""logging_time"": 0.0001292242668569088, ""total_train_step_time"": 0.04974865820258856}",0.1426573428325355,0.01129410695284605
rollout_update,127424,1461.665991080579,11.671168674234421,205577.12519408602,0.043785653077065945,"{""policy_inference_time"": 0.007390030659735203, ""env_step_time"": 0.035371842328459024, ""replay_insert_time"": 0.0006412570364773273, ""logging_time"": 0.0001222686842083931, ""total_train_step_time"": 0.043785653077065945}",0.1426573428325355,0.01129410695284605
rollout_update,127488,1439.8844198154538,11.670300331167132,205577.12519408602,0.04444801202043891,"{""policy_inference_time"": 0.007092182990163565, ""env_step_time"": 0.0363512490876019, ""replay_insert_time"": 0.0006298408843576908, ""logging_time"": 0.00012116506695747375, ""total_train_step_time"": 0.04444801202043891}",0.1426573428325355,0.01129410695284605
rollout_update,127552,61.418622342542406,11.673373583010855,205589.89924640604,1.0420292341150343,"{""policy_inference_time"": 0.007051669992506504, ""env_step_time"": 0.03483509877696633, ""replay_insert_time"": 0.0006113438867032528, ""logging_time"": 0.00013087596744298935, ""total_train_step_time"": 1.0420292341150343}",0.1410361328162253,0.011196290142834187
rollout_update,127616,1407.8195617198162,11.672486908595557,205589.89924640604,0.04546037130057812,"{""policy_inference_time"": 0.007165782153606415, ""env_step_time"": 0.03688587807118893, ""replay_insert_time"": 0.0010187579318881035, ""logging_time"": 0.00012267101556062698, ""total_train_step_time"": 0.04546037130057812}",0.1410361328162253,0.011196290142834187
rollout_update,127680,1467.9000838601983,11.67163665191671,205589.89924640604,0.04359969776123762,"{""policy_inference_time"": 0.007122758775949478, ""env_step_time"": 0.035453177988529205, ""replay_insert_time"": 0.000644295010715723, ""logging_time"": 0.00012094015255570412, ""total_train_step_time"": 0.04359969776123762}",0.1410361328162253,0.011196290142834187
rollout_update,127744,1473.6133440735803,11.670789814860148,205589.89924640604,0.04343065991997719,"{""policy_inference_time"": 0.007048045285046101, ""env_step_time"": 0.035366106778383255, ""replay_insert_time"": 0.0006322511471807957, ""logging_time"": 0.000123640988022089, ""total_train_step_time"": 0.04343065991997719}",0.1410361328162253,0.011196290142834187
rollout_update,127808,61.55445509518349,11.673900963306288,205603.39148435896,1.0397297791205347,"{""policy_inference_time"": 0.007155636791139841, ""env_step_time"": 0.035618605092167854, ""replay_insert_time"": 0.000624858308583498, ""logging_time"": 0.00012282514944672585, ""total_train_step_time"": 1.0397297791205347}",0.14401640044525266,0.011191342957317829
rollout_update,127872,1407.6029251366767,11.673015845958034,205603.39148435896,0.045467367861419916,"{""policy_inference_time"": 0.007114788983017206, ""env_step_time"": 0.03695608489215374, ""replay_insert_time"": 0.0009972131811082363, ""logging_time"": 0.00012756278738379478, ""total_train_step_time"": 0.045467367861419916}",0.14401640044525266,0.011191342957317829
rollout_update,127936,1458.1006688684606,11.672161509798395,205603.39148435896,0.043892716988921165,"{""policy_inference_time"": 0.007126790005713701, ""env_step_time"": 0.03574132174253464, ""replay_insert_time"": 0.0006386861205101013, ""logging_time"": 0.00012553436681628227, ""total_train_step_time"": 0.043892716988921165}",0.14401640044525266,0.011191342957317829
rollout_update,128000,1471.821939373625,11.67131526161348,205603.39148435896,0.04348352085798979,"{""policy_inference_time"": 0.007049703970551491, ""env_step_time"": 0.03544678492471576, ""replay_insert_time"": 0.0006101168692111969, ""logging_time"": 0.00011846283450722694, ""total_train_step_time"": 0.04348352085798979}",0.14401640044525266,0.011191342957317829
rollout_update,128064,61.69193161885138,11.674464451001677,205616.82413051816,1.0374128078110516,"{""policy_inference_time"": 0.0069888196885585785, ""env_step_time"": 0.03506143298000097, ""replay_insert_time"": 0.000597665086388588, ""logging_time"": 0.0001184237189590931, ""total_train_step_time"": 1.0374128078110516}",0.14110947772860527,0.011082327924668789
rollout_update,128128,1413.2635389163804,11.673584553148338,205616.82413051816,0.045285255182534456,"{""policy_inference_time"": 0.007024523336440325, ""env_step_time"": 0.036878704093396664, ""replay_insert_time"": 0.0009894906543195248, ""logging_time"": 0.00012647127732634544, ""total_train_step_time"": 0.045285255182534456}",0.14110947772860527,0.011082327924668789
rollout_update,128192,1473.4876341508188,11.67274074291114,205616.82413051816,0.043434365186840296,"{""policy_inference_time"": 0.007130702957510948, ""env_step_time"": 0.035287478007376194, ""replay_insert_time"": 0.0006340327672660351, ""logging_time"": 0.00012296810746192932, ""total_train_step_time"": 0.043434365186840296}",0.14110947772860527,0.011082327924668789
rollout_update,128256,1490.7677826228824,11.671906833517586,205616.82413051816,0.0429308982565999,"{""policy_inference_time"": 0.007097605150192976, ""env_step_time"": 0.03484328789636493, ""replay_insert_time"": 0.0006123241037130356, ""logging_time"": 0.0001226239837706089, ""total_train_step_time"": 0.0429308982565999}",0.14110947772860527,0.011082327924668789
rollout_update,128320,61.140526264307475,11.674867431046284,205629.16790726958,1.0467688767239451,"{""policy_inference_time"": 0.007003176957368851, ""env_step_time"": 0.03482887614518404, ""replay_insert_time"": 0.0006127450615167618, ""logging_time"": 0.00012255460023880005, ""total_train_step_time"": 1.0467688767239451}",0.14785643387585878,0.011180154047906399
rollout_update,128384,1154.7181481755624,11.673792610001811,205629.16790726958,0.05542478058487177,"{""policy_inference_time"": 0.007420155219733715, ""env_step_time"": 0.04652019124478102, ""replay_insert_time"": 0.0010837460868060589, ""logging_time"": 0.00013196468353271484, ""total_train_step_time"": 0.05542478058487177}",0.14785643387585878,0.011180154047906399
rollout_update,128448,1321.5718073201328,11.672853651345788,205629.16790726958,0.04842718318104744,"{""policy_inference_time"": 0.007661492098122835, ""env_step_time"": 0.03951745154336095, ""replay_insert_time"": 0.0008429279550909996, ""logging_time"": 0.00012548919767141342, ""total_train_step_time"": 0.04842718318104744}",0.14785643387585878,0.011180154047906399
rollout_update,128512,1362.2167522001716,11.671942853074885,205629.16790726958,0.04698224412277341,"{""policy_inference_time"": 0.007995481137186289, ""env_step_time"": 0.037911226972937584, ""replay_insert_time"": 0.0006244899705052376, ""logging_time"": 0.0001222752034664154, ""total_train_step_time"": 0.04698224412277341}",0.14785643387585878,0.011180154047906399
rollout_update,128576,61.14677994458472,11.674899581985787,205630.8170267383,1.0466618202626705,"{""policy_inference_time"": 0.007148271892219782, ""env_step_time"": 0.03779170801863074, ""replay_insert_time"": 0.0006876140832901001, ""logging_time"": 0.00012310827150940895, ""total_train_step_time"": 1.0466618202626705}",0.14252943731844425,0.0110745201818645
rollout_update,128640,1419.1971656153335,11.674026781343414,205630.8170267383,0.04509591870009899,"{""policy_inference_time"": 0.0070640211924910545, ""env_step_time"": 0.03663648571819067, ""replay_insert_time"": 0.0009951181709766388, ""logging_time"": 0.00012798327952623367, ""total_train_step_time"": 0.04509591870009899}",0.14252943731844425,0.0110745201818645
rollout_update,128704,1458.7491126016844,11.6731777707031,205630.8170267383,0.04387320578098297,"{""policy_inference_time"": 0.007213825825601816, ""env_step_time"": 0.0356526467949152, ""replay_insert_time"": 0.0006308159790933132, ""logging_time"": 0.00012103188782930374, ""total_train_step_time"": 0.04387320578098297}",0.14252943731844425,0.0110745201818645
rollout_update,128768,1466.0557557281627,11.672333113988842,205630.8170267383,0.043654547072947025,"{""policy_inference_time"": 0.00708356499671936, ""env_step_time"": 0.03555923420935869, ""replay_insert_time"": 0.0006314311176538467, ""logging_time"": 0.00012109382078051567, ""total_train_step_time"": 0.043654547072947025}",0.14252943731844425,0.0110745201818645
rollout_update,128832,61.908485305434134,11.675532185120602,205644.91649557353,1.0337839745916426,"{""policy_inference_time"": 0.007010411936789751, ""env_step_time"": 0.03540652012452483, ""replay_insert_time"": 0.0005996190011501312, ""logging_time"": 0.00011835107579827309, ""total_train_step_time"": 1.0337839745916426}",0.14298277534544468,0.011096273083239794
rollout_update,128896,1413.872184096613,11.674657740935228,205644.91649557353,0.045265760738402605,"{""policy_inference_time"": 0.007078555878251791, ""env_step_time"": 0.03680252516642213, ""replay_insert_time"": 0.0009861639700829983, ""logging_time"": 0.00012802612036466599, ""total_train_step_time"": 0.045265760738402605}",0.14298277534544468,0.011096273083239794
rollout_update,128960,1465.0986566827705,11.673813995457026,205644.91649557353,0.043683065101504326,"{""policy_inference_time"": 0.00716552184894681, ""env_step_time"": 0.03551381919533014, ""replay_insert_time"": 0.0006239693611860275, ""logging_time"": 0.0001206379383802414, ""total_train_step_time"": 0.043683065101504326}",0.14298277534544468,0.011096273083239794
rollout_update,129024,1481.3884124579765,11.672979647981684,205644.91649557353,0.04320271406322718,"{""policy_inference_time"": 0.0071378243155777454, ""env_step_time"": 0.03508624993264675, ""replay_insert_time"": 0.0006059720180928707, ""logging_time"": 0.00012011826038360596, ""total_train_step_time"": 0.04320271406322718}",0.14298277534544468,0.011096273083239794
rollout_update,129088,60.835786615897554,11.675819962157831,205656.74917017727,1.0520123690366745,"{""policy_inference_time"": 0.0070324549451470375, ""env_step_time"": 0.035139435436576605, ""replay_insert_time"": 0.0006239372305572033, ""logging_time"": 0.00012001767754554749, ""total_train_step_time"": 1.0520123690366745}",0.15464893030002713,0.012212134897708893
rollout_update,129152,1397.557161219686,11.674937018652537,205656.74917017727,0.04579419130459428,"{""policy_inference_time"": 0.0072318208403885365, ""env_step_time"": 0.03708674944937229, ""replay_insert_time"": 0.0010301708243787289, ""logging_time"": 0.0001292540691792965, ""total_train_step_time"": 0.04579419130459428}",0.15464893030002713,0.012212134897708893
rollout_update,129216,1440.8169145226445,11.674080712627106,205656.74917017727,0.04441924532875419,"{""policy_inference_time"": 0.007149773184210062, ""env_step_time"": 0.036229697056114674, ""replay_insert_time"": 0.0006511742249131203, ""logging_time"": 0.0001225690357387066, ""total_train_step_time"": 0.04441924532875419}",0.15464893030002713,0.012212134897708893
rollout_update,129280,1453.6104925416437,11.673232067108612,205656.74917017727,0.044028300791978836,"{""policy_inference_time"": 0.007323344703763723, ""env_step_time"": 0.03568126680329442, ""replay_insert_time"": 0.0006426000036299229, ""logging_time"": 0.00012325122952461243, ""total_train_step_time"": 0.044028300791978836}",0.15464893030002713,0.012212134897708893
rollout_update,129344,61.36377032259014,11.67624059104985,205666.76590877012,1.0429606861434877,"{""policy_inference_time"": 0.007176459766924381, ""env_step_time"": 0.03560350323095918, ""replay_insert_time"": 0.00063280388712883, ""logging_time"": 0.0001204158179461956, ""total_train_step_time"": 1.0429606861434877}",0.14527613669633865,0.01118308026343584
rollout_update,129408,1416.5707331083527,11.675371156514112,205666.76590877012,0.045179530046880245,"{""policy_inference_time"": 0.0070805917493999004, ""env_step_time"": 0.036698165349662304, ""replay_insert_time"": 0.001006568782031536, ""logging_time"": 0.00012639490887522697, ""total_train_step_time"": 0.045179530046880245}",0.14527613669633865,0.01118308026343584
rollout_update,129472,1464.1365362884912,11.6745300907646,205666.76590877012,0.043711770325899124,"{""policy_inference_time"": 0.007097085006535053, ""env_step_time"": 0.035614260006695986, ""replay_insert_time"": 0.0006216480396687984, ""logging_time"": 0.00012093782424926758, ""total_train_step_time"": 0.043711770325899124}",0.14527613669633865,0.01118308026343584
rollout_update,129536,1479.2245290615965,11.673697723150864,205666.76590877012,0.043265913147479296,"{""policy_inference_time"": 0.007069522049278021, ""env_step_time"": 0.03519421489909291, ""replay_insert_time"": 0.0006261086091399193, ""logging_time"": 0.00012066727504134178, ""total_train_step_time"": 0.043265913147479296}",0.14527613669633865,0.01118308026343584
rollout_update,129600,61.51508061472159,11.676748911102468,205680.31828672075,1.040395287796855,"{""policy_inference_time"": 0.006998043041676283, ""env_step_time"": 0.03548609605059028, ""replay_insert_time"": 0.0006416928954422474, ""logging_time"": 0.00012381002306938171, ""total_train_step_time"": 1.040395287796855}",0.14346817461773753,0.01115498086437583
rollout_update,129664,1416.0189921078388,11.67588077764516,205680.31828672075,0.04519713390618563,"{""policy_inference_time"": 0.007040798664093018, ""env_step_time"": 0.03679062891751528, ""replay_insert_time"": 0.0009733769111335278, ""logging_time"": 0.00012446986511349678, ""total_train_step_time"": 0.04519713390618563}",0.14346817461773753,0.01115498086437583
rollout_update,129728,1457.9528146908874,11.675037737113582,205680.31828672075,0.04389716824516654,"{""policy_inference_time"": 0.007133015897125006, ""env_step_time"": 0.03565709199756384, ""replay_insert_time"": 0.0007088999263942242, ""logging_time"": 0.00012820307165384293, ""total_train_step_time"": 0.04389716824516654}",0.14346817461773753,0.01115498086437583
rollout_update,129792,1455.9691920335972,11.674193669998854,205680.31828672075,0.04395697405561805,"{""policy_inference_time"": 0.007052830886095762, ""env_step_time"": 0.035906978882849216, ""replay_insert_time"": 0.0006177420727908611, ""logging_time"": 0.00011988822370767593, ""total_train_step_time"": 0.04395697405561805}",0.14346817461773753,0.01115498086437583
rollout_update,129856,58.40472273158983,11.676175923520878,205676.02793384105,1.0958017949014902,"{""policy_inference_time"": 0.007461674977093935, ""env_step_time"": 0.03637433983385563, ""replay_insert_time"": 0.0006305603310465813, ""logging_time"": 0.00011983001604676247, ""total_train_step_time"": 1.0958017949014902}",0.15891496697440743,0.018086025957018137
rollout_update,129920,1343.2825759304956,11.675262676772107,205676.02793384105,0.047644480131566525,"{""policy_inference_time"": 0.007125827018171549, ""env_step_time"": 0.03907328192144632, ""replay_insert_time"": 0.0010413588024675846, ""logging_time"": 0.00012764567509293556, ""total_train_step_time"": 0.047644480131566525}",0.15891496697440743,0.018086025957018137
rollout_update,129984,1414.0216631949447,11.674395249212898,205676.02793384105,0.04526097560301423,"{""policy_inference_time"": 0.007305544801056385, ""env_step_time"": 0.03694319911301136, ""replay_insert_time"": 0.0006177839823067188, ""logging_time"": 0.000137310940772295, ""total_train_step_time"": 0.04526097560301423}",0.15891496697440743,0.018086025957018137
rollout_update,130048,1439.6350626375906,11.673543380035332,205676.02793384105,0.04445571079850197,"{""policy_inference_time"": 0.0069924271665513515, ""env_step_time"": 0.03645213088020682, ""replay_insert_time"": 0.0006337701342999935, ""logging_time"": 0.00012169498950242996, ""total_train_step_time"": 0.04445571079850197}",0.15891496697440743,0.018086025957018137
rollout_update,130112,61.37411798968141,11.676537079461221,205691.74730401603,1.0427848431281745,"{""policy_inference_time"": 0.006999392062425613, ""env_step_time"": 0.036529343109577894, ""replay_insert_time"": 0.0006274399347603321, ""logging_time"": 0.00011807586997747421, ""total_train_step_time"": 1.0427848431281745}",0.14383215550333261,0.011085425037890673
rollout_update,130176,1382.4500896864283,11.675651393262568,205691.74730401603,0.04629461886361241,"{""policy_inference_time"": 0.007058702874928713, ""env_step_time"": 0.03783657494932413, ""replay_insert_time"": 0.0009995070286095142, ""logging_time"": 0.00012925686314702034, ""total_train_step_time"": 0.04629461886361241}",0.14383215550333261,0.011085425037890673
rollout_update,130240,1418.9107688600607,11.674788595091414,205691.74730401603,0.045105020981281996,"{""policy_inference_time"": 0.00718581723049283, ""env_step_time"": 0.03691855678334832, ""replay_insert_time"": 0.0006217886693775654, ""logging_time"": 0.00011996179819107056, ""total_train_step_time"": 0.045105020981281996}",0.14383215550333261,0.011085425037890673
rollout_update,130304,1434.8645259690481,11.673935515460304,205691.74730401603,0.04460351401939988,"{""policy_inference_time"": 0.007018285803496838, ""env_step_time"": 0.0365776470862329, ""replay_insert_time"": 0.000629885122179985, ""logging_time"": 0.00011976202949881554, ""total_train_step_time"": 0.04460351401939988}",0.14383215550333261,0.011085425037890673
rollout_update,130368,61.67028308764549,11.677018409381885,205706.5780451652,1.0377769777551293,"{""policy_inference_time"": 0.00701075280085206, ""env_step_time"": 0.03650025464594364, ""replay_insert_time"": 0.0006071999669075012, ""logging_time"": 0.00012017786502838135, ""total_train_step_time"": 1.0377769777551293}",0.14330479968339205,0.011044519953429699
rollout_update,130432,1345.138318267552,11.67610986749287,205706.5780451652,0.04757875017821789,"{""policy_inference_time"": 0.007076492067426443, ""env_step_time"": 0.0390433119609952, ""replay_insert_time"": 0.0010636979714035988, ""logging_time"": 0.00012474087998270988, ""total_train_step_time"": 0.04757875017821789}",0.14330479968339205,0.011044519953429699
rollout_update,130496,1405.335773275486,11.675240375345018,205706.5780451652,0.04554071789607406,"{""policy_inference_time"": 0.007260146085172892, ""env_step_time"": 0.0372628653421998, ""replay_insert_time"": 0.0006318199448287487, ""logging_time"": 0.00012193294242024422, ""total_train_step_time"": 0.04554071789607406}",0.14330479968339205,0.011044519953429699
rollout_update,130560,1437.0062034620757,11.674390171325474,205706.5780451652,0.04453703807666898,"{""policy_inference_time"": 0.006978475023061037, ""env_step_time"": 0.03653877228498459, ""replay_insert_time"": 0.0006357221864163876, ""logging_time"": 0.0001253681257367134, ""total_train_step_time"": 0.04453703807666898}",0.14330479968339205,0.011044519953429699
rollout_update,130624,60.99493095068277,11.677247361587952,205722.20413374004,1.0492675211280584,"{""policy_inference_time"": 0.007085829973220825, ""env_step_time"": 0.036809301003813744, ""replay_insert_time"": 0.0006056041456758976, ""logging_time"": 0.00011984119191765785, ""total_train_step_time"": 1.0492675211280584}",0.15021250816062093,0.01106950081884861
rollout_update,130688,1368.3876632739905,11.67635596761242,205722.20413374004,0.046770371962338686,"{""policy_inference_time"": 0.0072480300441384315, ""env_step_time"": 0.03811135655269027, ""replay_insert_time"": 0.001018456183373928, ""logging_time"": 0.00012692483142018318, ""total_train_step_time"": 0.046770371962338686}",0.15021250816062093,0.01106950081884861
rollout_update,130752,1417.5228411194287,11.675495600851587,205722.20413374004,0.04514918429777026,"{""policy_inference_time"": 0.00711778225377202, ""env_step_time"": 0.03703075274825096, ""replay_insert_time"": 0.0006219292990863323, ""logging_time"": 0.00012265006080269814, ""total_train_step_time"": 0.04514918429777026}",0.15021250816062093,0.01106950081884861
rollout_update,130816,1438.1132082255303,11.674647676572677,205722.20413374004,0.04450275516137481,"{""policy_inference_time"": 0.007032827939838171, ""env_step_time"": 0.03647740697488189, ""replay_insert_time"": 0.000610030721873045, ""logging_time"": 0.00012210290879011154, ""total_train_step_time"": 0.04450275516137481}",0.15021250816062093,0.01106950081884861
rollout_update,130880,61.67461941615798,11.677718895900998,205736.94577578196,1.0377040118910372,"{""policy_inference_time"": 0.006975312251597643, ""env_step_time"": 0.03688739379867911, ""replay_insert_time"": 0.000626277644187212, ""logging_time"": 0.00012172339484095573, ""total_train_step_time"": 1.0377040118910372}",0.14245616924017668,0.011036130134016275
rollout_update,130944,1357.1174868931362,11.676821782799056,205736.94577578196,0.04715877631679177,"{""policy_inference_time"": 0.007086294237524271, ""env_step_time"": 0.038667507003992796, ""replay_insert_time"": 0.001010887324810028, ""logging_time"": 0.00012450199574232101, ""total_train_step_time"": 0.04715877631679177}",0.14245616924017668,0.011036130134016275
rollout_update,131008,1324.1271128160556,11.675902461315529,205736.94577578196,0.04833372822031379,"{""policy_inference_time"": 0.0070608556270599365, ""env_step_time"": 0.04023266490548849, ""replay_insert_time"": 0.0006485218182206154, ""logging_time"": 0.00012580584734678268, ""total_train_step_time"": 0.04833372822031379}",0.14245616924017668,0.011036130134016275
rollout_update,131072,1353.512084545121,11.675003238520274,205736.94577578196,0.04728439496830106,"{""policy_inference_time"": 0.007334699854254723, ""env_step_time"": 0.03891655197367072, ""replay_insert_time"": 0.0006503802724182606, ""logging_time"": 0.00012283679097890854, ""total_train_step_time"": 0.04728439496830106}",0.14245616924017668,0.011036130134016275
