phase,env_steps,env_steps_per_second,train_updates_per_second,samples_per_second,total_train_step_time,component_seconds,latest_update_seconds,latest_sample_seconds
warmup_unmeasured,128,186.89600918758623,0.0,0.0,0.6848728368058801,,,
warmup_unmeasured,256,3652.2108313216877,0.0,0.0,0.03504726476967335,,,
warmup_unmeasured,384,3749.970030488247,0.0,0.0,0.03413360612466931,,,
warmup_unmeasured,512,3750.7268138387863,0.0,0.0,0.03412671899423003,,,
warmup_unmeasured,640,3757.7908579886007,0.0,0.0,0.03406256623566151,,,
warmup_unmeasured,768,3758.643927390563,0.0,0.0,0.034054835326969624,,,
warmup_unmeasured,896,3756.877534057998,0.0,0.0,0.0340708470903337,,,
warmup_unmeasured,1024,3748.594327027688,0.0,0.0,0.03414613287895918,,,
warmup_unmeasured,1152,3763.765489608783,0.0,0.0,0.034008495043963194,,,
warmup_unmeasured,1280,3764.8837266770574,0.0,0.0,0.033998393919318914,,,
warmup_unmeasured,1408,3703.555389640424,0.0,0.0,0.03456138400360942,,,
warmup_unmeasured,1536,3755.5361132700614,0.0,0.0,0.0340830166824162,,,
warmup_unmeasured,1664,3761.6522327125117,0.0,0.0,0.03402760066092014,,,
warmup_unmeasured,1792,3766.29004361835,0.0,0.0,0.03398569906130433,,,
warmup_unmeasured,1920,3765.2043396940403,0.0,0.0,0.03399549890309572,,,
warmup_unmeasured,2048,3771.596829584297,0.0,0.0,0.03393787983804941,,,
warmup_unmeasured,2176,3764.715990007868,0.0,0.0,0.033999908715486526,,,
warmup_unmeasured,2304,3769.8853530020224,0.0,0.0,0.03395328717306256,,,
warmup_unmeasured,2432,3754.35347690157,0.0,0.0,0.03409375296905637,,,
warmup_unmeasured,2560,3767.7130594907344,0.0,0.0,0.03397286310791969,,,
warmup_unmeasured,2688,3778.1067129748494,0.0,0.0,0.03387940302491188,,,
warmup_unmeasured,2816,3773.2075644273095,0.0,0.0,0.03392339218407869,,,
warmup_unmeasured,2944,3759.416710239424,0.0,0.0,0.034047835040837526,,,
warmup_unmeasured,3072,3770.363512062196,0.0,0.0,0.03394898120313883,,,
warmup_unmeasured,3200,3783.546289883077,0.0,0.0,0.03383069485425949,,,
warmup_unmeasured,3328,3773.1151657461346,0.0,0.0,0.03392422292381525,,,
warmup_unmeasured,3456,3770.102415046861,0.0,0.0,0.033951332326978445,,,
warmup_unmeasured,3584,3765.5623025986056,0.0,0.0,0.033992267213761806,,,
warmup_unmeasured,3712,3778.1365722927567,0.0,0.0,0.03387913526967168,,,
warmup_unmeasured,3840,3775.2182004149886,0.0,0.0,0.03390532499179244,,,
warmup_unmeasured,3968,3777.5110792627024,0.0,0.0,0.033884745091199875,,,
warmup_unmeasured,4096,3780.984566689721,0.0,0.0,0.03385361609980464,,,
warmup_unmeasured,4224,3772.6062772128303,0.0,0.0,0.033928798977285624,,,
warmup_unmeasured,4352,3777.79012937889,0.0,0.0,0.033882242161780596,,,
warmup_unmeasured,4480,3774.4963864977512,0.0,0.0,0.03391180885955691,,,
warmup_unmeasured,4608,3775.699372922546,0.0,0.0,0.03390100412070751,,,
warmup_unmeasured,4736,3763.713491153453,0.0,0.0,0.03400896489620209,,,
warmup_unmeasured,4864,3763.164065058056,0.0,0.0,0.03401393024250865,,,
warmup_unmeasured,4992,3781.1604138432353,0.0,0.0,0.03385204169899225,,,
warmup_unmeasured,5120,3757.4664726333094,0.0,0.0,0.034065506886690855,,,
warmup_unmeasured,5248,3762.4539597056564,0.0,0.0,0.034020349849015474,,,
warmup_unmeasured,5376,3766.9534332599524,0.0,0.0,0.033979713916778564,,,
warmup_unmeasured,5504,3758.5031098267636,0.0,0.0,0.03405611123889685,,,
warmup_unmeasured,5632,3771.639161592039,0.0,0.0,0.033937498927116394,,,
warmup_unmeasured,5760,3767.6937449146094,0.0,0.0,0.033973037265241146,,,
warmup_unmeasured,5888,3481.567310792766,0.0,0.0,0.03676505107432604,,,
warmup_unmeasured,6016,3766.230286539717,0.0,0.0,0.03398623829707503,,,
warmup_unmeasured,6144,3759.1241226615043,0.0,0.0,0.034050485119223595,,,
warmup_unmeasured,6272,3765.258287672197,0.0,0.0,0.0339950118213892,,,
warmup_unmeasured,6400,3690.134577284737,0.0,0.0,0.034687081817537546,,,
warmup_unmeasured,6528,3691.092607100678,0.0,0.0,0.03467807872220874,,,
warmup_unmeasured,6656,3572.5786146009623,0.0,0.0,0.035828462801873684,,,
warmup_unmeasured,6784,3639.6663057338737,0.0,0.0,0.035168059170246124,,,
warmup_unmeasured,6912,3622.4790259727056,0.0,0.0,0.035334918182343245,,,
warmup_unmeasured,7040,3600.9670407742015,0.0,0.0,0.035546007100492716,,,
warmup_unmeasured,7168,3004.4913590539995,0.0,0.0,0.04260288504883647,,,
warmup_unmeasured,7296,3754.312403729112,0.0,0.0,0.0340941259637475,,,
warmup_unmeasured,7424,3762.9943694974017,0.0,0.0,0.03401546413078904,,,
warmup_unmeasured,7552,3758.228597307607,0.0,0.0,0.034058598801493645,,,
warmup_unmeasured,7680,3743.7656585335026,0.0,0.0,0.03419017419219017,,,
warmup_unmeasured,7808,3765.1291451869947,0.0,0.0,0.03399617783725262,,,
warmup_unmeasured,7936,3773.005318717951,0.0,0.0,0.03392521059140563,,,
warmup_unmeasured,8064,3761.915867466728,0.0,0.0,0.03402521600946784,,,
warmup_unmeasured,8192,3754.008305615422,0.0,0.0,0.034096887800842524,,,
warmup_unmeasured,8320,3771.458662039606,0.0,0.0,0.03393912315368652,,,
warmup_unmeasured,8448,3650.196427876872,0.0,0.0,0.035066606011241674,,,
warmup_unmeasured,8576,3698.9514862697515,0.0,0.0,0.03460440086200833,,,
warmup_unmeasured,8704,3743.887985418121,0.0,0.0,0.03418905707076192,,,
warmup_unmeasured,8832,3759.681625853654,0.0,0.0,0.03404543595388532,,,
warmup_unmeasured,8960,3764.6649449256056,0.0,0.0,0.03400036972016096,,,
warmup_unmeasured,9088,3772.169116598556,0.0,0.0,0.03393273102119565,,,
warmup_unmeasured,9216,3774.9763899989007,0.0,0.0,0.033907496836036444,,,
warmup_unmeasured,9344,3763.0252267805354,0.0,0.0,0.034015185199677944,,,
warmup_unmeasured,9472,3751.3587239256544,0.0,0.0,0.03412097040563822,,,
warmup_unmeasured,9600,3748.362713308901,0.0,0.0,0.03414824279025197,,,
warmup_unmeasured,9728,3769.3896890088586,0.0,0.0,0.03395775193348527,,,
warmup_unmeasured,9856,3721.645785603463,0.0,0.0,0.034393385984003544,,,
warmup_unmeasured,9984,3686.9980773623342,0.0,0.0,0.03471658984199166,,,
warmup_unmeasured,10112,3681.8615282161622,0.0,0.0,0.034765022806823254,,,
warmup_unmeasured,10240,3680.9894682163062,0.0,0.0,0.034773258958011866,,,
warmup_unmeasured,10368,3676.021731915836,0.0,0.0,0.034820251166820526,,,
warmup_unmeasured,10496,3684.4428035895817,0.0,0.0,0.03474066685885191,,,
warmup_unmeasured,10624,3686.1610518662956,0.0,0.0,0.034724473021924496,,,
warmup_unmeasured,10752,3690.1691556188857,0.0,0.0,0.034686756785959005,,,
warmup_unmeasured,10880,3708.7749577204127,0.0,0.0,0.034512743819504976,,,
warmup_unmeasured,11008,3690.95016444847,0.0,0.0,0.03467941703274846,,,
warmup_unmeasured,11136,3678.500550822449,0.0,0.0,0.034796786960214376,,,
warmup_unmeasured,11264,3676.4944709251045,0.0,0.0,0.03481577383354306,,,
warmup_unmeasured,11392,3671.859949001527,0.0,0.0,0.03485971735790372,,,
warmup_unmeasured,11520,3674.0925069969753,0.0,0.0,0.03483853489160538,,,
warmup_unmeasured,11648,3686.2686191844437,0.0,0.0,0.034723459742963314,,,
warmup_unmeasured,11776,3624.690158287342,0.0,0.0,0.03531336318701506,,,
warmup_unmeasured,11904,3768.0716545515047,0.0,0.0,0.033969630021601915,,,
warmup_unmeasured,12032,3768.5348353917966,0.0,0.0,0.033965454902499914,,,
warmup_unmeasured,12160,3767.5305085054965,0.0,0.0,0.033974509220570326,,,
warmup_unmeasured,12288,3775.3965710023685,0.0,0.0,0.0339037231169641,,,
warmup_unmeasured,12416,3764.2012714902635,0.0,0.0,0.03400455787777901,,,
warmup_unmeasured,12544,3770.2943687698303,0.0,0.0,0.03394960379227996,,,
warmup_unmeasured,12672,3780.6143581421625,0.0,0.0,0.033856931142508984,,,
warmup_unmeasured,12800,3721.1421213251833,0.0,0.0,0.03439804119989276,,,
warmup_unmeasured,12928,3520.4880818890615,0.0,0.0,0.03635859489440918,,,
warmup_unmeasured,13056,3705.894566847288,0.0,0.0,0.034539568703621626,,,
warmup_unmeasured,13184,3690.328085580069,0.0,0.0,0.03468526294454932,,,
warmup_unmeasured,13312,3683.430520742657,0.0,0.0,0.03475021431222558,,,
warmup_unmeasured,13440,3679.289875370602,0.0,0.0,0.034789321944117546,,,
warmup_unmeasured,13568,3758.5237692614187,0.0,0.0,0.03405592404305935,,,
warmup_unmeasured,13696,3761.781342714356,0.0,0.0,0.034026432782411575,,,
warmup_unmeasured,13824,3757.5232809716126,0.0,0.0,0.03406499186530709,,,
warmup_unmeasured,13952,3668.448557731421,0.0,0.0,0.03489213436841965,,,
warmup_unmeasured,14080,3763.6880335634582,0.0,0.0,0.03400919493287802,,,
warmup_unmeasured,14208,3760.401899624823,0.0,0.0,0.03403891483321786,,,
warmup_unmeasured,14336,3766.2986099870946,0.0,0.0,0.03398562176153064,,,
warmup_unmeasured,14464,3773.2352745551284,0.0,0.0,0.033923143055289984,,,
warmup_unmeasured,14592,3768.505437640494,0.0,0.0,0.03396571986377239,,,
warmup_unmeasured,14720,3753.661762539238,0.0,0.0,0.034100035671144724,,,
warmup_unmeasured,14848,3735.0039488238604,0.0,0.0,0.03427037876099348,,,
warmup_unmeasured,14976,3760.217484493294,0.0,0.0,0.03404058422893286,,,
warmup_unmeasured,15104,3772.485069406541,0.0,0.0,0.03392988909035921,,,
warmup_unmeasured,15232,3476.1377845383913,0.0,0.0,0.03682247595861554,,,
warmup_unmeasured,15360,3687.191058997961,0.0,0.0,0.03471477283164859,,,
warmup_unmeasured,15488,3780.9359918617924,0.0,0.0,0.033854051027446985,,,
warmup_unmeasured,15616,3775.7432492622424,0.0,0.0,0.03390061017125845,,,
warmup_unmeasured,15744,3774.444972195182,0.0,0.0,0.03391227079555392,,,
warmup_unmeasured,15872,3480.8962386292083,0.0,0.0,0.03677213890478015,,,
warmup_unmeasured,16000,3754.6605029737143,0.0,0.0,0.034090965054929256,,,
warmup_unmeasured,16128,3772.8939245156876,0.0,0.0,0.03392621222883463,,,
warmup_unmeasured,16256,3760.2977298589094,0.0,0.0,0.03403985779732466,,,
warmup_unmeasured,16384,3771.510926474707,0.0,0.0,0.03393865283578634,,,
warmup_unmeasured,16512,3439.9766796638737,0.0,0.0,0.03720955457538366,,,
warmup_unmeasured,16640,3772.7460305229665,0.0,0.0,0.03392754215747118,,,
warmup_unmeasured,16768,3773.418586007144,0.0,0.0,0.0339214950799942,,,
warmup_unmeasured,16896,3764.5563111614097,0.0,0.0,0.03400135086849332,,,
warmup_unmeasured,17024,3546.6409603429283,0.0,0.0,0.03609048714861274,,,
warmup_unmeasured,17152,3720.3726050832574,0.0,0.0,0.034405156038701534,,,
warmup_unmeasured,17280,3783.2191611820263,0.0,0.0,0.03383362013846636,,,
warmup_unmeasured,17408,3772.847473367753,0.0,0.0,0.033926629927009344,,,
warmup_unmeasured,17536,3767.366666631946,0.0,0.0,0.03397598676383495,,,
warmup_unmeasured,17664,3759.0013635782816,0.0,0.0,0.034051597118377686,,,
warmup_unmeasured,17792,3772.63827613054,0.0,0.0,0.03392851119861007,,,
warmup_unmeasured,17920,3763.0002421299914,0.0,0.0,0.03401541104540229,,,
warmup_unmeasured,18048,3769.313965428293,0.0,0.0,0.033958434127271175,,,
warmup_unmeasured,18176,3783.0981035356012,0.0,0.0,0.03383470280095935,,,
warmup_unmeasured,18304,3680.243415038046,0.0,0.0,0.03478030813857913,,,
warmup_unmeasured,18432,3755.3253939364695,0.0,0.0,0.034084929153323174,,,
warmup_unmeasured,18560,3764.594515296822,0.0,0.0,0.034001005813479424,,,
warmup_unmeasured,18688,3769.6733305786497,0.0,0.0,0.03395519685000181,,,
warmup_unmeasured,18816,3769.431661341522,0.0,0.0,0.033957373816519976,,,
warmup_unmeasured,18944,3761.1797800839718,0.0,0.0,0.03403187496587634,,,
warmup_unmeasured,19072,3768.0833282441613,0.0,0.0,0.033969524782150984,,,
warmup_unmeasured,19200,3765.1117652653,0.0,0.0,0.03399633476510644,,,
warmup_unmeasured,19328,3697.2516807303095,0.0,0.0,0.0346203101798892,,,
warmup_unmeasured,19456,3752.6365543413226,0.0,0.0,0.0341093516908586,,,
warmup_unmeasured,19584,3592.970008693621,0.0,0.0,0.03562512341886759,,,
warmup_unmeasured,19712,3754.466343018131,0.0,0.0,0.034092728048563004,,,
warmup_unmeasured,19840,3760.200921453226,0.0,0.0,0.03404073417186737,,,
warmup_unmeasured,19968,3724.216762230063,0.0,0.0,0.0343696428462863,,,
warmup_unmeasured,20096,3754.1260730575323,0.0,0.0,0.03409581817686558,,,
warmup_unmeasured,20224,3413.2814457621935,0.0,0.0,0.03750057006254792,,,
warmup_unmeasured,20352,3703.427002187205,0.0,0.0,0.03456258215010166,,,
warmup_unmeasured,20480,3734.8090254423437,0.0,0.0,0.03427216736599803,,,
warmup_unmeasured,20608,3690.9179999014423,0.0,0.0,0.034679719246923923,,,
warmup_unmeasured,20736,3526.752308979932,0.0,0.0,0.036294014658778906,,,
warmup_unmeasured,20864,3669.2118272487,0.0,0.0,0.03488487610593438,,,
warmup_unmeasured,20992,3730.1560941896014,0.0,0.0,0.034314917866140604,,,
warmup_unmeasured,21120,3760.826714813496,0.0,0.0,0.03403506986796856,,,
warmup_unmeasured,21248,3751.1312220049845,0.0,0.0,0.034123039804399014,,,
warmup_unmeasured,21376,3588.677679365893,0.0,0.0,0.03566773375496268,,,
warmup_unmeasured,21504,3703.9267304677214,0.0,0.0,0.03455791901797056,,,
warmup_unmeasured,21632,3738.1679914045417,0.0,0.0,0.03424137178808451,,,
warmup_unmeasured,21760,3732.444973670162,0.0,0.0,0.03429387463256717,,,
warmup_unmeasured,21888,3728.966469949345,0.0,0.0,0.03432586509734392,,,
warmup_unmeasured,22016,3485.8163925061176,0.0,0.0,0.03672023583203554,,,
warmup_unmeasured,22144,3727.1848454504147,0.0,0.0,0.0343422731384635,,,
warmup_unmeasured,22272,3668.5689008209633,0.0,0.0,0.034890989772975445,,,
warmup_unmeasured,22400,3625.696089275532,0.0,0.0,0.0353035656735301,,,
warmup_unmeasured,22528,3712.8279539713344,0.0,0.0,0.034475069027394056,,,
warmup_unmeasured,22656,3742.7809608587613,0.0,0.0,0.034199169371277094,,,
warmup_unmeasured,22784,3743.524240641203,0.0,0.0,0.03419237909838557,,,
warmup_unmeasured,22912,3731.940510395084,0.0,0.0,0.034298510290682316,,,
warmup_unmeasured,23040,3756.026138686637,0.0,0.0,0.0340785700827837,,,
warmup_unmeasured,23168,3748.2034475634578,0.0,0.0,0.03414969379082322,,,
warmup_unmeasured,23296,3736.9159966481698,0.0,0.0,0.03425284381955862,,,
warmup_unmeasured,23424,3758.6489127312825,0.0,0.0,0.034054790157824755,,,
warmup_unmeasured,23552,3743.7105910989226,0.0,0.0,0.03419067710638046,,,
warmup_unmeasured,23680,3732.3748321908756,0.0,0.0,0.0342945191077888,,,
warmup_unmeasured,23808,3750.886652385679,0.0,0.0,0.03412526473402977,,,
warmup_unmeasured,23936,3733.2748602714,0.0,0.0,0.03428625129163265,,,
warmup_unmeasured,24064,2985.3772630250783,0.0,0.0,0.04287565313279629,,,
warmup_unmeasured,24192,3727.700156314257,0.0,0.0,0.034337525721639395,,,
warmup_unmeasured,24320,3742.8790658504454,0.0,0.0,0.034198272973299026,,,
warmup_unmeasured,24448,3624.185872998373,0.0,0.0,0.03531827684491873,,,
warmup_unmeasured,24576,3678.086845900904,0.0,0.0,0.0348007008433342,,,
warmup_unmeasured,24704,3646.8248142792427,0.0,0.0,0.035099026281386614,,,
warmup_unmeasured,24832,3653.0389160715226,0.0,0.0,0.03503932012245059,,,
warmup_unmeasured,24960,3695.629008079867,0.0,0.0,0.034635511226952076,,,
warmup_unmeasured,25088,3609.306116041257,0.0,0.0,0.0354638802818954,,,
warmup_unmeasured,25216,3351.0403371507746,0.0,0.0,0.038197093177586794,,,
warmup_unmeasured,25344,3664.9581301744697,0.0,0.0,0.0349253648892045,,,
warmup_unmeasured,25472,3701.3544753093483,0.0,0.0,0.03458193503320217,,,
warmup_unmeasured,25600,3699.117794383144,0.0,0.0,0.03460284508764744,,,
warmup_unmeasured,25728,3607.0479606265044,0.0,0.0,0.03548608208075166,,,
warmup_unmeasured,25856,3660.625557889083,0.0,0.0,0.03496670117601752,,,
warmup_unmeasured,25984,3682.66023939671,0.0,0.0,0.03475748281925917,,,
warmup_unmeasured,26112,3663.435590992907,0.0,0.0,0.03493988001719117,,,
warmup_unmeasured,26240,3681.439079493935,0.0,0.0,0.03476901212707162,,,
warmup_unmeasured,26368,3326.552948517643,0.0,0.0,0.03847826924175024,,,
warmup_unmeasured,26496,3639.2777194646283,0.0,0.0,0.035171814262866974,,,
warmup_unmeasured,26624,3641.6491749325764,0.0,0.0,0.035148910246789455,,,
warmup_unmeasured,26752,3667.978815446258,0.0,0.0,0.03489660285413265,,,
warmup_unmeasured,26880,3676.0473938767936,0.0,0.0,0.03482000809162855,,,
warmup_unmeasured,27008,3697.156798383095,0.0,0.0,0.034621198661625385,,,
warmup_unmeasured,27136,3710.5307067719846,0.0,0.0,0.034496413078159094,,,
warmup_unmeasured,27264,3680.9768491334767,0.0,0.0,0.034773378167301416,,,
warmup_unmeasured,27392,3693.372193186066,0.0,0.0,0.034656675066798925,,,
warmup_unmeasured,27520,3712.6610627046457,0.0,0.0,0.034476618748158216,,,
warmup_unmeasured,27648,3714.160563108214,0.0,0.0,0.0344626996666193,,,
warmup_unmeasured,27776,3704.7202649930246,0.0,0.0,0.03455051686614752,,,
warmup_unmeasured,27904,3710.451469515597,0.0,0.0,0.034497149754315615,,,
warmup_unmeasured,28032,3732.976999496123,0.0,0.0,0.034288987051695585,,,
warmup_unmeasured,28160,3708.1699173881766,0.0,0.0,0.03451837506145239,,,
warmup_unmeasured,28288,3694.136884430088,0.0,0.0,0.03464950108900666,,,
warmup_unmeasured,28416,3713.3542511542923,0.0,0.0,0.034470182843506336,,,
warmup_unmeasured,28544,2986.3123225410477,0.0,0.0,0.042862228117883205,,,
warmup_unmeasured,28672,3727.9869623621535,0.0,0.0,0.0343348840251565,,,
warmup_unmeasured,28800,3762.355855819973,0.0,0.0,0.034021236933767796,,,
warmup_unmeasured,28928,3769.3999752452974,0.0,0.0,0.033957659266889095,,,
warmup_unmeasured,29056,3757.921501196076,0.0,0.0,0.03406138205900788,,,
warmup_unmeasured,29184,3769.7232708018228,0.0,0.0,0.03395474702119827,,,
warmup_unmeasured,29312,3756.7749970943814,0.0,0.0,0.034071777015924454,,,
warmup_unmeasured,29440,3771.901972505139,0.0,0.0,0.033935134299099445,,,
warmup_unmeasured,29568,3773.710709071611,0.0,0.0,0.03391886921599507,,,
warmup_unmeasured,29696,3771.059688929382,0.0,0.0,0.03394271386787295,,,
warmup_unmeasured,29824,3761.6161473310144,0.0,0.0,0.034027927089482546,,,
warmup_unmeasured,29952,3758.625939157709,0.0,0.0,0.03405499830842018,,,
warmup_unmeasured,30080,3774.3269630096115,0.0,0.0,0.03391333110630512,,,
warmup_unmeasured,30208,3760.18338125,0.0,0.0,0.03404089296236634,,,
warmup_unmeasured,30336,3759.806229316497,0.0,0.0,0.03404430765658617,,,
warmup_unmeasured,30464,3770.7595963325025,0.0,0.0,0.033945415169000626,,,
warmup_unmeasured,30592,3591.070558228121,0.0,0.0,0.03564396686851978,,,
warmup_unmeasured,30720,3739.502474834044,0.0,0.0,0.034229152370244265,,,
warmup_unmeasured,30848,3754.0523457747813,0.0,0.0,0.034096487797796726,,,
warmup_unmeasured,30976,3764.708616743787,0.0,0.0,0.03399997530505061,,,
warmup_unmeasured,31104,3765.4657387543048,0.0,0.0,0.03399313893169165,,,
warmup_unmeasured,31232,3758.7005657510963,0.0,0.0,0.03405432216823101,,,
warmup_unmeasured,31360,3623.046586554831,0.0,0.0,0.03532938286662102,,,
warmup_unmeasured,31488,3742.9001145005545,0.0,0.0,0.03419808065518737,,,
warmup_unmeasured,31616,3748.4552326811167,0.0,0.0,0.03414739994332194,,,
warmup_unmeasured,31744,3780.93760406839,0.0,0.0,0.03385403659194708,,,
warmup_unmeasured,31872,3760.8695772408632,0.0,0.0,0.03403468197211623,,,
warmup_unmeasured,32000,3754.4036786661627,0.0,0.0,0.034093297086656094,,,
warmup_unmeasured,32128,3681.1583060650382,0.0,0.0,0.03477166406810284,,,
warmup_unmeasured,32256,3758.8786125125116,0.0,0.0,0.034052709117531776,,,
warmup_unmeasured,32384,3735.6702725101704,0.0,0.0,0.03426426602527499,,,
warmup_unmeasured,32512,3692.753415238533,0.0,0.0,0.03466248232871294,,,
warmup_unmeasured,32640,3660.290825210381,0.0,0.0,0.034969898872077465,,,
warmup_unmeasured,32768,3623.5353171821753,0.0,0.0,0.035324617754668,,,
rollout_update,128,86.45439437093266,4.727974692160379,342280.1690136668,1.48054938018322,"{""policy_inference_time"": 0.0693111508153379, ""env_step_time"": 0.03546150866895914, ""replay_insert_time"": 0.0009219958446919918, ""logging_time"": 0.00015322305262088776, ""total_train_step_time"": 1.48054938018322}",0.33156165666878223,0.02183231059461832
rollout_update,256,2855.3196100497876,4.589026496956543,342280.1690136668,0.04482860676944256,"{""policy_inference_time"": 0.007266850210726261, ""env_step_time"": 0.03587216092273593, ""replay_insert_time"": 0.001190951094031334, ""logging_time"": 0.0002198750153183937, ""total_train_step_time"": 0.04482860676944256}",0.33156165666878223,0.02183231059461832
rollout_update,384,3140.6905836128058,4.4696066133757455,342280.1690136668,0.04075536783784628,"{""policy_inference_time"": 0.006912742275744677, ""env_step_time"": 0.03289064997807145, ""replay_insert_time"": 0.0005866680294275284, ""logging_time"": 0.00011472171172499657, ""total_train_step_time"": 0.04075536783784628}",0.33156165666878223,0.02183231059461832
rollout_update,512,3157.896171034374,4.356846464762257,342280.1690136668,0.04053331492468715,"{""policy_inference_time"": 0.00686529790982604, ""env_step_time"": 0.03270833985880017, ""replay_insert_time"": 0.0005888990126550198, ""logging_time"": 0.00011606793850660324, ""total_train_step_time"": 0.04053331492468715}",0.33156165666878223,0.02183231059461832
rollout_update,640,3159.8811198792246,4.249701475669266,342280.1690136668,0.04050785303115845,"{""policy_inference_time"": 0.006873087026178837, ""env_step_time"": 0.03267105808481574, ""replay_insert_time"": 0.000582071952521801, ""logging_time"": 0.00012672273442149162, ""total_train_step_time"": 0.04050785303115845}",0.33156165666878223,0.02183231059461832
rollout_update,768,3166.1267168244945,4.147896278628566,342280.1690136668,0.040427946019917727,"{""policy_inference_time"": 0.006831395905464888, ""env_step_time"": 0.032641890458762646, ""replay_insert_time"": 0.0005852021276950836, ""logging_time"": 0.00011609774082899094, ""total_train_step_time"": 0.040427946019917727}",0.33156165666878223,0.02183231059461832
rollout_update,896,3153.0501357486287,4.050461621160336,342280.1690136668,0.04059561202302575,"{""policy_inference_time"": 0.006843097973614931, ""env_step_time"": 0.03280743304640055, ""replay_insert_time"": 0.0005775117315351963, ""logging_time"": 0.00011765491217374802, ""total_train_step_time"": 0.04059561202302575}",0.33156165666878223,0.02183231059461832
rollout_update,1024,3149.3340129139488,3.9573922401719557,342280.1690136668,0.040643513668328524,"{""policy_inference_time"": 0.006881847977638245, ""env_step_time"": 0.032818336971104145, ""replay_insert_time"": 0.0005746376700699329, ""logging_time"": 0.00011760182678699493, ""total_train_step_time"": 0.040643513668328524}",0.33156165666878223,0.02183231059461832
rollout_update,1152,104.17367591849812,4.67046700150087,357760.7354490223,1.2287173210643232,"{""policy_inference_time"": 0.00691103795543313, ""env_step_time"": 0.032589822076261044, ""replay_insert_time"": 0.000574920792132616, ""logging_time"": 0.00011709704995155334, ""total_train_step_time"": 1.2287173210643232}",0.33149542985484004,0.024341439362615347
rollout_update,1280,2810.392915244875,4.600565513684271,357760.7354490223,0.04554523294791579,"{""policy_inference_time"": 0.007390839979052544, ""env_step_time"": 0.036255578976124525, ""replay_insert_time"": 0.0014856853522360325, ""logging_time"": 0.0001303129829466343, ""total_train_step_time"": 0.04554523294791579}",0.33149542985484004,0.024341439362615347
rollout_update,1408,2889.2455491978053,4.534550466160865,357760.7354490223,0.0443022227846086,"{""policy_inference_time"": 0.0074087041430175304, ""env_step_time"": 0.03582568885758519, ""replay_insert_time"": 0.0006763800047338009, ""logging_time"": 0.0001221913844347, ""total_train_step_time"": 0.0443022227846086}",0.33149542985484004,0.024341439362615347
rollout_update,1536,3076.1603928598292,4.47424907184847,357760.7354490223,0.041610314045101404,"{""policy_inference_time"": 0.007331047207117081, ""env_step_time"": 0.03329386096447706, ""replay_insert_time"": 0.0006107538938522339, ""logging_time"": 0.00011807680130004883, ""total_train_step_time"": 0.041610314045101404}",0.33149542985484004,0.024341439362615347
rollout_update,1664,3119.293916481722,4.416331880234357,357760.7354490223,0.04103492759168148,"{""policy_inference_time"": 0.007093893829733133, ""env_step_time"": 0.03295988775789738, ""replay_insert_time"": 0.0006050043739378452, ""logging_time"": 0.00011973688378930092, ""total_train_step_time"": 0.04103492759168148}",0.33149542985484004,0.024341439362615347
rollout_update,1792,3111.8248801780373,4.359761227169929,357760.7354490223,0.04113342007622123,"{""policy_inference_time"": 0.006997182033956051, ""env_step_time"": 0.03312972001731396, ""replay_insert_time"": 0.0006289309822022915, ""logging_time"": 0.00012015597894787788, ""total_train_step_time"": 0.04113342007622123}",0.33149542985484004,0.024341439362615347
rollout_update,1920,3107.1308738056,4.304539273540402,357760.7354490223,0.041195561178028584,"{""policy_inference_time"": 0.007200321182608604, ""env_step_time"": 0.03300210693851113, ""replay_insert_time"": 0.0006184922531247139, ""logging_time"": 0.00011659087613224983, ""total_train_step_time"": 0.041195561178028584}",0.33149542985484004,0.024341439362615347
rollout_update,2048,3108.529710161776,4.250722661191592,357760.7354490223,0.04117702320218086,"{""policy_inference_time"": 0.007084310054779053, ""env_step_time"": 0.03310582088306546, ""replay_insert_time"": 0.0006091268733143806, ""logging_time"": 0.00011971220374107361, ""total_train_step_time"": 0.04117702320218086}",0.33149542985484004,0.024341439362615347
rollout_update,2176,104.15058020036835,4.643400741805079,363494.95669494744,1.2289897929877043,"{""policy_inference_time"": 0.007109398953616619, ""env_step_time"": 0.035344259813427925, ""replay_insert_time"": 0.00062135374173522, ""logging_time"": 0.00012779468670487404, ""total_train_step_time"": 1.2289897929877043}",0.33579403860494494,0.02204363187775016
rollout_update,2304,2809.5230652530704,4.597090474202936,363494.95669494744,0.045559334103018045,"{""policy_inference_time"": 0.007636182941496372, ""env_step_time"": 0.03598655108362436, ""replay_insert_time"": 0.0015281657688319683, ""logging_time"": 0.00012970995157957077, ""total_train_step_time"": 0.045559334103018045}",0.33579403860494494,0.02204363187775016
rollout_update,2432,3022.92984688449,4.5548701409315395,363494.95669494744,0.04234302695840597,"{""policy_inference_time"": 0.007490979973226786, ""env_step_time"": 0.03381254198029637, ""replay_insert_time"": 0.0006544850766658783, ""logging_time"": 0.00012353714555501938, ""total_train_step_time"": 0.04234302695840597}",0.33579403860494494,0.02204363187775016
rollout_update,2560,3083.5626712466956,4.51422607009195,363494.95669494744,0.041510425973683596,"{""policy_inference_time"": 0.007264429237693548, ""env_step_time"": 0.03323347633704543, ""replay_insert_time"": 0.0006348812021315098, ""logging_time"": 0.00011906120926141739, ""total_train_step_time"": 0.041510425973683596}",0.33579403860494494,0.02204363187775016
rollout_update,2688,3084.7261702696073,4.474315861187793,363494.95669494744,0.04149476904422045,"{""policy_inference_time"": 0.007267303764820099, ""env_step_time"": 0.033220584969967604, ""replay_insert_time"": 0.000630080234259367, ""logging_time"": 0.00012049777433276176, ""total_train_step_time"": 0.04149476904422045}",0.33579403860494494,0.02204363187775016
rollout_update,2816,3100.8096126190917,4.435306766111357,363494.95669494744,0.04127954179421067,"{""policy_inference_time"": 0.007233104202896357, ""env_step_time"": 0.03305632062256336, ""replay_insert_time"": 0.0006159893237054348, ""logging_time"": 0.00011998694390058517, ""total_train_step_time"": 0.04127954179421067}",0.33579403860494494,0.02204363187775016
rollout_update,2944,3110.611354578355,4.39709174427142,363494.95669494744,0.04114946722984314,"{""policy_inference_time"": 0.007127446122467518, ""env_step_time"": 0.03302850108593702, ""replay_insert_time"": 0.0006169858388602734, ""logging_time"": 0.00012203957885503769, ""total_train_step_time"": 0.04114946722984314}",0.33579403860494494,0.02204363187775016
rollout_update,3072,3093.2459722959275,4.359320564318977,363494.95669494744,0.041380479000508785,"{""policy_inference_time"": 0.007205863017588854, ""env_step_time"": 0.03316361177712679, ""replay_insert_time"": 0.0006310190074145794, ""logging_time"": 0.0001212279312312603, ""total_train_step_time"": 0.041380479000508785}",0.33579403860494494,0.02204363187775016
rollout_update,3200,101.30504410106063,4.604676149910353,364440.72950240027,1.26351062906906,"{""policy_inference_time"": 0.007241823710501194, ""env_step_time"": 0.03315507620573044, ""replay_insert_time"": 0.0006158258765935898, ""logging_time"": 0.00011871801689267159, ""total_train_step_time"": 1.26351062906906}",0.35323444847017527,0.021705960854887962
rollout_update,3328,2772.6416993195257,4.569980769650379,364440.72950240027,0.04616535920649767,"{""policy_inference_time"": 0.007935227360576391, ""env_step_time"": 0.03611353877931833, ""replay_insert_time"": 0.0017113341018557549, ""logging_time"": 0.00012956513091921806, ""total_train_step_time"": 0.04616535920649767}",0.35323444847017527,0.021705960854887962
rollout_update,3456,2512.1821329829827,4.532290183069479,364440.72950240027,0.050951719749718904,"{""policy_inference_time"": 0.007319814059883356, ""env_step_time"": 0.04027668293565512, ""replay_insert_time"": 0.0021701520308852196, ""logging_time"": 0.000392192043364048, ""total_train_step_time"": 0.050951719749718904}",0.35323444847017527,0.021705960854887962
rollout_update,3584,2803.6074827433727,4.499041652985001,364440.72950240027,0.04565546382218599,"{""policy_inference_time"": 0.010515850968658924, ""env_step_time"": 0.03410398215055466, ""replay_insert_time"": 0.0006166077218949795, ""logging_time"": 0.00011948728933930397, ""total_train_step_time"": 0.04565546382218599}",0.35323444847017527,0.021705960854887962
rollout_update,3712,2541.4141835382657,4.462924290955737,364440.72950240027,0.050365658942610025,"{""policy_inference_time"": 0.007030630949884653, ""env_step_time"": 0.04228533385321498, ""replay_insert_time"": 0.0006572268903255463, ""logging_time"": 0.00012791436165571213, ""total_train_step_time"": 0.050365658942610025}",0.35323444847017527,0.021705960854887962
rollout_update,3840,3051.5969371494025,4.433284855673836,364440.72950240027,0.041945251170545816,"{""policy_inference_time"": 0.007484640926122665, ""env_step_time"": 0.03347432799637318, ""replay_insert_time"": 0.0006091981194913387, ""logging_time"": 0.00011860299855470657, ""total_train_step_time"": 0.041945251170545816}",0.35323444847017527,0.021705960854887962
rollout_update,3968,2304.523879410443,4.394637532088137,364440.72950240027,0.05554292630404234,"{""policy_inference_time"": 0.006913806777447462, ""env_step_time"": 0.04762741504237056, ""replay_insert_time"": 0.0006264001131057739, ""logging_time"": 0.00012135924771428108, ""total_train_step_time"": 0.05554292630404234}",0.35323444847017527,0.021705960854887962
rollout_update,4096,3013.511702952399,4.365534413264837,364440.72950240027,0.042475361842662096,"{""policy_inference_time"": 0.007264177780598402, ""env_step_time"": 0.03422062424942851, ""replay_insert_time"": 0.0006060786545276642, ""logging_time"": 0.00011927494779229164, ""total_train_step_time"": 0.042475361842662096}",0.35323444847017527,0.021705960854887962
rollout_update,4224,99.02861349927463,4.541660468107684,357169.7114604384,1.292555711697787,"{""policy_inference_time"": 0.007092040032148361, ""env_step_time"": 0.0435408572666347, ""replay_insert_time"": 0.0024969959631562233, ""logging_time"": 0.0003947960212826729, ""total_train_step_time"": 1.292555711697787}",0.3356548813171685,0.0215142909437418
rollout_update,4352,2873.1882649727327,4.515556664025127,357169.7114604384,0.04454981302842498,"{""policy_inference_time"": 0.00721339276060462, ""env_step_time"": 0.03553334390744567, ""replay_insert_time"": 0.0013968669809401035, ""logging_time"": 0.0001323898322880268, ""total_train_step_time"": 0.04454981302842498}",0.3356548813171685,0.0215142909437418
rollout_update,4480,3108.2004609620312,4.491692063120532,357169.7114604384,0.041181385051459074,"{""policy_inference_time"": 0.007219925057142973, ""env_step_time"": 0.03298786515370011, ""replay_insert_time"": 0.0006041419692337513, ""logging_time"": 0.00011644605547189713, ""total_train_step_time"": 0.041181385051459074}",0.3356548813171685,0.0215142909437418
rollout_update,4608,3144.093993204322,4.468346560513898,357169.7114604384,0.040711251087486744,"{""policy_inference_time"": 0.0069141630083322525, ""env_step_time"": 0.03282451257109642, ""replay_insert_time"": 0.0005927667953073978, ""logging_time"": 0.00012509198859333992, ""total_train_step_time"": 0.040711251087486744}",0.3356548813171685,0.0215142909437418
rollout_update,4736,3150.603260002889,4.445289966539084,357169.7114604384,0.04062714008614421,"{""policy_inference_time"": 0.00689516868442297, ""env_step_time"": 0.032774657011032104, ""replay_insert_time"": 0.0005857362411916256, ""logging_time"": 0.00011797808110713959, ""total_train_step_time"": 0.04062714008614421}",0.3356548813171685,0.0215142909437418
rollout_update,4864,2191.6436582249207,4.412558717761279,357169.7114604384,0.05840365495532751,"{""policy_inference_time"": 0.0068462616764009, ""env_step_time"": 0.05059804301708937, ""replay_insert_time"": 0.0005882950499653816, ""logging_time"": 0.00011806003749370575, ""total_train_step_time"": 0.05840365495532751}",0.3356548813171685,0.0215142909437418
rollout_update,4992,2969.5730627596085,4.388709439727455,357169.7114604384,0.04310383927077055,"{""policy_inference_time"": 0.006904261186718941, ""env_step_time"": 0.03524569794535637, ""replay_insert_time"": 0.000585468951612711, ""logging_time"": 0.000114422757178545, ""total_train_step_time"": 0.04310383927077055}",0.3356548813171685,0.0215142909437418
rollout_update,5120,2719.422979954085,4.3629590900053845,357169.7114604384,0.04706880869343877,"{""policy_inference_time"": 0.006860712077468634, ""env_step_time"": 0.03925746912136674, ""replay_insert_time"": 0.0005838377401232719, ""logging_time"": 0.00011715339496731758, ""total_train_step_time"": 0.04706880869343877}",0.3356548813171685,0.0215142909437418
rollout_update,5248,96.29441862657188,4.491337277087307,349229.9262261857,1.3292566882446408,"{""policy_inference_time"": 0.0069048223085701466, ""env_step_time"": 0.04585108906030655, ""replay_insert_time"": 0.0006015077233314514, ""logging_time"": 0.00011713802814483643, ""total_train_step_time"": 1.3292566882446408}",0.34713114611804485,0.02360187703743577
rollout_update,5376,2318.263666531088,4.464974418793534,349229.9262261857,0.055213736835867167,"{""policy_inference_time"": 0.01671834196895361, ""env_step_time"": 0.03654884593561292, ""replay_insert_time"": 0.0015250579454004765, ""logging_time"": 0.00012925593182444572, ""total_train_step_time"": 0.055213736835867167}",0.34713114611804485,0.02360187703743577
rollout_update,5504,691.509530974756,4.378808127749928,349229.9262261857,0.1851022932678461,"{""policy_inference_time"": 0.007204168941825628, ""env_step_time"": 0.17687058681622148, ""replay_insert_time"": 0.0006444528698921204, ""logging_time"": 0.00012344308197498322, ""total_train_step_time"": 0.1851022932678461}",0.34713114611804485,0.02360187703743577
rollout_update,5632,2914.6670533125803,4.358850925472397,349229.9262261857,0.0439158221706748,"{""policy_inference_time"": 0.008500996977090836, ""env_step_time"": 0.03437728388234973, ""replay_insert_time"": 0.00066382996737957, ""logging_time"": 0.00012100208550691605, ""total_train_step_time"": 0.0439158221706748}",0.34713114611804485,0.02360187703743577
rollout_update,5760,2219.607092670876,4.3329188577169635,349229.9262261857,0.05766786402091384,"{""policy_inference_time"": 0.0071277618408203125, ""env_step_time"": 0.04945264011621475, ""replay_insert_time"": 0.0005943058058619499, ""logging_time"": 0.00015556300058960915, ""total_train_step_time"": 0.05766786402091384}",0.34713114611804485,0.02360187703743577
rollout_update,5888,2839.9304718398366,4.312864932773391,349229.9262261857,0.04507152596488595,"{""policy_inference_time"": 0.0074830916710197926, ""env_step_time"": 0.03647808497771621, ""replay_insert_time"": 0.0007171481847763062, ""logging_time"": 0.00012183608487248421, ""total_train_step_time"": 0.04507152596488595}",0.34713114611804485,0.02360187703743577
rollout_update,6016,2267.8080695393396,4.288012080373465,349229.9262261857,0.056442166212946177,"{""policy_inference_time"": 0.012847309932112694, ""env_step_time"": 0.04261599527671933, ""replay_insert_time"": 0.0005880668759346008, ""logging_time"": 0.00011525116860866547, ""total_train_step_time"": 0.056442166212946177}",0.34713114611804485,0.02360187703743577
rollout_update,6144,3100.870197846343,4.270016632535702,349229.9262261857,0.041278735268861055,"{""policy_inference_time"": 0.006957506760954857, ""env_step_time"": 0.03335073031485081, ""replay_insert_time"": 0.0005904948338866234, ""logging_time"": 0.00012011267244815826, ""total_train_step_time"": 0.041278735268861055}",0.34713114611804485,0.02360187703743577
rollout_update,6272,98.14391822142017,4.398471180154324,346208.8218770045,1.3042071512900293,"{""policy_inference_time"": 0.0068631237372756, ""env_step_time"": 0.048155787866562605, ""replay_insert_time"": 0.0005914359353482723, ""logging_time"": 0.00011980300769209862, ""total_train_step_time"": 1.3042071512900293}",0.34631256526336074,0.02492818282917142
rollout_update,6400,2188.328421875356,4.375497499527522,346208.8218770045,0.05849213432520628,"{""policy_inference_time"": 0.015463971067219973, ""env_step_time"": 0.041218046098947525, ""replay_insert_time"": 0.0013823308981955051, ""logging_time"": 0.00012931879609823227, ""total_train_step_time"": 0.05849213432520628}",0.34631256526336074,0.02492818282917142
rollout_update,6528,3076.1232139523663,4.359299762780017,346208.8218770045,0.0416108169592917,"{""policy_inference_time"": 0.007309904787689447, ""env_step_time"": 0.03332929406315088, ""replay_insert_time"": 0.0006036581471562386, ""logging_time"": 0.00011529307812452316, ""total_train_step_time"": 0.0416108169592917}",0.34631256526336074,0.02492818282917142
rollout_update,6656,2287.017574035124,4.337701402837904,346208.8218770045,0.05596808763220906,"{""policy_inference_time"": 0.007536040619015694, ""env_step_time"": 0.04746291320770979, ""replay_insert_time"": 0.0005910461768507957, ""logging_time"": 0.00011815596371889114, ""total_train_step_time"": 0.05596808763220906}",0.34631256526336074,0.02492818282917142
rollout_update,6784,3099.2272251686227,4.321900029255125,346208.8218770045,0.04130061808973551,"{""policy_inference_time"": 0.0069152419455349445, ""env_step_time"": 0.03343619406223297, ""replay_insert_time"": 0.0005744812078773975, ""logging_time"": 0.00011769682168960571, ""total_train_step_time"": 0.04130061808973551}",0.34631256526336074,0.02492818282917142
rollout_update,6912,340.4566974569248,4.183181822433129,346208.8218770045,0.3759655808098614,"{""policy_inference_time"": 0.010042910929769278, ""env_step_time"": 0.36452217819169164, ""replay_insert_time"": 0.0009217178449034691, ""logging_time"": 0.00014297012239694595, ""total_train_step_time"": 0.3759655808098614}",0.34631256526336074,0.02492818282917142
rollout_update,7040,360.4952213652267,4.060109920934944,346208.8218770045,0.3550671199336648,"{""policy_inference_time"": 0.009484611917287111, ""env_step_time"": 0.34453889867290854, ""replay_insert_time"": 0.0006554871797561646, ""logging_time"": 0.00012689316645264626, ""total_train_step_time"": 0.3550671199336648}",0.34631256526336074,0.02492818282917142
rollout_update,7168,2929.1752880197364,4.0454620518005235,346208.8218770045,0.043698306661099195,"{""policy_inference_time"": 0.008733055554330349, ""env_step_time"": 0.03398294188082218, ""replay_insert_time"": 0.0006117066368460655, ""logging_time"": 0.00011875899508595467, ""total_train_step_time"": 0.043698306661099195}",0.34631256526336074,0.02492818282917142
rollout_update,7296,104.35759676006558,4.198250727306169,349863.570289013,1.2265518177300692,"{""policy_inference_time"": 0.006982367020100355, ""env_step_time"": 0.033736585173755884, ""replay_insert_time"": 0.0005955798551440239, ""logging_time"": 0.00011625094339251518, ""total_train_step_time"": 1.2265518177300692}",0.33338107727468014,0.02155333384871483
rollout_update,7424,2853.818748508931,4.184181364509162,349863.570289013,0.04485218273475766,"{""policy_inference_time"": 0.007148859091103077, ""env_step_time"": 0.03601509425789118, ""replay_insert_time"": 0.0012877080589532852, ""logging_time"": 0.00012922799214720726, ""total_train_step_time"": 0.04485218273475766}",0.33338107727468014,0.02155333384871483
rollout_update,7552,3072.329739674181,4.171196862262062,349863.570289013,0.04166219476610422,"{""policy_inference_time"": 0.007200133986771107, ""env_step_time"": 0.033494959119707346, ""replay_insert_time"": 0.000599259976297617, ""logging_time"": 0.00011616386473178864, ""total_train_step_time"": 0.04166219476610422}",0.33338107727468014,0.02155333384871483
rollout_update,7680,3137.4548514492044,4.158559742833637,349863.570289013,0.04079739982262254,"{""policy_inference_time"": 0.006861057132482529, ""env_step_time"": 0.032980133313685656, ""replay_insert_time"": 0.0005819760262966156, ""logging_time"": 0.00011889496818184853, ""total_train_step_time"": 0.04079739982262254}",0.33338107727468014,0.02155333384871483
rollout_update,7808,3141.9401585233354,4.146016840509484,349863.570289013,0.04073915909975767,"{""policy_inference_time"": 0.006860645022243261, ""env_step_time"": 0.032919857650995255, ""replay_insert_time"": 0.000579209066927433, ""logging_time"": 0.00012801308184862137, ""total_train_step_time"": 0.04073915909975767}",0.33338107727468014,0.02155333384871483
rollout_update,7936,3130.033593846923,4.133502090827533,349863.570289013,0.040894129779189825,"{""policy_inference_time"": 0.006871254649013281, ""env_step_time"": 0.033082119189202785, ""replay_insert_time"": 0.000573412049561739, ""logging_time"": 0.00011539412662386894, ""total_train_step_time"": 0.040894129779189825}",0.33338107727468014,0.02155333384871483
rollout_update,8064,3135.979993098464,4.121086181916364,349863.570289013,0.040816586930304766,"{""policy_inference_time"": 0.006873945239931345, ""env_step_time"": 0.033005411736667156, ""replay_insert_time"": 0.0005719540640711784, ""logging_time"": 0.00011597201228141785, ""total_train_step_time"": 0.040816586930304766}",0.33338107727468014,0.02155333384871483
rollout_update,8192,3126.0589687158927,4.1087055875153915,349863.570289013,0.04094612458720803,"{""policy_inference_time"": 0.006836125161498785, ""env_step_time"": 0.033174407202750444, ""replay_insert_time"": 0.0005729738622903824, ""logging_time"": 0.00011459086090326309, ""total_train_step_time"": 0.04094612458720803}",0.33338107727468014,0.02155333384871483
rollout_update,8320,105.76785487735468,4.245341883648481,353236.24617764977,1.210197560954839,"{""policy_inference_time"": 0.006859311833977699, ""env_step_time"": 0.03281932882964611, ""replay_insert_time"": 0.0005735834129154682, ""logging_time"": 0.00011724792420864105, ""total_train_step_time"": 1.210197560954839}",0.3311893669888377,0.021574189886450768
rollout_update,8448,2928.51635045701,4.23287465725639,353236.24617764977,0.0437081390991807,"{""policy_inference_time"": 0.007399921305477619, ""env_step_time"": 0.03463887004181743, ""replay_insert_time"": 0.0012718881480395794, ""logging_time"": 0.00012652529403567314, ""total_train_step_time"": 0.0437081390991807}",0.3311893669888377,0.021574189886450768
rollout_update,8576,3120.194795534932,4.221239744287581,353236.24617764977,0.04102307977154851,"{""policy_inference_time"": 0.006986652035266161, ""env_step_time"": 0.03308539278805256, ""replay_insert_time"": 0.0005854088813066483, ""logging_time"": 0.0001159929670393467, ""total_train_step_time"": 0.04102307977154851}",0.3311893669888377,0.021574189886450768
rollout_update,8704,3113.729530612347,4.209644657833713,353236.24617764977,0.04110825899988413,"{""policy_inference_time"": 0.00697331503033638, ""env_step_time"": 0.03318893676623702, ""replay_insert_time"": 0.0005758837796747684, ""logging_time"": 0.00011823605746030807, ""total_train_step_time"": 0.04110825899988413}",0.3311893669888377,0.021574189886450768
rollout_update,8832,2776.6052633434383,4.196717280403805,353236.24617764977,0.04609945882111788,"{""policy_inference_time"": 0.006906524766236544, ""env_step_time"": 0.03820273233577609, ""replay_insert_time"": 0.0006001647561788559, ""logging_time"": 0.00011921487748622894, ""total_train_step_time"": 0.04609945882111788}",0.3311893669888377,0.021574189886450768
rollout_update,8960,3074.6856305640663,4.1851112042084395,353236.24617764977,0.041630272287875414,"{""policy_inference_time"": 0.0072842431254684925, ""env_step_time"": 0.033399430103600025, ""replay_insert_time"": 0.0005813390016555786, ""logging_time"": 0.00011615687981247902, ""total_train_step_time"": 0.041630272287875414}",0.3311893669888377,0.021574189886450768
rollout_update,9088,3123.941409241748,4.173750636331758,353236.24617764977,0.04097387986257672,"{""policy_inference_time"": 0.006968001835048199, ""env_step_time"": 0.03305056318640709, ""replay_insert_time"": 0.000572585966438055, ""logging_time"": 0.00013163406401872635, ""total_train_step_time"": 0.04097387986257672}",0.3311893669888377,0.021574189886450768
rollout_update,9216,3128.4376251390267,4.162467773659828,353236.24617764977,0.0409149918705225,"{""policy_inference_time"": 0.006822050083428621, ""env_step_time"": 0.03314348217099905, ""replay_insert_time"": 0.0005813329480588436, ""logging_time"": 0.00011807307600975037, ""total_train_step_time"": 0.0409149918705225}",0.3311893669888377,0.021574189886450768
rollout_update,9344,104.4776517771428,4.278625379753486,354921.6194994813,1.2251423900015652,"{""policy_inference_time"": 0.006927554961293936, ""env_step_time"": 0.033116514794528484, ""replay_insert_time"": 0.0005793999880552292, ""logging_time"": 0.00011606002226471901, ""total_train_step_time"": 1.2251423900015652}",0.3347680293954909,0.021365930791944265
rollout_update,9472,2838.937976530517,4.266866408358492,354921.6194994813,0.04508728301152587,"{""policy_inference_time"": 0.007246976252645254, ""env_step_time"": 0.03609963599592447, ""replay_insert_time"": 0.001330995000898838, ""logging_time"": 0.00013239681720733643, ""total_train_step_time"": 0.04508728301152587}",0.3347680293954909,0.021365930791944265
rollout_update,9600,3035.2115258530207,4.25592618724161,354921.6194994813,0.0421716901473701,"{""policy_inference_time"": 0.0071629732847213745, ""env_step_time"": 0.03403626987710595, ""replay_insert_time"": 0.0006006266921758652, ""logging_time"": 0.00011660903692245483, ""total_train_step_time"": 0.0421716901473701}",0.3347680293954909,0.021365930791944265
rollout_update,9728,3073.845621100912,4.245178379020435,354921.6194994813,0.04164164885878563,"{""policy_inference_time"": 0.007086365949362516, ""env_step_time"": 0.03360104374587536, ""replay_insert_time"": 0.0005871737375855446, ""logging_time"": 0.00011632498353719711, ""total_train_step_time"": 0.04164164885878563}",0.3347680293954909,0.021365930791944265
rollout_update,9856,3083.574605259509,4.234518373379406,354921.6194994813,0.041510265320539474,"{""policy_inference_time"": 0.007035401184111834, ""env_step_time"": 0.033516951370984316, ""replay_insert_time"": 0.0005840142257511616, ""logging_time"": 0.00011704303324222565, ""total_train_step_time"": 0.041510265320539474}",0.3347680293954909,0.021365930791944265
rollout_update,9984,3125.7979379128656,4.224054690155766,354921.6194994813,0.04094954393804073,"{""policy_inference_time"": 0.006861186120659113, ""env_step_time"": 0.03313143504783511, ""replay_insert_time"": 0.0005804509855806828, ""logging_time"": 0.0001162998378276825, ""total_train_step_time"": 0.04094954393804073}",0.3347680293954909,0.021365930791944265
rollout_update,10112,3091.1672657648146,4.213526234829038,354921.6194994813,0.04140830598771572,"{""policy_inference_time"": 0.007045802194625139, ""env_step_time"": 0.03338302532210946, ""replay_insert_time"": 0.0006063217297196388, ""logging_time"": 0.00011813081800937653, ""total_train_step_time"": 0.04140830598771572}",0.3347680293954909,0.021365930791944265
rollout_update,10240,2980.285113627054,4.202661372771419,354921.6194994813,0.04294891096651554,"{""policy_inference_time"": 0.007024002261459827, ""env_step_time"": 0.034861229825764894, ""replay_insert_time"": 0.0006706239655613899, ""logging_time"": 0.0001272689551115036, ""total_train_step_time"": 0.04294891096651554}",0.3347680293954909,0.021365930791944265
rollout_update,10368,104.78073071288122,4.307039081246362,356599.4323575164,1.2215986577793956,"{""policy_inference_time"": 0.007245921064168215, ""env_step_time"": 0.033430305775254965, ""replay_insert_time"": 0.0005794581957161427, ""logging_time"": 0.00012998515740036964, ""total_train_step_time"": 1.2215986577793956}",0.33305269572883844,0.021546782925724983
rollout_update,10496,2836.9070185911296,4.296196390250117,356599.4323575164,0.04511956125497818,"{""policy_inference_time"": 0.008159799966961145, ""env_step_time"": 0.03519672621041536, ""replay_insert_time"": 0.0013518789783120155, ""logging_time"": 0.00013610906898975372, ""total_train_step_time"": 0.04511956125497818}",0.33305269572883844,0.021546782925724983
rollout_update,10624,3111.8616236252597,4.286359186772992,356599.4323575164,0.041132934391498566,"{""policy_inference_time"": 0.00707262335345149, ""env_step_time"": 0.03310399688780308, ""replay_insert_time"": 0.0005860184319317341, ""logging_time"": 0.00011819228529930115, ""total_train_step_time"": 0.041132934391498566}",0.33305269572883844,0.021546782925724983
rollout_update,10752,3130.4452737444226,4.276624928770832,356599.4323575164,0.04088875185698271,"{""policy_inference_time"": 0.006952695082873106, ""env_step_time"": 0.03298649378120899, ""replay_insert_time"": 0.0005782293155789375, ""logging_time"": 0.00011672824621200562, ""total_train_step_time"": 0.04088875185698271}",0.33305269572883844,0.021546782925724983
rollout_update,10880,3136.4193632741803,4.266953198846824,356599.4323575164,0.040810869075357914,"{""policy_inference_time"": 0.00690789008513093, ""env_step_time"": 0.03293614275753498, ""replay_insert_time"": 0.0005931328050792217, ""logging_time"": 0.00011917809024453163, ""total_train_step_time"": 0.040810869075357914}",0.33305269572883844,0.021546782925724983
rollout_update,11008,3142.8992659728483,4.257344922185091,356599.4323575164,0.04072672687470913,"{""policy_inference_time"": 0.006852811202406883, ""env_step_time"": 0.03293129615485668, ""replay_insert_time"": 0.0005749780684709549, ""logging_time"": 0.00011681392788887024, ""total_train_step_time"": 0.04072672687470913}",0.33305269572883844,0.021546782925724983
rollout_update,11136,3152.5764089447557,4.247809115176631,356599.4323575164,0.04060171218588948,"{""policy_inference_time"": 0.006859638728201389, ""env_step_time"": 0.03279756987467408, ""replay_insert_time"": 0.0005702963098883629, ""logging_time"": 0.00011699879541993141, ""total_train_step_time"": 0.04060171218588948}",0.33305269572883844,0.021546782925724983
rollout_update,11264,3151.9937755905075,4.238314179369827,356599.4323575164,0.04060921724885702,"{""policy_inference_time"": 0.006840729154646397, ""env_step_time"": 0.03280816599726677, ""replay_insert_time"": 0.0005896450020372868, ""logging_time"": 0.00011675013229250908, ""total_train_step_time"": 0.04060921724885702}",0.33305269572883844,0.021546782925724983
rollout_update,11392,104.51653192508716,4.33161896708121,358456.64746577386,1.2246866370551288,"{""policy_inference_time"": 0.006878111977130175, ""env_step_time"": 0.03287667827680707, ""replay_insert_time"": 0.0005710837431252003, ""logging_time"": 0.00012243958190083504, ""total_train_step_time"": 1.2246866370551288}",0.33176076086238027,0.02147188689559698
rollout_update,11520,2878.895954098185,4.321710405275271,358456.64746577386,0.04446148872375488,"{""policy_inference_time"": 0.007169561926275492, ""env_step_time"": 0.035600115079432726, ""replay_insert_time"": 0.0012945900671184063, ""logging_time"": 0.00012479908764362335, ""total_train_step_time"": 0.04446148872375488}",0.33176076086238027,0.02147188689559698
rollout_update,11648,3102.6579674042573,4.312556903256245,358456.64746577386,0.04125495022162795,"{""policy_inference_time"": 0.007020994089543819, ""env_step_time"": 0.03326837019994855, ""replay_insert_time"": 0.0005986681208014488, ""logging_time"": 0.00011533079668879509, ""total_train_step_time"": 0.04125495022162795}",0.33176076086238027,0.02147188689559698
rollout_update,11776,3129.7944208120343,4.303520957142798,358456.64746577386,0.04089725483208895,"{""policy_inference_time"": 0.006953353062272072, ""env_step_time"": 0.03299148706719279, ""replay_insert_time"": 0.0005827690474689007, ""logging_time"": 0.00011894013732671738, ""total_train_step_time"": 0.04089725483208895}",0.33176076086238027,0.02147188689559698
rollout_update,11904,3133.007828544385,4.2945320070415525,358456.64746577386,0.040855308063328266,"{""policy_inference_time"": 0.006870722863823175, ""env_step_time"": 0.03303986182436347, ""replay_insert_time"": 0.0005762558430433273, ""logging_time"": 0.00011538714170455933, ""total_train_step_time"": 0.040855308063328266}",0.33176076086238027,0.02147188689559698
rollout_update,12032,3163.834077968363,4.285667566969664,358456.64746577386,0.04045724170282483,"{""policy_inference_time"": 0.006867787800729275, ""env_step_time"": 0.03265221416950226, ""replay_insert_time"": 0.0005713142454624176, ""logging_time"": 0.00011543417349457741, ""total_train_step_time"": 0.04045724170282483}",0.33176076086238027,0.02147188689559698
rollout_update,12160,3079.8964585783824,4.276599564390933,358456.64746577386,0.04155983868986368,"{""policy_inference_time"": 0.007368471939116716, ""env_step_time"": 0.03322584414854646, ""replay_insert_time"": 0.0005895746871829033, ""logging_time"": 0.00012045027688145638, ""total_train_step_time"": 0.04155983868986368}",0.33176076086238027,0.02147188689559698
rollout_update,12288,3103.6120213356435,4.267638708537048,358456.64746577386,0.04124226840212941,"{""policy_inference_time"": 0.006901198998093605, ""env_step_time"": 0.033385470043867826, ""replay_insert_time"": 0.0005844919942319393, ""logging_time"": 0.00011745933443307877, ""total_train_step_time"": 0.04124226840212941}",0.33176076086238027,0.02147188689559698
rollout_update,12416,105.43398343621656,4.354682560562103,360152.11145307287,1.2140298206359148,"{""policy_inference_time"": 0.006850508973002434, ""env_step_time"": 0.032836816273629665, ""replay_insert_time"": 0.0005788798443973064, ""logging_time"": 0.00011540018022060394, ""total_train_step_time"": 1.2140298206359148}",0.33262415742501616,0.021404146682471037
rollout_update,12544,2965.097106148685,4.345705246375356,360152.11145307287,0.04316890658810735,"{""policy_inference_time"": 0.006989479996263981, ""env_step_time"": 0.03444994008168578, ""replay_insert_time"": 0.0013335198163986206, ""logging_time"": 0.0001255003735423088, ""total_train_step_time"": 0.04316890658810735}",0.33262415742501616,0.021404146682471037
rollout_update,12672,3127.6553577913414,4.337228635075799,360152.11145307287,0.040925225242972374,"{""policy_inference_time"": 0.0069001419469714165, ""env_step_time"": 0.03304007509723306, ""replay_insert_time"": 0.0006001698784530163, ""logging_time"": 0.00011901883408427238, ""total_train_step_time"": 0.040925225242972374}",0.33262415742501616,0.021404146682471037
rollout_update,12800,3131.851091150447,4.328796317769908,360152.11145307287,0.04087039781734347,"{""policy_inference_time"": 0.0068507008254528046, ""env_step_time"": 0.03306833514943719, ""replay_insert_time"": 0.0005831550806760788, ""logging_time"": 0.00011695874854922295, ""total_train_step_time"": 0.04087039781734347}",0.33262415742501616,0.021404146682471037
rollout_update,12928,3107.09392589936,4.320329927959216,360152.11145307287,0.04119605105370283,"{""policy_inference_time"": 0.006810904946178198, ""env_step_time"": 0.03345063701272011, ""replay_insert_time"": 0.0005717170424759388, ""logging_time"": 0.00011547794565558434, ""total_train_step_time"": 0.04119605105370283}",0.33262415742501616,0.021404146682471037
rollout_update,13056,3150.9747484614495,4.312013808656906,360152.11145307287,0.04062235029414296,"{""policy_inference_time"": 0.006814301013946533, ""env_step_time"": 0.03286571800708771, ""replay_insert_time"": 0.0005767121911048889, ""logging_time"": 0.00011502392590045929, ""total_train_step_time"": 0.04062235029414296}",0.33262415742501616,0.021404146682471037
rollout_update,13184,3151.410237515738,4.303730785499835,360152.11145307287,0.04061673674732447,"{""policy_inference_time"": 0.0067818183451890945, ""env_step_time"": 0.0328838168643415, ""replay_insert_time"": 0.0005838298238813877, ""logging_time"": 0.00011755013838410378, ""total_train_step_time"": 0.04061673674732447}",0.33262415742501616,0.021404146682471037
rollout_update,13312,3154.3118472737774,4.295487099030264,360152.11145307287,0.04057937394827604,"{""policy_inference_time"": 0.006762759294360876, ""env_step_time"": 0.03288270626217127, ""replay_insert_time"": 0.0005730497650802135, ""logging_time"": 0.00011489680036902428, ""total_train_step_time"": 0.04057937394827604}",0.33262415742501616,0.021404146682471037
rollout_update,13440,105.55305168491685,4.375452199769954,361597.7603161293,1.2126603443175554,"{""policy_inference_time"": 0.006916325073689222, ""env_step_time"": 0.032803572714328766, ""replay_insert_time"": 0.00056871073320508, ""logging_time"": 0.000115217175334692, ""total_train_step_time"": 1.2126603443175554}",0.3311435356736183,0.021406898740679026
rollout_update,13568,2907.1308348711304,4.366867753237757,361597.7603161293,0.04402966611087322,"{""policy_inference_time"": 0.00701768696308136, ""env_step_time"": 0.03530733799561858, ""replay_insert_time"": 0.0013074721209704876, ""logging_time"": 0.00012881401926279068, ""total_train_step_time"": 0.04402966611087322}",0.3311435356736183,0.021406898740679026
rollout_update,13696,3131.27109869448,4.358927891332733,361597.7603161293,0.040877968072891235,"{""policy_inference_time"": 0.006902178283780813, ""env_step_time"": 0.03301482694223523, ""replay_insert_time"": 0.0005896906368434429, ""logging_time"": 0.00011738529428839684, ""total_train_step_time"": 0.040877968072891235}",0.3311435356736183,0.021406898740679026
rollout_update,13824,3152.7510565346315,4.351070651060245,361597.7603161293,0.040599463041871786,"{""policy_inference_time"": 0.006854088045656681, ""env_step_time"": 0.032809305004775524, ""replay_insert_time"": 0.0005732569843530655, ""logging_time"": 0.0001156986691057682, ""total_train_step_time"": 0.040599463041871786}",0.3311435356736183,0.021406898740679026
rollout_update,13952,3161.0472086353734,4.343262196358247,361597.7603161293,0.04049290996044874,"{""policy_inference_time"": 0.006822393741458654, ""env_step_time"": 0.03270533587783575, ""replay_insert_time"": 0.000569482333958149, ""logging_time"": 0.00011565303429961205, ""total_train_step_time"": 0.04049290996044874}",0.3311435356736183,0.021406898740679026
rollout_update,14080,3162.92453197468,4.3354863273999715,361597.7603161293,0.04046887578442693,"{""policy_inference_time"": 0.0068130712024867535, ""env_step_time"": 0.03271425096318126, ""replay_insert_time"": 0.0005809292197227478, ""logging_time"": 0.00011345883831381798, ""total_train_step_time"": 0.04046887578442693}",0.3311435356736183,0.021406898740679026
rollout_update,14208,3154.7915993852425,4.327718312956629,361597.7603161293,0.04057320300489664,"{""policy_inference_time"": 0.006763927172869444, ""env_step_time"": 0.03287642169743776, ""replay_insert_time"": 0.0005691149272024632, ""logging_time"": 0.00011651124805212021, ""total_train_step_time"": 0.04057320300489664}",0.3311435356736183,0.021406898740679026
rollout_update,14336,3151.9728486110753,4.319971175522232,361597.7603161293,0.04060948686674237,"{""policy_inference_time"": 0.0068174549378454685, ""env_step_time"": 0.03285540174692869, ""replay_insert_time"": 0.0005743028596043587, ""logging_time"": 0.00011373404413461685, ""total_train_step_time"": 0.04060948686674237}",0.3311435356736183,0.021406898740679026
rollout_update,14464,105.47567330672564,4.393510129544296,362956.3501824923,1.2135499683208764,"{""policy_inference_time"": 0.006819075904786587, ""env_step_time"": 0.03279526624828577, ""replay_insert_time"": 0.0005695116706192493, ""logging_time"": 0.00011603906750679016, ""total_train_step_time"": 1.2135499683208764}",0.33337482903152704,0.021501745097339153
rollout_update,14592,2989.3071202916763,4.385652419929899,362956.3501824923,0.04281928716227412,"{""policy_inference_time"": 0.0070027499459683895, ""env_step_time"": 0.034103762824088335, ""replay_insert_time"": 0.0013145990669727325, ""logging_time"": 0.00012763682752847672, ""total_train_step_time"": 0.04281928716227412}",0.33337482903152704,0.021501745097339153
rollout_update,14720,3136.399787766535,4.37818934154026,362956.3501824923,0.04081112379208207,"{""policy_inference_time"": 0.006916613318026066, ""env_step_time"": 0.032946193125098944, ""replay_insert_time"": 0.0005839662626385689, ""logging_time"": 0.00011502392590045929, ""total_train_step_time"": 0.04081112379208207}",0.33337482903152704,0.021501745097339153
rollout_update,14848,3166.4903850413893,4.370822180308106,362956.3501824923,0.04042330291122198,"{""policy_inference_time"": 0.006832772865891457, ""env_step_time"": 0.03265199391171336, ""replay_insert_time"": 0.0005744043737649918, ""logging_time"": 0.00011521205306053162, ""total_train_step_time"": 0.04042330291122198}",0.33337482903152704,0.021501745097339153
rollout_update,14976,3174.456074255583,4.363498164306886,362956.3501824923,0.040321868378669024,"{""policy_inference_time"": 0.006757926195859909, ""env_step_time"": 0.032618897035717964, ""replay_insert_time"": 0.0005698869936168194, ""logging_time"": 0.00012228265404701233, ""total_train_step_time"": 0.040321868378669024}",0.33337482903152704,0.021501745097339153
rollout_update,15104,3173.6168432314284,4.356196725327713,362956.3501824923,0.040332531090825796,"{""policy_inference_time"": 0.006781572941690683, ""env_step_time"": 0.032604961190372705, ""replay_insert_time"": 0.0005786740221083164, ""logging_time"": 0.00011748215183615685, ""total_train_step_time"": 0.040332531090825796}",0.33337482903152704,0.021501745097339153
rollout_update,15232,3180.5350483792595,4.348935482943663,362956.3501824923,0.040244800969958305,"{""policy_inference_time"": 0.006762357894331217, ""env_step_time"": 0.03254748089239001, ""replay_insert_time"": 0.0005680578760802746, ""logging_time"": 0.0001172088086605072, ""total_train_step_time"": 0.040244800969958305}",0.33337482903152704,0.021501745097339153
rollout_update,15360,3147.92421223135,4.341623561229655,362956.3501824923,0.040661715902388096,"{""policy_inference_time"": 0.006785139907151461, ""env_step_time"": 0.03293505124747753, ""replay_insert_time"": 0.0005690888501703739, ""logging_time"": 0.00011908216401934624, ""total_train_step_time"": 0.040661715902388096}",0.33337482903152704,0.021501745097339153
rollout_update,15488,105.74318733460686,4.410320287584065,364084.6562544744,1.2104798732325435,"{""policy_inference_time"": 0.006784514058381319, ""env_step_time"": 0.03262642305344343, ""replay_insert_time"": 0.0005660988390445709, ""logging_time"": 0.00011556083336472511, ""total_train_step_time"": 1.2104798732325435}",0.33154171193018556,0.02135961502790451
rollout_update,15616,2939.6500158308972,4.402771232935426,364084.6562544744,0.043542598374187946,"{""policy_inference_time"": 0.007021293044090271, ""env_step_time"": 0.03489805571734905, ""replay_insert_time"": 0.0012384559959173203, ""logging_time"": 0.00012264912948012352, ""total_train_step_time"": 0.043542598374187946}",0.33154171193018556,0.02135961502790451
rollout_update,15744,3136.2572195934736,4.3957188432816094,364084.6562544744,0.040812978986650705,"{""policy_inference_time"": 0.006935690063983202, ""env_step_time"": 0.032902506180107594, ""replay_insert_time"": 0.0006067887879908085, ""logging_time"": 0.00011592404916882515, ""total_train_step_time"": 0.040812978986650705}",0.33154171193018556,0.02135961502790451
rollout_update,15872,3137.6290094821998,4.388692079200797,364084.6562544744,0.04079513531178236,"{""policy_inference_time"": 0.006852025166153908, ""env_step_time"": 0.03299708291888237, ""replay_insert_time"": 0.0005788840353488922, ""logging_time"": 0.00011555897071957588, ""total_train_step_time"": 0.04079513531178236}",0.33154171193018556,0.02135961502790451
rollout_update,16000,3152.0237388824753,4.381719681220039,364084.6562544744,0.04060883121564984,"{""policy_inference_time"": 0.006841639056801796, ""env_step_time"": 0.03282036306336522, ""replay_insert_time"": 0.0005767359398305416, ""logging_time"": 0.00011884793639183044, ""total_train_step_time"": 0.04060883121564984}",0.33154171193018556,0.02135961502790451
rollout_update,16128,3156.753214448039,4.374779798935467,364084.6562544744,0.04054799070581794,"{""policy_inference_time"": 0.00683542899787426, ""env_step_time"": 0.032786766067147255, ""replay_insert_time"": 0.0005670301616191864, ""logging_time"": 0.00011281762272119522, ""total_train_step_time"": 0.04054799070581794}",0.33154171193018556,0.02135961502790451
rollout_update,16256,3167.947500182497,4.367886271772371,364084.6562544744,0.04040470998734236,"{""policy_inference_time"": 0.006800292991101742, ""env_step_time"": 0.0326762180775404, ""replay_insert_time"": 0.0005637169815599918, ""logging_time"": 0.00011396827176213264, ""total_train_step_time"": 0.04040470998734236}",0.33154171193018556,0.02135961502790451
rollout_update,16384,3158.7764008601434,4.3609945152702245,364084.6562544744,0.04052201984450221,"{""policy_inference_time"": 0.006819031201303005, ""env_step_time"": 0.03276474727317691, ""replay_insert_time"": 0.0005735890008509159, ""logging_time"": 0.00011237477883696556, ""total_train_step_time"": 0.04052201984450221}",0.33154171193018556,0.02135961502790451
rollout_update,16512,105.39346843943328,4.42433264288558,365033.93943738827,1.2144965138286352,"{""policy_inference_time"": 0.0067947860807180405, ""env_step_time"": 0.03326673014089465, ""replay_insert_time"": 0.0005768667906522751, ""logging_time"": 0.00011614896357059479, ""total_train_step_time"": 1.2144965138286352}",0.3328639157116413,0.021341183222830296
rollout_update,16640,2925.78602246601,4.417147917682825,365033.93943738827,0.04374892730265856,"{""policy_inference_time"": 0.00708153797313571, ""env_step_time"": 0.03498815791681409, ""replay_insert_time"": 0.0012819147668778896, ""logging_time"": 0.00012295367196202278, ""total_train_step_time"": 0.04374892730265856}",0.3328639157116413,0.021341183222830296
rollout_update,16768,3113.26218499528,4.4104170831204685,365033.93943738827,0.04111442994326353,"{""policy_inference_time"": 0.0071517303586006165, ""env_step_time"": 0.03298544930294156, ""replay_insert_time"": 0.0006052781827747822, ""logging_time"": 0.00011572893708944321, ""total_train_step_time"": 0.04111442994326353}",0.3328639157116413,0.021341183222830296
rollout_update,16896,3151.796660968898,4.403788648964882,365033.93943738827,0.040611756965518,"{""policy_inference_time"": 0.0068707396276295185, ""env_step_time"": 0.032784635201096535, ""replay_insert_time"": 0.0005805953405797482, ""logging_time"": 0.00011462904512882233, ""total_train_step_time"": 0.040611756965518}",0.3328639157116413,0.021341183222830296
rollout_update,17024,3169.773595559525,4.3972175322144595,365033.93943738827,0.040381432976573706,"{""policy_inference_time"": 0.006825068034231663, ""env_step_time"": 0.03261191723868251, ""replay_insert_time"": 0.0005823010578751564, ""logging_time"": 0.00011571496725082397, ""total_train_step_time"": 0.040381432976573706}",0.3328639157116413,0.021341183222830296
rollout_update,17152,3173.1916795990296,4.39067304309036,365033.93943738827,0.040337935090065,"{""policy_inference_time"": 0.006774622015655041, ""env_step_time"": 0.03262553596869111, ""replay_insert_time"": 0.000570208765566349, ""logging_time"": 0.00011713569983839989, ""total_train_step_time"": 0.040337935090065}",0.3328639157116413,0.021341183222830296
rollout_update,17280,3173.1357811624152,4.384147890895154,365033.93943738827,0.040338645689189434,"{""policy_inference_time"": 0.006799698807299137, ""env_step_time"": 0.03259017691016197, ""replay_insert_time"": 0.0005769617855548859, ""logging_time"": 0.0001181229017674923, ""total_train_step_time"": 0.040338645689189434}",0.3328639157116413,0.021341183222830296
rollout_update,17408,3154.5927951687263,4.3776039199626835,365033.93943738827,0.04057575995102525,"{""policy_inference_time"": 0.0068280380219221115, ""env_step_time"": 0.03280890826135874, ""replay_insert_time"": 0.0005765487439930439, ""logging_time"": 0.0001158309169113636, ""total_train_step_time"": 0.04057575995102525}",0.3328639157116413,0.021341183222830296
rollout_update,17536,105.45482176301417,4.436993017788364,365848.90748931933,1.2137899231165648,"{""policy_inference_time"": 0.006844105664640665, ""env_step_time"": 0.032808379735797644, ""replay_insert_time"": 0.000570876058191061, ""logging_time"": 0.00011528795585036278, ""total_train_step_time"": 1.2137899231165648}",0.33153135888278484,0.0215166499838233
rollout_update,17664,2993.8589367184586,4.430322919728744,365848.90748931933,0.042754185386002064,"{""policy_inference_time"": 0.0070973350666463375, ""env_step_time"": 0.034056580159813166, ""replay_insert_time"": 0.0012057609856128693, ""logging_time"": 0.00012384681031107903, ""total_train_step_time"": 0.042754185386002064}",0.33153135888278484,0.0215166499838233
rollout_update,17792,3124.3691022821754,4.423950231012053,365848.90748931933,0.0409682709723711,"{""policy_inference_time"": 0.007095038890838623, ""env_step_time"": 0.03291762201115489, ""replay_insert_time"": 0.0005903029814362526, ""logging_time"": 0.00011588726192712784, ""total_train_step_time"": 0.0409682709723711}",0.33153135888278484,0.0215166499838233
rollout_update,17920,3153.23011692197,4.417653927107461,365848.90748931933,0.04059329489246011,"{""policy_inference_time"": 0.006875243037939072, ""env_step_time"": 0.03276862110942602, ""replay_insert_time"": 0.0005826200358569622, ""logging_time"": 0.00011667422950267792, ""total_train_step_time"": 0.04059329489246011}",0.33153135888278484,0.0215166499838233
rollout_update,18048,3166.9864375376933,4.411402752616311,365848.90748931933,0.04041697131469846,"{""policy_inference_time"": 0.006828248035162687, ""env_step_time"": 0.03264143178239465, ""replay_insert_time"": 0.0005799508653581142, ""logging_time"": 0.00011617317795753479, ""total_train_step_time"": 0.04041697131469846}",0.33153135888278484,0.0215166499838233
rollout_update,18176,3162.777358764629,4.405160960577211,365848.90748931933,0.0404707589186728,"{""policy_inference_time"": 0.006794182118028402, ""env_step_time"": 0.03273311769589782, ""replay_insert_time"": 0.0005742758512496948, ""logging_time"": 0.00011673476547002792, ""total_train_step_time"": 0.0404707589186728}",0.33153135888278484,0.0215166499838233
rollout_update,18304,3160.8658614929723,4.398933048218545,365848.90748931933,0.04049523314461112,"{""policy_inference_time"": 0.006838166154921055, ""env_step_time"": 0.0327211138792336, ""replay_insert_time"": 0.0005666008219122887, ""logging_time"": 0.0001173168420791626, ""total_train_step_time"": 0.04049523314461112}",0.33153135888278484,0.0215166499838233
rollout_update,18432,3168.566325602086,4.392737792250856,365848.90748931933,0.04039681889116764,"{""policy_inference_time"": 0.006795814726501703, ""env_step_time"": 0.03266907809302211, ""replay_insert_time"": 0.000570621807128191, ""logging_time"": 0.00011372892186045647, ""total_train_step_time"": 0.04039681889116764}",0.33153135888278484,0.0215166499838233
rollout_update,18560,105.32021921557502,4.448302266563119,366435.39316097816,1.2153411847539246,"{""policy_inference_time"": 0.006807225290685892, ""env_step_time"": 0.03253826405853033, ""replay_insert_time"": 0.0005672289989888668, ""logging_time"": 0.00011537736281752586, ""total_train_step_time"": 1.2153411847539246}",0.33128303987905383,0.021445028018206358
rollout_update,18688,2902.404378034967,4.441750643960847,366435.39316097816,0.04410136677324772,"{""policy_inference_time"": 0.007119603455066681, ""env_step_time"": 0.03534296294674277, ""replay_insert_time"": 0.0012401090934872627, ""logging_time"": 0.00012713763862848282, ""total_train_step_time"": 0.04410136677324772}",0.33128303987905383,0.021445028018206358
rollout_update,18816,3128.6044806719447,4.4356899407047905,366435.39316097816,0.040912809781730175,"{""policy_inference_time"": 0.007028772961348295, ""env_step_time"": 0.032925479114055634, ""replay_insert_time"": 0.0005899528041481972, ""logging_time"": 0.00011606002226471901, ""total_train_step_time"": 0.040912809781730175}",0.33128303987905383,0.021445028018206358
rollout_update,18944,2917.3557278600065,4.42920872809066,366435.39316097816,0.04387534875422716,"{""policy_inference_time"": 0.006837180815637112, ""env_step_time"": 0.03274689521640539, ""replay_insert_time"": 0.002484451048076153, ""logging_time"": 0.0005695680156350136, ""total_train_step_time"": 0.04387534875422716}",0.33128303987905383,0.021445028018206358
rollout_update,19072,2892.794500483001,4.422691640574207,366435.39316097816,0.04424787173047662,"{""policy_inference_time"": 0.010304118040949106, ""env_step_time"": 0.03295149514451623, ""replay_insert_time"": 0.0005692681297659874, ""logging_time"": 0.00011372799053788185, ""total_train_step_time"": 0.04424787173047662}",0.33128303987905383,0.021445028018206358
rollout_update,19200,3148.906853084105,4.416721491307628,366435.39316097816,0.04064902709797025,"{""policy_inference_time"": 0.006795596797019243, ""env_step_time"": 0.03289622301235795, ""replay_insert_time"": 0.0005780979990959167, ""logging_time"": 0.00012297416105866432, ""total_train_step_time"": 0.04064902709797025}",0.33128303987905383,0.021445028018206358
rollout_update,19328,3159.4061372805063,4.410787198229185,366435.39316097816,0.04051394294947386,"{""policy_inference_time"": 0.006784162018448114, ""env_step_time"": 0.032775287982076406, ""replay_insert_time"": 0.0005900920368731022, ""logging_time"": 0.00011547794565558434, ""total_train_step_time"": 0.04051394294947386}",0.33128303987905383,0.021445028018206358
rollout_update,19456,3164.168882077545,4.40487772681142,366435.39316097816,0.04045296087861061,"{""policy_inference_time"": 0.006785856559872627, ""env_step_time"": 0.032734187319874763, ""replay_insert_time"": 0.0005671000108122826, ""logging_time"": 0.00011637993156909943, ""total_train_step_time"": 0.04045296087861061}",0.33128303987905383,0.021445028018206358
rollout_update,19584,105.58448621810415,4.45773273790818,367096.73120176006,1.2122993119992316,"{""policy_inference_time"": 0.00680925277993083, ""env_step_time"": 0.03259197296574712, ""replay_insert_time"": 0.0005716318264603615, ""logging_time"": 0.00011605164036154747, ""total_train_step_time"": 1.2122993119992316}",0.33100547175854445,0.021460491698235273
rollout_update,19712,3004.8605251031563,4.451694683620886,367096.73120176006,0.04259765101596713,"{""policy_inference_time"": 0.0069937193766236305, ""env_step_time"": 0.03397779678925872, ""replay_insert_time"": 0.0012359246611595154, ""logging_time"": 0.00012186728417873383, ""total_train_step_time"": 0.04259765101596713}",0.33100547175854445,0.021460491698235273
rollout_update,19840,3124.332879652982,4.445902931291434,367096.73120176006,0.040968745946884155,"{""policy_inference_time"": 0.006920829880982637, ""env_step_time"": 0.03307135310024023, ""replay_insert_time"": 0.0006086481735110283, ""logging_time"": 0.0001154518686234951, ""total_train_step_time"": 0.040968745946884155}",0.33100547175854445,0.021460491698235273
rollout_update,19968,3148.8946244541116,4.4401712306281125,367096.73120176006,0.040649184957146645,"{""policy_inference_time"": 0.006866030860692263, ""env_step_time"": 0.03281612601131201, ""replay_insert_time"": 0.0005952301435172558, ""logging_time"": 0.00011713802814483643, ""total_train_step_time"": 0.040649184957146645}",0.33100547175854445,0.021460491698235273
rollout_update,20096,3158.8156045621836,4.434472221973035,367096.73120176006,0.04052151693031192,"{""policy_inference_time"": 0.00682865409180522, ""env_step_time"": 0.03274563001468778, ""replay_insert_time"": 0.0005827401764690876, ""logging_time"": 0.00011614616960287094, ""total_train_step_time"": 0.04052151693031192}",0.33100547175854445,0.021460491698235273
rollout_update,20224,3157.881913433673,4.428786145494434,367096.73120176006,0.04053349792957306,"{""policy_inference_time"": 0.006843192968517542, ""env_step_time"": 0.03275696700438857, ""replay_insert_time"": 0.0005704071372747421, ""logging_time"": 0.0001153857447206974, ""total_train_step_time"": 0.04053349792957306}",0.33100547175854445,0.021460491698235273
rollout_update,20352,3173.0958549134275,4.423141790587007,367096.73120176006,0.0403391532599926,"{""policy_inference_time"": 0.006854243576526642, ""env_step_time"": 0.03253547102212906, ""replay_insert_time"": 0.0005774069577455521, ""logging_time"": 0.00011622998863458633, ""total_train_step_time"": 0.0403391532599926}",0.33100547175854445,0.021460491698235273
rollout_update,20480,3162.093205040425,4.41749223971242,367096.73120176006,0.040479515213519335,"{""policy_inference_time"": 0.006823706906288862, ""env_step_time"": 0.0327106099575758, ""replay_insert_time"": 0.0005716690793633461, ""logging_time"": 0.00012309569865465164, ""total_train_step_time"": 0.040479515213519335}",0.33100547175854445,0.021460491698235273
rollout_update,20608,105.64536829024675,4.467570464904489,367743.90286023257,1.2116006794385612,"{""policy_inference_time"": 0.0068464139476418495, ""env_step_time"": 0.03261373098939657, ""replay_insert_time"": 0.0005767466500401497, ""logging_time"": 0.00011519994586706161, ""total_train_step_time"": 1.2116006794385612}",0.3317254111170769,0.02154469583183527
rollout_update,20736,2747.558466591217,4.461254000490852,367743.90286023257,0.04658681573346257,"{""policy_inference_time"": 0.007030094042420387, ""env_step_time"": 0.037689488381147385, ""replay_insert_time"": 0.0014663701876997948, ""logging_time"": 0.00012720376253128052, ""total_train_step_time"": 0.04658681573346257}",0.3317254111170769,0.02154469583183527
rollout_update,20864,3076.51515237221,4.45562800406708,367743.90286023257,0.041605515871196985,"{""policy_inference_time"": 0.007287806831300259, ""env_step_time"": 0.03332709986716509, ""replay_insert_time"": 0.0006102919578552246, ""logging_time"": 0.00012526614591479301, ""total_train_step_time"": 0.041605515871196985}",0.3317254111170769,0.02154469583183527
rollout_update,20992,3164.7164921116355,4.450172390703797,367743.90286023257,0.0404459610581398,"{""policy_inference_time"": 0.00683428393676877, ""env_step_time"": 0.03265149984508753, ""replay_insert_time"": 0.0005900231190025806, ""logging_time"": 0.00011658109724521637, ""total_train_step_time"": 0.0404459610581398}",0.3317254111170769,0.02154469583183527
rollout_update,21120,3172.8273495183003,4.444744016432775,367743.90286023257,0.04034256702288985,"{""policy_inference_time"": 0.006794750224798918, ""env_step_time"": 0.032608198933303356, ""replay_insert_time"": 0.000573968980461359, ""logging_time"": 0.00011582206934690475, ""total_train_step_time"": 0.04034256702288985}",0.3317254111170769,0.02154469583183527
rollout_update,21248,3171.7901977736096,4.439327100666059,367743.90286023257,0.04035575874149799,"{""policy_inference_time"": 0.006772706750780344, ""env_step_time"": 0.03263911325484514, ""replay_insert_time"": 0.000578543171286583, ""logging_time"": 0.00011439714580774307, ""total_train_step_time"": 0.04035575874149799}",0.3317254111170769,0.02154469583183527
rollout_update,21376,3181.581242222715,4.4339399816095435,367743.90286023257,0.04023156734183431,"{""policy_inference_time"": 0.006734868045896292, ""env_step_time"": 0.032565563917160034, ""replay_insert_time"": 0.0005691139958798885, ""logging_time"": 0.00011424720287322998, ""total_train_step_time"": 0.04023156734183431}",0.3317254111170769,0.02154469583183527
rollout_update,21504,3167.0329971795472,4.428541264732646,367743.90286023257,0.04041637713089585,"{""policy_inference_time"": 0.006794330198317766, ""env_step_time"": 0.03268306655809283, ""replay_insert_time"": 0.0005688420496881008, ""logging_time"": 0.00011689495295286179, ""total_train_step_time"": 0.04041637713089585}",0.3317254111170769,0.02154469583183527
rollout_update,21632,105.67895109170044,4.476094874940774,368344.9419840146,1.2112156553193927,"{""policy_inference_time"": 0.006820990238338709, ""env_step_time"": 0.03244292177259922, ""replay_insert_time"": 0.0005704420618712902, ""logging_time"": 0.00011523300781846046, ""total_train_step_time"": 1.2112156553193927}",0.3314085300080478,0.021482035983353853
rollout_update,21760,2932.724193913738,4.4704237919102265,368344.9419840146,0.0436454270966351,"{""policy_inference_time"": 0.00701782014220953, ""env_step_time"": 0.03506683371961117, ""replay_insert_time"": 0.0011737612076103687, ""logging_time"": 0.00012183981016278267, ""total_train_step_time"": 0.0436454270966351}",0.3314085300080478,0.021482035983353853
rollout_update,21888,3124.9213172630425,4.465114562834448,368344.9419840146,0.04096103133633733,"{""policy_inference_time"": 0.007100301794707775, ""env_step_time"": 0.03289735782891512, ""replay_insert_time"": 0.0005956050008535385, ""logging_time"": 0.00011579226702451706, ""total_train_step_time"": 0.04096103133633733}",0.3314085300080478,0.021482035983353853
rollout_update,22016,3158.9762773072725,4.459874962352449,368344.9419840146,0.040519455913454294,"{""policy_inference_time"": 0.006855466868728399, ""env_step_time"": 0.032716352958232164, ""replay_insert_time"": 0.0005784439854323864, ""logging_time"": 0.00011787703260779381, ""total_train_step_time"": 0.040519455913454294}",0.3314085300080478,0.021482035983353853
rollout_update,22144,3159.105233908826,4.454647857435877,368344.9419840146,0.04051780188456178,"{""policy_inference_time"": 0.006846381351351738, ""env_step_time"": 0.03271652804687619, ""replay_insert_time"": 0.0005750046111643314, ""logging_time"": 0.00011648191139101982, ""total_train_step_time"": 0.04051780188456178}",0.3314085300080478,0.021482035983353853
rollout_update,22272,3116.742181198461,4.449362193964263,368344.9419840146,0.04106852365657687,"{""policy_inference_time"": 0.0068222759291529655, ""env_step_time"": 0.0332371243275702, ""replay_insert_time"": 0.0006368798203766346, ""logging_time"": 0.00011641392484307289, ""total_train_step_time"": 0.04106852365657687}",0.3314085300080478,0.021482035983353853
rollout_update,22400,3151.9643550113105,4.444147915544828,368344.9419840146,0.04060959629714489,"{""policy_inference_time"": 0.006974541116505861, ""env_step_time"": 0.03268701722845435, ""replay_insert_time"": 0.0005769799463450909, ""logging_time"": 0.00011645723134279251, ""total_train_step_time"": 0.04060959629714489}",0.3314085300080478,0.021482035983353853
rollout_update,22528,3161.3726969708155,4.438961307667222,368344.9419840146,0.040488740894943476,"{""policy_inference_time"": 0.0068480269983410835, ""env_step_time"": 0.03269027126953006, ""replay_insert_time"": 0.000580688938498497, ""logging_time"": 0.00011642230674624443, ""total_train_step_time"": 0.040488740894943476}",0.3314085300080478,0.021482035983353853
rollout_update,22656,105.5668674032658,4.48401738636947,368893.3418424838,1.2125016413629055,"{""policy_inference_time"": 0.006799817085266113, ""env_step_time"": 0.0326396762393415, ""replay_insert_time"": 0.0005691908299922943, ""logging_time"": 0.0001158369705080986, ""total_train_step_time"": 1.2125016413629055}",0.3320877510122955,0.021440009120851755
rollout_update,22784,2949.683739772472,4.478604627854723,368893.3418424838,0.04339448269456625,"{""policy_inference_time"": 0.007035127840936184, ""env_step_time"": 0.034778614062815905, ""replay_insert_time"": 0.0011919857934117317, ""logging_time"": 0.00012493319809436798, ""total_train_step_time"": 0.04339448269456625}",0.3320877510122955,0.021440009120851755
rollout_update,22912,3110.394216433193,4.473483598894189,368893.3418424838,0.04115233989432454,"{""policy_inference_time"": 0.00707312161102891, ""env_step_time"": 0.03311918582767248, ""replay_insert_time"": 0.0005920878611505032, ""logging_time"": 0.00011476315557956696, ""total_train_step_time"": 0.04115233989432454}",0.3320877510122955,0.021440009120851755
rollout_update,23040,3150.137957610931,4.46843865698818,368893.3418424838,0.040633141063153744,"{""policy_inference_time"": 0.006849037948995829, ""env_step_time"": 0.03284673113375902, ""replay_insert_time"": 0.0005750241689383984, ""logging_time"": 0.00011484092101454735, ""total_train_step_time"": 0.040633141063153744}",0.3320877510122955,0.021440009120851755
rollout_update,23168,3147.938596360734,4.46340156823507,368893.3418424838,0.04066153010353446,"{""policy_inference_time"": 0.006831766106188297, ""env_step_time"": 0.032878190744668245, ""replay_insert_time"": 0.0005857618525624275, ""logging_time"": 0.0001129969023168087, ""total_train_step_time"": 0.04066153010353446}",0.3320877510122955,0.021440009120851755
rollout_update,23296,3153.620966727795,4.458384868394987,368893.3418424838,0.040588263887912035,"{""policy_inference_time"": 0.006804970093071461, ""env_step_time"": 0.03284688573330641, ""replay_insert_time"": 0.0005737431347370148, ""logging_time"": 0.00011414475739002228, ""total_train_step_time"": 0.040588263887912035}",0.3320877510122955,0.021440009120851755
rollout_update,23424,3157.0073307031016,4.453384796126545,368893.3418424838,0.0405447268858552,"{""policy_inference_time"": 0.006798611953854561, ""env_step_time"": 0.032806175760924816, ""replay_insert_time"": 0.0005701882764697075, ""logging_time"": 0.00011627376079559326, ""total_train_step_time"": 0.0405447268858552}",0.3320877510122955,0.021440009120851755
rollout_update,23552,3168.749251485651,4.448414392255827,368893.3418424838,0.040394486859440804,"{""policy_inference_time"": 0.0067878710106015205, ""env_step_time"": 0.03266968810930848, ""replay_insert_time"": 0.0005734930746257305, ""logging_time"": 0.00011432869359850883, ""total_train_step_time"": 0.040394486859440804}",0.3320877510122955,0.021440009120851755
rollout_update,23680,105.57108898597316,4.4913632115515,369420.17131681845,1.2124531557783484,"{""policy_inference_time"": 0.006786060985177755, ""env_step_time"": 0.03268371894955635, ""replay_insert_time"": 0.0005738399922847748, ""logging_time"": 0.00011569028720259666, ""total_train_step_time"": 1.2124531557783484}",0.3313649818301201,0.021384465042501688
rollout_update,23808,2987.890829585814,4.486225198414225,369420.17131681845,0.042839583940804005,"{""policy_inference_time"": 0.006986184976994991, ""env_step_time"": 0.034257416147738695, ""replay_insert_time"": 0.0012029637582600117, ""logging_time"": 0.0001239059492945671, ""total_train_step_time"": 0.042839583940804005}",0.3313649818301201,0.021384465042501688
rollout_update,23936,3131.657165601282,4.481334004732855,369420.17131681845,0.04087292868643999,"{""policy_inference_time"": 0.006962168961763382, ""env_step_time"": 0.03296363912522793, ""replay_insert_time"": 0.000583399087190628, ""logging_time"": 0.00011475197970867157, ""total_train_step_time"": 0.04087292868643999}",0.3313649818301201,0.021384465042501688
rollout_update,24064,3152.5980670875865,4.476485848428601,369420.17131681845,0.040601433254778385,"{""policy_inference_time"": 0.006825962103903294, ""env_step_time"": 0.032828192226588726, ""replay_insert_time"": 0.000578646082431078, ""logging_time"": 0.0001170700415968895, ""total_train_step_time"": 0.040601433254778385}",0.3313649818301201,0.021384465042501688
rollout_update,24192,3172.5552645087887,4.471678569892373,369420.17131681845,0.04034602688625455,"{""policy_inference_time"": 0.0068017421290278435, ""env_step_time"": 0.032611276023089886, ""replay_insert_time"": 0.0005725747905671597, ""logging_time"": 0.00011443300172686577, ""total_train_step_time"": 0.04034602688625455}",0.3313649818301201,0.021384465042501688
rollout_update,24320,3172.881003012944,4.466882097254819,369420.17131681845,0.04034188482910395,"{""policy_inference_time"": 0.006813271902501583, ""env_step_time"": 0.03259040787816048, ""replay_insert_time"": 0.0005677258595824242, ""logging_time"": 0.00012228405103087425, ""total_train_step_time"": 0.04034188482910395}",0.3313649818301201,0.021384465042501688
rollout_update,24448,3163.695194936751,4.462082021497666,369420.17131681845,0.04045901773497462,"{""policy_inference_time"": 0.006807664874941111, ""env_step_time"": 0.032696187030524015, ""replay_insert_time"": 0.0005860971286892891, ""logging_time"": 0.00011612894013524055, ""total_train_step_time"": 0.04045901773497462}",0.3313649818301201,0.021384465042501688
rollout_update,24576,2996.4837916169045,4.457025272455568,369420.17131681845,0.042716733645647764,"{""policy_inference_time"": 0.00843682000413537, ""env_step_time"": 0.03331193421036005, ""replay_insert_time"": 0.0005952031351625919, ""logging_time"": 0.00011761998757719994, ""total_train_step_time"": 0.042716733645647764}",0.3313649818301201,0.021384465042501688
rollout_update,24704,105.52632429101544,4.497989705432163,369803.1408750306,1.2129674833267927,"{""policy_inference_time"": 0.006808467675000429, ""env_step_time"": 0.032633714843541384, ""replay_insert_time"": 0.0005676331929862499, ""logging_time"": 0.00011621322482824326, ""total_train_step_time"": 1.2129674833267927}",0.3321886076591909,0.02138814190402627
rollout_update,24832,2974.8521558107564,4.493020769270305,369803.1408750306,0.04302734835073352,"{""policy_inference_time"": 0.007024277001619339, ""env_step_time"": 0.03437881777063012, ""replay_insert_time"": 0.00122113898396492, ""logging_time"": 0.0001290431246161461, ""total_train_step_time"": 0.04302734835073352}",0.3321886076591909,0.02138814190402627
rollout_update,24960,3130.039153958823,4.488308357162086,369803.1408750306,0.040894057136029005,"{""policy_inference_time"": 0.007103484123945236, ""env_step_time"": 0.032827490009367466, ""replay_insert_time"": 0.0005935877561569214, ""logging_time"": 0.00011756084859371185, ""total_train_step_time"": 0.040894057136029005}",0.3321886076591909,0.02138814190402627
rollout_update,25088,3156.5896503378553,4.483645332305293,369803.1408750306,0.04055009176954627,"{""policy_inference_time"": 0.006879016291350126, ""env_step_time"": 0.03271933179348707, ""replay_insert_time"": 0.0005829706788063049, ""logging_time"": 0.0001165047287940979, ""total_train_step_time"": 0.04055009176954627}",0.3321886076591909,0.02138814190402627
rollout_update,25216,3162.0032508788236,4.478999945120905,369803.1408750306,0.04048066679388285,"{""policy_inference_time"": 0.006818227935582399, ""env_step_time"": 0.03272009314969182, ""replay_insert_time"": 0.0005755680613219738, ""logging_time"": 0.00011589890345931053, ""total_train_step_time"": 0.04048066679388285}",0.3321886076591909,0.02138814190402627
rollout_update,25344,3158.3488532945094,4.474358815595845,369803.1408750306,0.040527505334466696,"{""policy_inference_time"": 0.006845995783805847, ""env_step_time"": 0.03274745726957917, ""replay_insert_time"": 0.0005700299516320229, ""logging_time"": 0.00011420994997024536, ""total_train_step_time"": 0.040527505334466696}",0.3321886076591909,0.02138814190402627
rollout_update,25472,3170.440562460369,4.469744940264432,369803.1408750306,0.04037293791770935,"{""policy_inference_time"": 0.006818526890128851, ""env_step_time"": 0.03261800296604633, ""replay_insert_time"": 0.0005664019845426083, ""logging_time"": 0.0001150663010776043, ""total_train_step_time"": 0.04037293791770935}",0.3321886076591909,0.02138814190402627
rollout_update,25600,2729.0578873942704,4.464396776459583,369803.1408750306,0.04690263280645013,"{""policy_inference_time"": 0.006837259978055954, ""env_step_time"": 0.03913229098543525, ""replay_insert_time"": 0.0005700537003576756, ""logging_time"": 0.00011513987556099892, ""total_train_step_time"": 0.04690263280645013}",0.3321886076591909,0.02138814190402627
rollout_update,25728,105.78932626254897,4.503949732536738,370236.51282390376,1.2099519348703325,"{""policy_inference_time"": 0.006810143124312162, ""env_step_time"": 0.03263103077188134, ""replay_insert_time"": 0.0005758809857070446, ""logging_time"": 0.0001151631586253643, ""total_train_step_time"": 1.2099519348703325}",0.33107570046558976,0.021373680792748928
rollout_update,25856,3030.273609112233,4.499246569141214,370236.51282390376,0.04224041011184454,"{""policy_inference_time"": 0.006903244182467461, ""env_step_time"": 0.03371984511613846, ""replay_insert_time"": 0.0012167426757514477, ""logging_time"": 0.00012658489868044853, ""total_train_step_time"": 0.04224041011184454}",0.33107570046558976,0.021373680792748928
rollout_update,25984,3140.7764941619826,4.4947181792699515,370236.51282390376,0.040754253044724464,"{""policy_inference_time"": 0.006942790001630783, ""env_step_time"": 0.03285566298291087, ""replay_insert_time"": 0.0005868640728294849, ""logging_time"": 0.00011551287025213242, ""total_train_step_time"": 0.040754253044724464}",0.33107570046558976,0.021373680792748928
rollout_update,26112,3147.6434416074203,4.490208745124438,370236.51282390376,0.040665342938154936,"{""policy_inference_time"": 0.00689849304035306, ""env_step_time"": 0.0328189879655838, ""replay_insert_time"": 0.0005776248872280121, ""logging_time"": 0.00011682137846946716, ""total_train_step_time"": 0.040665342938154936}",0.33107570046558976,0.021373680792748928
rollout_update,26240,3163.9936227915355,4.4857315832555,370236.51282390376,0.040455201640725136,"{""policy_inference_time"": 0.006806844845414162, ""env_step_time"": 0.03269077092409134, ""replay_insert_time"": 0.0005778060294687748, ""logging_time"": 0.00012476835399866104, ""total_train_step_time"": 0.040455201640725136}",0.33107570046558976,0.021373680792748928
rollout_update,26368,3154.9544340331,4.4812505517266805,370236.51282390376,0.04057110892608762,"{""policy_inference_time"": 0.0068412479013204575, ""env_step_time"": 0.032782940194010735, ""replay_insert_time"": 0.0005797147750854492, ""logging_time"": 0.0001159091480076313, ""total_train_step_time"": 0.04057110892608762}",0.33107570046558976,0.021373680792748928
rollout_update,26496,3162.324315762512,4.476788875880173,370236.51282390376,0.04047655686736107,"{""policy_inference_time"": 0.006824662908911705, ""env_step_time"": 0.032718086149543524, ""replay_insert_time"": 0.0005708644166588783, ""logging_time"": 0.00011468678712844849, ""total_train_step_time"": 0.04047655686736107}",0.33107570046558976,0.021373680792748928
rollout_update,26624,3161.8625645389857,4.472335425940239,370236.51282390376,0.04048246797174215,"{""policy_inference_time"": 0.006821091752499342, ""env_step_time"": 0.032719525042921305, ""replay_insert_time"": 0.000573440920561552, ""logging_time"": 0.0001173168420791626, ""total_train_step_time"": 0.04048246797174215}",0.33107570046558976,0.021373680792748928
rollout_update,26752,105.663902227229,4.510092917344052,370611.245715442,1.2113881590776145,"{""policy_inference_time"": 0.006790659856051207, ""env_step_time"": 0.03250409569591284, ""replay_insert_time"": 0.0005699540488421917, ""logging_time"": 0.00011498387902975082, ""total_train_step_time"": 1.2113881590776145}",0.3319110623560846,0.021469950675964355
rollout_update,26880,3003.230868029265,4.50551056006253,370611.245715442,0.0426207659766078,"{""policy_inference_time"": 0.006984723266214132, ""env_step_time"": 0.03399033797904849, ""replay_insert_time"": 0.0012387735769152641, ""logging_time"": 0.00012497277930378914, ""total_train_step_time"": 0.0426207659766078}",0.3319110623560846,0.021469950675964355
rollout_update,27008,3140.410994181855,4.501137072186589,370611.245715442,0.04075899627059698,"{""policy_inference_time"": 0.006889245938509703, ""env_step_time"": 0.03289467981085181, ""replay_insert_time"": 0.000604171771556139, ""logging_time"": 0.0001166672445833683, ""total_train_step_time"": 0.04075899627059698}",0.3319110623560846,0.021469950675964355
rollout_update,27136,3162.940327341732,4.496803128340153,370611.245715442,0.040468673687428236,"{""policy_inference_time"": 0.006820065900683403, ""env_step_time"": 0.03270822484046221, ""replay_insert_time"": 0.000575128011405468, ""logging_time"": 0.00011605396866798401, ""total_train_step_time"": 0.040468673687428236}",0.3319110623560846,0.021469950675964355
rollout_update,27264,3169.0424956408906,4.492485843586586,370611.245715442,0.040390748996287584,"{""policy_inference_time"": 0.006787151098251343, ""env_step_time"": 0.03266385104507208, ""replay_insert_time"": 0.0005721980705857277, ""logging_time"": 0.0001147179864346981, ""total_train_step_time"": 0.040390748996287584}",0.3319110623560846,0.021469950675964355
rollout_update,27392,3163.3289648955965,4.4881690654060495,370611.245715442,0.04046370182186365,"{""policy_inference_time"": 0.0068288627080619335, ""env_step_time"": 0.03269386989995837, ""replay_insert_time"": 0.000571258831769228, ""logging_time"": 0.00011614803224802017, ""total_train_step_time"": 0.04046370182186365}",0.3319110623560846,0.021469950675964355
rollout_update,27520,3166.537294877368,4.483864936315498,370611.245715442,0.0404227040708065,"{""policy_inference_time"": 0.006813776213675737, ""env_step_time"": 0.032677233684808016, ""replay_insert_time"": 0.0005664117634296417, ""logging_time"": 0.00011516967788338661, ""total_train_step_time"": 0.0404227040708065}",0.3319110623560846,0.021469950675964355
rollout_update,27648,3167.572364149602,4.47957045701037,370611.245715442,0.04040949512273073,"{""policy_inference_time"": 0.0068223681300878525, ""env_step_time"": 0.032659852877259254, ""replay_insert_time"": 0.0005640946328639984, ""logging_time"": 0.0001144050620496273, ""total_train_step_time"": 0.04040949512273073}",0.3319110623560846,0.021469950675964355
rollout_update,27776,105.59157398146,4.515737467028766,370922.6468329973,1.2122179372236133,"{""policy_inference_time"": 0.006826738826930523, ""env_step_time"": 0.032687813974916935, ""replay_insert_time"": 0.0005690637044608593, ""logging_time"": 0.00011782906949520111, ""total_train_step_time"": 1.2122179372236133}",0.3310230099596083,0.02146239997819066
rollout_update,27904,3001.7072770825253,4.511305296477317,370922.6468329973,0.042642399203032255,"{""policy_inference_time"": 0.007002791855484247, ""env_step_time"": 0.034069242887198925, ""replay_insert_time"": 0.0011794487945735455, ""logging_time"": 0.0001249350607395172, ""total_train_step_time"": 0.042642399203032255}",0.3310230099596083,0.02146239997819066
rollout_update,28032,3136.5527480549954,4.5070718117347885,370922.6468329973,0.04080913355574012,"{""policy_inference_time"": 0.007061890792101622, ""env_step_time"": 0.03278806991875172, ""replay_insert_time"": 0.0005901041440665722, ""logging_time"": 0.00011498667299747467, ""total_train_step_time"": 0.04080913355574012}",0.3310230099596083,0.02146239997819066
rollout_update,28160,3159.2141581591563,4.50287654721302,370922.6468329973,0.040516404900699854,"{""policy_inference_time"": 0.00686655193567276, ""env_step_time"": 0.03269618330523372, ""replay_insert_time"": 0.0005851606838405132, ""logging_time"": 0.00011619227007031441, ""total_train_step_time"": 0.040516404900699854}",0.3310230099596083,0.02146239997819066
rollout_update,28288,3162.125725111331,4.49869293756117,370922.6468329973,0.04047909891232848,"{""policy_inference_time"": 0.006818277295678854, ""env_step_time"": 0.032713333144783974, ""replay_insert_time"": 0.0005806400440633297, ""logging_time"": 0.00011615920811891556, ""total_train_step_time"": 0.04047909891232848}",0.3310230099596083,0.02146239997819066
rollout_update,28416,3163.728803949019,4.494519208612215,370922.6468329973,0.04045858792960644,"{""policy_inference_time"": 0.006833324208855629, ""env_step_time"": 0.03267760993912816, ""replay_insert_time"": 0.0005734548904001713, ""logging_time"": 0.00011725584045052528, ""total_train_step_time"": 0.04045858792960644}",0.3310230099596083,0.02146239997819066
rollout_update,28544,3164.443865581349,4.490354157469026,370922.6468329973,0.040449445601552725,"{""policy_inference_time"": 0.006800082046538591, ""env_step_time"": 0.03270700899884105, ""replay_insert_time"": 0.000574957113713026, ""logging_time"": 0.00011643767356872559, ""total_train_step_time"": 0.040449445601552725}",0.3310230099596083,0.02146239997819066
rollout_update,28672,3163.4523063927245,4.486195516769682,370922.6468329973,0.04046212416142225,"{""policy_inference_time"": 0.00685333414003253, ""env_step_time"": 0.032672998029738665, ""replay_insert_time"": 0.0005689971148967743, ""logging_time"": 0.00011674780398607254, ""total_train_step_time"": 0.04046212416142225}",0.3310230099596083,0.02146239997819066
rollout_update,28800,104.98850132985575,4.520276061696221,371245.3282279198,1.2191811329685152,"{""policy_inference_time"": 0.006850306876003742, ""env_step_time"": 0.03274768125265837, ""replay_insert_time"": 0.0005785701796412468, ""logging_time"": 0.00011425325646996498, ""total_train_step_time"": 1.2191811329685152}",0.3315551644191146,0.021469099912792444
rollout_update,28928,2913.07130997039,4.515857631316705,371245.3282279198,0.043939878698438406,"{""policy_inference_time"": 0.007042794954031706, ""env_step_time"": 0.03524996992200613, ""replay_insert_time"": 0.0012526297941803932, ""logging_time"": 0.0001245369203388691, ""total_train_step_time"": 0.043939878698438406}",0.3315551644191146,0.021469099912792444
rollout_update,29056,3139.01988729499,4.511764962772322,371245.3282279198,0.04077705927193165,"{""policy_inference_time"": 0.006918466649949551, ""env_step_time"": 0.03290338721126318, ""replay_insert_time"": 0.0005878745578229427, ""logging_time"": 0.00011664116755127907, ""total_train_step_time"": 0.04077705927193165}",0.3315551644191146,0.021469099912792444
rollout_update,29184,3160.582632273023,4.507707551960179,371245.3282279198,0.04049886204302311,"{""policy_inference_time"": 0.006862693000584841, ""env_step_time"": 0.03268823400139809, ""replay_insert_time"": 0.0005755149759352207, ""logging_time"": 0.00011802790686488152, ""total_train_step_time"": 0.04049886204302311}",0.3315551644191146,0.021469099912792444
rollout_update,29312,3157.8044602696336,4.503653872206883,371245.3282279198,0.04053449211642146,"{""policy_inference_time"": 0.0068305362947285175, ""env_step_time"": 0.03275376791134477, ""replay_insert_time"": 0.000579190906137228, ""logging_time"": 0.00011699926108121872, ""total_train_step_time"": 0.04053449211642146}",0.3315551644191146,0.021469099912792444
rollout_update,29440,3157.623811449366,4.499607245380868,371245.3282279198,0.040536811109632254,"{""policy_inference_time"": 0.006830843631178141, ""env_step_time"": 0.03277030307799578, ""replay_insert_time"": 0.0005715810693800449, ""logging_time"": 0.00011509982869029045, ""total_train_step_time"": 0.040536811109632254}",0.3315551644191146,0.021469099912792444
rollout_update,29568,3174.6850724808596,4.495589572769349,371245.3282279198,0.0403189598582685,"{""policy_inference_time"": 0.006790312938392162, ""env_step_time"": 0.0325877470895648, ""replay_insert_time"": 0.0005687628872692585, ""logging_time"": 0.00012068310752511024, ""total_train_step_time"": 0.0403189598582685}",0.3315551644191146,0.021469099912792444
rollout_update,29696,3159.417902978788,4.491559705990316,371245.3282279198,0.04051379207521677,"{""policy_inference_time"": 0.006827518809586763, ""env_step_time"": 0.03273343574255705, ""replay_insert_time"": 0.0005858219228684902, ""logging_time"": 0.00011770892888307571, ""total_train_step_time"": 0.04051379207521677}",0.3315551644191146,0.021469099912792444
rollout_update,29824,105.51879902735433,4.524990672900508,371520.07046786824,1.2130539882928133,"{""policy_inference_time"": 0.0068276007659733295, ""env_step_time"": 0.03252009768038988, ""replay_insert_time"": 0.0005690678954124451, ""logging_time"": 0.00011669797822833061, ""total_train_step_time"": 1.2130539882928133}",0.3311831629835069,0.021543513983488083
rollout_update,29952,2931.2562802761313,4.5207370026967375,371520.07046786824,0.04366728384047747,"{""policy_inference_time"": 0.007095050998032093, ""env_step_time"": 0.03480801312252879, ""replay_insert_time"": 0.001359947957098484, ""logging_time"": 0.00012864405289292336, ""total_train_step_time"": 0.04366728384047747}",0.3311831629835069,0.021543513983488083
rollout_update,30080,3114.4808855607985,4.516740874397148,371520.07046786824,0.041098341811448336,"{""policy_inference_time"": 0.0070402310229837894, ""env_step_time"": 0.03309756703674793, ""replay_insert_time"": 0.0005953740328550339, ""logging_time"": 0.0001137489452958107, ""total_train_step_time"": 0.041098341811448336}",0.3311831629835069,0.021543513983488083
rollout_update,30208,3140.8263775481673,4.512785235972034,371520.07046786824,0.04075360577553511,"{""policy_inference_time"": 0.0068932087160646915, ""env_step_time"": 0.03291364572942257, ""replay_insert_time"": 0.0005797180347144604, ""logging_time"": 0.00011665374040603638, ""total_train_step_time"": 0.04075360577553511}",0.3311831629835069,0.021543513983488083
rollout_update,30336,3142.8970739220213,4.508839119299775,371520.07046786824,0.040726755280047655,"{""policy_inference_time"": 0.006935495883226395, ""env_step_time"": 0.0328376037068665, ""replay_insert_time"": 0.0005863592959940434, ""logging_time"": 0.00011657830327749252, ""total_train_step_time"": 0.040726755280047655}",0.3311831629835069,0.021543513983488083
rollout_update,30464,3130.603643746073,4.504884442618456,371520.07046786824,0.04088668338954449,"{""policy_inference_time"": 0.0068977950140833855, ""env_step_time"": 0.033042822033166885, ""replay_insert_time"": 0.000576753169298172, ""logging_time"": 0.00011730799451470375, ""total_train_step_time"": 0.04088668338954449}",0.3311831629835069,0.021543513983488083
rollout_update,30592,3149.463157771959,4.500960316276454,371520.07046786824,0.04064184706658125,"{""policy_inference_time"": 0.006859730929136276, ""env_step_time"": 0.03283863700926304, ""replay_insert_time"": 0.0005702157504856586, ""logging_time"": 0.0001168479211628437, ""total_train_step_time"": 0.04064184706658125}",0.3311831629835069,0.021543513983488083
rollout_update,30720,3158.5265001334064,4.4970542513247596,371520.07046786824,0.040525225922465324,"{""policy_inference_time"": 0.006857980042695999, ""env_step_time"": 0.0327266831882298, ""replay_insert_time"": 0.0005677989684045315, ""logging_time"": 0.00011523114517331123, ""total_train_step_time"": 0.040525225922465324}",0.3311831629835069,0.021543513983488083
rollout_update,30848,105.3907031830914,4.529159101390465,371760.38440168323,1.2145283799618483,"{""policy_inference_time"": 0.006860748864710331, ""env_step_time"": 0.03264289116486907, ""replay_insert_time"": 0.0005676639266312122, ""logging_time"": 0.0001164986751973629, ""total_train_step_time"": 1.2145283799618483}",0.3317266805097461,0.021497127134352922
rollout_update,30976,2947.008664194254,4.525056961650636,371760.38440168323,0.04343387298285961,"{""policy_inference_time"": 0.0071373190730810165, ""env_step_time"": 0.0346132586710155, ""replay_insert_time"": 0.0012823157012462616, ""logging_time"": 0.0001272452063858509, ""total_train_step_time"": 0.04343387298285961}",0.3317266805097461,0.021497127134352922
rollout_update,31104,3133.9972211558097,4.521206347452075,371760.38440168323,0.040842410176992416,"{""policy_inference_time"": 0.006952389143407345, ""env_step_time"": 0.03292985586449504, ""replay_insert_time"": 0.0005906689912080765, ""logging_time"": 0.00011582905426621437, ""total_train_step_time"": 0.040842410176992416}",0.3317266805097461,0.021497127134352922
rollout_update,31232,3150.0107428010624,4.517381806391024,371760.38440168323,0.040634782053530216,"{""policy_inference_time"": 0.006878674030303955, ""env_step_time"": 0.03281624987721443, ""replay_insert_time"": 0.0005740011110901833, ""logging_time"": 0.00011584535241127014, ""total_train_step_time"": 0.040634782053530216}",0.3317266805097461,0.021497127134352922
rollout_update,31360,3152.183829861876,4.513566360232763,371760.38440168323,0.04060676880180836,"{""policy_inference_time"": 0.006849164143204689, ""env_step_time"": 0.03282379126176238, ""replay_insert_time"": 0.0005675200372934341, ""logging_time"": 0.00011446420103311539, ""total_train_step_time"": 0.04060676880180836}",0.3317266805097461,0.021497127134352922
rollout_update,31488,3158.2845859900654,4.509764705334933,371760.38440168323,0.04052833002060652,"{""policy_inference_time"": 0.006854275707155466, ""env_step_time"": 0.032733334228396416, ""replay_insert_time"": 0.0005738772451877594, ""logging_time"": 0.00011560600250959396, ""total_train_step_time"": 0.04052833002060652}",0.3317266805097461,0.021497127134352922
rollout_update,31616,3152.5403247533495,4.505962539582784,371760.38440168323,0.040602176915854216,"{""policy_inference_time"": 0.0068564037792384624, ""env_step_time"": 0.032782217022031546, ""replay_insert_time"": 0.0005903551355004311, ""logging_time"": 0.00011652009561657906, ""total_train_step_time"": 0.040602176915854216}",0.3317266805097461,0.021497127134352922
rollout_update,31744,3158.438635940766,4.502173862147334,371760.38440168323,0.040526353288441896,"{""policy_inference_time"": 0.006811612751334906, ""env_step_time"": 0.03276702994480729, ""replay_insert_time"": 0.0005810009315609932, ""logging_time"": 0.00011591613292694092, ""total_train_step_time"": 0.040526353288441896}",0.3317266805097461,0.021497127134352922
rollout_update,31872,104.97819020398549,4.532739407607312,371742.35424395406,1.2193008828908205,"{""policy_inference_time"": 0.006837060209363699, ""env_step_time"": 0.03278086008504033, ""replay_insert_time"": 0.0005743280053138733, ""logging_time"": 0.00011734804138541222, ""total_train_step_time"": 1.2193008828908205}",0.3319729082286358,0.021415615919977427
rollout_update,32000,2965.402716460323,4.528783732595748,371742.35424395406,0.04316445766016841,"{""policy_inference_time"": 0.007061751093715429, ""env_step_time"": 0.03446616278961301, ""replay_insert_time"": 0.0012472188100218773, ""logging_time"": 0.0001231720671057701, ""total_train_step_time"": 0.04316445766016841}",0.3319729082286358,0.021415615919977427
rollout_update,32128,3095.017396645612,4.525000186406518,371742.35424395406,0.041356795001775026,"{""policy_inference_time"": 0.006969210226088762, ""env_step_time"": 0.03342388290911913, ""replay_insert_time"": 0.000593989621847868, ""logging_time"": 0.00011710682883858681, ""total_train_step_time"": 0.041356795001775026}",0.3319729082286358,0.021415615919977427
rollout_update,32256,3130.565921567019,4.521265813013108,371742.35424395406,0.04088717605918646,"{""policy_inference_time"": 0.006837510038167238, ""env_step_time"": 0.03310585906729102, ""replay_insert_time"": 0.000577008817344904, ""logging_time"": 0.00011673662811517715, ""total_train_step_time"": 0.04088717605918646}",0.3319729082286358,0.021415615919977427
rollout_update,32384,3130.518823600652,4.517537542269543,371742.35424395406,0.04088779119774699,"{""policy_inference_time"": 0.006847369018942118, ""env_step_time"": 0.03310344088822603, ""replay_insert_time"": 0.0005726199597120285, ""logging_time"": 0.00011574802920222282, ""total_train_step_time"": 0.04088779119774699}",0.3319729082286358,0.021415615919977427
rollout_update,32512,3121.638355488223,4.513804835186312,371742.35424395406,0.04100410919636488,"{""policy_inference_time"": 0.006869131699204445, ""env_step_time"": 0.033208244014531374, ""replay_insert_time"": 0.0005635977722704411, ""logging_time"": 0.00011411495506763458, ""total_train_step_time"": 0.04100410919636488}",0.3319729082286358,0.021415615919977427
rollout_update,32640,3124.987857656265,4.510082282443093,371742.35424395406,0.0409601591527462,"{""policy_inference_time"": 0.006843102630227804, ""env_step_time"": 0.03318310808390379, ""replay_insert_time"": 0.0005767261609435081, ""logging_time"": 0.00011317478492856026, ""total_train_step_time"": 0.0409601591527462}",0.3319729082286358,0.021415615919977427
rollout_update,32768,3129.8062520860885,4.506371581434686,371742.35424395406,0.04089710023254156,"{""policy_inference_time"": 0.006790147628635168, ""env_step_time"": 0.033172104973345995, ""replay_insert_time"": 0.0005720551125705242, ""logging_time"": 0.00011421972885727882, ""total_train_step_time"": 0.04089710023254156}",0.3319729082286358,0.021415615919977427
rollout_update,32896,105.34240673716484,4.536306779020935,371889.2827893318,1.2150852060876787,"{""policy_inference_time"": 0.006871307734400034, ""env_step_time"": 0.03330867271870375, ""replay_insert_time"": 0.0005742330104112625, ""logging_time"": 0.00011550774797797203, ""total_train_step_time"": 1.2150852060876787}",0.3307618321850896,0.02155687240883708
rollout_update,33024,2889.684051557957,4.532364250432784,371889.2827893318,0.04429550003260374,"{""policy_inference_time"": 0.007026602979749441, ""env_step_time"": 0.035630433820188046, ""replay_insert_time"": 0.0012399251572787762, ""logging_time"": 0.00012806756421923637, ""total_train_step_time"": 0.04429550003260374}",0.3307618321850896,0.02155687240883708
rollout_update,33152,3087.030565114627,4.52867996307185,371889.2827893318,0.04146379418671131,"{""policy_inference_time"": 0.007086638826876879, ""env_step_time"": 0.03341716807335615, ""replay_insert_time"": 0.0005924031138420105, ""logging_time"": 0.00011494895443320274, ""total_train_step_time"": 0.04146379418671131}",0.3307618321850896,0.02155687240883708
rollout_update,33280,3104.446011456722,4.525022278667095,371889.2827893318,0.0412311889231205,"{""policy_inference_time"": 0.006882171146571636, ""env_step_time"": 0.03339795721694827, ""replay_insert_time"": 0.0005845469422638416, ""logging_time"": 0.0001168600283563137, ""total_train_step_time"": 0.0412311889231205}",0.3307618321850896,0.02155687240883708
rollout_update,33408,3120.1360736572933,4.521388846677168,371889.2827893318,0.041023851837962866,"{""policy_inference_time"": 0.0068696471862494946, ""env_step_time"": 0.0332234469242394, ""replay_insert_time"": 0.0005680569447577, ""logging_time"": 0.00011499039828777313, ""total_train_step_time"": 0.041023851837962866}",0.3307618321850896,0.02155687240883708
rollout_update,33536,3118.615069138412,4.517759477212852,371889.2827893318,0.04104385990649462,"{""policy_inference_time"": 0.006835630163550377, ""env_step_time"": 0.03326944215223193, ""replay_insert_time"": 0.0005706511437892914, ""logging_time"": 0.00011714920401573181, ""total_train_step_time"": 0.04104385990649462}",0.3307618321850896,0.02155687240883708
rollout_update,33664,3121.1584262256333,4.514138880121674,371889.2827893318,0.041010414250195026,"{""policy_inference_time"": 0.006870693061500788, ""env_step_time"": 0.03318812418729067, ""replay_insert_time"": 0.0005782670341432095, ""logging_time"": 0.0001141820102930069, ""total_train_step_time"": 0.041010414250195026}",0.3307618321850896,0.02155687240883708
rollout_update,33792,3128.1711774522328,4.510532178780533,371889.2827893318,0.04091847687959671,"{""policy_inference_time"": 0.006798421964049339, ""env_step_time"": 0.03317054081708193, ""replay_insert_time"": 0.0005873115733265877, ""logging_time"": 0.00011458806693553925, ""total_train_step_time"": 0.04091847687959671}",0.3307618321850896,0.02155687240883708
rollout_update,33920,105.46650180233046,4.539634820329846,372160.43933889543,1.2136555002070963,"{""policy_inference_time"": 0.006836223881691694, ""env_step_time"": 0.03421424003317952, ""replay_insert_time"": 0.000636623241007328, ""logging_time"": 0.00012526102364063263, ""total_train_step_time"": 1.2136555002070963}",0.3313299501314759,0.021399069111794233
rollout_update,34048,2973.5483073681894,4.535910531002421,372160.43933889543,0.04304621508345008,"{""policy_inference_time"": 0.0070748040452599525, ""env_step_time"": 0.03439876204356551, ""replay_insert_time"": 0.0011840080842375755, ""logging_time"": 0.0001222509890794754, ""total_train_step_time"": 0.04304621508345008}",0.3313299501314759,0.021399069111794233
rollout_update,34176,3099.0560811208456,4.532342810633686,372160.43933889543,0.04130289889872074,"{""policy_inference_time"": 0.007111228071153164, ""env_step_time"": 0.03323703724890947, ""replay_insert_time"": 0.0005879062227904797, ""logging_time"": 0.00011684373021125793, ""total_train_step_time"": 0.04130289889872074}",0.3313299501314759,0.021399069111794233
rollout_update,34304,3144.4687682710437,4.528832102718769,372160.43933889543,0.040706398896873,"{""policy_inference_time"": 0.0068473718129098415, ""env_step_time"": 0.03291699010878801, ""replay_insert_time"": 0.0005724937655031681, ""logging_time"": 0.00011441996321082115, ""total_train_step_time"": 0.040706398896873}",0.3313299501314759,0.021399069111794233
rollout_update,34432,3146.5576707640107,4.525329154556471,372160.43933889543,0.04067937517538667,"{""policy_inference_time"": 0.006847909651696682, ""env_step_time"": 0.03287361329421401, ""replay_insert_time"": 0.0005851397290825844, ""logging_time"": 0.00011813081800937653, ""total_train_step_time"": 0.04067937517538667}",0.3313299501314759,0.021399069111794233
rollout_update,34560,3148.8444123142567,4.521834159110248,372160.43933889543,0.04064983315765858,"{""policy_inference_time"": 0.006823448929935694, ""env_step_time"": 0.03289050795137882, ""replay_insert_time"": 0.0005707433447241783, ""logging_time"": 0.00011661509051918983, ""total_train_step_time"": 0.04064983315765858}",0.3313299501314759,0.021399069111794233
rollout_update,34688,3156.2981262942694,4.518352792473803,372160.43933889543,0.040553837083280087,"{""policy_inference_time"": 0.006810307037085295, ""env_step_time"": 0.03280551265925169, ""replay_insert_time"": 0.0005704360082745552, ""logging_time"": 0.00011622300371527672, ""total_train_step_time"": 0.040553837083280087}",0.3313299501314759,0.021399069111794233
rollout_update,34816,3147.6097049213668,4.51486719482073,372160.43933889543,0.040665778797119856,"{""policy_inference_time"": 0.006822470109909773, ""env_step_time"": 0.0329055106267333, ""replay_insert_time"": 0.0005711591802537441, ""logging_time"": 0.00011718412861227989, ""total_train_step_time"": 0.040665778797119856}",0.3313299501314759,0.021399069111794233
rollout_update,34944,105.64126857404005,4.5432312654155185,372427.8117716196,1.2116476991213858,"{""policy_inference_time"": 0.006799877155572176, ""env_step_time"": 0.0328504741191864, ""replay_insert_time"": 0.0005716872401535511, ""logging_time"": 0.0001137247309088707, ""total_train_step_time"": 1.2116476991213858}",0.3323024557903409,0.0214973920956254
rollout_update,35072,2928.287359901508,4.539551602854154,372427.8117716196,0.04371155705302954,"{""policy_inference_time"": 0.007153285201638937, ""env_step_time"": 0.034865729976445436, ""replay_insert_time"": 0.001300303265452385, ""logging_time"": 0.0001270100474357605, ""total_train_step_time"": 0.04371155705302954}",0.3323024557903409,0.0214973920956254
rollout_update,35200,3108.2928981807745,4.536090483184979,372427.8117716196,0.041180160362273455,"{""policy_inference_time"": 0.007212019991129637, ""env_step_time"": 0.033017794135957956, ""replay_insert_time"": 0.000583976972848177, ""logging_time"": 0.00011562928557395935, ""total_train_step_time"": 0.041180160362273455}",0.3323024557903409,0.0214973920956254
rollout_update,35328,3145.375899414946,4.532675349933735,372427.8117716196,0.04069465911015868,"{""policy_inference_time"": 0.006841553840786219, ""env_step_time"": 0.03290168568491936, ""replay_insert_time"": 0.000583411194384098, ""logging_time"": 0.0001176837831735611, ""total_train_step_time"": 0.04069465911015868}",0.3323024557903409,0.0214973920956254
rollout_update,35456,3148.293374385156,4.529268512801535,372427.8117716196,0.04065694799646735,"{""policy_inference_time"": 0.006828713230788708, ""env_step_time"": 0.03287340281531215, ""replay_insert_time"": 0.0005843918770551682, ""logging_time"": 0.00011667981743812561, ""total_train_step_time"": 0.04065694799646735}",0.3323024557903409,0.0214973920956254
rollout_update,35584,3148.6767254717756,4.525867206946352,372427.8117716196,0.04065199801698327,"{""policy_inference_time"": 0.0068169767037034035, ""env_step_time"": 0.03290256904438138, ""replay_insert_time"": 0.0005703079514205456, ""logging_time"": 0.00011493917554616928, ""total_train_step_time"": 0.04065199801698327}",0.3323024557903409,0.0214973920956254
rollout_update,35712,3147.617526289528,4.522469863764876,372427.8117716196,0.04066567774862051,"{""policy_inference_time"": 0.00682646781206131, ""env_step_time"": 0.03289833106100559, ""replay_insert_time"": 0.0005743331275880337, ""logging_time"": 0.00011742906644940376, ""total_train_step_time"": 0.04066567774862051}",0.3323024557903409,0.0214973920956254
rollout_update,35840,3144.162899075697,4.519073892781759,372427.8117716196,0.04071035888046026,"{""policy_inference_time"": 0.006934835109859705, ""env_step_time"": 0.03284545103088021, ""replay_insert_time"": 0.0005679079331457615, ""logging_time"": 0.00011458015069365501, ""total_train_step_time"": 0.04071035888046026}",0.3323024557903409,0.0214973920956254
rollout_update,35968,105.45472952126796,4.546402622929085,372697.74316998024,1.2137909848242998,"{""policy_inference_time"": 0.006837182212620974, ""env_step_time"": 0.03296261513605714, ""replay_insert_time"": 0.0005726497620344162, ""logging_time"": 0.00011787563562393188, ""total_train_step_time"": 1.2137909848242998}",0.3346491320990026,0.021375162061303854
rollout_update,36096,3001.286059384142,4.542907167299165,372697.74316998024,0.042648383881896734,"{""policy_inference_time"": 0.00690855598077178, ""env_step_time"": 0.03416956402361393, ""replay_insert_time"": 0.0011790189892053604, ""logging_time"": 0.0001246090978384018, ""total_train_step_time"": 0.042648383881896734}",0.3346491320990026,0.021375162061303854
rollout_update,36224,3111.7546015047974,4.53954089004134,372697.74316998024,0.04113434907048941,"{""policy_inference_time"": 0.007045268081128597, ""env_step_time"": 0.03310972731560469, ""replay_insert_time"": 0.0006081480532884598, ""logging_time"": 0.00011768704280257225, ""total_train_step_time"": 0.04113434907048941}",0.3346491320990026,0.021375162061303854
rollout_update,36352,3149.3804518822494,4.5362197260808275,372697.74316998024,0.04064291436225176,"{""policy_inference_time"": 0.006847789976745844, ""env_step_time"": 0.032856262754648924, ""replay_insert_time"": 0.0005721496418118477, ""logging_time"": 0.0001166248694062233, ""total_train_step_time"": 0.04064291436225176}",0.3346491320990026,0.021375162061303854
rollout_update,36480,3146.3629281268995,4.532900239964827,372697.74316998024,0.04068189300596714,"{""policy_inference_time"": 0.006864577066153288, ""env_step_time"": 0.03287295438349247, ""replay_insert_time"": 0.0005745622329413891, ""logging_time"": 0.00011745095252990723, ""total_train_step_time"": 0.04068189300596714}",0.3346491320990026,0.021375162061303854
rollout_update,36608,3151.792143596046,4.529591314072602,372697.74316998024,0.04061181517317891,"{""policy_inference_time"": 0.006846614181995392, ""env_step_time"": 0.03282728558406234, ""replay_insert_time"": 0.0005711358971893787, ""logging_time"": 0.00011606840416789055, ""total_train_step_time"": 0.04061181517317891}",0.3346491320990026,0.021375162061303854
rollout_update,36736,3163.6561613139015,4.526299597240723,372697.74316998024,0.04045951692387462,"{""policy_inference_time"": 0.006843403447419405, ""env_step_time"": 0.032682978082448244, ""replay_insert_time"": 0.0005677039735019207, ""logging_time"": 0.00011457782238721848, ""total_train_step_time"": 0.04045951692387462}",0.3346491320990026,0.021375162061303854
rollout_update,36864,3143.1363489277483,4.522991218290109,372697.74316998024,0.04072365490719676,"{""policy_inference_time"": 0.0068564582616090775, ""env_step_time"": 0.03289849637076259, ""replay_insert_time"": 0.0005675619468092918, ""logging_time"": 0.00011695362627506256, ""total_train_step_time"": 0.04072365490719676}",0.3346491320990026,0.021375162061303854
rollout_update,36992,105.72281897646404,4.5497620067350635,372948.9509358198,1.2107130819931626,"{""policy_inference_time"": 0.006907365284860134, ""env_step_time"": 0.03294452698901296, ""replay_insert_time"": 0.0005820631049573421, ""logging_time"": 0.00011667003855109215, ""total_train_step_time"": 1.2107130819931626}",0.3315265001729131,0.02133921906352043
rollout_update,37120,2956.4040120325526,4.546304256659996,372948.9509358198,0.04329584166407585,"{""policy_inference_time"": 0.00715112267062068, ""env_step_time"": 0.03444942273199558, ""replay_insert_time"": 0.0012925788760185242, ""logging_time"": 0.000127376988530159, ""total_train_step_time"": 0.04329584166407585}",0.3315265001729131,0.02133921906352043
rollout_update,37248,3084.436346710027,4.542994964229881,372948.9509358198,0.041498668026179075,"{""policy_inference_time"": 0.007243721280246973, ""env_step_time"": 0.03328868607059121, ""replay_insert_time"": 0.0005930778570473194, ""logging_time"": 0.00011963676661252975, ""total_train_step_time"": 0.041498668026179075}",0.3315265001729131,0.02133921906352043
rollout_update,37376,3133.400967463154,4.539742087032484,372948.9509358198,0.04085018206387758,"{""policy_inference_time"": 0.006919461768120527, ""env_step_time"": 0.03296525217592716, ""replay_insert_time"": 0.0005975877866148949, ""logging_time"": 0.00011642323806881905, ""total_train_step_time"": 0.04085018206387758}",0.3315265001729131,0.02133921906352043
rollout_update,37504,3111.220728167922,4.53647072450352,372948.9509358198,0.04114140756428242,"{""policy_inference_time"": 0.006819786969572306, ""env_step_time"": 0.03334346506744623, ""replay_insert_time"": 0.0005794488824903965, ""logging_time"": 0.0001283758319914341, ""total_train_step_time"": 0.04114140756428242}",0.3315265001729131,0.02133921906352043
rollout_update,37632,3121.3526840958884,4.533214669288638,372948.9509358198,0.04100786196067929,"{""policy_inference_time"": 0.0069236159324646, ""env_step_time"": 0.033142891712486744, ""replay_insert_time"": 0.0005730991251766682, ""logging_time"": 0.00011700671166181564, ""total_train_step_time"": 0.04100786196067929}",0.3315265001729131,0.02133921906352043
rollout_update,37760,3134.7732622834055,4.529977194666048,372948.9509358198,0.0408322992734611,"{""policy_inference_time"": 0.0068380520679056644, ""env_step_time"": 0.0330494730733335, ""replay_insert_time"": 0.0005778307095170021, ""logging_time"": 0.00011583603918552399, ""total_train_step_time"": 0.0408322992734611}",0.3315265001729131,0.02133921906352043
rollout_update,37888,3131.342547070601,4.526740801540836,372948.9509358198,0.04087703535333276,"{""policy_inference_time"": 0.00689290976151824, ""env_step_time"": 0.03302144818007946, ""replay_insert_time"": 0.0005938909016549587, ""logging_time"": 0.00011542905122041702, ""total_train_step_time"": 0.04087703535333276}",0.3315265001729131,0.02133921906352043
rollout_update,38016,104.82742992316182,4.551940807741045,372787.442335688,1.2210544520057738,"{""policy_inference_time"": 0.006818509194999933, ""env_step_time"": 0.03307163482531905, ""replay_insert_time"": 0.0005705757066607475, ""logging_time"": 0.00011349283158779144, ""total_train_step_time"": 1.2210544520057738}",0.33114198688417673,0.021597955841571093
rollout_update,38144,2930.9257592067706,4.548541485926422,372787.442335688,0.043672208208590746,"{""policy_inference_time"": 0.007098218891769648, ""env_step_time"": 0.03498827386647463, ""replay_insert_time"": 0.0011935080401599407, ""logging_time"": 0.00012471899390220642, ""total_train_step_time"": 0.043672208208590746}",0.33114198688417673,0.021597955841571093
rollout_update,38272,3123.6453061928673,4.545356505763721,372787.442335688,0.04097776394337416,"{""policy_inference_time"": 0.007091234903782606, ""env_step_time"": 0.03292865725234151, ""replay_insert_time"": 0.0005863448604941368, ""logging_time"": 0.00011780392378568649, ""total_train_step_time"": 0.04097776394337416}",0.33114198688417673,0.021597955841571093
rollout_update,38400,3155.115474731072,4.542207684468227,372787.442335688,0.04056903813034296,"{""policy_inference_time"": 0.0068713282234966755, ""env_step_time"": 0.032755502965301275, ""replay_insert_time"": 0.0005774390883743763, ""logging_time"": 0.00011580297723412514, ""total_train_step_time"": 0.04056903813034296}",0.33114198688417673,0.021597955841571093
rollout_update,38528,3137.8902648770327,4.539045973612352,372787.442335688,0.04079173877835274,"{""policy_inference_time"": 0.0068173897452652454, ""env_step_time"": 0.03302095830440521, ""replay_insert_time"": 0.0005741077475249767, ""logging_time"": 0.00011641718447208405, ""total_train_step_time"": 0.04079173877835274}",0.33114198688417673,0.021597955841571093
rollout_update,38656,3158.876481128224,4.535909622592857,372787.442335688,0.0405207360163331,"{""policy_inference_time"": 0.0068116700276732445, ""env_step_time"": 0.032756558153778315, ""replay_insert_time"": 0.0005781212821602821, ""logging_time"": 0.00011519622057676315, ""total_train_step_time"": 0.0405207360163331}",0.33114198688417673,0.021597955841571093
rollout_update,38784,3154.5107608849667,4.532773271241972,372787.442335688,0.04057681513950229,"{""policy_inference_time"": 0.006823703180998564, ""env_step_time"": 0.03281620191410184, ""replay_insert_time"": 0.000570288859307766, ""logging_time"": 0.00011689215898513794, ""total_train_step_time"": 0.04057681513950229}",0.33114198688417673,0.021597955841571093
rollout_update,38912,3166.5113593296974,4.529653115849523,372787.442335688,0.04042303515598178,"{""policy_inference_time"": 0.006812651641666889, ""env_step_time"": 0.03267833776772022, ""replay_insert_time"": 0.0005682678893208504, ""logging_time"": 0.00011455407366156578, ""total_train_step_time"": 0.04042303515598178}",0.33114198688417673,0.021597955841571093
rollout_update,39040,105.79027621033482,4.555004077169011,373020.62476782483,1.209941070061177,"{""policy_inference_time"": 0.006826289929449558, ""env_step_time"": 0.03255108278244734, ""replay_insert_time"": 0.0005671442486345768, ""logging_time"": 0.00011439993977546692, ""total_train_step_time"": 1.209941070061177}",0.3311346899718046,0.02147101005539298
rollout_update,39168,2946.2022875449948,4.5517045812342944,373020.62476782483,0.04344576084986329,"{""policy_inference_time"": 0.007146733812987804, ""env_step_time"": 0.0346936141140759, ""replay_insert_time"": 0.00120922876521945, ""logging_time"": 0.00012453412637114525, ""total_train_step_time"": 0.04344576084986329}",0.3311346899718046,0.02147101005539298
rollout_update,39296,3104.4362994986614,4.548577679359251,373020.62476782483,0.04123131791129708,"{""policy_inference_time"": 0.007130663376301527, ""env_step_time"": 0.03311348194256425, ""replay_insert_time"": 0.0006162752397358418, ""logging_time"": 0.00011764420196413994, ""total_train_step_time"": 0.04123131791129708}",0.3311346899718046,0.02147101005539298
rollout_update,39424,3130.076756516162,4.545480632598597,373020.62476782483,0.040893565863370895,"{""policy_inference_time"": 0.0068667237646877766, ""env_step_time"": 0.03308137832209468, ""replay_insert_time"": 0.0005732402205467224, ""logging_time"": 0.00011720322072505951, ""total_train_step_time"": 0.040893565863370895}",0.3311346899718046,0.02147101005539298
rollout_update,39552,3154.0987352871957,4.5424113398780515,373020.62476782483,0.04058211576193571,"{""policy_inference_time"": 0.006816955283284187, ""env_step_time"": 0.03280501579865813, ""replay_insert_time"": 0.0005746609531342983, ""logging_time"": 0.00011725584045052528, ""total_train_step_time"": 0.04058211576193571}",0.3311346899718046,0.02147101005539298
rollout_update,39680,3172.4077429035706,4.539363867504857,373020.62476782483,0.04034790303558111,"{""policy_inference_time"": 0.006773056928068399, ""env_step_time"": 0.032641144935041666, ""replay_insert_time"": 0.0005697798915207386, ""logging_time"": 0.00011581182479858398, ""total_train_step_time"": 0.04034790303558111}",0.3311346899718046,0.02147101005539298
rollout_update,39808,3162.491822121366,4.536310945396832,373020.62476782483,0.040474412962794304,"{""policy_inference_time"": 0.006811487954109907, ""env_step_time"": 0.032731642946600914, ""replay_insert_time"": 0.0005701440386474133, ""logging_time"": 0.00011351006105542183, ""total_train_step_time"": 0.040474412962794304}",0.3311346899718046,0.02147101005539298
rollout_update,39936,3165.137273663701,4.533264673497958,373020.62476782483,0.04044058406725526,"{""policy_inference_time"": 0.006827505771070719, ""env_step_time"": 0.03268497996032238, ""replay_insert_time"": 0.0005693291313946247, ""logging_time"": 0.00011371821165084839, ""total_train_step_time"": 0.04044058406725526}",0.3311346899718046,0.02147101005539298
rollout_update,40064,105.73493272438472,4.557879599216259,373232.6604758398,1.2105743740685284,"{""policy_inference_time"": 0.006821765098720789, ""env_step_time"": 0.03252137405797839, ""replay_insert_time"": 0.0005715209990739822, ""logging_time"": 0.00012341374531388283, ""total_train_step_time"": 1.2105743740685284}",0.330892960075289,0.021455667447298765
rollout_update,40192,2984.9508589058432,4.554700256078497,373232.6604758398,0.042881777975708246,"{""policy_inference_time"": 0.0070681506767869, ""env_step_time"": 0.03422165010124445, ""replay_insert_time"": 0.0012037730775773525, ""logging_time"": 0.000122804194688797, ""total_train_step_time"": 0.042881777975708246}",0.330892960075289,0.021455667447298765
rollout_update,40320,3122.096729989937,4.551664718251455,373232.6604758398,0.040998089127242565,"{""policy_inference_time"": 0.007135539781302214, ""env_step_time"": 0.03290818212553859, ""replay_insert_time"": 0.0005897050723433495, ""logging_time"": 0.00011568982154130936, ""total_train_step_time"": 0.040998089127242565}",0.330892960075289,0.021455667447298765
rollout_update,40448,3149.307817177027,4.5486593997197,373232.6604758398,0.04064385173842311,"{""policy_inference_time"": 0.00687219575047493, ""env_step_time"": 0.03282757010310888, ""replay_insert_time"": 0.0005740299820899963, ""logging_time"": 0.00011589331552386284, ""total_train_step_time"": 0.04064385173842311}",0.330892960075289,0.021455667447298765
rollout_update,40576,3165.8515501693796,4.5456737210191385,373232.6604758398,0.04043145989999175,"{""policy_inference_time"": 0.0068339211866259575, ""env_step_time"": 0.03266218304634094, ""replay_insert_time"": 0.0005692718550562859, ""logging_time"": 0.00011553708463907242, ""total_train_step_time"": 0.04043145989999175}",0.330892960075289,0.021455667447298765
rollout_update,40704,3170.212212701223,4.542696058026169,373232.6604758398,0.04037584597244859,"{""policy_inference_time"": 0.006842890754342079, ""env_step_time"": 0.03258149093016982, ""replay_insert_time"": 0.0005739517509937286, ""logging_time"": 0.00012439489364624023, ""total_train_step_time"": 0.04037584597244859}",0.330892960075289,0.021455667447298765
rollout_update,40832,3159.095176948488,4.539711835569346,373232.6604758398,0.04051793087273836,"{""policy_inference_time"": 0.0067960708402097225, ""env_step_time"": 0.03277314407750964, ""replay_insert_time"": 0.0005815778858959675, ""logging_time"": 0.00011615501716732979, ""total_train_step_time"": 0.04051793087273836}",0.330892960075289,0.021455667447298765
rollout_update,40960,3124.4324939043377,4.536698489608477,373232.6604758398,0.04096743976697326,"{""policy_inference_time"": 0.00681530823931098, ""env_step_time"": 0.0332150561735034, ""replay_insert_time"": 0.000567534938454628, ""logging_time"": 0.00011976202949881554, ""total_train_step_time"": 0.04096743976697326}",0.330892960075289,0.021455667447298765
rollout_update,41088,104.89470404468675,4.559958997765232,373094.74761633755,1.2202713298611343,"{""policy_inference_time"": 0.007012895308434963, ""env_step_time"": 0.03298223903402686, ""replay_insert_time"": 0.0005703051574528217, ""logging_time"": 0.00011547794565558434, ""total_train_step_time"": 1.2202713298611343}",0.33082237420603633,0.021464845165610313
rollout_update,41216,2964.119793665584,4.556832512938486,373094.74761633755,0.043183139991015196,"{""policy_inference_time"": 0.007072002161294222, ""env_step_time"": 0.034527840092778206, ""replay_insert_time"": 0.0011884979903697968, ""logging_time"": 0.00012762006372213364, ""total_train_step_time"": 0.043183139991015196}",0.33082237420603633,0.021464845165610313
rollout_update,41344,3087.865344320502,4.553835351680973,373094.74761633755,0.04145258478820324,"{""policy_inference_time"": 0.007093303371220827, ""env_step_time"": 0.0333796227350831, ""replay_insert_time"": 0.0006081131286919117, ""logging_time"": 0.00011994410306215286, ""total_train_step_time"": 0.04145258478820324}",0.33082237420603633,0.021464845165610313
rollout_update,41472,3113.6140212652804,4.550866867400172,373094.74761633755,0.04110978404060006,"{""policy_inference_time"": 0.0068723042495548725, ""env_step_time"": 0.03328263387084007, ""replay_insert_time"": 0.0005722148343920708, ""logging_time"": 0.00011643022298812866, ""total_train_step_time"": 0.04110978404060006}",0.33082237420603633,0.021464845165610313
rollout_update,41600,3114.4282009270164,4.547903025209073,373094.74761633755,0.041099037043750286,"{""policy_inference_time"": 0.006781082600355148, ""env_step_time"": 0.033385404385626316, ""replay_insert_time"": 0.0005718758329749107, ""logging_time"": 0.00011343462392687798, ""total_train_step_time"": 0.041099037043750286}",0.33082237420603633,0.021464845165610313
rollout_update,41728,3121.01362574438,4.544949282619105,373094.74761633755,0.041012316942214966,"{""policy_inference_time"": 0.00682398397475481, ""env_step_time"": 0.03325407998636365, ""replay_insert_time"": 0.0005684760399162769, ""logging_time"": 0.00011521996930241585, ""total_train_step_time"": 0.041012316942214966}",0.33082237420603633,0.021464845165610313
rollout_update,41856,3139.448133673073,4.542016684667656,373094.74761633755,0.04077149694785476,"{""policy_inference_time"": 0.0068221380934119225, ""env_step_time"": 0.03301240457221866, ""replay_insert_time"": 0.0005708439275622368, ""logging_time"": 0.00011627795174717903, ""total_train_step_time"": 0.04077149694785476}",0.33082237420603633,0.021464845165610313
rollout_update,41984,3134.56825114779,4.539083312130621,373094.74761633755,0.04083496984094381,"{""policy_inference_time"": 0.006785708013921976, ""env_step_time"": 0.03309918474406004, ""replay_insert_time"": 0.00057211983948946, ""logging_time"": 0.00011614896357059479, ""total_train_step_time"": 0.04083496984094381}",0.33082237420603633,0.021464845165610313
rollout_update,42112,105.35105360644066,4.562127950282892,373220.14334627247,1.2149854758754373,"{""policy_inference_time"": 0.006811260245740414, ""env_step_time"": 0.0330540188588202, ""replay_insert_time"": 0.0005825427360832691, ""logging_time"": 0.00011375593021512032, ""total_train_step_time"": 1.2149854758754373}",0.33177893701940775,0.022909150924533606
rollout_update,42240,2929.0398250686694,4.559036388837496,373220.14334627247,0.04370032763108611,"{""policy_inference_time"": 0.006982667371630669, ""env_step_time"": 0.03515032120049, ""replay_insert_time"": 0.0011819740757346153, ""logging_time"": 0.00012266403064131737, ""total_train_step_time"": 0.04370032763108611}",0.33177893701940775,0.022909150924533606
rollout_update,42368,3095.863126397988,4.556115273870458,373220.14334627247,0.041345497127622366,"{""policy_inference_time"": 0.007085916120558977, ""env_step_time"": 0.03329421719536185, ""replay_insert_time"": 0.0005955961532890797, ""logging_time"": 0.00011697597801685333, ""total_train_step_time"": 0.041345497127622366}",0.33177893701940775,0.022909150924533606
rollout_update,42496,3136.5852459853872,4.553235751977412,373220.14334627247,0.04080871073529124,"{""policy_inference_time"": 0.006820518057793379, ""env_step_time"": 0.0330520891584456, ""replay_insert_time"": 0.000570773147046566, ""logging_time"": 0.00011595059186220169, ""total_train_step_time"": 0.04080871073529124}",0.33177893701940775,0.022909150924533606
rollout_update,42624,3141.275578829401,4.5503641589343715,373220.14334627247,0.04074777802452445,"{""policy_inference_time"": 0.006815881002694368, ""env_step_time"": 0.03298944793641567, ""replay_insert_time"": 0.0005743443034589291, ""logging_time"": 0.00011744815856218338, ""total_train_step_time"": 0.04074777802452445}",0.33177893701940775,0.022909150924533606
rollout_update,42752,3140.5156549807893,4.547495492130356,373220.14334627247,0.040757637936621904,"{""policy_inference_time"": 0.006804178934544325, ""env_step_time"": 0.03302158322185278, ""replay_insert_time"": 0.0005629672668874264, ""logging_time"": 0.00011812523007392883, ""total_train_step_time"": 0.040757637936621904}",0.33177893701940775,0.022909150924533606
rollout_update,42880,3134.999931786316,4.544625402415251,373220.14334627247,0.04082934698089957,"{""policy_inference_time"": 0.006841009948402643, ""env_step_time"": 0.03304813615977764, ""replay_insert_time"": 0.0005737720057368279, ""logging_time"": 0.00011696107685565948, ""total_train_step_time"": 0.04082934698089957}",0.33177893701940775,0.022909150924533606
rollout_update,43008,3126.5244034606185,4.541751167607014,373220.14334627247,0.040940029080957174,"{""policy_inference_time"": 0.006825595162808895, ""env_step_time"": 0.03316842019557953, ""replay_insert_time"": 0.0005810190923511982, ""logging_time"": 0.00011547654867172241, ""total_train_step_time"": 0.040940029080957174}",0.33177893701940775,0.022909150924533606
rollout_update,43136,104.90571342649889,4.563864118609177,373437.9089647832,1.2201432678848505,"{""policy_inference_time"": 0.0067814108915627, ""env_step_time"": 0.03311033919453621, ""replay_insert_time"": 0.0005737100727856159, ""logging_time"": 0.00011665420606732368, ""total_train_step_time"": 1.2201432678848505}",0.3349500810727477,0.021339272148907185
rollout_update,43264,2928.8608084635857,4.560841923718745,373437.9089647832,0.04370299866423011,"{""policy_inference_time"": 0.006952156778424978, ""env_step_time"": 0.0351517922244966, ""replay_insert_time"": 0.0011970354244112968, ""logging_time"": 0.00012597115710377693, ""total_train_step_time"": 0.04370299866423011}",0.3349500810727477,0.021339272148907185
rollout_update,43392,3088.9490942077764,4.557980051998877,373437.9089647832,0.041438041254878044,"{""policy_inference_time"": 0.007069577928632498, ""env_step_time"": 0.03341234382241964, ""replay_insert_time"": 0.0005861222743988037, ""logging_time"": 0.00011787284165620804, ""total_train_step_time"": 0.041438041254878044}",0.3349500810727477,0.021339272148907185
rollout_update,43520,3130.2040416402756,4.555159417411872,373437.9089647832,0.04089190298691392,"{""policy_inference_time"": 0.006853965111076832, ""env_step_time"": 0.03309901477769017, ""replay_insert_time"": 0.0005699861794710159, ""logging_time"": 0.00011676875874400139, ""total_train_step_time"": 0.04089190298691392}",0.3349500810727477,0.021339272148907185
rollout_update,43648,3038.1895301343543,4.552257006054134,373437.9089647832,0.04213035386055708,"{""policy_inference_time"": 0.0068029011599719524, ""env_step_time"": 0.034309142269194126, ""replay_insert_time"": 0.0006358399987220764, ""logging_time"": 0.00012547709047794342, ""total_train_step_time"": 0.04213035386055708}",0.3349500810727477,0.021339272148907185
rollout_update,43776,330.8171234143641,4.525773524129213,373437.9089647832,0.386920721270144,"{""policy_inference_time"": 0.006959829013794661, ""env_step_time"": 0.37891542399302125, ""replay_insert_time"": 0.0006566750817000866, ""logging_time"": 0.0001267269253730774, ""total_train_step_time"": 0.386920721270144}",0.3349500810727477,0.021339272148907185
rollout_update,43904,2971.139024931719,4.522843812275022,373437.9089647832,0.04308112105354667,"{""policy_inference_time"": 0.00857162056490779, ""env_step_time"": 0.03353486210107803, ""replay_insert_time"": 0.0006040390580892563, ""logging_time"": 0.00011726422235369682, ""total_train_step_time"": 0.04308112105354667}",0.3349500810727477,0.021339272148907185
rollout_update,44032,3153.785381228356,4.520087237703852,373437.9089647832,0.04058614792302251,"{""policy_inference_time"": 0.006938562262803316, ""env_step_time"": 0.03269623778760433, ""replay_insert_time"": 0.0005802018567919731, ""logging_time"": 0.00011529121547937393, ""total_train_step_time"": 0.04058614792302251}",0.3349500810727477,0.021339272148907185
rollout_update,44160,100.09668046087694,4.538060855176874,372802.1136446637,1.278763685375452,"{""policy_inference_time"": 0.01241326192393899, ""env_step_time"": 0.03307174379006028, ""replay_insert_time"": 0.0005652159452438354, ""logging_time"": 0.00011613499373197556, ""total_train_step_time"": 1.278763685375452}",0.3332587778568268,0.021367167122662067
rollout_update,44288,2962.819394012375,4.535174044198415,372802.1136446637,0.043202093336731195,"{""policy_inference_time"": 0.00701863830909133, ""env_step_time"": 0.034631241112947464, ""replay_insert_time"": 0.0011673211120069027, ""logging_time"": 0.00012151291593909264, ""total_train_step_time"": 0.043202093336731195}",0.3332587778568268,0.021367167122662067
rollout_update,44416,3093.8827563481696,4.532412965198603,372802.1136446637,0.04137196205556393,"{""policy_inference_time"": 0.0070495461113750935, ""env_step_time"": 0.0333627900108695, ""replay_insert_time"": 0.0005910070613026619, ""logging_time"": 0.00011630496010184288, ""total_train_step_time"": 0.04137196205556393}",0.3332587778568268,0.021367167122662067
rollout_update,44544,3164.203338909179,4.529716496623449,372802.1136446637,0.04045252036303282,"{""policy_inference_time"": 0.006815503817051649, ""env_step_time"": 0.032684546895325184, ""replay_insert_time"": 0.0005845669656991959, ""logging_time"": 0.00011841300874948502, ""total_train_step_time"": 0.04045252036303282}",0.3332587778568268,0.021367167122662067
rollout_update,44672,3160.2884445555314,4.527019900194509,372802.1136446637,0.04050263203680515,"{""policy_inference_time"": 0.006804730277508497, ""env_step_time"": 0.032751159742474556, ""replay_insert_time"": 0.0005781897343695164, ""logging_time"": 0.00011650100350379944, ""total_train_step_time"": 0.04050263203680515}",0.3332587778568268,0.021367167122662067
rollout_update,44800,3159.5002653205033,4.524325840988573,372802.1136446637,0.040512735955417156,"{""policy_inference_time"": 0.006850297097116709, ""env_step_time"": 0.03270970983430743, ""replay_insert_time"": 0.0005791811272501945, ""logging_time"": 0.00011543137952685356, ""total_train_step_time"": 0.040512735955417156}",0.3332587778568268,0.021367167122662067
rollout_update,44928,834.2368295359962,4.514151649339002,372802.1136446637,0.15343364793807268,"{""policy_inference_time"": 0.006799634080380201, ""env_step_time"": 0.14569062693044543, ""replay_insert_time"": 0.0005765310488641262, ""logging_time"": 0.00011691497638821602, ""total_train_step_time"": 0.15343364793807268}",0.3332587778568268,0.021367167122662067
rollout_update,45056,3065.3560104346457,4.511390658833808,372802.1136446637,0.0417569768615067,"{""policy_inference_time"": 0.00781835475936532, ""env_step_time"": 0.03299783589318395, ""replay_insert_time"": 0.00057247094810009, ""logging_time"": 0.00011610705405473709, ""total_train_step_time"": 0.0417569768615067}",0.3332587778568268,0.021367167122662067
rollout_update,45184,96.75336076579038,4.526214357662371,372983.387203616,1.3229514611884952,"{""policy_inference_time"": 0.0068094381131231785, ""env_step_time"": 0.14454825408756733, ""replay_insert_time"": 0.0005703819915652275, ""logging_time"": 0.00011513615027070045, ""total_train_step_time"": 1.3229514611884952}",0.3311275187879801,0.021507362835109234
rollout_update,45312,823.0842211621984,4.516122851144605,372983.387203616,0.1555126397870481,"{""policy_inference_time"": 0.008000960107892752, ""env_step_time"": 0.1458934722468257, ""replay_insert_time"": 0.001225620973855257, ""logging_time"": 0.0001246510073542595, ""total_train_step_time"": 0.1555126397870481}",0.3311275187879801,0.021507362835109234
rollout_update,45440,3030.0723182178667,4.51338937699069,372983.387203616,0.042243216186761856,"{""policy_inference_time"": 0.007995270192623138, ""env_step_time"": 0.033293332904577255, ""replay_insert_time"": 0.0005883206613361835, ""logging_time"": 0.00011604232713580132, ""total_train_step_time"": 0.042243216186761856}",0.3311275187879801,0.021507362835109234
rollout_update,45568,3140.924246896031,4.510755508758069,372983.387203616,0.04075233591720462,"{""policy_inference_time"": 0.006841624155640602, ""env_step_time"": 0.03297180775552988, ""replay_insert_time"": 0.0005731363780796528, ""logging_time"": 0.00011725584045052528, ""total_train_step_time"": 0.04075233591720462}",0.3311275187879801,0.021507362835109234
rollout_update,45696,3153.6576907509907,4.508135328941382,372983.387203616,0.04058779124170542,"{""policy_inference_time"": 0.00683183129876852, ""env_step_time"": 0.032818933948874474, ""replay_insert_time"": 0.0005727647803723812, ""logging_time"": 0.00011650286614894867, ""total_train_step_time"": 0.04058779124170542}",0.3311275187879801,0.021507362835109234
rollout_update,45824,3153.0198274357735,4.505517662199654,372983.387203616,0.040596002247184515,"{""policy_inference_time"": 0.0067907399497926235, ""env_step_time"": 0.03284920332953334, ""replay_insert_time"": 0.0005774977616965771, ""logging_time"": 0.00011589983478188515, ""total_train_step_time"": 0.040596002247184515}",0.3311275187879801,0.021507362835109234
rollout_update,45952,3146.8634657039415,4.502897921460446,372983.387203616,0.04067542217671871,"{""policy_inference_time"": 0.006829024292528629, ""env_step_time"": 0.03289028815925121, ""replay_insert_time"": 0.0005841678939759731, ""logging_time"": 0.00011765584349632263, ""total_train_step_time"": 0.04067542217671871}",0.3311275187879801,0.021507362835109234
rollout_update,46080,840.2929214219164,4.493114105820207,372983.387203616,0.15232783323153853,"{""policy_inference_time"": 0.006960161030292511, ""env_step_time"": 0.14441170310601592, ""replay_insert_time"": 0.0005846139974892139, ""logging_time"": 0.00011572195217013359, ""total_train_step_time"": 0.15232783323153853}",0.3311275187879801,0.021507362835109234
rollout_update,46208,105.63805866322294,4.5149282650883835,373163.8909832353,1.2116845161654055,"{""policy_inference_time"": 0.007879796903580427, ""env_step_time"": 0.03315128572285175, ""replay_insert_time"": 0.0005746330134570599, ""logging_time"": 0.00011398922652006149, ""total_train_step_time"": 1.2116845161654055}",0.3308766111731529,0.021505420096218586
rollout_update,46336,3007.031143291179,4.512235126216438,373163.8909832353,0.04256690200418234,"{""policy_inference_time"": 0.006927449721843004, ""env_step_time"": 0.03404982481151819, ""replay_insert_time"": 0.001192192081362009, ""logging_time"": 0.00012607360258698463, ""total_train_step_time"": 0.04256690200418234}",0.3308766111731529,0.021505420096218586
rollout_update,46464,3118.6106463811116,4.509641384839803,373163.8909832353,0.04104391811415553,"{""policy_inference_time"": 0.007053188979625702, ""env_step_time"": 0.03301745792850852, ""replay_insert_time"": 0.0006059040315449238, ""logging_time"": 0.00011498993262648582, ""total_train_step_time"": 0.04104391811415553}",0.3308766111731529,0.021505420096218586
rollout_update,46592,3147.5461262095223,4.507074427023469,373163.8909832353,0.04066660022363067,"{""policy_inference_time"": 0.006825033109635115, ""env_step_time"": 0.03290119394659996, ""replay_insert_time"": 0.0005750348791480064, ""logging_time"": 0.00011716783046722412, ""total_train_step_time"": 0.04066660022363067}",0.3308766111731529,0.021505420096218586
rollout_update,46720,3131.9229585293806,4.504497606814245,373163.8909832353,0.040869459975510836,"{""policy_inference_time"": 0.006852006074041128, ""env_step_time"": 0.0330732180736959, ""replay_insert_time"": 0.0005754861049354076, ""logging_time"": 0.00011547515168786049, ""total_train_step_time"": 0.040869459975510836}",0.3308766111731529,0.021505420096218586
rollout_update,46848,3144.45506330958,4.50193398364481,373163.8909832353,0.04070657631382346,"{""policy_inference_time"": 0.006854041945189238, ""env_step_time"": 0.03291560569778085, ""replay_insert_time"": 0.000570524949580431, ""logging_time"": 0.00011600134894251823, ""total_train_step_time"": 0.04070657631382346}",0.3308766111731529,0.021505420096218586
rollout_update,46976,3155.135538069948,4.499381940216108,373163.8909832353,0.04056878015398979,"{""policy_inference_time"": 0.006806040648370981, ""env_step_time"": 0.032828961964696646, ""replay_insert_time"": 0.0005713752470910549, ""logging_time"": 0.00011607632040977478, ""total_train_step_time"": 0.04056878015398979}",0.3308766111731529,0.021505420096218586
rollout_update,47104,3154.4035724718724,4.496832197353935,373163.8909832353,0.040578193962574005,"{""policy_inference_time"": 0.00685954000800848, ""env_step_time"": 0.0327614420093596, ""replay_insert_time"": 0.0005886228755116463, ""logging_time"": 0.00011677714064717293, ""total_train_step_time"": 0.040578193962574005}",0.3308766111731529,0.021505420096218586
rollout_update,47232,105.48506900628416,4.518026486236206,373325.43493802217,1.2134418757632375,"{""policy_inference_time"": 0.006813769694417715, ""env_step_time"": 0.03284856816753745, ""replay_insert_time"": 0.0005709868855774403, ""logging_time"": 0.000115186907351017, ""total_train_step_time"": 1.2134418757632375}",0.3323280159384012,0.021497716195881367
rollout_update,47360,2926.617218199128,4.515314515945581,373325.43493802217,0.043736502062529325,"{""policy_inference_time"": 0.006984607316553593, ""env_step_time"": 0.03511600475758314, ""replay_insert_time"": 0.0012434069067239761, ""logging_time"": 0.00012380024418234825, ""total_train_step_time"": 0.043736502062529325}",0.3323280159384012,0.021497716195881367
rollout_update,47488,2938.6224551143864,4.512616858836357,373325.43493802217,0.04355782410129905,"{""policy_inference_time"": 0.007950670085847378, ""env_step_time"": 0.0346291228197515, ""replay_insert_time"": 0.0005938787944614887, ""logging_time"": 0.00011792825534939766, ""total_train_step_time"": 0.04355782410129905}",0.3323280159384012,0.021497716195881367
rollout_update,47616,3140.12804668737,4.510095231594993,373325.43493802217,0.04076266894116998,"{""policy_inference_time"": 0.006881759036332369, ""env_step_time"": 0.03292788425460458, ""replay_insert_time"": 0.0005794842727482319, ""logging_time"": 0.00011671800166368484, ""total_train_step_time"": 0.04076266894116998}",0.3323280159384012,0.021497716195881367
rollout_update,47744,3090.0970005786894,4.507535662587663,373325.43493802217,0.04142264788970351,"{""policy_inference_time"": 0.006832186132669449, ""env_step_time"": 0.03365662507712841, ""replay_insert_time"": 0.00056814169511199, ""logging_time"": 0.00011840788647532463, ""total_train_step_time"": 0.04142264788970351}",0.3323280159384012,0.021497716195881367
rollout_update,47872,3134.335353859327,4.505015062023511,373325.43493802217,0.04083800408989191,"{""policy_inference_time"": 0.006818538997322321, ""env_step_time"": 0.033068596851080656, ""replay_insert_time"": 0.000582562293857336, ""logging_time"": 0.00011558597907423973, ""total_train_step_time"": 0.04083800408989191}",0.3323280159384012,0.021497716195881367
rollout_update,48000,3143.9984074922895,4.502505012982984,373325.43493802217,0.04071248881518841,"{""policy_inference_time"": 0.006819324102252722, ""env_step_time"": 0.032958501018583775, ""replay_insert_time"": 0.000565781258046627, ""logging_time"": 0.00011723395437002182, ""total_train_step_time"": 0.04071248881518841}",0.3323280159384012,0.021497716195881367
rollout_update,48128,3140.0635861320816,4.499994619327767,373325.43493802217,0.04076350573450327,"{""policy_inference_time"": 0.006801025941967964, ""env_step_time"": 0.03302534110844135, ""replay_insert_time"": 0.0005708998069167137, ""logging_time"": 0.00011551519855856895, ""total_train_step_time"": 0.04076350573450327}",0.3323280159384012,0.021497716195881367
rollout_update,48256,105.61419202433879,4.520798283925436,373493.5905271021,1.2119583319872618,"{""policy_inference_time"": 0.006847164127975702, ""env_step_time"": 0.0331141403876245, ""replay_insert_time"": 0.0005718730390071869, ""logging_time"": 0.00011821510270237923, ""total_train_step_time"": 1.2119583319872618}",0.3310618386603892,0.021523047238588333
rollout_update,48384,2935.915748488197,4.518147937280488,373493.5905271021,0.043597981333732605,"{""policy_inference_time"": 0.007036904338747263, ""env_step_time"": 0.034914589021354914, ""replay_insert_time"": 0.0012517869472503662, ""logging_time"": 0.00012473715469241142, ""total_train_step_time"": 0.043597981333732605}",0.3310618386603892,0.021523047238588333
rollout_update,48512,3116.0595692012575,4.515653652641209,373493.5905271021,0.04107752023264766,"{""policy_inference_time"": 0.006904967129230499, ""env_step_time"": 0.03321891836822033, ""replay_insert_time"": 0.0005840910598635674, ""logging_time"": 0.00011734478175640106, ""total_train_step_time"": 0.04107752023264766}",0.3310618386603892,0.021523047238588333
rollout_update,48640,3101.148948377244,4.513150147583892,373493.5905271021,0.04127502487972379,"{""policy_inference_time"": 0.006815220229327679, ""env_step_time"": 0.033490444999188185, ""replay_insert_time"": 0.0005962401628494263, ""logging_time"": 0.00011813407763838768, ""total_train_step_time"": 0.04127502487972379}",0.3310618386603892,0.021523047238588333
rollout_update,48768,3125.568332257357,4.510668943826704,373493.5905271021,0.04095255210995674,"{""policy_inference_time"": 0.006913995835930109, ""env_step_time"": 0.033103852067142725, ""replay_insert_time"": 0.0005676699802279472, ""logging_time"": 0.00011629611253738403, ""total_train_step_time"": 0.04095255210995674}",0.3310618386603892,0.021523047238588333
rollout_update,48896,3157.982118433457,4.508215892219458,373493.5905271021,0.040532211773097515,"{""policy_inference_time"": 0.006814111024141312, ""env_step_time"": 0.03277660859748721, ""replay_insert_time"": 0.0005729710683226585, ""logging_time"": 0.00011618295684456825, ""total_train_step_time"": 0.040532211773097515}",0.3310618386603892,0.021523047238588333
rollout_update,49024,3161.024816280708,4.505767864642554,373493.5905271021,0.040493196807801723,"{""policy_inference_time"": 0.006808419246226549, ""env_step_time"": 0.03275061585009098, ""replay_insert_time"": 0.0005697109736502171, ""logging_time"": 0.00011523673310875893, ""total_train_step_time"": 0.040493196807801723}",0.3310618386603892,0.021523047238588333
rollout_update,49152,3161.9349065973443,4.503323197714564,373493.5905271021,0.0404815417714417,"{""policy_inference_time"": 0.006826179102063179, ""env_step_time"": 0.03271377785131335, ""replay_insert_time"": 0.0005721491761505604, ""logging_time"": 0.0001183999702334404, ""total_train_step_time"": 0.0404815417714417}",0.3310618386603892,0.021523047238588333
rollout_update,49280,105.6022350188636,4.5236538162208415,373647.52471235726,1.2120955581776798,"{""policy_inference_time"": 0.006837164051830769, ""env_step_time"": 0.03288461174815893, ""replay_insert_time"": 0.000570730771869421, ""logging_time"": 0.00011640693992376328, ""total_train_step_time"": 1.2120955581776798}",0.3313888870179653,0.021476864349097013
rollout_update,49408,2944.5405148046825,4.5210618572269885,373647.52471235726,0.04347027977928519,"{""policy_inference_time"": 0.006988717243075371, ""env_step_time"": 0.03488259296864271, ""replay_insert_time"": 0.001210344024002552, ""logging_time"": 0.00012199161574244499, ""total_train_step_time"": 0.04347027977928519}",0.3313888870179653,0.021476864349097013
rollout_update,49536,3117.7501457656836,4.518616622887474,373647.52471235726,0.041055246256291866,"{""policy_inference_time"": 0.007047409191727638, ""env_step_time"": 0.03304973104968667, ""replay_insert_time"": 0.0005883341655135155, ""logging_time"": 0.0001165349967777729, ""total_train_step_time"": 0.041055246256291866}",0.3313888870179653,0.021476864349097013
rollout_update,49664,3137.4741178272266,4.516189379433516,373647.52471235726,0.040797149296849966,"{""policy_inference_time"": 0.006832744926214218, ""env_step_time"": 0.033002987038344145, ""replay_insert_time"": 0.0005891881883144379, ""logging_time"": 0.00011923117563128471, ""total_train_step_time"": 0.040797149296849966}",0.3313888870179653,0.021476864349097013
rollout_update,49792,3155.590182329479,4.5137786545153435,373647.52471235726,0.040562935173511505,"{""policy_inference_time"": 0.006808755919337273, ""env_step_time"": 0.03280549915507436, ""replay_insert_time"": 0.0005731070414185524, ""logging_time"": 0.0001161019317805767, ""total_train_step_time"": 0.040562935173511505}",0.3313888870179653,0.021476864349097013
rollout_update,49920,3152.3785707040215,4.511368049804439,373647.52471235726,0.04060426028445363,"{""policy_inference_time"": 0.006875758059322834, ""env_step_time"": 0.03278507478535175, ""replay_insert_time"": 0.000567195937037468, ""logging_time"": 0.00011691497638821602, ""total_train_step_time"": 0.04060426028445363}",0.3313888870179653,0.021476864349097013
rollout_update,50048,3153.5405386776524,4.508960905309548,373647.52471235726,0.04058929905295372,"{""policy_inference_time"": 0.006843165028840303, ""env_step_time"": 0.03280662000179291, ""replay_insert_time"": 0.0005710842087864876, ""logging_time"": 0.00011848798021674156, ""total_train_step_time"": 0.04058929905295372}",0.3313888870179653,0.021476864349097013
rollout_update,50176,3150.327968669493,4.506553877443622,373647.52471235726,0.04063069028779864,"{""policy_inference_time"": 0.006863084156066179, ""env_step_time"": 0.03282905789092183, ""replay_insert_time"": 0.0005711950361728668, ""logging_time"": 0.00011600321158766747, ""total_train_step_time"": 0.04063069028779864}",0.3313888870179653,0.021476864349097013
rollout_update,50304,104.91809428014108,4.5259768808245315,373633.31011450867,1.2199992849491537,"{""policy_inference_time"": 0.006866850890219212, ""env_step_time"": 0.03301965119317174, ""replay_insert_time"": 0.0005817930214107037, ""logging_time"": 0.00011543836444616318, ""total_train_step_time"": 1.2199992849491537}",0.33288641599938273,0.02627173624932766
rollout_update,50432,2944.165680672125,4.523433799495529,373633.31011450867,0.043475814163684845,"{""policy_inference_time"": 0.007080971263349056, ""env_step_time"": 0.03475476708263159, ""replay_insert_time"": 0.0012448090128600597, ""logging_time"": 0.00012496905401349068, ""total_train_step_time"": 0.043475814163684845}",0.33288641599938273,0.02627173624932766
rollout_update,50560,3126.194993598519,4.521041406151942,373633.31011450867,0.04094434296712279,"{""policy_inference_time"": 0.00691958935931325, ""env_step_time"": 0.03305437695235014, ""replay_insert_time"": 0.0005856947973370552, ""logging_time"": 0.00011889636516571045, ""total_train_step_time"": 0.04094434296712279}",0.33288641599938273,0.02627173624932766
rollout_update,50688,3140.1851917298263,4.518662183844031,373633.31011450867,0.040761927142739296,"{""policy_inference_time"": 0.006832746788859367, ""env_step_time"": 0.03297610720619559, ""replay_insert_time"": 0.0005841660313308239, ""logging_time"": 0.0001177801750600338, ""total_train_step_time"": 0.040761927142739296}",0.33288641599938273,0.02627173624932766
rollout_update,50816,3152.60453927817,4.516294822302253,373633.31011450867,0.04060134990140796,"{""policy_inference_time"": 0.00678588030859828, ""env_step_time"": 0.032869272865355015, ""replay_insert_time"": 0.0005748220719397068, ""logging_time"": 0.00011785002425312996, ""total_train_step_time"": 0.04060134990140796}",0.33288641599938273,0.02627173624932766
rollout_update,50944,3130.6738850084066,4.5139133825397195,373633.31011450867,0.04088576603680849,"{""policy_inference_time"": 0.006910568103194237, ""env_step_time"": 0.033023441676050425, ""replay_insert_time"": 0.000576443038880825, ""logging_time"": 0.00012062722817063332, ""total_train_step_time"": 0.04088576603680849}",0.33288641599938273,0.02627173624932766
rollout_update,51072,3034.3500685063173,4.511458976133842,373633.31011450867,0.04218366276472807,"{""policy_inference_time"": 0.006847668904811144, ""env_step_time"": 0.03431236883625388, ""replay_insert_time"": 0.0006281421519815922, ""logging_time"": 0.00012290989980101585, ""total_train_step_time"": 0.04218366276472807}",0.33288641599938273,0.02627173624932766
rollout_update,51200,3018.7793594836794,4.508994598372723,373633.31011450867,0.042401243932545185,"{""policy_inference_time"": 0.007396174129098654, ""env_step_time"": 0.0340654025785625, ""replay_insert_time"": 0.0005704690702259541, ""logging_time"": 0.00011766282841563225, ""total_train_step_time"": 0.042401243932545185}",0.33288641599938273,0.02627173624932766
rollout_update,51328,105.14945552166044,4.528161706236055,373762.3673322468,1.2173149101436138,"{""policy_inference_time"": 0.007011835463345051, ""env_step_time"": 0.03344708913937211, ""replay_insert_time"": 0.0006012092344462872, ""logging_time"": 0.00011564791202545166, ""total_train_step_time"": 1.2173149101436138}",0.3356238668784499,0.021834576036781073
rollout_update,51456,2982.7688116505615,4.525698335997542,373762.3673322468,0.04291314817965031,"{""policy_inference_time"": 0.00698631489649415, ""env_step_time"": 0.034315530210733414, ""replay_insert_time"": 0.0012184386141598225, ""logging_time"": 0.0001250850036740303, ""total_train_step_time"": 0.04291314817965031}",0.3356238668784499,0.021834576036781073
rollout_update,51584,3115.2223293692487,4.523342214106712,373762.3673322468,0.04108856013044715,"{""policy_inference_time"": 0.007082315161824226, ""env_step_time"": 0.033031735103577375, ""replay_insert_time"": 0.0005994020029902458, ""logging_time"": 0.0001204581931233406, ""total_train_step_time"": 0.04108856013044715}",0.3356238668784499,0.021834576036781073
rollout_update,51712,3147.578347752687,4.521012726632412,373762.3673322468,0.040666183922439814,"{""policy_inference_time"": 0.0068442379124462605, ""env_step_time"": 0.032881942577660084, ""replay_insert_time"": 0.000573120079934597, ""logging_time"": 0.00011407583951950073, ""total_train_step_time"": 0.040666183922439814}",0.3356238668784499,0.021834576036781073
rollout_update,51840,3159.5963601467033,4.5186944841652465,373762.3673322468,0.04051150381565094,"{""policy_inference_time"": 0.006824590265750885, ""env_step_time"": 0.03274354012683034, ""replay_insert_time"": 0.0005762167274951935, ""logging_time"": 0.00011772569268941879, ""total_train_step_time"": 0.04051150381565094}",0.3356238668784499,0.021834576036781073
rollout_update,51968,3138.635192596437,4.516363159552913,373762.3673322468,0.04078205721452832,"{""policy_inference_time"": 0.006924629211425781, ""env_step_time"": 0.0329271899536252, ""replay_insert_time"": 0.0005692378617823124, ""logging_time"": 0.00011442089453339577, ""total_train_step_time"": 0.04078205721452832}",0.3356238668784499,0.021834576036781073
rollout_update,52096,3147.766139670246,4.514040991484687,373762.3673322468,0.04066375782713294,"{""policy_inference_time"": 0.006810956168919802, ""env_step_time"": 0.03290021186694503, ""replay_insert_time"": 0.0005786730907857418, ""logging_time"": 0.00011974293738603592, ""total_train_step_time"": 0.04066375782713294}",0.3356238668784499,0.021834576036781073
rollout_update,52224,3124.558787626494,4.511703989130296,373762.3673322468,0.04096578387543559,"{""policy_inference_time"": 0.006863465998321772, ""env_step_time"": 0.03313535684719682, ""replay_insert_time"": 0.000597640872001648, ""logging_time"": 0.00011863512918353081, ""total_train_step_time"": 0.04096578387543559}",0.3356238668784499,0.021834576036781073
rollout_update,52352,104.22727044947271,4.529863786582693,373789.13982955826,1.2280855043791234,"{""policy_inference_time"": 0.006959245074540377, ""env_step_time"": 0.03323594527319074, ""replay_insert_time"": 0.0006258352659642696, ""logging_time"": 0.00012257136404514313, ""total_train_step_time"": 1.2280855043791234}",0.3364050332456827,0.021959520410746336
rollout_update,52480,2921.696646923664,4.527395434907005,373789.13982955826,0.04381016083061695,"{""policy_inference_time"": 0.007262178231030703, ""env_step_time"": 0.0346244340762496, ""replay_insert_time"": 0.0015080971643328667, ""logging_time"": 0.00013324106112122536, ""total_train_step_time"": 0.04381016083061695}",0.3364050332456827,0.021959520410746336
rollout_update,52608,3036.741448032709,4.525023132763695,373789.13982955826,0.0421504438854754,"{""policy_inference_time"": 0.007248378824442625, ""env_step_time"": 0.03390885889530182, ""replay_insert_time"": 0.0006216722540557384, ""logging_time"": 0.0001198500394821167, ""total_train_step_time"": 0.0421504438854754}",0.3364050332456827,0.021959520410746336
rollout_update,52736,3110.61719791052,4.522709568747803,373789.13982955826,0.04114938993006945,"{""policy_inference_time"": 0.007120470982044935, ""env_step_time"": 0.03304167417809367, ""replay_insert_time"": 0.0006164410151541233, ""logging_time"": 0.00011924980208277702, ""total_train_step_time"": 0.04114938993006945}",0.3364050332456827,0.021959520410746336
rollout_update,52864,3106.9291110092363,4.520395627180751,373789.13982955826,0.041198236402124166,"{""policy_inference_time"": 0.006981434766203165, ""env_step_time"": 0.033251320011913776, ""replay_insert_time"": 0.0005951202474534512, ""logging_time"": 0.0001162281259894371, ""total_train_step_time"": 0.041198236402124166}",0.3364050332456827,0.021959520410746336
rollout_update,52992,3110.606285681488,4.518086783365635,373789.13982955826,0.04114953428506851,"{""policy_inference_time"": 0.006947353947907686, ""env_step_time"": 0.03319903602823615, ""replay_insert_time"": 0.0006223851814866066, ""logging_time"": 0.00012412108480930328, ""total_train_step_time"": 0.04114953428506851}",0.3364050332456827,0.021959520410746336
rollout_update,53120,3068.2387150313084,4.5157484644011125,373789.13982955826,0.041717744898051023,"{""policy_inference_time"": 0.007290361914783716, ""env_step_time"": 0.03342350572347641, ""replay_insert_time"": 0.0006263512186706066, ""logging_time"": 0.00012154132127761841, ""total_train_step_time"": 0.041717744898051023}",0.3364050332456827,0.021959520410746336
rollout_update,53248,3099.7138205764672,4.513436271603922,373789.13982955826,0.04129413468763232,"{""policy_inference_time"": 0.0071248761378228664, ""env_step_time"": 0.03316206019371748, ""replay_insert_time"": 0.0006293193437159061, ""logging_time"": 0.00012059276923537254, ""total_train_step_time"": 0.04129413468763232}",0.3364050332456827,0.021959520410746336
rollout_update,53376,104.19390378417854,4.531211068304431,373792.3061470437,1.2284787818789482,"{""policy_inference_time"": 0.007119831163436174, ""env_step_time"": 0.033048432786017656, ""replay_insert_time"": 0.0006077815778553486, ""logging_time"": 0.00011999206617474556, ""total_train_step_time"": 1.2284787818789482}",0.335770467761904,0.022053972352296114
rollout_update,53504,2803.628414655802,4.528685831600593,373792.3061470437,0.045655122958123684,"{""policy_inference_time"": 0.007537758909165859, ""env_step_time"": 0.03615807369351387, ""replay_insert_time"": 0.0015429281629621983, ""logging_time"": 0.00013506971299648285, ""total_train_step_time"": 0.045655122958123684}",0.335770467761904,0.022053972352296114
rollout_update,53632,2999.8265433129936,4.526328296539674,373792.3061470437,0.04266913374885917,"{""policy_inference_time"": 0.007464220747351646, ""env_step_time"": 0.034200627356767654, ""replay_insert_time"": 0.0006273463368415833, ""logging_time"": 0.00012087728828191757, ""total_train_step_time"": 0.04266913374885917}",0.335770467761904,0.022053972352296114
rollout_update,53760,2997.364865107413,4.523971281588043,373792.3061470437,0.04270417708903551,"{""policy_inference_time"": 0.007391787134110928, ""env_step_time"": 0.03430597810074687, ""replay_insert_time"": 0.0006264378316700459, ""logging_time"": 0.0001235920935869217, ""total_train_step_time"": 0.04270417708903551}",0.335770467761904,0.022053972352296114
rollout_update,53888,2987.981088744551,4.521609329459651,373792.3061470437,0.042838289868086576,"{""policy_inference_time"": 0.007392733823508024, ""env_step_time"": 0.03441322920843959, ""replay_insert_time"": 0.0006532482802867889, ""logging_time"": 0.00012180116027593613, ""total_train_step_time"": 0.042838289868086576}",0.335770467761904,0.022053972352296114
rollout_update,54016,3060.6127861992036,4.519305807070829,373792.3061470437,0.041821690276265144,"{""policy_inference_time"": 0.007185382302850485, ""env_step_time"": 0.033668864984065294, ""replay_insert_time"": 0.0005950629711151123, ""logging_time"": 0.00012086285278201103, ""total_train_step_time"": 0.041821690276265144}",0.335770467761904,0.022053972352296114
rollout_update,54144,3100.3805816524286,4.517034132305207,373792.3061470437,0.041285254061222076,"{""policy_inference_time"": 0.006966116838157177, ""env_step_time"": 0.03335534781217575, ""replay_insert_time"": 0.0005779978819191456, ""logging_time"": 0.00011785374954342842, ""total_train_step_time"": 0.041285254061222076}",0.335770467761904,0.022053972352296114
rollout_update,54272,3114.3377272553103,4.514774905522568,373792.3061470437,0.04110023099929094,"{""policy_inference_time"": 0.007016882300376892, ""env_step_time"": 0.033120241947472095, ""replay_insert_time"": 0.0005926918238401413, ""logging_time"": 0.00011900486424565315, ""total_train_step_time"": 0.04110023099929094}",0.335770467761904,0.022053972352296114
rollout_update,54400,103.78625182220726,4.531942455396603,373775.82704820234,1.233304004650563,"{""policy_inference_time"": 0.007133185397833586, ""env_step_time"": 0.033305180724710226, ""replay_insert_time"": 0.0005998113192617893, ""logging_time"": 0.00012020906433463097, ""total_train_step_time"": 1.233304004650563}",0.3373561925254762,0.02211493905633688
rollout_update,54528,2780.9859176409323,4.529442981739947,373775.82704820234,0.04602684220299125,"{""policy_inference_time"": 0.007164387963712215, ""env_step_time"": 0.03704475378617644, ""replay_insert_time"": 0.00141112320125103, ""logging_time"": 0.00013138866052031517, ""total_train_step_time"": 0.04602684220299125}",0.3373561925254762,0.02211493905633688
rollout_update,54656,3050.9447944273215,4.527167071449234,373775.82704820234,0.04195421701297164,"{""policy_inference_time"": 0.007085795048624277, ""env_step_time"": 0.03390123508870602, ""replay_insert_time"": 0.0005948469042778015, ""logging_time"": 0.00011894199997186661, ""total_train_step_time"": 0.04195421701297164}",0.3373561925254762,0.02211493905633688
rollout_update,54784,3015.4818212222754,4.524866722245195,373775.82704820234,0.04244761122390628,"{""policy_inference_time"": 0.006995667703449726, ""env_step_time"": 0.03450053883716464, ""replay_insert_time"": 0.0005797888152301311, ""logging_time"": 0.00011813407763838768, ""total_train_step_time"": 0.04244761122390628}",0.3373561925254762,0.02211493905633688
rollout_update,54912,3119.7000850399404,4.522645440442564,373775.82704820234,0.0410295850597322,"{""policy_inference_time"": 0.006923297885805368, ""env_step_time"": 0.033168493304401636, ""replay_insert_time"": 0.0005716611631214619, ""logging_time"": 0.00011602696031332016, ""total_train_step_time"": 0.0410295850597322}",0.3373561925254762,0.02211493905633688
rollout_update,55040,3140.945206874604,4.520441340975899,373775.82704820234,0.04075206397101283,"{""policy_inference_time"": 0.006859343033283949, ""env_step_time"": 0.03295602696016431, ""replay_insert_time"": 0.0005729859694838524, ""logging_time"": 0.00011327676475048065, ""total_train_step_time"": 0.04075206397101283}",0.3373561925254762,0.02211493905633688
rollout_update,55168,3083.6003415319797,4.5181984600067615,373775.82704820234,0.04150991886854172,"{""policy_inference_time"": 0.006848202086985111, ""env_step_time"": 0.033703337889164686, ""replay_insert_time"": 0.000590628944337368, ""logging_time"": 0.00011687306687235832, ""total_train_step_time"": 0.04150991886854172}",0.3373561925254762,0.02211493905633688
rollout_update,55296,3127.651265229794,4.51598934635899,373775.82704820234,0.040925278794020414,"{""policy_inference_time"": 0.006875605788081884, ""env_step_time"": 0.033121778164058924, ""replay_insert_time"": 0.0005665873177349567, ""logging_time"": 0.00011394033208489418, ""total_train_step_time"": 0.040925278794020414}",0.3373561925254762,0.02211493905633688
rollout_update,55424,104.64479965994384,4.533370493506156,373808.2491799282,1.2231854847632349,"{""policy_inference_time"": 0.006829056888818741, ""env_step_time"": 0.033069667872041464, ""replay_insert_time"": 0.0005706381052732468, ""logging_time"": 0.00011394917964935303, ""total_train_step_time"": 1.2231854847632349}",0.33534559374675155,0.021570493932813406
rollout_update,55552,2920.9346337712177,4.531032486590098,373808.2491799282,0.04382159002125263,"{""policy_inference_time"": 0.00724238995462656, ""env_step_time"": 0.03486096300184727, ""replay_insert_time"": 0.0013182642869651318, ""logging_time"": 0.00012814300134778023, ""total_train_step_time"": 0.04382159002125263}",0.33534559374675155,0.021570493932813406
rollout_update,55680,3083.87803694545,4.528820236076567,373808.2491799282,0.0415061810053885,"{""policy_inference_time"": 0.007166922092437744, ""env_step_time"": 0.033365597017109394, ""replay_insert_time"": 0.0006019691936671734, ""logging_time"": 0.00011860299855470657, ""total_train_step_time"": 0.0415061810053885}",0.33534559374675155,0.021570493932813406
rollout_update,55808,3059.5953783863297,4.5265926128539995,373808.2491799282,0.04183559725061059,"{""policy_inference_time"": 0.006861035246402025, ""env_step_time"": 0.0339933461509645, ""replay_insert_time"": 0.0006015081889927387, ""logging_time"": 0.00012147193774580956, ""total_train_step_time"": 0.04183559725061059}",0.33534559374675155,0.021570493932813406
rollout_update,55936,3099.3261185655515,4.524395694309863,373808.2491799282,0.04129930026829243,"{""policy_inference_time"": 0.006960015743970871, ""env_step_time"": 0.03339860774576664, ""replay_insert_time"": 0.0005759140476584435, ""logging_time"": 0.00011509517207741737, ""total_train_step_time"": 0.04129930026829243}",0.33534559374675155,0.021570493932813406
rollout_update,56064,3105.174195679428,4.522205038732375,373808.2491799282,0.04122151993215084,"{""policy_inference_time"": 0.006895407103002071, ""env_step_time"": 0.03338013682514429, ""replay_insert_time"": 0.0005783461965620518, ""logging_time"": 0.00011678459122776985, ""total_train_step_time"": 0.04122151993215084}",0.33534559374675155,0.021570493932813406
rollout_update,56192,3074.4496141205286,4.5199946430182685,373808.2491799282,0.04163346812129021,"{""policy_inference_time"": 0.007206938695162535, ""env_step_time"": 0.03345852205529809, ""replay_insert_time"": 0.000597143080085516, ""logging_time"": 0.00011775875464081764, ""total_train_step_time"": 0.04163346812129021}",0.33534559374675155,0.021570493932813406
rollout_update,56320,3098.6506590741933,4.517803645452858,373808.2491799282,0.04130830289795995,"{""policy_inference_time"": 0.0069312299601733685, ""env_step_time"": 0.03329849289730191, ""replay_insert_time"": 0.000681552104651928, ""logging_time"": 0.0001305057667195797, ""total_train_step_time"": 0.04130830289795995}",0.33534559374675155,0.021570493932813406
rollout_update,56448,104.13429917626077,4.534539768155126,373843.1772170764,1.2291819411329925,"{""policy_inference_time"": 0.006891455035656691, ""env_step_time"": 0.03359442437067628, ""replay_insert_time"": 0.0005756770260632038, ""logging_time"": 0.00011697830632328987, ""total_train_step_time"": 1.2291819411329925}",0.33666361356154084,0.021767787169665098
rollout_update,56576,2944.8389995900357,4.532260945815979,373843.1772170764,0.04346587369218469,"{""policy_inference_time"": 0.007123988121747971, ""env_step_time"": 0.034584608394652605, ""replay_insert_time"": 0.0013573882170021534, ""logging_time"": 0.00012816907837986946, ""total_train_step_time"": 0.04346587369218469}",0.33666361356154084,0.021767787169665098
rollout_update,56704,3112.931086499023,4.5301072826032245,373843.1772170764,0.04111880296841264,"{""policy_inference_time"": 0.00697528338059783, ""env_step_time"": 0.0331783858127892, ""replay_insert_time"": 0.0005866377614438534, ""logging_time"": 0.00012417929247021675, ""total_train_step_time"": 0.04111880296841264}",0.33666361356154084,0.021767787169665098
rollout_update,56832,3115.3841413499354,4.52795735857646,373843.1772170764,0.04108642600476742,"{""policy_inference_time"": 0.006922031287103891, ""env_step_time"": 0.033211827743798494, ""replay_insert_time"": 0.0005815871991217136, ""logging_time"": 0.00011908682063221931, ""total_train_step_time"": 0.04108642600476742}",0.33666361356154084,0.021767787169665098
rollout_update,56960,3144.5519358486385,4.525829387909762,373843.1772170764,0.04070532228797674,"{""policy_inference_time"": 0.006876910105347633, ""env_step_time"": 0.03288831328973174, ""replay_insert_time"": 0.0005744118243455887, ""logging_time"": 0.00011614710092544556, ""total_train_step_time"": 0.04070532228797674}",0.33666361356154084,0.021767787169665098
rollout_update,57088,2979.934721543805,4.52358603197678,373843.1772170764,0.042953961063176394,"{""policy_inference_time"": 0.00684055220335722, ""env_step_time"": 0.0351116000674665, ""replay_insert_time"": 0.0006221379153430462, ""logging_time"": 0.00012472085654735565, ""total_train_step_time"": 0.042953961063176394}",0.33666361356154084,0.021767787169665098
rollout_update,57216,3114.121232819834,4.521441422848923,373843.1772170764,0.04110308829694986,"{""policy_inference_time"": 0.007090548053383827, ""env_step_time"": 0.033083715941756964, ""replay_insert_time"": 0.0005671922117471695, ""logging_time"": 0.00011486280709505081, ""total_train_step_time"": 0.04110308829694986}",0.33666361356154084,0.021767787169665098
rollout_update,57344,3046.103033402268,4.5192510265971935,373843.1772170764,0.04202090296894312,"{""policy_inference_time"": 0.006874265614897013, ""env_step_time"": 0.03419799683615565, ""replay_insert_time"": 0.0005823248066008091, ""logging_time"": 0.00011500483378767967, ""total_train_step_time"": 0.04202090296894312}",0.33666361356154084,0.021767787169665098
rollout_update,57472,104.63773693260968,4.535982374185883,373881.17424333317,1.2232680460438132,"{""policy_inference_time"": 0.006874108221381903, ""env_step_time"": 0.03322865115478635, ""replay_insert_time"": 0.0005767913535237312, ""logging_time"": 0.00011713523417711258, ""total_train_step_time"": 1.2232680460438132}",0.3359223888255656,0.021639883052557707
rollout_update,57600,2930.7649169585407,4.533731334100838,373881.17424333317,0.04367460496723652,"{""policy_inference_time"": 0.007128492929041386, ""env_step_time"": 0.03470877930521965, ""replay_insert_time"": 0.001434587873518467, ""logging_time"": 0.00013063475489616394, ""total_train_step_time"": 0.04367460496723652}",0.3359223888255656,0.021639883052557707
rollout_update,57728,2701.6473721433777,4.531291916050812,373881.17424333317,0.04737849999219179,"{""policy_inference_time"": 0.007151362951844931, ""env_step_time"": 0.039239168632775545, ""replay_insert_time"": 0.0006141392514109612, ""logging_time"": 0.00011796923354268074, ""total_train_step_time"": 0.04737849999219179}",0.3359223888255656,0.021639883052557707
rollout_update,57856,3039.2843198713654,4.529125698053405,373881.17424333317,0.04211517795920372,"{""policy_inference_time"": 0.006956174969673157, ""env_step_time"": 0.034192490857094526, ""replay_insert_time"": 0.0005942177958786488, ""logging_time"": 0.00011956598609685898, ""total_train_step_time"": 0.04211517795920372}",0.3359223888255656,0.021639883052557707
rollout_update,57984,3056.8832151957076,4.5269740035960915,373881.17424333317,0.04187271511182189,"{""policy_inference_time"": 0.007039566989988089, ""env_step_time"": 0.03387551661580801, ""replay_insert_time"": 0.0005874168127775192, ""logging_time"": 0.0001165890134871006, ""total_train_step_time"": 0.04187271511182189}",0.3359223888255656,0.021639883052557707
rollout_update,58112,2494.0603379560966,4.52433953328919,373881.17424333317,0.05132193397730589,"{""policy_inference_time"": 0.0069763921201229095, ""env_step_time"": 0.04339137813076377, ""replay_insert_time"": 0.0005785240791738033, ""logging_time"": 0.00011651590466499329, ""total_train_step_time"": 0.05132193397730589}",0.3359223888255656,0.021639883052557707
rollout_update,58240,2308.6082148897913,4.521496877585735,373881.17424333317,0.0554446610622108,"{""policy_inference_time"": 0.006875671911984682, ""env_step_time"": 0.047630209010094404, ""replay_insert_time"": 0.0005717361345887184, ""logging_time"": 0.00011786771938204765, ""total_train_step_time"": 0.0554446610622108}",0.3359223888255656,0.021639883052557707
rollout_update,58368,3119.322163953629,4.519395329117712,373881.17424333317,0.04103455599397421,"{""policy_inference_time"": 0.006832154002040625, ""env_step_time"": 0.03326880373060703, ""replay_insert_time"": 0.0005691633559763432, ""logging_time"": 0.00011637620627880096, ""total_train_step_time"": 0.04103455599397421}",0.3359223888255656,0.021639883052557707
rollout_update,58496,102.92684024123106,4.534805536570105,373767.3748223069,1.2436017631553113,"{""policy_inference_time"": 0.00680953823029995, ""env_step_time"": 0.04368819482624531, ""replay_insert_time"": 0.0009037097916007042, ""logging_time"": 0.0003124568611383438, ""total_train_step_time"": 1.2436017631553113}",0.33257474238052964,0.02159604011103511
rollout_update,58624,2955.154881579878,4.532612676266252,373767.3748223069,0.04331414261832833,"{""policy_inference_time"": 0.007056226022541523, ""env_step_time"": 0.03459754306823015, ""replay_insert_time"": 0.0012649809941649437, ""logging_time"": 0.0001254160888493061, ""total_train_step_time"": 0.04331414261832833}",0.33257474238052964,0.02159604011103511
rollout_update,58752,3089.82068476694,4.5305173721367815,373767.3748223069,0.041426352225244045,"{""policy_inference_time"": 0.007147334981709719, ""env_step_time"": 0.033294543623924255, ""replay_insert_time"": 0.0006107338704168797, ""logging_time"": 0.00011882232502102852, ""total_train_step_time"": 0.041426352225244045}",0.33257474238052964,0.02159604011103511
rollout_update,58880,3111.4348824230765,4.5284385396378415,373767.3748223069,0.0411385758779943,"{""policy_inference_time"": 0.006914779078215361, ""env_step_time"": 0.03326787520200014, ""replay_insert_time"": 0.0005878969095647335, ""logging_time"": 0.00011785188689827919, ""total_train_step_time"": 0.0411385758779943}",0.33257474238052964,0.02159604011103511
rollout_update,59008,3101.400804508682,4.526354897549481,373767.3748223069,0.041271673049777746,"{""policy_inference_time"": 0.006882756948471069, ""env_step_time"": 0.03343517007306218, ""replay_insert_time"": 0.0005834707990288734, ""logging_time"": 0.00011653406545519829, ""total_train_step_time"": 0.041271673049777746}",0.33257474238052964,0.02159604011103511
rollout_update,59136,2432.641494995604,4.523701218833441,373767.3748223069,0.05261769983917475,"{""policy_inference_time"": 0.006882471963763237, ""env_step_time"": 0.04469546116888523, ""replay_insert_time"": 0.0006526820361614227, ""logging_time"": 0.00012564798817038536, ""total_train_step_time"": 0.05261769983917475}",0.33257474238052964,0.02159604011103511
rollout_update,59264,2967.85554051822,4.521528415816689,373767.3748223069,0.04312878381460905,"{""policy_inference_time"": 0.007491200231015682, ""env_step_time"": 0.03457112330943346, ""replay_insert_time"": 0.0006712153553962708, ""logging_time"": 0.0001307828351855278, ""total_train_step_time"": 0.04312878381460905}",0.33257474238052964,0.02159604011103511
rollout_update,59392,2814.9217358548594,4.519239824399414,373767.3748223069,0.045471956953406334,"{""policy_inference_time"": 0.0077889831736683846, ""env_step_time"": 0.036607295740395784, ""replay_insert_time"": 0.0006813891232013702, ""logging_time"": 0.0001286049373447895, ""total_train_step_time"": 0.045471956953406334}",0.33257474238052964,0.02159604011103511
rollout_update,59520,103.74138239460886,4.5348757330918295,373716.4256432837,1.2338374238461256,"{""policy_inference_time"": 0.007934014312922955, ""env_step_time"": 0.03567143622785807, ""replay_insert_time"": 0.0006783083081245422, ""logging_time"": 0.00012689689174294472, ""total_train_step_time"": 1.2338374238461256}",0.33804441429674625,0.021465165074914694
rollout_update,59648,2889.154172065829,4.5326707322326945,373716.4256432837,0.04430362395942211,"{""policy_inference_time"": 0.007183289621025324, ""env_step_time"": 0.03547416580840945, ""replay_insert_time"": 0.0012501156888902187, ""logging_time"": 0.00012476975098252296, ""total_train_step_time"": 0.04430362395942211}",0.33804441429674625,0.021465165074914694
rollout_update,59776,3112.2207545967735,4.530625691896168,373716.4256432837,0.04112818790599704,"{""policy_inference_time"": 0.006939860060811043, ""env_step_time"": 0.03320937184616923, ""replay_insert_time"": 0.0006086542271077633, ""logging_time"": 0.00011778436601161957, ""total_train_step_time"": 0.04112818790599704}",0.33804441429674625,0.021465165074914694
rollout_update,59904,3131.363950114468,4.528594981300281,373716.4256432837,0.04087675595656037,"{""policy_inference_time"": 0.00684382114559412, ""env_step_time"": 0.0330825368873775, ""replay_insert_time"": 0.0005824966356158257, ""logging_time"": 0.00011662067845463753, ""total_train_step_time"": 0.04087675595656037}",0.33804441429674625,0.021465165074914694
rollout_update,60032,3141.0900321785916,4.526572369752535,373716.4256432837,0.040750185027718544,"{""policy_inference_time"": 0.00685306778177619, ""env_step_time"": 0.03295814199373126, ""replay_insert_time"": 0.0005719577893614769, ""logging_time"": 0.00011750403791666031, ""total_train_step_time"": 0.040750185027718544}",0.33804441429674625,0.021465165074914694
rollout_update,60160,3138.381696181034,4.524549821001046,373716.4256432837,0.04078535130247474,"{""policy_inference_time"": 0.006902925670146942, ""env_step_time"": 0.032940567936748266, ""replay_insert_time"": 0.0005746553651988506, ""logging_time"": 0.0001172088086605072, ""total_train_step_time"": 0.04078535130247474}",0.33804441429674625,0.021465165074914694
rollout_update,60288,2847.3657780883486,4.5223226499345754,373716.4256432837,0.044953831005841494,"{""policy_inference_time"": 0.006880852393805981, ""env_step_time"": 0.03712844708934426, ""replay_insert_time"": 0.0005716439336538315, ""logging_time"": 0.00011902907863259315, ""total_train_step_time"": 0.044953831005841494}",0.33804441429674625,0.021465165074914694
rollout_update,60416,3107.047847612611,4.520283546768629,373716.4256432837,0.04119666200131178,"{""policy_inference_time"": 0.006863239221274853, ""env_step_time"": 0.03338335920125246, ""replay_insert_time"": 0.0005707591772079468, ""logging_time"": 0.00012796418741345406, ""total_train_step_time"": 0.04119666200131178}",0.33804441429674625,0.021465165074914694
rollout_update,60544,105.54285051702207,4.536679339006407,373831.37870499963,1.212777553126216,"{""policy_inference_time"": 0.006890721153467894, ""env_step_time"": 0.03298131097108126, ""replay_insert_time"": 0.0005731456913053989, ""logging_time"": 0.00011506164446473122, ""total_train_step_time"": 1.212777553126216}",0.33168555283918977,0.02150140516459942
rollout_update,60672,2956.9074778993204,4.5345590449861986,373831.37870499963,0.04328846978023648,"{""policy_inference_time"": 0.007064759265631437, ""env_step_time"": 0.03453675704076886, ""replay_insert_time"": 0.0012982678599655628, ""logging_time"": 0.00012416066601872444, ""total_train_step_time"": 0.04328846978023648}",0.33168555283918977,0.02150140516459942
rollout_update,60800,3085.693023315963,4.532529103014426,373831.37870499963,0.04148176731541753,"{""policy_inference_time"": 0.0070222667418420315, ""env_step_time"": 0.03349131112918258, ""replay_insert_time"": 0.0005925861187279224, ""logging_time"": 0.00011804187670350075, ""total_train_step_time"": 0.04148176731541753}",0.33168555283918977,0.02150140516459942
rollout_update,60928,3140.9148437088734,4.530536619376636,373831.37870499963,0.04075245792046189,"{""policy_inference_time"": 0.00684432964771986, ""env_step_time"": 0.03295672172680497, ""replay_insert_time"": 0.0005793771706521511, ""logging_time"": 0.00011917715892195702, ""total_train_step_time"": 0.04075245792046189}",0.33168555283918977,0.02150140516459942
rollout_update,61056,3144.3557508723343,4.52854806427353,373831.37870499963,0.04070786200463772,"{""policy_inference_time"": 0.006835568230599165, ""env_step_time"": 0.032931254245340824, ""replay_insert_time"": 0.0005713729187846184, ""logging_time"": 0.0001181229017674923, ""total_train_step_time"": 0.04070786200463772}",0.33168555283918977,0.02150140516459942
rollout_update,61184,3157.162126368099,4.526569309611802,373831.37870499963,0.04054273897781968,"{""policy_inference_time"": 0.006821946706622839, ""env_step_time"": 0.03276813309639692, ""replay_insert_time"": 0.0005723866634070873, ""logging_time"": 0.00012495089322328568, ""total_train_step_time"": 0.04054273897781968}",0.33168555283918977,0.02150140516459942
rollout_update,61312,3163.4615537520494,4.524596218586069,373831.37870499963,0.040462005883455276,"{""policy_inference_time"": 0.006785679142922163, ""env_step_time"": 0.03272675722837448, ""replay_insert_time"": 0.0005822191014885902, ""logging_time"": 0.00011446001008152962, ""total_train_step_time"": 0.040462005883455276}",0.33168555283918977,0.02150140516459942
rollout_update,61440,3158.010744418353,4.522621445762209,373831.37870499963,0.04053184436634183,"{""policy_inference_time"": 0.006832430139183998, ""env_step_time"": 0.03276589000597596, ""replay_insert_time"": 0.0005696630105376244, ""logging_time"": 0.00011455221101641655, ""total_train_step_time"": 0.04053184436634183}",0.33168555283918977,0.02150140516459942
rollout_update,61568,105.17659734903964,4.538521856463555,373898.613094813,1.2170007703825831,"{""policy_inference_time"": 0.0068998741917312145, ""env_step_time"": 0.03283679485321045, ""replay_insert_time"": 0.0005719228647649288, ""logging_time"": 0.00011694617569446564, ""total_train_step_time"": 1.2170007703825831}",0.3321680477820337,0.0214489190839231
rollout_update,61696,2928.7687183127623,4.536414567052108,373898.613094813,0.04370437283068895,"{""policy_inference_time"": 0.006989907007664442, ""env_step_time"": 0.03512681182473898, ""replay_insert_time"": 0.0011928300373256207, ""logging_time"": 0.00012437393888831139, ""total_train_step_time"": 0.04370437283068895}",0.3321680477820337,0.0214489190839231
rollout_update,61824,3079.0096256075904,4.53441191843778,373898.613094813,0.041571808978915215,"{""policy_inference_time"": 0.007071911357343197, ""env_step_time"": 0.03354333294555545, ""replay_insert_time"": 0.0005908878520131111, ""logging_time"": 0.00011510495096445084, ""total_train_step_time"": 0.041571808978915215}",0.3321680477820337,0.0214489190839231
rollout_update,61952,3045.988436525159,4.532389355590604,373898.613094813,0.04202248388901353,"{""policy_inference_time"": 0.007415160071104765, ""env_step_time"": 0.03361816005781293, ""replay_insert_time"": 0.0006028879433870316, ""logging_time"": 0.00011730799451470375, ""total_train_step_time"": 0.04202248388901353}",0.3321680477820337,0.0214489190839231
rollout_update,62080,3144.902568648021,4.5304321261552944,373898.613094813,0.04070078395307064,"{""policy_inference_time"": 0.006872828118503094, ""env_step_time"": 0.03288534702733159, ""replay_insert_time"": 0.0005730101838707924, ""logging_time"": 0.000116703100502491, ""total_train_step_time"": 0.04070078395307064}",0.3321680477820337,0.0214489190839231
rollout_update,62208,3139.4974370093555,4.528473221068598,373898.613094813,0.04077085666358471,"{""policy_inference_time"": 0.006865275092422962, ""env_step_time"": 0.032971881330013275, ""replay_insert_time"": 0.0005713892169296741, ""logging_time"": 0.00011475710198283195, ""total_train_step_time"": 0.04077085666358471}",0.3321680477820337,0.0214489190839231
rollout_update,62336,3154.3990476231243,4.5265252512980725,373898.613094813,0.04057825217023492,"{""policy_inference_time"": 0.00684610428288579, ""env_step_time"": 0.0327875311486423, ""replay_insert_time"": 0.0005706618539988995, ""logging_time"": 0.00012323912233114243, ""total_train_step_time"": 0.04057825217023492}",0.3321680477820337,0.0214489190839231
rollout_update,62464,3139.510274059359,4.524569730590526,373898.613094813,0.04077068995684385,"{""policy_inference_time"": 0.006859614048153162, ""env_step_time"": 0.03297233395278454, ""replay_insert_time"": 0.0005737110041081905, ""logging_time"": 0.00011477386578917503, ""total_train_step_time"": 0.04077068995684385}",0.3321680477820337,0.0214489190839231
rollout_update,62592,105.43900725092328,4.540338505561011,373986.22603824135,1.2139719761908054,"{""policy_inference_time"": 0.006782901007682085, ""env_step_time"": 0.03278296906501055, ""replay_insert_time"": 0.0005678106099367142, ""logging_time"": 0.00011562881991267204, ""total_train_step_time"": 1.2139719761908054}",0.33161587780341506,0.021480684634298086
rollout_update,62720,2982.9446059344227,4.538301197984067,373986.22603824135,0.04291061917319894,"{""policy_inference_time"": 0.007022507023066282, ""env_step_time"": 0.034356880001723766, ""replay_insert_time"": 0.001140496227890253, ""logging_time"": 0.00012261699885129929, ""total_train_step_time"": 0.04291061917319894}",0.33161587780341506,0.021480684634298086
rollout_update,62848,3091.876434862954,4.536337400156101,373986.22603824135,0.04139880836009979,"{""policy_inference_time"": 0.0071192290633916855, ""env_step_time"": 0.033299812115728855, ""replay_insert_time"": 0.0006053680554032326, ""logging_time"": 0.00011911522597074509, ""total_train_step_time"": 0.04139880836009979}",0.33161587780341506,0.021480684634298086
rollout_update,62976,3140.4859100811987,4.5344056582107655,373986.22603824135,0.04075802396982908,"{""policy_inference_time"": 0.006819909904152155, ""env_step_time"": 0.032972157932817936, ""replay_insert_time"": 0.0005953600630164146, ""logging_time"": 0.00011788075789809227, ""total_train_step_time"": 0.04075802396982908}",0.33161587780341506,0.021480684634298086
rollout_update,63104,3122.9858524300694,4.532464749858278,373986.22603824135,0.04098641686141491,"{""policy_inference_time"": 0.006807310041040182, ""env_step_time"": 0.03323698788881302, ""replay_insert_time"": 0.0005740798078477383, ""logging_time"": 0.00011664489284157753, ""total_train_step_time"": 0.04098641686141491}",0.33161587780341506,0.021480684634298086
rollout_update,63232,3137.644875548708,4.530534558641572,373986.22603824135,0.04079492902383208,"{""policy_inference_time"": 0.006808770354837179, ""env_step_time"": 0.03303435305133462, ""replay_insert_time"": 0.0005795028991997242, ""logging_time"": 0.00011923396959900856, ""total_train_step_time"": 0.04079492902383208}",0.33161587780341506,0.021480684634298086
rollout_update,63360,3132.0483953473686,4.528602566160164,373986.22603824135,0.04086782317608595,"{""policy_inference_time"": 0.006846493110060692, ""env_step_time"": 0.03309096768498421, ""replay_insert_time"": 0.00056797219440341, ""logging_time"": 0.00011484324932098389, ""total_train_step_time"": 0.04086782317608595}",0.33161587780341506,0.021480684634298086
rollout_update,63488,3086.944137576337,4.526644028074288,373986.22603824135,0.04146495508030057,"{""policy_inference_time"": 0.006870788987725973, ""env_step_time"": 0.033622735645622015, ""replay_insert_time"": 0.0006062588654458523, ""logging_time"": 0.00011425185948610306, ""total_train_step_time"": 0.04146495508030057}",0.33161587780341506,0.021480684634298086
rollout_update,63616,86.21121523357651,4.529511441334663,367565.43081269565,1.4847256201319396,"{""policy_inference_time"": 0.006812852807343006, ""env_step_time"": 0.03330567432567477, ""replay_insert_time"": 0.0005702669732272625, ""logging_time"": 0.00011841114610433578, ""total_train_step_time"": 1.4847256201319396}",0.33354327687993646,0.29089891724288464
rollout_update,63744,2933.8354022342123,4.527482620070104,367565.43081269565,0.04362889612093568,"{""policy_inference_time"": 0.007242787163704634, ""env_step_time"": 0.034576325211673975, ""replay_insert_time"": 0.0013989047147333622, ""logging_time"": 0.0001292368397116661, ""total_train_step_time"": 0.04362889612093568}",0.33354327687993646,0.29089891724288464
rollout_update,63872,3094.2199855195977,4.525560637815898,367565.43081269565,0.041367453057318926,"{""policy_inference_time"": 0.007011177018284798, ""env_step_time"": 0.033401919063180685, ""replay_insert_time"": 0.000583467073738575, ""logging_time"": 0.00011910917237401009, ""total_train_step_time"": 0.041367453057318926}",0.33354327687993646,0.29089891724288464
rollout_update,64000,3135.5644598446606,4.523665597174496,367565.43081269565,0.04082199605181813,"{""policy_inference_time"": 0.006829814985394478, ""env_step_time"": 0.03304951125755906, ""replay_insert_time"": 0.000574273057281971, ""logging_time"": 0.00011717621237039566, ""total_train_step_time"": 0.04082199605181813}",0.33354327687993646,0.29089891724288464
rollout_update,64128,3137.05306889278,4.521773041048453,367565.43081269565,0.04080262500792742,"{""policy_inference_time"": 0.006848061922937632, ""env_step_time"": 0.03299538791179657, ""replay_insert_time"": 0.0005871900357306004, ""logging_time"": 0.00011776434257626534, ""total_train_step_time"": 0.04080262500792742}",0.33354327687993646,0.29089891724288464
rollout_update,64256,3138.1821959937342,4.519882747922594,367565.43081269565,0.04078794410452247,"{""policy_inference_time"": 0.006807304918766022, ""env_step_time"": 0.033031515311449766, ""replay_insert_time"": 0.000574787613004446, ""logging_time"": 0.00011812010779976845, ""total_train_step_time"": 0.04078794410452247}",0.33354327687993646,0.29089891724288464
rollout_update,64384,3146.265475816872,4.517998884978453,367565.43081269565,0.040683153085410595,"{""policy_inference_time"": 0.0068233129568398, ""env_step_time"": 0.03291475307196379, ""replay_insert_time"": 0.0005705659277737141, ""logging_time"": 0.00011951383203268051, ""total_train_step_time"": 0.040683153085410595}",0.33354327687993646,0.29089891724288464
rollout_update,64512,3117.574616271028,4.516099276395282,367565.43081269565,0.04105755779892206,"{""policy_inference_time"": 0.007002694997936487, ""env_step_time"": 0.033119422383606434, ""replay_insert_time"": 0.0005695708096027374, ""logging_time"": 0.00011640600860118866, ""total_train_step_time"": 0.04105755779892206}",0.33354327687993646,0.29089891724288464
rollout_update,64640,105.36482691342614,4.531410205798842,367757.46625001,1.2148266527801752,"{""policy_inference_time"": 0.006858321838080883, ""env_step_time"": 0.03287409618496895, ""replay_insert_time"": 0.0005692071281373501, ""logging_time"": 0.00012069288641214371, ""total_train_step_time"": 1.2148266527801752}",0.3318313919007778,0.02139246603474021
rollout_update,64768,2960.101165242875,4.529429124726997,367757.46625001,0.04324176535010338,"{""policy_inference_time"": 0.007004837039858103, ""env_step_time"": 0.03457583812996745, ""replay_insert_time"": 0.001265054102987051, ""logging_time"": 0.00012497277930378914, ""total_train_step_time"": 0.04324176535010338}",0.3318313919007778,0.02139246603474021
rollout_update,64896,3064.084109927619,4.527516918081437,367757.46625001,0.041774310171604156,"{""policy_inference_time"": 0.007179794367402792, ""env_step_time"": 0.03363604657351971, ""replay_insert_time"": 0.0005852379836142063, ""logging_time"": 0.00011708121746778488, ""total_train_step_time"": 0.041774310171604156}",0.3318313919007778,0.02139246603474021
rollout_update,65024,3124.115170937215,4.52564302289327,367757.46625001,0.04097160091623664,"{""policy_inference_time"": 0.006942406762391329, ""env_step_time"": 0.03305416787043214, ""replay_insert_time"": 0.0005969349294900894, ""logging_time"": 0.00011959904804825783, ""total_train_step_time"": 0.04097160091623664}",0.3318313919007778,0.02139246603474021
rollout_update,65152,3139.9792210567,4.523780133950473,367757.46625001,0.04076460096985102,"{""policy_inference_time"": 0.006856798660010099, ""env_step_time"": 0.03295082179829478, ""replay_insert_time"": 0.0005830926820635796, ""logging_time"": 0.00011898297816514969, ""total_train_step_time"": 0.04076460096985102}",0.3318313919007778,0.02139246603474021
rollout_update,65280,3135.45115170476,4.521916091043335,367757.46625001,0.04082347126677632,"{""policy_inference_time"": 0.0068890610709786415, ""env_step_time"": 0.03299279510974884, ""replay_insert_time"": 0.0005721631459891796, ""logging_time"": 0.00011605769395828247, ""total_train_step_time"": 0.04082347126677632}",0.3318313919007778,0.02139246603474021
rollout_update,65408,3145.462858349682,4.520059509425521,367757.46625001,0.040693534072488546,"{""policy_inference_time"": 0.006818493828177452, ""env_step_time"": 0.03293164633214474, ""replay_insert_time"": 0.0005777697078883648, ""logging_time"": 0.00011481158435344696, ""total_train_step_time"": 0.040693534072488546}",0.3318313919007778,0.02139246603474021
rollout_update,65536,3143.9962498683512,4.518203586720367,367757.46625001,0.040712516754865646,"{""policy_inference_time"": 0.0068489378318190575, ""env_step_time"": 0.03292160201817751, ""replay_insert_time"": 0.000570234376937151, ""logging_time"": 0.00011860532686114311, ""total_train_step_time"": 0.040712516754865646}",0.3318313919007778,0.02139246603474021
rollout_update,65664,105.31234973690952,4.533232305639749,367884.0112950998,1.2154320012778044,"{""policy_inference_time"": 0.006845128256827593, ""env_step_time"": 0.03300221171230078, ""replay_insert_time"": 0.000582574401050806, ""logging_time"": 0.00011738389730453491, ""total_train_step_time"": 1.2154320012778044}",0.3314265930093825,0.02150074392557144
rollout_update,65792,2963.5397412648817,4.531282385071496,367884.0112950998,0.04319159220904112,"{""policy_inference_time"": 0.0069909789599478245, ""env_step_time"": 0.0346477166749537, ""replay_insert_time"": 0.0011640009470283985, ""logging_time"": 0.000124247744679451, ""total_train_step_time"": 0.04319159220904112}",0.3314265930093825,0.02150074392557144
rollout_update,65920,3025.247315620101,4.529373863881133,367884.0112950998,0.042310590390115976,"{""policy_inference_time"": 0.007106071803718805, ""env_step_time"": 0.03416254697367549, ""replay_insert_time"": 0.0006548631936311722, ""logging_time"": 0.0001222388818860054, ""total_train_step_time"": 0.042310590390115976}",0.3314265930093825,0.02150074392557144
rollout_update,66048,3090.8066517391235,4.527507380740338,367884.0112950998,0.04141313722357154,"{""policy_inference_time"": 0.0074664331041276455, ""env_step_time"": 0.0329996719956398, ""replay_insert_time"": 0.0005758302286267281, ""logging_time"": 0.00011710403487086296, ""total_train_step_time"": 0.04141313722357154}",0.3314265930093825,0.02150074392557144
rollout_update,66176,3138.7441075762495,4.525670906674612,367884.0112950998,0.040780642069876194,"{""policy_inference_time"": 0.006886513903737068, ""env_step_time"": 0.032943365164101124, ""replay_insert_time"": 0.0005796314217150211, ""logging_time"": 0.00011644093319773674, ""total_train_step_time"": 0.040780642069876194}",0.3314265930093825,0.02150074392557144
rollout_update,66304,3146.3728321548747,4.523840369169104,367884.0112950998,0.04068176494911313,"{""policy_inference_time"": 0.006845339201390743, ""env_step_time"": 0.032900528982281685, ""replay_insert_time"": 0.0005663707852363586, ""logging_time"": 0.00011795293539762497, ""total_train_step_time"": 0.04068176494911313}",0.3314265930093825,0.02150074392557144
rollout_update,66432,3157.983351988646,4.522018033824336,367884.0112950998,0.04053219594061375,"{""policy_inference_time"": 0.006808097939938307, ""env_step_time"": 0.032773824874311686, ""replay_insert_time"": 0.0005817096680402756, ""logging_time"": 0.00011506769806146622, ""total_train_step_time"": 0.04053219594061375}",0.3314265930093825,0.02150074392557144
rollout_update,66560,3131.031451192984,4.520181498414945,367884.0112950998,0.040881096851080656,"{""policy_inference_time"": 0.006820429116487503, ""env_step_time"": 0.033122033812105656, ""replay_insert_time"": 0.0005711941048502922, ""logging_time"": 0.00011642277240753174, ""total_train_step_time"": 0.040881096851080656}",0.3314265930093825,0.02150074392557144
rollout_update,66688,104.88967973134814,4.534746553672663,367999.9239430407,1.2203297819942236,"{""policy_inference_time"": 0.006862434092909098, ""env_step_time"": 0.03280487935990095, ""replay_insert_time"": 0.0005715368315577507, ""logging_time"": 0.000117539893835783, ""total_train_step_time"": 1.2203297819942236}",0.33262218721210957,0.021473011933267117
rollout_update,66816,2976.3567535492334,4.532833153708166,367999.9239430407,0.043005597312003374,"{""policy_inference_time"": 0.007025045342743397, ""env_step_time"": 0.03438545670360327, ""replay_insert_time"": 0.0011961087584495544, ""logging_time"": 0.00012671900913119316, ""total_train_step_time"": 0.043005597312003374}",0.33262218721210957,0.021473011933267117
rollout_update,66944,3016.488966049711,4.530946792100183,367999.9239430407,0.04243343882262707,"{""policy_inference_time"": 0.007101519964635372, ""env_step_time"": 0.034375127870589495, ""replay_insert_time"": 0.000583958812057972, ""logging_time"": 0.00011730287224054337, ""total_train_step_time"": 0.04243343882262707}",0.33262218721210957,0.021473011933267117
rollout_update,67072,3141.843841856884,4.529137170236757,367999.9239430407,0.04074040800333023,"{""policy_inference_time"": 0.006897465791553259, ""env_step_time"": 0.03288250183686614, ""replay_insert_time"": 0.0005867979489266872, ""logging_time"": 0.00011761672794818878, ""total_train_step_time"": 0.04074040800333023}",0.33262218721210957,0.021473011933267117
rollout_update,67200,3139.373052148835,4.527327570765549,367999.9239430407,0.04077247204259038,"{""policy_inference_time"": 0.00685611879453063, ""env_step_time"": 0.032971895299851894, ""replay_insert_time"": 0.0005747713148593903, ""logging_time"": 0.0001186407171189785, ""total_train_step_time"": 0.04077247204259038}",0.33262218721210957,0.021473011933267117
rollout_update,67328,3082.8724890318194,4.525486291747727,367999.9239430407,0.041519719175994396,"{""policy_inference_time"": 0.00687763886526227, ""env_step_time"": 0.03365468606352806, ""replay_insert_time"": 0.0006017033010721207, ""logging_time"": 0.00012929178774356842, ""total_train_step_time"": 0.041519719175994396}",0.33262218721210957,0.021473011933267117
rollout_update,67456,3089.2038677783257,4.523650278965767,367999.9239430407,0.04143462376669049,"{""policy_inference_time"": 0.0069256857968866825, ""env_step_time"": 0.03347462695091963, ""replay_insert_time"": 0.0006146728992462158, ""logging_time"": 0.00013696588575839996, ""total_train_step_time"": 0.04143462376669049}",0.33262218721210957,0.021473011933267117
rollout_update,67584,3075.9585359691096,4.521807858946043,367999.9239430407,0.04161304468289018,"{""policy_inference_time"": 0.007087321951985359, ""env_step_time"": 0.033545664977282286, ""replay_insert_time"": 0.0005906424485146999, ""logging_time"": 0.00011805584654211998, ""total_train_step_time"": 0.04161304468289018}",0.33262218721210957,0.021473011933267117
rollout_update,67712,104.89383775908799,4.536142862917219,368102.3037507529,1.2202814077027142,"{""policy_inference_time"": 0.006960013881325722, ""env_step_time"": 0.033543662168085575, ""replay_insert_time"": 0.0006030667573213577, ""logging_time"": 0.00012690620496869087, ""total_train_step_time"": 1.2202814077027142}",0.3329122089780867,0.021673026960343122
rollout_update,67840,2888.086438664543,4.534199229924771,368102.3037507529,0.044320003129541874,"{""policy_inference_time"": 0.007225546985864639, ""env_step_time"": 0.035422285087406635, ""replay_insert_time"": 0.0012704972177743912, ""logging_time"": 0.00012800702825188637, ""total_train_step_time"": 0.044320003129541874}",0.3329122089780867,0.021673026960343122
rollout_update,67968,3020.0814415637037,4.532342102282522,368102.3037507529,0.04238296300172806,"{""policy_inference_time"": 0.007198862265795469, ""env_step_time"": 0.03421370731666684, ""replay_insert_time"": 0.0005953689105808735, ""logging_time"": 0.00011788494884967804, ""total_train_step_time"": 0.04238296300172806}",0.3329122089780867,0.021673026960343122
rollout_update,68096,3035.266859982365,4.5304957751171635,368102.3037507529,0.042170921340584755,"{""policy_inference_time"": 0.0070732031017541885, ""env_step_time"": 0.03412517532706261, ""replay_insert_time"": 0.0005919379182159901, ""logging_time"": 0.00012180814519524574, ""total_train_step_time"": 0.042170921340584755}",0.3329122089780867,0.021673026960343122
rollout_update,68224,3041.8386911105704,4.528654935689743,368102.3037507529,0.04207981191575527,"{""policy_inference_time"": 0.007067088969051838, ""env_step_time"": 0.03406702121719718, ""replay_insert_time"": 0.0005744812078773975, ""logging_time"": 0.00011675991117954254, ""total_train_step_time"": 0.04207981191575527}",0.3329122089780867,0.021673026960343122
rollout_update,68352,3044.9366072115963,4.526817462189235,368102.3037507529,0.04203699994832277,"{""policy_inference_time"": 0.00705956993624568, ""env_step_time"": 0.03404486970975995, ""replay_insert_time"": 0.000564873218536377, ""logging_time"": 0.00011744722723960876, ""total_train_step_time"": 0.04203699994832277}",0.3329122089780867,0.021673026960343122
rollout_update,68480,3029.0253756086736,4.524971838828742,368102.3037507529,0.04225781699642539,"{""policy_inference_time"": 0.0070200031623244286, ""env_step_time"": 0.034296569880098104, ""replay_insert_time"": 0.0005708499811589718, ""logging_time"": 0.0001185322180390358, ""total_train_step_time"": 0.04225781699642539}",0.3329122089780867,0.021673026960343122
rollout_update,68608,3114.2285236433413,4.523178153635559,368102.3037507529,0.04110167222097516,"{""policy_inference_time"": 0.006881754845380783, ""env_step_time"": 0.03327246708795428, ""replay_insert_time"": 0.0005767080001533031, ""logging_time"": 0.000117545947432518, ""total_train_step_time"": 0.04110167222097516}",0.3329122089780867,0.021673026960343122
rollout_update,68736,105.14058320208169,4.537413843030585,368282.1679980954,1.21741763362661,"{""policy_inference_time"": 0.006839651148766279, ""env_step_time"": 0.03313215775415301, ""replay_insert_time"": 0.0005756551399827003, ""logging_time"": 0.0001264628954231739, ""total_train_step_time"": 1.21741763362661}",0.33546687569469213,0.02145892893895507
rollout_update,68864,2948.0821907291784,4.535536686427074,368282.1679980954,0.043418056797236204,"{""policy_inference_time"": 0.007025802042335272, ""env_step_time"": 0.03472881205379963, ""replay_insert_time"": 0.0012569739483296871, ""logging_time"": 0.0001250132918357849, ""total_train_step_time"": 0.043418056797236204}",0.33546687569469213,0.02145892893895507
rollout_update,68992,3079.8195744416143,4.533741278413317,368282.1679980954,0.0415608761832118,"{""policy_inference_time"": 0.007007170934230089, ""env_step_time"": 0.03358515491709113, ""replay_insert_time"": 0.000593618955463171, ""logging_time"": 0.00011789798736572266, ""total_train_step_time"": 0.0415608761832118}",0.33546687569469213,0.02145892893895507
rollout_update,69120,3108.802948209943,4.531964010061999,368282.1679980954,0.04117340408265591,"{""policy_inference_time"": 0.006852407939732075, ""env_step_time"": 0.033372581005096436, ""replay_insert_time"": 0.0005777101032435894, ""logging_time"": 0.00011849496513605118, ""total_train_step_time"": 0.04117340408265591}",0.33546687569469213,0.02145892893895507
rollout_update,69248,3130.458108177147,4.530200414536455,368282.1679980954,0.04088858421891928,"{""policy_inference_time"": 0.006825841031968594, ""env_step_time"": 0.03309542499482632, ""replay_insert_time"": 0.0005800048820674419, ""logging_time"": 0.00011898204684257507, ""total_train_step_time"": 0.04088858421891928}",0.33546687569469213,0.02145892893895507
rollout_update,69376,3122.3085893037037,4.52843359329416,368282.1679980954,0.04099530726671219,"{""policy_inference_time"": 0.006809223908931017, ""env_step_time"": 0.03324131388217211, ""replay_insert_time"": 0.0005717719905078411, ""logging_time"": 0.00011975085362792015, ""total_train_step_time"": 0.04099530726671219}",0.33546687569469213,0.02145892893895507
rollout_update,69504,3100.0709221509064,4.52665549062533,368282.1679980954,0.041289377957582474,"{""policy_inference_time"": 0.006840317044407129, ""env_step_time"": 0.03349356073886156, ""replay_insert_time"": 0.0005801422521471977, ""logging_time"": 0.00011982303112745285, ""total_train_step_time"": 0.041289377957582474}",0.33546687569469213,0.02145892893895507
rollout_update,69632,3122.1121911299674,4.52489132194511,368282.1679980954,0.0409978860989213,"{""policy_inference_time"": 0.00685341190546751, ""env_step_time"": 0.033201638143509626, ""replay_insert_time"": 0.0005706259980797768, ""logging_time"": 0.00011864211410284042, ""total_train_step_time"": 0.0409978860989213}",0.33546687569469213,0.02145892893895507
rollout_update,69760,105.4779547348816,4.5390718056376,368460.652596862,1.2135237199254334,"{""policy_inference_time"": 0.006851057056337595, ""env_step_time"": 0.033123979810625315, ""replay_insert_time"": 0.0005801133811473846, ""logging_time"": 0.00012039905413985252, ""total_train_step_time"": 1.2135237199254334}",0.3314689202234149,0.02157694799825549
rollout_update,69888,2942.317380349086,4.537216865440666,368460.652596862,0.04350312473252416,"{""policy_inference_time"": 0.006932853255420923, ""env_step_time"": 0.03487368859350681, ""replay_insert_time"": 0.0012874449603259563, ""logging_time"": 0.0001319507136940956, ""total_train_step_time"": 0.04350312473252416}",0.3314689202234149,0.02157694799825549
rollout_update,70016,3076.8282515339233,4.535444435928341,368460.652596862,0.04160128207877278,"{""policy_inference_time"": 0.007001417689025402, ""env_step_time"": 0.033642667811363935, ""replay_insert_time"": 0.0005899537354707718, ""logging_time"": 0.00011452613398432732, ""total_train_step_time"": 0.04160128207877278}",0.3314689202234149,0.02157694799825549
rollout_update,70144,3105.251333634153,4.533689595161644,368460.652596862,0.04122049594298005,"{""policy_inference_time"": 0.006877116393297911, ""env_step_time"": 0.03339108731597662, ""replay_insert_time"": 0.000584067776799202, ""logging_time"": 0.00011550635099411011, ""total_train_step_time"": 0.04122049594298005}",0.3314689202234149,0.02157694799825549
rollout_update,70272,3082.99717413701,4.531923459495754,368460.652596862,0.041518040001392365,"{""policy_inference_time"": 0.006851823069155216, ""env_step_time"": 0.03372314898297191, ""replay_insert_time"": 0.0005721533671021461, ""logging_time"": 0.00011830078437924385, ""total_train_step_time"": 0.041518040001392365}",0.3314689202234149,0.02157694799825549
rollout_update,70400,2860.5246645122656,4.530021505656739,368460.652596862,0.04474703595042229,"{""policy_inference_time"": 0.0069149867631495, ""env_step_time"": 0.036865971982479095, ""replay_insert_time"": 0.0005882591940462589, ""logging_time"": 0.00012063980102539062, ""total_train_step_time"": 0.04474703595042229}",0.3314689202234149,0.02157694799825549
rollout_update,70528,3080.1929194377744,4.528256621456019,368460.652596862,0.04155583865940571,"{""policy_inference_time"": 0.006966553628444672, ""env_step_time"": 0.033633170649409294, ""replay_insert_time"": 0.000584503635764122, ""logging_time"": 0.00011731218546628952, ""total_train_step_time"": 0.04155583865940571}",0.3314689202234149,0.02157694799825549
rollout_update,70656,3095.2552223230045,4.526501690270289,368460.652596862,0.04135361732915044,"{""policy_inference_time"": 0.006939329206943512, ""env_step_time"": 0.03347385814413428, ""replay_insert_time"": 0.0005714837461709976, ""logging_time"": 0.00011633802205324173, ""total_train_step_time"": 0.04135361732915044}",0.3314689202234149,0.02157694799825549
rollout_update,70784,105.34274912246633,4.540400250518797,368622.3885268181,1.215081256814301,"{""policy_inference_time"": 0.0068688769824802876, ""env_step_time"": 0.033286313991993666, ""replay_insert_time"": 0.0005809571593999863, ""logging_time"": 0.00011939182877540588, ""total_train_step_time"": 1.215081256814301}",0.33199705509468913,0.021552205085754395
rollout_update,70912,2936.669692537808,4.538567211546146,368622.3885268181,0.04358678823336959,"{""policy_inference_time"": 0.007033452857285738, ""env_step_time"": 0.03485947009176016, ""replay_insert_time"": 0.001292696688324213, ""logging_time"": 0.00012937001883983612, ""total_train_step_time"": 0.04358678823336959}",0.33199705509468913,0.021552205085754395
rollout_update,71040,3072.4560804271578,4.536816566103776,368622.3885268181,0.041660481598228216,"{""policy_inference_time"": 0.006999839097261429, ""env_step_time"": 0.03370635211467743, ""replay_insert_time"": 0.0005820891819894314, ""logging_time"": 0.00012218719348311424, ""total_train_step_time"": 0.041660481598228216}",0.33199705509468913,0.021552205085754395
rollout_update,71168,3101.0139398226333,4.535083374139296,368622.3885268181,0.04127682186663151,"{""policy_inference_time"": 0.006914505269378424, ""env_step_time"": 0.03341621672734618, ""replay_insert_time"": 0.0005792118608951569, ""logging_time"": 0.00011842930689454079, ""total_train_step_time"": 0.04127682186663151}",0.33199705509468913,0.021552205085754395
rollout_update,71296,3105.508382575245,4.533354011413711,368622.3885268181,0.04121708404272795,"{""policy_inference_time"": 0.006855417974293232, ""env_step_time"": 0.033409956842660904, ""replay_insert_time"": 0.0005834279581904411, ""logging_time"": 0.00011691078543663025, ""total_train_step_time"": 0.04121708404272795}",0.33199705509468913,0.021552205085754395
rollout_update,71424,3102.036014903338,4.531624033494702,368622.3885268181,0.0412632217630744,"{""policy_inference_time"": 0.0068611521273851395, ""env_step_time"": 0.03345267614349723, ""replay_insert_time"": 0.0005763452500104904, ""logging_time"": 0.00012075109407305717, ""total_train_step_time"": 0.0412632217630744}",0.33199705509468913,0.021552205085754395
rollout_update,71552,3098.3721479201267,4.529893332048502,368622.3885268181,0.04131201608106494,"{""policy_inference_time"": 0.006919884588569403, ""env_step_time"": 0.033435532823204994, ""replay_insert_time"": 0.0005818288773298264, ""logging_time"": 0.00011969218030571938, ""total_train_step_time"": 0.04131201608106494}",0.33199705509468913,0.021552205085754395
rollout_update,71680,3107.036187775017,4.528168772642893,368622.3885268181,0.041196816600859165,"{""policy_inference_time"": 0.006867005955427885, ""env_step_time"": 0.03337586810812354, ""replay_insert_time"": 0.0005830149166285992, ""logging_time"": 0.0001181410625576973, ""total_train_step_time"": 0.041196816600859165}",0.33199705509468913,0.021552205085754395
rollout_update,71808,105.45432908068096,4.5419108282631635,368782.93526273116,1.2137955939397216,"{""policy_inference_time"": 0.006895618978887796, ""env_step_time"": 0.03338554780930281, ""replay_insert_time"": 0.0005745887756347656, ""logging_time"": 0.00011555012315511703, ""total_train_step_time"": 1.2137955939397216}",0.33216969622299075,0.02153741428628564
rollout_update,71936,2941.643954693715,4.540105450794014,368782.93526273116,0.04351308383047581,"{""policy_inference_time"": 0.0069966996088624, ""env_step_time"": 0.034912239760160446, ""replay_insert_time"": 0.0012088757939636707, ""logging_time"": 0.00012576207518577576, ""total_train_step_time"": 0.04351308383047581}",0.33216969622299075,0.02153741428628564
rollout_update,72064,3051.987292586417,4.5383667038314695,368782.93526273116,0.041939886286854744,"{""policy_inference_time"": 0.007240612991154194, ""env_step_time"": 0.03371884906664491, ""replay_insert_time"": 0.0006047580391168594, ""logging_time"": 0.00011720089241862297, ""total_train_step_time"": 0.041939886286854744}",0.33216969622299075,0.02153741428628564
rollout_update,72192,3092.9484204728415,4.536652288737014,368782.93526273116,0.04138445993885398,"{""policy_inference_time"": 0.006894462741911411, ""env_step_time"": 0.03352751303464174, ""replay_insert_time"": 0.0005903271958231926, ""logging_time"": 0.00011873804032802582, ""total_train_step_time"": 0.04138445993885398}",0.33216969622299075,0.02153741428628564
rollout_update,72320,3094.969724383349,4.534940286834744,368782.93526273116,0.04135743202641606,"{""policy_inference_time"": 0.006862957961857319, ""env_step_time"": 0.0335528920404613, ""replay_insert_time"": 0.0005754781886935234, ""logging_time"": 0.00011701975017786026, ""total_train_step_time"": 0.04135743202641606}",0.33216969622299075,0.02153741428628564
rollout_update,72448,3093.7859858824004,4.533228922263766,368782.93526273116,0.041373256128281355,"{""policy_inference_time"": 0.006856827065348625, ""env_step_time"": 0.0335644269362092, ""replay_insert_time"": 0.0005725049413740635, ""logging_time"": 0.00011853314936161041, ""total_train_step_time"": 0.041373256128281355}",0.33216969622299075,0.02153741428628564
rollout_update,72576,3098.4525107474446,4.531521423392928,368782.93526273116,0.041310944594442844,"{""policy_inference_time"": 0.006836999673396349, ""env_step_time"": 0.03351419698446989, ""replay_insert_time"": 0.0005885516293346882, ""logging_time"": 0.00011640414595603943, ""total_train_step_time"": 0.041310944594442844}",0.33216969622299075,0.02153741428628564
rollout_update,72704,3101.274486442556,4.529816762309073,368782.93526273116,0.04127335408702493,"{""policy_inference_time"": 0.006885732989758253, ""env_step_time"": 0.033443904016166925, ""replay_insert_time"": 0.0005745380185544491, ""logging_time"": 0.00011748401448130608, ""total_train_step_time"": 0.04127335408702493}",0.33216969622299075,0.02153741428628564
rollout_update,72832,105.08651160174396,4.543180235390754,368939.9454695806,1.2180440481752157,"{""policy_inference_time"": 0.006859469693154097, ""env_step_time"": 0.03350279899314046, ""replay_insert_time"": 0.0005774139426648617, ""logging_time"": 0.00012419000267982483, ""total_train_step_time"": 1.2180440481752157}",0.3321441956795752,0.021469258703291416
rollout_update,72960,2933.6382656665537,4.5413940685358245,368939.9454695806,0.04363182792440057,"{""policy_inference_time"": 0.0070420438423752785, ""env_step_time"": 0.03491367492824793, ""replay_insert_time"": 0.001271829940378666, ""logging_time"": 0.00012770062312483788, ""total_train_step_time"": 0.04363182792440057}",0.3321441956795752,0.021469258703291416
rollout_update,73088,2857.01223533537,4.539561456977654,368939.9454695806,0.04480204824358225,"{""policy_inference_time"": 0.006954761687666178, ""env_step_time"": 0.03683309489861131, ""replay_insert_time"": 0.0006317496299743652, ""logging_time"": 0.00012777512893080711, ""total_train_step_time"": 0.04480204824358225}",0.3321441956795752,0.021469258703291416
rollout_update,73216,3078.2653921272763,4.5378618889703,368939.9454695806,0.041581859812140465,"{""policy_inference_time"": 0.007169840857386589, ""env_step_time"": 0.03346902597695589, ""replay_insert_time"": 0.0005705151706933975, ""logging_time"": 0.00011734478175640106, ""total_train_step_time"": 0.041581859812140465}",0.3321441956795752,0.021469258703291416
rollout_update,73344,3101.5192239183384,4.536176321438926,368939.9454695806,0.0412700972519815,"{""policy_inference_time"": 0.0068997470661997795, ""env_step_time"": 0.033410537987947464, ""replay_insert_time"": 0.000588471069931984, ""logging_time"": 0.00011804793030023575, ""total_train_step_time"": 0.0412700972519815}",0.3321441956795752,0.021469258703291416
rollout_update,73472,3103.1540484773072,4.534492892648241,368939.9454695806,0.04124835506081581,"{""policy_inference_time"": 0.006889999844133854, ""env_step_time"": 0.03340595494955778, ""replay_insert_time"": 0.0005791340954601765, ""logging_time"": 0.00011954782530665398, ""total_train_step_time"": 0.04124835506081581}",0.3321441956795752,0.021469258703291416
rollout_update,73600,3093.469704647808,4.5328054486419,368939.9454695806,0.04137748619541526,"{""policy_inference_time"": 0.006902765948325396, ""env_step_time"": 0.03353035310283303, ""replay_insert_time"": 0.0005740681663155556, ""logging_time"": 0.00011942442506551743, ""total_train_step_time"": 0.04137748619541526}",0.3321441956795752,0.021469258703291416
rollout_update,73728,3098.1099237787926,4.531121784647127,368939.9454695806,0.04131551273167133,"{""policy_inference_time"": 0.006893603131175041, ""env_step_time"": 0.033463967964053154, ""replay_insert_time"": 0.0005868249572813511, ""logging_time"": 0.00011863699182868004, ""total_train_step_time"": 0.04131551273167133}",0.3321441956795752,0.021469258703291416
rollout_update,73856,105.04040281347741,4.544269676514748,369098.5412533806,1.2185787237249315,"{""policy_inference_time"": 0.0069070542231202126, ""env_step_time"": 0.03368021501228213, ""replay_insert_time"": 0.0005697580054402351, ""logging_time"": 0.00011647399514913559, ""total_train_step_time"": 1.2185787237249315}",0.33165603084489703,0.02152953203767538
rollout_update,73984,2932.251606555531,4.542506290182378,369098.5412533806,0.043652461376041174,"{""policy_inference_time"": 0.006981053855270147, ""env_step_time"": 0.035085649229586124, ""replay_insert_time"": 0.0011920160613954067, ""logging_time"": 0.00012359023094177246, ""total_train_step_time"": 0.043652461376041174}",0.33165603084489703,0.02152953203767538
rollout_update,74112,2960.640649084907,4.540761161050585,369098.5412533806,0.043233885895460844,"{""policy_inference_time"": 0.0075692227110266685, ""env_step_time"": 0.03468819102272391, ""replay_insert_time"": 0.0006047151982784271, ""logging_time"": 0.00011778762564063072, ""total_train_step_time"": 0.043233885895460844}",0.33165603084489703,0.02152953203767538
rollout_update,74240,3076.5223145092673,4.539083030336237,369098.5412533806,0.041605419013649225,"{""policy_inference_time"": 0.006968563422560692, ""env_step_time"": 0.03367908392101526, ""replay_insert_time"": 0.0005804449319839478, ""logging_time"": 0.00011581415310502052, ""total_train_step_time"": 0.041605419013649225}",0.33165603084489703,0.02152953203767538
rollout_update,74368,3081.9712251485025,4.537409103180092,369098.5412533806,0.04153186082839966,"{""policy_inference_time"": 0.00685094716027379, ""env_step_time"": 0.03374449396505952, ""replay_insert_time"": 0.0005717286840081215, ""logging_time"": 0.00011541834101080894, ""total_train_step_time"": 0.04153186082839966}",0.33165603084489703,0.02152953203767538
rollout_update,74496,3088.277108828858,4.535739824371293,369098.5412533806,0.041447057854384184,"{""policy_inference_time"": 0.0068385242484509945, ""env_step_time"": 0.03366345865651965, ""replay_insert_time"": 0.0005757836624979973, ""logging_time"": 0.0001181289553642273, ""total_train_step_time"": 0.041447057854384184}",0.33165603084489703,0.02152953203767538
rollout_update,74624,3092.3091683378834,4.534073947512752,369098.5412533806,0.0413930150680244,"{""policy_inference_time"": 0.006871531251817942, ""env_step_time"": 0.03356343088671565, ""replay_insert_time"": 0.0005890857428312302, ""logging_time"": 0.00011717760935425758, ""total_train_step_time"": 0.0413930150680244}",0.33165603084489703,0.02152953203767538
rollout_update,74752,3076.511674615763,4.532400749255376,369098.5412533806,0.041605562902987,"{""policy_inference_time"": 0.00689486600458622, ""env_step_time"": 0.0337102129124105, ""replay_insert_time"": 0.0006117001175880432, ""logging_time"": 0.0001259269192814827, ""total_train_step_time"": 0.041605562902987}",0.33165603084489703,0.02152953203767538
rollout_update,74880,105.364191938384,4.545509767643252,369245.7570168048,1.2148339739069343,"{""policy_inference_time"": 0.006989401765167713, ""env_step_time"": 0.033824956975877285, ""replay_insert_time"": 0.0005728066898882389, ""logging_time"": 0.0001285928301513195, ""total_train_step_time"": 1.2148339739069343}",0.33266053814440966,0.021643158979713917
rollout_update,75008,2913.338159653334,4.543757957258073,369245.7570168048,0.043935853987932205,"{""policy_inference_time"": 0.007139954250305891, ""env_step_time"": 0.03507998771965504, ""replay_insert_time"": 0.001315571367740631, ""logging_time"": 0.0001290380023419857, ""total_train_step_time"": 0.043935853987932205}",0.33266053814440966,0.021643158979713917
rollout_update,75136,2994.684013479754,4.542055027299261,369245.7570168048,0.04274240601807833,"{""policy_inference_time"": 0.007153491955250502, ""env_step_time"": 0.034609477035701275, ""replay_insert_time"": 0.0006002001464366913, ""logging_time"": 0.00011657830327749252, ""total_train_step_time"": 0.04274240601807833}",0.33266053814440966,0.021643158979713917
rollout_update,75264,3071.4331871821482,4.540395878834303,369245.7570168048,0.04167435597628355,"{""policy_inference_time"": 0.006978332065045834, ""env_step_time"": 0.03375075710937381, ""replay_insert_time"": 0.0005799741484224796, ""logging_time"": 0.00011652987450361252, ""total_train_step_time"": 0.04167435597628355}",0.33266053814440966,0.021643158979713917
rollout_update,75392,3090.2580889256865,4.538748038029124,369245.7570168048,0.041420488618314266,"{""policy_inference_time"": 0.006848691031336784, ""env_step_time"": 0.03362134285271168, ""replay_insert_time"": 0.000575656071305275, ""logging_time"": 0.00011715199798345566, ""total_train_step_time"": 0.041420488618314266}",0.33266053814440966,0.021643158979713917
rollout_update,75520,3087.6954180949247,4.53710002673087,369245.7570168048,0.04145486606284976,"{""policy_inference_time"": 0.006851880811154842, ""env_step_time"": 0.03364046523347497, ""replay_insert_time"": 0.0005873441696166992, ""logging_time"": 0.00011669471859931946, ""total_train_step_time"": 0.04145486606284976}",0.33266053814440966,0.021643158979713917
rollout_update,75648,3095.29335310982,4.535457252707745,369245.7570168048,0.041353107895702124,"{""policy_inference_time"": 0.006865336559712887, ""env_step_time"": 0.03351965034380555, ""replay_insert_time"": 0.0005980269052088261, ""logging_time"": 0.0001170760951936245, ""total_train_step_time"": 0.041353107895702124}",0.33266053814440966,0.021643158979713917
rollout_update,75776,3089.9116499088154,4.533812809757589,369245.7570168048,0.041425132658332586,"{""policy_inference_time"": 0.006867995951324701, ""env_step_time"": 0.03361133299767971, ""replay_insert_time"": 0.0005759121850132942, ""logging_time"": 0.0001182793639600277, ""total_train_step_time"": 0.041425132658332586}",0.33266053814440966,0.021643158979713917
rollout_update,75904,105.50481458908932,4.546799432924671,369399.85214777495,1.2132147760130465,"{""policy_inference_time"": 0.006865462753921747, ""env_step_time"": 0.03348774882033467, ""replay_insert_time"": 0.000570220872759819, ""logging_time"": 0.00011681020259857178, ""total_train_step_time"": 1.2132147760130465}",0.33174183778464794,0.021532158832997084
rollout_update,76032,2920.6559016032375,4.545074321865589,369399.85214777495,0.04382577212527394,"{""policy_inference_time"": 0.006969409994781017, ""env_step_time"": 0.03520170832052827, ""replay_insert_time"": 0.0012584072537720203, ""logging_time"": 0.0001260959543287754, ""total_train_step_time"": 0.04382577212527394}",0.33174183778464794,0.021532158832997084
rollout_update,76160,3008.5044302173956,4.543400835980161,369399.85214777495,0.04254605667665601,"{""policy_inference_time"": 0.006993359886109829, ""env_step_time"": 0.0345320338383317, ""replay_insert_time"": 0.0006471970118582249, ""logging_time"": 0.00011827424168586731, ""total_train_step_time"": 0.04254605667665601}",0.33174183778464794,0.021532158832997084
rollout_update,76288,3054.253094196503,4.5417536210559994,369399.85214777495,0.04190877312794328,"{""policy_inference_time"": 0.007073398679494858, ""env_step_time"": 0.03388699982315302, ""replay_insert_time"": 0.0005796561017632484, ""logging_time"": 0.00011737598106265068, ""total_train_step_time"": 0.04190877312794328}",0.33174183778464794,0.021532158832997084
rollout_update,76416,3068.293513218917,4.540115129523284,369399.85214777495,0.04171699983999133,"{""policy_inference_time"": 0.0069078318774700165, ""env_step_time"": 0.03386805998161435, ""replay_insert_time"": 0.0005731922574341297, ""logging_time"": 0.00011625420302152634, ""total_train_step_time"": 0.04171699983999133}",0.33174183778464794,0.021532158832997084
rollout_update,76544,3087.697603187937,4.53848810547119,369399.85214777495,0.04145483672618866,"{""policy_inference_time"": 0.006918502971529961, ""env_step_time"": 0.0335834720171988, ""replay_insert_time"": 0.0005802321247756481, ""logging_time"": 0.00011644698679447174, ""total_train_step_time"": 0.04145483672618866}",0.33174183778464794,0.021532158832997084
rollout_update,76672,3086.573763891793,4.53686165537013,369399.85214777495,0.04146993067115545,"{""policy_inference_time"": 0.006905519403517246, ""env_step_time"": 0.03360397508367896, ""replay_insert_time"": 0.0005813487805426121, ""logging_time"": 0.000116709154099226, ""total_train_step_time"": 0.04146993067115545}",0.33174183778464794,0.021532158832997084
rollout_update,76800,3082.4840105745884,4.535234214978923,369399.85214777495,0.04152495181187987,"{""policy_inference_time"": 0.0068578277714550495, ""env_step_time"": 0.03371170209720731, ""replay_insert_time"": 0.0005706818774342537, ""logging_time"": 0.00011786399409174919, ""total_train_step_time"": 0.04152495181187987}",0.33174183778464794,0.021532158832997084
rollout_update,76928,105.0099972085534,4.547816449061513,369433.92376547493,1.2189315627329051,"{""policy_inference_time"": 0.006885505747050047, ""env_step_time"": 0.03357245959341526, ""replay_insert_time"": 0.0005922471173107624, ""logging_time"": 0.0001180693507194519, ""total_train_step_time"": 1.2189315627329051}",0.3317132471129298,0.02147896308451891
rollout_update,77056,2915.8004336649715,4.546110431684536,369433.92376547493,0.043898751959204674,"{""policy_inference_time"": 0.0070593710988759995, ""env_step_time"": 0.035249700769782066, ""replay_insert_time"": 0.0011904179118573666, ""logging_time"": 0.00012336065992712975, ""total_train_step_time"": 0.043898751959204674}",0.3317132471129298,0.02147896308451891
rollout_update,77184,2984.023389589138,4.544444654481626,369433.92376547493,0.04289510613307357,"{""policy_inference_time"": 0.007142266258597374, ""env_step_time"": 0.03474269760772586, ""replay_insert_time"": 0.0006301887333393097, ""logging_time"": 0.00012352876365184784, ""total_train_step_time"": 0.04289510613307357}",0.3317132471129298,0.02147896308451891
rollout_update,77312,3020.007382023032,4.542799923924016,369433.92376547493,0.04238400235772133,"{""policy_inference_time"": 0.007031693123281002, ""env_step_time"": 0.03435990773141384, ""replay_insert_time"": 0.0006132940761744976, ""logging_time"": 0.00011966098099946976, ""total_train_step_time"": 0.04238400235772133}",0.3317132471129298,0.02147896308451891
rollout_update,77440,3057.7977901903123,4.541176688228201,369433.92376547493,0.04186019115149975,"{""policy_inference_time"": 0.006878836080431938, ""env_step_time"": 0.034022042993456125, ""replay_insert_time"": 0.0005864338018000126, ""logging_time"": 0.00012123864144086838, ""total_train_step_time"": 0.04186019115149975}",0.3317132471129298,0.02147896308451891
rollout_update,77568,3048.3025328450776,4.539549561301437,369433.92376547493,0.04199058283120394,"{""policy_inference_time"": 0.0070325150154531, ""env_step_time"": 0.033999758306890726, ""replay_insert_time"": 0.0005892147310078144, ""logging_time"": 0.00011942069977521896, ""total_train_step_time"": 0.04199058283120394}",0.3317132471129298,0.02147896308451891
rollout_update,77696,3067.714703485059,4.537933885220402,369433.92376547493,0.041724870912730694,"{""policy_inference_time"": 0.006910121068358421, ""env_step_time"": 0.03387630311772227, ""replay_insert_time"": 0.0005737049505114555, ""logging_time"": 0.00011613965034484863, ""total_train_step_time"": 0.041724870912730694}",0.3317132471129298,0.02147896308451891
rollout_update,77824,3062.263743840222,4.536316485902954,369433.92376547493,0.041799142956733704,"{""policy_inference_time"": 0.006922733038663864, ""env_step_time"": 0.03392163384705782, ""replay_insert_time"": 0.0005775070749223232, ""logging_time"": 0.00012462912127375603, ""total_train_step_time"": 0.041799142956733704}",0.3317132471129298,0.02147896308451891
rollout_update,77952,105.43251156779283,4.5489141900189,369578.68134105526,1.2140467688441277,"{""policy_inference_time"": 0.00686847185716033, ""env_step_time"": 0.03378772595897317, ""replay_insert_time"": 0.0005868850275874138, ""logging_time"": 0.00011813594028353691, ""total_train_step_time"": 1.2140467688441277}",0.33169448748230934,0.02142355591058731
rollout_update,78080,2801.345534008928,4.54716070293413,369578.68134105526,0.045692328363657,"{""policy_inference_time"": 0.0070452261716127396, ""env_step_time"": 0.03524475730955601, ""replay_insert_time"": 0.0019854139536619186, ""logging_time"": 0.000489627942442894, ""total_train_step_time"": 0.045692328363657}",0.33169448748230934,0.02142355591058731
rollout_update,78208,2759.4326317560312,4.545381964471547,369578.68134105526,0.04638634715229273,"{""policy_inference_time"": 0.010762365069240332, ""env_step_time"": 0.03462157491594553, ""replay_insert_time"": 0.0006057899445295334, ""logging_time"": 0.00011860392987728119, ""total_train_step_time"": 0.04638634715229273}",0.33169448748230934,0.02142355591058731
rollout_update,78336,3059.081429955622,4.5437786536711595,369578.68134105526,0.04184262594208121,"{""policy_inference_time"": 0.007059575989842415, ""env_step_time"": 0.03381960466504097, ""replay_insert_time"": 0.0005931230261921883, ""logging_time"": 0.0001179249957203865, ""total_train_step_time"": 0.04184262594208121}",0.33169448748230934,0.02142355591058731
rollout_update,78464,3071.3017830278377,4.542182846206113,369578.68134105526,0.04167613899335265,"{""policy_inference_time"": 0.006896812003105879, ""env_step_time"": 0.03382206615060568, ""replay_insert_time"": 0.0005856398493051529, ""logging_time"": 0.00011782906949520111, ""total_train_step_time"": 0.04167613899335265}",0.33169448748230934,0.02142355591058731
rollout_update,78592,3083.2652501425664,4.540594344692666,369578.68134105526,0.041514430195093155,"{""policy_inference_time"": 0.006893789861351252, ""env_step_time"": 0.03366719791665673, ""replay_insert_time"": 0.0005690581165254116, ""logging_time"": 0.0001211920753121376, ""total_train_step_time"": 0.041514430195093155}",0.33169448748230934,0.02142355591058731
rollout_update,78720,3077.3495934941147,4.539003903451427,369578.68134105526,0.04159423429518938,"{""policy_inference_time"": 0.00689190998673439, ""env_step_time"": 0.033758284989744425, ""replay_insert_time"": 0.0005731559358537197, ""logging_time"": 0.0001173350028693676, ""total_train_step_time"": 0.04159423429518938}",0.33169448748230934,0.02142355591058731
rollout_update,78848,3085.2280299096547,4.537418633081029,369578.68134105526,0.04148801928386092,"{""policy_inference_time"": 0.006865395233035088, ""env_step_time"": 0.03368350304663181, ""replay_insert_time"": 0.000572678167372942, ""logging_time"": 0.00011627096682786942, ""total_train_step_time"": 0.04148801928386092}",0.33169448748230934,0.02142355591058731
rollout_update,78976,105.36036052198122,4.549814705240075,369722.64263158053,1.2148781511932611,"{""policy_inference_time"": 0.006860170979052782, ""env_step_time"": 0.033600573893636465, ""replay_insert_time"": 0.0005886252038180828, ""logging_time"": 0.00011632824316620827, ""total_train_step_time"": 1.2148781511932611}",0.33244023052975535,0.021435584872961044
rollout_update,79104,2853.5063478231064,4.548114647790112,369722.64263158053,0.04485709313303232,"{""policy_inference_time"": 0.007314338348805904, ""env_step_time"": 0.035865000914782286, ""replay_insert_time"": 0.0012646759860217571, ""logging_time"": 0.0001371661201119423, ""total_train_step_time"": 0.04485709313303232}",0.33244023052975535,0.021435584872961044
rollout_update,79232,2969.618554345665,4.546482259151587,369722.64263158053,0.04310317896306515,"{""policy_inference_time"": 0.0071806833148002625, ""env_step_time"": 0.03493767976760864, ""replay_insert_time"": 0.0006075240671634674, ""logging_time"": 0.0001165890134871006, ""total_train_step_time"": 0.04310317896306515}",0.33244023052975535,0.021435584872961044
rollout_update,79360,3033.573798904817,4.54488541989094,369722.64263158053,0.04219445725902915,"{""policy_inference_time"": 0.007145690731704235, ""env_step_time"": 0.03406195715069771, ""replay_insert_time"": 0.0006068740040063858, ""logging_time"": 0.0001183883287012577, ""total_train_step_time"": 0.04219445725902915}",0.33244023052975535,0.021435584872961044
rollout_update,79488,3052.1789322877585,4.543299425542861,369722.64263158053,0.04193725297227502,"{""policy_inference_time"": 0.006935682147741318, ""env_step_time"": 0.034040415193885565, ""replay_insert_time"": 0.0005867788568139076, ""logging_time"": 0.00012003909796476364, ""total_train_step_time"": 0.04193725297227502}",0.33244023052975535,0.021435584872961044
rollout_update,79616,3066.159372387378,4.541721761648323,369722.64263158053,0.041746036149561405,"{""policy_inference_time"": 0.006914934143424034, ""env_step_time"": 0.03387315012514591, ""replay_insert_time"": 0.0005823126994073391, ""logging_time"": 0.00012000976130366325, ""total_train_step_time"": 0.041746036149561405}",0.33244023052975535,0.021435584872961044
rollout_update,79744,3070.431175729862,4.540147385737782,369722.64263158053,0.04168795607984066,"{""policy_inference_time"": 0.006945451721549034, ""env_step_time"": 0.03378237783908844, ""replay_insert_time"": 0.0005869599990546703, ""logging_time"": 0.00011795992031693459, ""total_train_step_time"": 0.04168795607984066}",0.33244023052975535,0.021435584872961044
rollout_update,79872,3076.758063844358,4.538577335059218,369722.64263158053,0.041602231096476316,"{""policy_inference_time"": 0.0069411750882864, ""env_step_time"": 0.03371144412085414, ""replay_insert_time"": 0.0005776477046310902, ""logging_time"": 0.00011902628466486931, ""total_train_step_time"": 0.041602231096476316}",0.33244023052975535,0.021435584872961044
rollout_update,80000,104.84693104564539,4.550584795304289,369858.96775850735,1.2208273406140506,"{""policy_inference_time"": 0.006859601009637117, ""env_step_time"": 0.033895345870405436, ""replay_insert_time"": 0.0005785413086414337, ""logging_time"": 0.00011541182175278664, ""total_train_step_time"": 1.2208273406140506}",0.3316829181276262,0.021538224071264267
rollout_update,80128,2905.528404393694,4.5489357342861165,369858.96775850735,0.04405394895002246,"{""policy_inference_time"": 0.007083073724061251, ""env_step_time"": 0.0353773171082139, ""replay_insert_time"": 0.0012001567520201206, ""logging_time"": 0.0001270519569516182, ""total_train_step_time"": 0.04405394895002246}",0.3316829181276262,0.021538224071264267
rollout_update,80256,2924.9020772719514,4.547298779066411,369858.96775850735,0.04376214882358909,"{""policy_inference_time"": 0.007158045191317797, ""env_step_time"": 0.03559335507452488, ""replay_insert_time"": 0.0006239800713956356, ""logging_time"": 0.0001231469213962555, ""total_train_step_time"": 0.04376214882358909}",0.3316829181276262,0.021538224071264267
rollout_update,80384,3051.6973540923013,4.545730943203697,369858.96775850735,0.041943870950490236,"{""policy_inference_time"": 0.007101545110344887, ""env_step_time"": 0.03389054536819458, ""replay_insert_time"": 0.0005818977952003479, ""logging_time"": 0.00011841999366879463, ""total_train_step_time"": 0.041943870950490236}",0.3316829181276262,0.021538224071264267
rollout_update,80512,3078.1431576358814,4.544177644242417,369858.96775850735,0.04158351104706526,"{""policy_inference_time"": 0.006920141633599997, ""env_step_time"": 0.033689954318106174, ""replay_insert_time"": 0.0006032576784491539, ""logging_time"": 0.00011682277545332909, ""total_train_step_time"": 0.04158351104706526}",0.3316829181276262,0.021538224071264267
rollout_update,80640,3084.796271928882,4.5426287530961975,369858.96775850735,0.04149382608011365,"{""policy_inference_time"": 0.006898471154272556, ""env_step_time"": 0.03366118809208274, ""replay_insert_time"": 0.0005704089999198914, ""logging_time"": 0.000116011593490839, ""total_train_step_time"": 0.04149382608011365}",0.3316829181276262,0.021538224071264267
rollout_update,80768,3075.791535253849,4.5410763875550195,369858.96775850735,0.041615304071456194,"{""policy_inference_time"": 0.006836659274995327, ""env_step_time"": 0.033841030672192574, ""replay_insert_time"": 0.0005740588530898094, ""logging_time"": 0.00011611310765147209, ""total_train_step_time"": 0.041615304071456194}",0.3316829181276262,0.021538224071264267
rollout_update,80896,3082.796458888738,4.539528606410999,369858.96775850735,0.041520743165165186,"{""policy_inference_time"": 0.006865983363240957, ""env_step_time"": 0.03371075028553605, ""replay_insert_time"": 0.0005744500085711479, ""logging_time"": 0.00011731497943401337, ""total_train_step_time"": 0.041520743165165186}",0.3316829181276262,0.021538224071264267
rollout_update,81024,105.44083134333346,4.551632982013631,369993.57239320566,1.2139509748667479,"{""policy_inference_time"": 0.006923065986484289, ""env_step_time"": 0.03371183201670647, ""replay_insert_time"": 0.0005749519914388657, ""logging_time"": 0.00011643581092357635, ""total_train_step_time"": 1.2139509748667479}",0.3313379813916981,0.021430522203445435
rollout_update,81152,2875.109031443303,4.549986545564825,369993.57239320566,0.04452005075290799,"{""policy_inference_time"": 0.006985865067690611, ""env_step_time"": 0.03594412887468934, ""replay_insert_time"": 0.0011941972188651562, ""logging_time"": 0.0001249769702553749, ""total_train_step_time"": 0.04452005075290799}",0.3313379813916981,0.021430522203445435
rollout_update,81280,3016.7792386060073,4.548418535142232,369993.57239320566,0.04242935590445995,"{""policy_inference_time"": 0.007257286924868822, ""env_step_time"": 0.03421952622011304, ""replay_insert_time"": 0.0005813832394778728, ""logging_time"": 0.0001178281381726265, ""total_train_step_time"": 0.04242935590445995}",0.3313379813916981,0.021430522203445435
rollout_update,81408,3062.734807954213,4.546875108494033,369993.57239320566,0.04179271403700113,"{""policy_inference_time"": 0.00702719995751977, ""env_step_time"": 0.033809647895395756, ""replay_insert_time"": 0.0005868780426681042, ""logging_time"": 0.00011799763888120651, ""total_train_step_time"": 0.04179271403700113}",0.3313379813916981,0.021430522203445435
rollout_update,81536,3091.9580261702135,4.5453473016513115,369993.57239320566,0.04139771591871977,"{""policy_inference_time"": 0.006863673683255911, ""env_step_time"": 0.03359589306637645, ""replay_insert_time"": 0.0005712462589144707, ""logging_time"": 0.0001146271824836731, ""total_train_step_time"": 0.04139771591871977}",0.3313379813916981,0.021430522203445435
rollout_update,81664,3072.5837366931287,4.543810897272009,369993.57239320566,0.04165875073522329,"{""policy_inference_time"": 0.006884674075990915, ""env_step_time"": 0.03383769700303674, ""replay_insert_time"": 0.0005684229545295238, ""logging_time"": 0.00011660624295473099, ""total_train_step_time"": 0.04165875073522329}",0.3313379813916981,0.021430522203445435
rollout_update,81792,3073.4360461983624,4.542275956839152,369993.57239320566,0.041647198144346476,"{""policy_inference_time"": 0.006925834808498621, ""env_step_time"": 0.033764651976525784, ""replay_insert_time"": 0.0005783047527074814, ""logging_time"": 0.00011926935985684395, ""total_train_step_time"": 0.041647198144346476}",0.3313379813916981,0.021430522203445435
rollout_update,81920,3078.7013926100167,4.5407446755628165,369993.57239320566,0.04157597105950117,"{""policy_inference_time"": 0.006909486372023821, ""env_step_time"": 0.03371995780616999, ""replay_insert_time"": 0.0005773738957941532, ""logging_time"": 0.00011743605136871338, ""total_train_step_time"": 0.04157597105950117}",0.3313379813916981,0.021430522203445435
rollout_update,82048,82.14391701852031,4.540139536205157,370116.94431230257,1.5582407638430595,"{""policy_inference_time"": 0.00691965501755476, ""env_step_time"": 0.3761942908167839, ""replay_insert_time"": 0.000657740980386734, ""logging_time"": 0.0001291348598897457, ""total_train_step_time"": 1.5582407638430595}",0.33177563128992915,0.021549440920352936
rollout_update,82176,2844.2385704802728,4.538504065314536,370116.94431230257,0.04500325722619891,"{""policy_inference_time"": 0.008143664803355932, ""env_step_time"": 0.035189260728657246, ""replay_insert_time"": 0.001268342137336731, ""logging_time"": 0.00012495508417487144, ""total_train_step_time"": 0.04500325722619891}",0.33177563128992915,0.021549440920352936
rollout_update,82304,3091.2757271154674,4.537000332396776,370116.94431230257,0.04140685312449932,"{""policy_inference_time"": 0.0069984556175768375, ""env_step_time"": 0.03343827463686466, ""replay_insert_time"": 0.0005997577682137489, ""logging_time"": 0.00011714408174157143, ""total_train_step_time"": 0.04140685312449932}",0.33177563128992915,0.021549440920352936
rollout_update,82432,3042.2571602106123,4.53547339081064,370116.94431230257,0.04207402374595404,"{""policy_inference_time"": 0.006948831956833601, ""env_step_time"": 0.034158818889409304, ""replay_insert_time"": 0.0005941078998148441, ""logging_time"": 0.00011733919382095337, ""total_train_step_time"": 0.04207402374595404}",0.33177563128992915,0.021549440920352936
rollout_update,82560,3096.3628616157334,4.533974131611615,370116.94431230257,0.041338824201375246,"{""policy_inference_time"": 0.006963346153497696, ""env_step_time"": 0.03341512707993388, ""replay_insert_time"": 0.000591800082474947, ""logging_time"": 0.0001169559545814991, ""total_train_step_time"": 0.041338824201375246}",0.33177563128992915,0.021549440920352936
rollout_update,82688,3101.215809777411,4.532478207080711,370116.94431230257,0.04127413500100374,"{""policy_inference_time"": 0.0069660041481256485, ""env_step_time"": 0.03334471303969622, ""replay_insert_time"": 0.0005947593599557877, ""logging_time"": 0.0001176660880446434, ""total_train_step_time"": 0.04127413500100374}",0.33177563128992915,0.021549440920352936
rollout_update,82816,3127.519881901547,4.5309958384383995,370116.94431230257,0.040926998015493155,"{""policy_inference_time"": 0.00690354872494936, ""env_step_time"": 0.03308015409857035, ""replay_insert_time"": 0.0005764742381870747, ""logging_time"": 0.0001153973862528801, ""total_train_step_time"": 0.040926998015493155}",0.33177563128992915,0.021549440920352936
rollout_update,82944,3122.523173153839,4.529512069329264,370116.94431230257,0.04099249001592398,"{""policy_inference_time"": 0.0069102998822927475, ""env_step_time"": 0.03313157567754388, ""replay_insert_time"": 0.0005830484442412853, ""logging_time"": 0.00011658482253551483, ""total_train_step_time"": 0.04099249001592398}",0.33177563128992915,0.021549440920352936
rollout_update,83072,105.3372343294668,4.541347950635068,370232.2101316184,1.2151448708027601,"{""policy_inference_time"": 0.006895228289067745, ""env_step_time"": 0.033108034171164036, ""replay_insert_time"": 0.0005740788765251637, ""logging_time"": 0.000114483293145895, ""total_train_step_time"": 1.2151448708027601}",0.3322579525411129,0.02143857115879655
rollout_update,83200,817.0893558667137,4.5357263479637595,370232.2101316184,0.15665361331775784,"{""policy_inference_time"": 0.0070757740177214146, ""env_step_time"": 0.1479363520629704, ""replay_insert_time"": 0.0012498553842306137, ""logging_time"": 0.0001281588338315487, ""total_train_step_time"": 0.15665361331775784}",0.3322579525411129,0.02143857115879655
rollout_update,83328,3024.020385009748,4.534209780212586,370232.2101316184,0.042327756993472576,"{""policy_inference_time"": 0.008207541890442371, ""env_step_time"": 0.03315293975174427, ""replay_insert_time"": 0.0005953330546617508, ""logging_time"": 0.00011702580377459526, ""total_train_step_time"": 0.042327756993472576}",0.3322579525411129,0.02143857115879655
rollout_update,83456,834.2435617935889,4.528720917340087,370232.2101316184,0.15343240974470973,"{""policy_inference_time"": 0.006899616215378046, ""env_step_time"": 0.14556613424792886, ""replay_insert_time"": 0.0005920398980379105, ""logging_time"": 0.00011836783960461617, ""total_train_step_time"": 0.15343240974470973}",0.3322579525411129,0.02143857115879655
rollout_update,83584,829.691926878218,4.523215325220922,370232.2101316184,0.15427412977442145,"{""policy_inference_time"": 0.008038046304136515, ""env_step_time"": 0.1452754712663591, ""replay_insert_time"": 0.0005864189006388187, ""logging_time"": 0.00011862395331263542, ""total_train_step_time"": 0.15427412977442145}",0.3322579525411129,0.02143857115879655
rollout_update,83712,3057.375273215788,4.521723559584481,370232.2101316184,0.04186597606167197,"{""policy_inference_time"": 0.008014612831175327, ""env_step_time"": 0.03289009118452668, ""replay_insert_time"": 0.0005842042155563831, ""logging_time"": 0.00012128707021474838, ""total_train_step_time"": 0.04186597606167197}",0.3322579525411129,0.02143857115879655
rollout_update,83840,3140.9182532549626,4.520272417089088,370232.2101316184,0.0407524136826396,"{""policy_inference_time"": 0.0068973638117313385, ""env_step_time"": 0.032904221676290035, ""replay_insert_time"": 0.0005815569311380386, ""logging_time"": 0.00011595990508794785, ""total_train_step_time"": 0.0407524136826396}",0.3322579525411129,0.02143857115879655
rollout_update,83968,3147.310611809645,4.518825150230951,370232.2101316184,0.04066964332014322,"{""policy_inference_time"": 0.006915623787790537, ""env_step_time"": 0.03278618725016713, ""replay_insert_time"": 0.0005951221100986004, ""logging_time"": 0.0001184181310236454, ""total_train_step_time"": 0.04066964332014322}",0.3322579525411129,0.02143857115879655
rollout_update,84096,105.63200671100374,4.5307118027700115,370357.7363862014,1.2117539369501173,"{""policy_inference_time"": 0.006866282317787409, ""env_step_time"": 0.03283153707161546, ""replay_insert_time"": 0.0005780979990959167, ""logging_time"": 0.00011874176561832428, ""total_train_step_time"": 1.2117539369501173}",0.33168149506673217,0.021558328066021204
rollout_update,84224,2990.513456662345,4.529200066548405,370357.7363862014,0.042802014388144016,"{""policy_inference_time"": 0.006991614121943712, ""env_step_time"": 0.03422330506145954, ""replay_insert_time"": 0.0011937618255615234, ""logging_time"": 0.00012346915900707245, ""total_train_step_time"": 0.042802014388144016}",0.33168149506673217,0.021558328066021204
rollout_update,84352,829.9656216672364,4.52376136877149,370357.7363862014,0.1542232553474605,"{""policy_inference_time"": 0.007201218046247959, ""env_step_time"": 0.14605279825627804, ""replay_insert_time"": 0.0005990657955408096, ""logging_time"": 0.00011754827573895454, ""total_train_step_time"": 0.1542232553474605}",0.33168149506673217,0.021558328066021204
rollout_update,84480,3058.889092714991,4.5222879438702,370357.7363862014,0.0418452569283545,"{""policy_inference_time"": 0.007974470034241676, ""env_step_time"": 0.03292092029005289, ""replay_insert_time"": 0.0005791522562503815, ""logging_time"": 0.00011813221499323845, ""total_train_step_time"": 0.0418452569283545}",0.33168149506673217,0.021558328066021204
rollout_update,84608,3152.397984651852,4.520859142088127,370357.7363862014,0.040604010224342346,"{""policy_inference_time"": 0.006894831079989672, ""env_step_time"": 0.03274910198524594, ""replay_insert_time"": 0.0005788407288491726, ""logging_time"": 0.0001278519630432129, ""total_train_step_time"": 0.040604010224342346}",0.33168149506673217,0.021558328066021204
rollout_update,84736,3149.435444319773,4.519429900131607,370357.7363862014,0.0406422046944499,"{""policy_inference_time"": 0.0068761869333684444, ""env_step_time"": 0.032824447844177485, ""replay_insert_time"": 0.0005720276385545731, ""logging_time"": 0.00011778157204389572, ""total_train_step_time"": 0.0406422046944499}",0.33168149506673217,0.021558328066021204
rollout_update,84864,3156.0285788095775,4.518004544526187,370357.7363862014,0.04055730067193508,"{""policy_inference_time"": 0.006859323009848595, ""env_step_time"": 0.032751396764069796, ""replay_insert_time"": 0.0005760770291090012, ""logging_time"": 0.00011773081496357918, ""total_train_step_time"": 0.04055730067193508}",0.33168149506673217,0.021558328066021204
rollout_update,84992,3149.3401108821804,4.516577063445772,370357.7363862014,0.04064343497157097,"{""policy_inference_time"": 0.0069060418754816055, ""env_step_time"": 0.03279945766553283, ""replay_insert_time"": 0.0005717240273952484, ""logging_time"": 0.00011614197865128517, ""total_train_step_time"": 0.04064343497157097}",0.33168149506673217,0.021558328066021204
rollout_update,85120,105.47699351015393,4.528274927200206,370471.4837916867,1.2135347789153457,"{""policy_inference_time"": 0.006919479928910732, ""env_step_time"": 0.03276627603918314, ""replay_insert_time"": 0.0005705291405320168, ""logging_time"": 0.00011763907968997955, ""total_train_step_time"": 1.2135347789153457}",0.3317894362844527,0.02157382108271122
rollout_update,85248,2887.07334726186,4.5267293448800086,370471.4837916867,0.04433555528521538,"{""policy_inference_time"": 0.007066578604280949, ""env_step_time"": 0.03560315491631627, ""replay_insert_time"": 0.0012511368840932846, ""logging_time"": 0.0001303129829466343, ""total_train_step_time"": 0.04433555528521538}",0.3317894362844527,0.02157382108271122
rollout_update,85376,3114.0895867905406,4.525297377272947,370471.4837916867,0.04110350599512458,"{""policy_inference_time"": 0.007158447057008743, ""env_step_time"": 0.032978516072034836, ""replay_insert_time"": 0.000594370998442173, ""logging_time"": 0.00011877110227942467, ""total_train_step_time"": 0.04110350599512458}",0.3317894362844527,0.02157382108271122
rollout_update,85504,834.6129060855152,4.5199624377942955,370471.4837916867,0.15336451074108481,"{""policy_inference_time"": 0.006883163005113602, ""env_step_time"": 0.14553466206416488, ""replay_insert_time"": 0.0005790600553154945, ""logging_time"": 0.0001177201047539711, ""total_train_step_time"": 0.15336451074108481}",0.3317894362844527,0.02157382108271122
rollout_update,85632,3045.2163897523787,4.518502468121278,370471.4837916867,0.04203313775360584,"{""policy_inference_time"": 0.008004778996109962, ""env_step_time"": 0.03307357709854841, ""replay_insert_time"": 0.0005808747373521328, ""logging_time"": 0.00011955201625823975, ""total_train_step_time"": 0.04203313775360584}",0.3317894362844527,0.02157382108271122
rollout_update,85760,3143.473365121523,4.517089032496728,370471.4837916867,0.04071928886696696,"{""policy_inference_time"": 0.006993934977799654, ""env_step_time"": 0.03278452204540372, ""replay_insert_time"": 0.000571270938962698, ""logging_time"": 0.00011728424578905106, ""total_train_step_time"": 0.04071928886696696}",0.3317894362844527,0.02157382108271122
rollout_update,85888,3140.2763482964506,4.515675043246713,370471.4837916867,0.04076074389740825,"{""policy_inference_time"": 0.006927515845745802, ""env_step_time"": 0.03289133310317993, ""replay_insert_time"": 0.0005708439275622368, ""logging_time"": 0.00011823512613773346, ""total_train_step_time"": 0.04076074389740825}",0.3317894362844527,0.02157382108271122
rollout_update,86016,3149.7020260880686,4.5142661664472765,370471.4837916867,0.04063876485452056,"{""policy_inference_time"": 0.006911878939718008, ""env_step_time"": 0.0327788800932467, ""replay_insert_time"": 0.0005771112628281116, ""logging_time"": 0.0001191580668091774, ""total_train_step_time"": 0.04063876485452056}",0.3317894362844527,0.02157382108271122
rollout_update,86144,105.52831904986344,4.525861846148856,370594.76948216377,1.2129445550963283,"{""policy_inference_time"": 0.006929552182555199, ""env_step_time"": 0.0328607358969748, ""replay_insert_time"": 0.0005711601115763187, ""logging_time"": 0.0001257890835404396, ""total_train_step_time"": 1.2129445550963283}",0.331783652305603,0.021500516217201948
rollout_update,86272,2988.902700244278,4.524388033212014,370594.76948216377,0.042825080920010805,"{""policy_inference_time"": 0.007013618014752865, ""env_step_time"": 0.03424479207023978, ""replay_insert_time"": 0.001171938143670559, ""logging_time"": 0.0001256931573152542, ""total_train_step_time"": 0.042825080920010805}",0.331783652305603,0.021500516217201948
rollout_update,86400,3112.6048166046594,4.522973696137471,370594.76948216377,0.04112311312928796,"{""policy_inference_time"": 0.007177263963967562, ""env_step_time"": 0.032978774048388004, ""replay_insert_time"": 0.0005991868674755096, ""logging_time"": 0.00011532381176948547, ""total_train_step_time"": 0.04112311312928796}",0.331783652305603,0.021500516217201948
rollout_update,86528,3147.078123214313,4.521575721313785,370594.76948216377,0.04067264776676893,"{""policy_inference_time"": 0.006921050138771534, ""env_step_time"": 0.032799333799630404, ""replay_insert_time"": 0.0005794642493128777, ""logging_time"": 0.00011748913675546646, ""total_train_step_time"": 0.04067264776676893}",0.331783652305603,0.021500516217201948
rollout_update,86656,3154.3018208095746,4.52018180895499,370594.76948216377,0.04057950293645263,"{""policy_inference_time"": 0.006884448230266571, ""env_step_time"": 0.03275036532431841, ""replay_insert_time"": 0.0005703438073396683, ""logging_time"": 0.00011967495083808899, ""total_train_step_time"": 0.04057950293645263}",0.331783652305603,0.021500516217201948
rollout_update,86784,3159.939712655049,4.5187912404514385,370594.76948216377,0.04050710191950202,"{""policy_inference_time"": 0.006831496022641659, ""env_step_time"": 0.032735366839915514, ""replay_insert_time"": 0.0005752202123403549, ""logging_time"": 0.00011502113193273544, ""total_train_step_time"": 0.04050710191950202}",0.331783652305603,0.021500516217201948
rollout_update,86912,3147.7606245402512,4.517396151943417,370594.76948216377,0.0406638290733099,"{""policy_inference_time"": 0.006918129976838827, ""env_step_time"": 0.032815078273415565, ""replay_insert_time"": 0.0005680047906935215, ""logging_time"": 0.00011410191655158997, ""total_train_step_time"": 0.0406638290733099}",0.331783652305603,0.021500516217201948
rollout_update,87040,3156.1926646161974,4.516005648233911,370594.76948216377,0.04055519215762615,"{""policy_inference_time"": 0.006878633983433247, ""env_step_time"": 0.03272740822285414, ""replay_insert_time"": 0.0005773231387138367, ""logging_time"": 0.0001198737882077694, ""total_train_step_time"": 0.04055519215762615}",0.331783652305603,0.021500516217201948
rollout_update,87168,105.54958466183288,4.527462981058856,370710.7843131061,1.2127001769840717,"{""policy_inference_time"": 0.006875372026115656, ""env_step_time"": 0.032775468192994595, ""replay_insert_time"": 0.0005813241004943848, ""logging_time"": 0.00011679623275995255, ""total_train_step_time"": 1.2127001769840717}",0.33229327062144876,0.021495437249541283
rollout_update,87296,2606.2450645446415,4.525791322170487,370710.7843131061,0.049112802837044,"{""policy_inference_time"": 0.0070795021019876, ""env_step_time"": 0.04019937803968787, ""replay_insert_time"": 0.001422481145709753, ""logging_time"": 0.00013005919754505157, ""total_train_step_time"": 0.049112802837044}",0.33229327062144876,0.021495437249541283
rollout_update,87424,3051.266122950022,4.52436444858712,370710.7843131061,0.041949798818677664,"{""policy_inference_time"": 0.0073024132288992405, ""env_step_time"": 0.03367441799491644, ""replay_insert_time"": 0.0005980692803859711, ""logging_time"": 0.00011935783550143242, ""total_train_step_time"": 0.041949798818677664}",0.33229327062144876,0.021495437249541283
rollout_update,87552,3124.4915196769275,4.522971883197192,370710.7843131061,0.04096666583791375,"{""policy_inference_time"": 0.007004125043749809, ""env_step_time"": 0.032999463845044374, ""replay_insert_time"": 0.0005918508395552635, ""logging_time"": 0.00011952687054872513, ""total_train_step_time"": 0.04096666583791375}",0.33229327062144876,0.021495437249541283
rollout_update,87680,3134.416020472563,4.5215845800002805,370710.7843131061,0.04083695309236646,"{""policy_inference_time"": 0.0069641959853470325, ""env_step_time"": 0.032917187083512545, ""replay_insert_time"": 0.0005728099495172501, ""logging_time"": 0.00012871436774730682, ""total_train_step_time"": 0.04083695309236646}",0.33229327062144876,0.021495437249541283
rollout_update,87808,3113.1644452621044,4.5201886660814985,370710.7843131061,0.04111572075635195,"{""policy_inference_time"": 0.006889936979860067, ""env_step_time"": 0.033259599935263395, ""replay_insert_time"": 0.0005855080671608448, ""logging_time"": 0.00011986307799816132, ""total_train_step_time"": 0.04111572075635195}",0.33229327062144876,0.021495437249541283
rollout_update,87936,3116.209880691604,4.518794976744081,370710.7843131061,0.04107553884387016,"{""policy_inference_time"": 0.007223656866699457, ""env_step_time"": 0.03289039805531502, ""replay_insert_time"": 0.0005771429277956486, ""logging_time"": 0.00012930016964673996, ""total_train_step_time"": 0.04107553884387016}",0.33229327062144876,0.021495437249541283
rollout_update,88064,3146.091401976211,4.517415371599533,370710.7843131061,0.04068540409207344,"{""policy_inference_time"": 0.00682488176971674, ""env_step_time"": 0.03291219426319003, ""replay_insert_time"": 0.0005775592289865017, ""logging_time"": 0.0001188390888273716, ""total_train_step_time"": 0.04068540409207344}",0.33229327062144876,0.021495437249541283
rollout_update,88192,104.90136369773442,4.528479119006999,370792.0849346556,1.220193861052394,"{""policy_inference_time"": 0.006879501044750214, ""env_step_time"": 0.03307973314076662, ""replay_insert_time"": 0.0005744760856032372, ""logging_time"": 0.00011849822476506233, ""total_train_step_time"": 1.220193861052394}",0.33555993065238,0.02183914091438055
rollout_update,88320,2933.643118615305,4.52701036435524,370792.0849346556,0.043631755746901035,"{""policy_inference_time"": 0.007137112319469452, ""env_step_time"": 0.03481222270056605, ""replay_insert_time"": 0.0012701768428087234, ""logging_time"": 0.00013363920152187347, ""total_train_step_time"": 0.043631755746901035}",0.33555993065238,0.02183914091438055
rollout_update,88448,3076.0923699112054,4.525610512852239,370792.0849346556,0.041611234191805124,"{""policy_inference_time"": 0.007126923184841871, ""env_step_time"": 0.033482865896075964, ""replay_insert_time"": 0.0006153108552098274, ""logging_time"": 0.0001176358200609684, ""total_train_step_time"": 0.041611234191805124}",0.33555993065238,0.02183914091438055
rollout_update,88576,3094.4905742673204,4.524219841886761,370792.0849346556,0.04136383580043912,"{""policy_inference_time"": 0.006988804321736097, ""env_step_time"": 0.033373596146702766, ""replay_insert_time"": 0.0006080903112888336, ""logging_time"": 0.00012006284669041634, ""total_train_step_time"": 0.04136383580043912}",0.33555993065238,0.02183914091438055
rollout_update,88704,3094.406166957092,4.522829987435987,370792.0849346556,0.041364964097738266,"{""policy_inference_time"": 0.006976393982768059, ""env_step_time"": 0.03341518109664321, ""replay_insert_time"": 0.0005864282138645649, ""logging_time"": 0.0001225220039486885, ""total_train_step_time"": 0.041364964097738266}",0.33555993065238,0.02183914091438055
rollout_update,88832,3094.2954655460835,4.521440936980626,370792.0849346556,0.04136644396930933,"{""policy_inference_time"": 0.006979526020586491, ""env_step_time"": 0.03344387514516711, ""replay_insert_time"": 0.000571488868445158, ""logging_time"": 0.00011789007112383842, ""total_train_step_time"": 0.04136644396930933}",0.33555993065238,0.02183914091438055
rollout_update,88960,3090.513912416116,4.520051041396531,370792.0849346556,0.04141705995425582,"{""policy_inference_time"": 0.007050354033708572, ""env_step_time"": 0.03339561726897955, ""replay_insert_time"": 0.0005958289839327335, ""logging_time"": 0.00012054760009050369, ""total_train_step_time"": 0.04141705995425582}",0.33555993065238,0.02183914091438055
rollout_update,89088,3132.390462463915,4.518680564356086,370792.0849346556,0.04086336027830839,"{""policy_inference_time"": 0.0069879889488220215, ""env_step_time"": 0.03293897584080696, ""replay_insert_time"": 0.000571967102587223, ""logging_time"": 0.000115951057523489, ""total_train_step_time"": 0.04086336027830839}",0.33555993065238,0.02183914091438055
rollout_update,89216,105.22642998890034,4.529735520486774,370863.7333243776,1.216424428857863,"{""policy_inference_time"": 0.006884297821670771, ""env_step_time"": 0.03287060000002384, ""replay_insert_time"": 0.0005726879462599754, ""logging_time"": 0.00011894199997186661, ""total_train_step_time"": 1.216424428857863}",0.33220191905274987,0.021762102842330933
rollout_update,89344,2913.8438662838657,4.528272776215059,370863.7333243776,0.04392822878435254,"{""policy_inference_time"": 0.007095126900821924, ""env_step_time"": 0.03514723200351, ""replay_insert_time"": 0.0012861872091889381, ""logging_time"": 0.00012702494859695435, ""total_train_step_time"": 0.04392822878435254}",0.33220191905274987,0.021762102842330933
rollout_update,89472,3105.6085895135334,4.526901212031203,370863.7333243776,0.041215754114091396,"{""policy_inference_time"": 0.006969508249312639, ""env_step_time"": 0.03328118519857526, ""replay_insert_time"": 0.0005920259281992912, ""logging_time"": 0.00011884002014994621, ""total_train_step_time"": 0.041215754114091396}",0.33220191905274987,0.021762102842330933
rollout_update,89600,3136.9417294942327,4.525544165838732,370863.7333243776,0.040804073214530945,"{""policy_inference_time"": 0.0069578830152750015, ""env_step_time"": 0.03289209213107824, ""replay_insert_time"": 0.0005759671330451965, ""logging_time"": 0.0001170160248875618, ""total_train_step_time"": 0.040804073214530945}",0.33220191905274987,0.021762102842330933
rollout_update,89728,3145.2785802162966,4.524191526761732,370863.7333243776,0.04069591825827956,"{""policy_inference_time"": 0.006870537996292114, ""env_step_time"": 0.032865998800843954, ""replay_insert_time"": 0.0005763843655586243, ""logging_time"": 0.00011887121945619583, ""total_train_step_time"": 0.04069591825827956}",0.33220191905274987,0.021762102842330933
rollout_update,89856,3148.839686972618,4.522841224388355,370863.7333243776,0.040649894159287214,"{""policy_inference_time"": 0.006875756196677685, ""env_step_time"": 0.03283195709809661, ""replay_insert_time"": 0.0005743289366364479, ""logging_time"": 0.00011688005179166794, ""total_train_step_time"": 0.040649894159287214}",0.33220191905274987,0.021762102842330933
rollout_update,89984,3159.5077464161245,4.521496283016597,370863.7333243776,0.04051264002919197,"{""policy_inference_time"": 0.0068683200515806675, ""env_step_time"": 0.03268615109845996, ""replay_insert_time"": 0.0005855988711118698, ""logging_time"": 0.00011850008741021156, ""total_train_step_time"": 0.04051264002919197}",0.33220191905274987,0.021762102842330933
rollout_update,90112,3153.6527338624605,4.520149646522911,370863.7333243776,0.04058785503730178,"{""policy_inference_time"": 0.006875601131469011, ""env_step_time"": 0.03276845393702388, ""replay_insert_time"": 0.00057608587667346, ""logging_time"": 0.00011695083230733871, ""total_train_step_time"": 0.04058785503730178}",0.33220191905274987,0.021762102842330933
rollout_update,90240,105.14099131756578,4.531038039841792,370967.26640097087,1.2174129080958664,"{""policy_inference_time"": 0.006867597810924053, ""env_step_time"": 0.03285025805234909, ""replay_insert_time"": 0.0005752881988883018, ""logging_time"": 0.00011702394112944603, ""total_train_step_time"": 1.2174129080958664}",0.3336023762822151,0.021490750834345818
rollout_update,90368,2886.9493911229497,4.529577416800496,370967.26640097087,0.04433745890855789,"{""policy_inference_time"": 0.00713229738175869, ""env_step_time"": 0.03549432521685958, ""replay_insert_time"": 0.001313318032771349, ""logging_time"": 0.00012656161561608315, ""total_train_step_time"": 0.04433745890855789}",0.3336023762822151,0.021490750834345818
rollout_update,90496,3108.7077735103217,4.528221829771504,370967.26640097087,0.04117466462776065,"{""policy_inference_time"": 0.007018776144832373, ""env_step_time"": 0.03318757005035877, ""replay_insert_time"": 0.000594389159232378, ""logging_time"": 0.00011789891868829727, ""total_train_step_time"": 0.04117466462776065}",0.3336023762822151,0.021490750834345818
rollout_update,90624,3127.869146746234,4.526875350794555,370967.26640097087,0.040922428015619516,"{""policy_inference_time"": 0.006951413117349148, ""env_step_time"": 0.03302164003252983, ""replay_insert_time"": 0.000578068196773529, ""logging_time"": 0.00011849170550704002, ""total_train_step_time"": 0.040922428015619516}",0.3336023762822151,0.021490750834345818
rollout_update,90752,3141.8603251628456,4.525535663073803,370967.26640097087,0.040740194264799356,"{""policy_inference_time"": 0.006872590631246567, ""env_step_time"": 0.0329114468768239, ""replay_insert_time"": 0.0005837762728333473, ""logging_time"": 0.00011803628876805305, ""total_train_step_time"": 0.040740194264799356}",0.3336023762822151,0.021490750834345818
rollout_update,90880,3146.8441198643977,4.52419888789559,370967.26640097087,0.040675672236829996,"{""policy_inference_time"": 0.0069154431112110615, ""env_step_time"": 0.032802936155349016, ""replay_insert_time"": 0.0005864840932190418, ""logging_time"": 0.00011830171570181847, ""total_train_step_time"": 0.040675672236829996}",0.3336023762822151,0.021490750834345818
rollout_update,91008,3148.4006167329444,4.522863562496402,370967.26640097087,0.0406555631197989,"{""policy_inference_time"": 0.006900070235133171, ""env_step_time"": 0.03281479189172387, ""replay_insert_time"": 0.0005715619772672653, ""logging_time"": 0.0001170826144516468, ""total_train_step_time"": 0.0406555631197989}",0.3336023762822151,0.021490750834345818
rollout_update,91136,3148.1036086717995,4.521528899242123,370967.26640097087,0.04065939877182245,"{""policy_inference_time"": 0.006870833225548267, ""env_step_time"": 0.03284967504441738, ""replay_insert_time"": 0.0005723610520362854, ""logging_time"": 0.00011678691953420639, ""total_train_step_time"": 0.04065939877182245}",0.3336023762822151,0.021490750834345818
rollout_update,91264,105.50625514840131,4.532424626662695,371070.31854520715,1.213198211044073,"{""policy_inference_time"": 0.0068544745445251465, ""env_step_time"": 0.03280610917136073, ""replay_insert_time"": 0.0005788076668977737, ""logging_time"": 0.00011620204895734787, ""total_train_step_time"": 1.213198211044073}",0.33155191922560334,0.021533004939556122
rollout_update,91392,2954.6395626584203,4.5310124443848645,371070.31854520715,0.043321697041392326,"{""policy_inference_time"": 0.007058050949126482, ""env_step_time"": 0.03468833304941654, ""replay_insert_time"": 0.0011773868463933468, ""logging_time"": 0.00012473296374082565, ""total_train_step_time"": 0.043321697041392326}",0.33155191922560334,0.021533004939556122
rollout_update,91520,3105.621256187041,4.529669732841733,371070.31854520715,0.04121558601036668,"{""policy_inference_time"": 0.007116180844604969, ""env_step_time"": 0.03310263203456998, ""replay_insert_time"": 0.0006127939559519291, ""logging_time"": 0.0001165228895843029, ""total_train_step_time"": 0.04121558601036668}",0.33155191922560334,0.021533004939556122
rollout_update,91648,2626.324208223578,4.5280830066127065,371070.31854520715,0.048737318720668554,"{""policy_inference_time"": 0.0069757248274981976, ""env_step_time"": 0.040771109983325005, ""replay_insert_time"": 0.0006192182190716267, ""logging_time"": 0.00011707935482263565, ""total_train_step_time"": 0.048737318720668554}",0.33155191922560334,0.021533004939556122
rollout_update,91776,3107.5508843456464,4.526742862889649,371070.31854520715,0.041189993266016245,"{""policy_inference_time"": 0.006974055897444487, ""env_step_time"": 0.03325952310115099, ""replay_insert_time"": 0.0005883807316422462, ""logging_time"": 0.00011502671986818314, ""total_train_step_time"": 0.041189993266016245}",0.33155191922560334,0.021533004939556122
rollout_update,91904,3124.274250490982,4.5254106792568125,371070.31854520715,0.0409695147536695,"{""policy_inference_time"": 0.006931094918400049, ""env_step_time"": 0.03309599682688713, ""replay_insert_time"": 0.0005731680430471897, ""logging_time"": 0.00011824816465377808, ""total_train_step_time"": 0.0409695147536695}",0.33155191922560334,0.021533004939556122
rollout_update,92032,3148.9845558017473,4.524089724033726,371070.31854520715,0.040648024063557386,"{""policy_inference_time"": 0.0068937852047383785, ""env_step_time"": 0.03281584708020091, ""replay_insert_time"": 0.0005731559358537197, ""logging_time"": 0.0001160232350230217, ""total_train_step_time"": 0.040648024063557386}",0.33155191922560334,0.021533004939556122
rollout_update,92160,3147.166365383416,4.5227687772740275,371070.31854520715,0.040671507362276316,"{""policy_inference_time"": 0.006853906437754631, ""env_step_time"": 0.032871561124920845, ""replay_insert_time"": 0.0005812379531562328, ""logging_time"": 0.00011491123586893082, ""total_train_step_time"": 0.040671507362276316}",0.33155191922560334,0.021533004939556122
rollout_update,92288,105.4916995863746,4.533531308873418,371170.2117830705,1.213365606032312,"{""policy_inference_time"": 0.006875026039779186, ""env_step_time"": 0.03281816886737943, ""replay_insert_time"": 0.0005830889567732811, ""logging_time"": 0.00011949799954891205, ""total_train_step_time"": 1.213365606032312}",0.33157831197604537,0.021511272061616182
rollout_update,92416,2934.785824334157,4.532124508171166,371170.2117830705,0.04361476702615619,"{""policy_inference_time"": 0.007235502824187279, ""env_step_time"": 0.03473998000845313, ""replay_insert_time"": 0.0012500658631324768, ""logging_time"": 0.0001237979158759117, ""total_train_step_time"": 0.04361476702615619}",0.33157831197604537,0.021511272061616182
rollout_update,92544,3112.5637557172336,4.5307988581101375,371170.2117830705,0.04112365562468767,"{""policy_inference_time"": 0.007172657176852226, ""env_step_time"": 0.032976027112454176, ""replay_insert_time"": 0.0005981368012726307, ""logging_time"": 0.0001201150007545948, ""total_train_step_time"": 0.04112365562468767}",0.33157831197604537,0.021511272061616182
rollout_update,92672,3143.5181934330526,4.529487025684604,371170.2117830705,0.04071870818734169,"{""policy_inference_time"": 0.0069173588417470455, ""env_step_time"": 0.032847912050783634, ""replay_insert_time"": 0.0005814400501549244, ""logging_time"": 0.00011760741472244263, ""total_train_step_time"": 0.04071870818734169}",0.33157831197604537,0.021511272061616182
rollout_update,92800,3147.274792202485,4.528177517135509,371170.2117830705,0.04067010618746281,"{""policy_inference_time"": 0.006899167317897081, ""env_step_time"": 0.03281285101547837, ""replay_insert_time"": 0.0005940268747508526, ""logging_time"": 0.00011493684723973274, ""total_train_step_time"": 0.04067010618746281}",0.33157831197604537,0.021511272061616182
rollout_update,92928,3135.8404681035036,4.526863994782864,371170.2117830705,0.040818403009325266,"{""policy_inference_time"": 0.006840685848146677, ""env_step_time"": 0.033042342867702246, ""replay_insert_time"": 0.0005711358971893787, ""logging_time"": 0.00011604232713580132, ""total_train_step_time"": 0.040818403009325266}",0.33157831197604537,0.021511272061616182
rollout_update,93056,3111.944590209149,4.525541156827461,371170.2117830705,0.041131837759166956,"{""policy_inference_time"": 0.006975787691771984, ""env_step_time"": 0.03320562466979027, ""replay_insert_time"": 0.0005789948627352715, ""logging_time"": 0.00011891266331076622, ""total_train_step_time"": 0.041131837759166956}",0.33157831197604537,0.021511272061616182
rollout_update,93184,3138.5734093738306,4.524230305404884,371170.2117830705,0.04078286001458764,"{""policy_inference_time"": 0.006883986759930849, ""env_step_time"": 0.03295583464205265, ""replay_insert_time"": 0.0005727862007915974, ""logging_time"": 0.00011801114305853844, ""total_train_step_time"": 0.04078286001458764}",0.33157831197604537,0.021511272061616182
rollout_update,93312,105.49800837410481,4.534868817735337,371273.00519515673,1.2132930466905236,"{""policy_inference_time"": 0.006994103081524372, ""env_step_time"": 0.03308124374598265, ""replay_insert_time"": 0.0005892193876206875, ""logging_time"": 0.00011559901759028435, ""total_train_step_time"": 1.2132930466905236}",0.33193602692335844,0.021344128996133804
rollout_update,93440,2953.2668705419032,4.5334851929315345,371273.00519515673,0.04334183316677809,"{""policy_inference_time"": 0.0070156739093363285, ""env_step_time"": 0.03461759677156806, ""replay_insert_time"": 0.0012894133105874062, ""logging_time"": 0.00014303810894489288, ""total_train_step_time"": 0.04334183316677809}",0.33193602692335844,0.021344128996133804
rollout_update,93568,2999.5855453490035,4.532123758241804,371273.00519515673,0.04267256194725633,"{""policy_inference_time"": 0.00709137599915266, ""env_step_time"": 0.03451695805415511, ""replay_insert_time"": 0.0006712786853313446, ""logging_time"": 0.00012879818677902222, ""total_train_step_time"": 0.04267256194725633}",0.33193602692335844,0.021344128996133804
rollout_update,93696,3016.7726830207107,4.530770890387474,371273.00519515673,0.04242944810539484,"{""policy_inference_time"": 0.00718670105561614, ""env_step_time"": 0.034241701010614634, ""replay_insert_time"": 0.000610994640737772, ""logging_time"": 0.00012084189802408218, ""total_train_step_time"": 0.04242944810539484}",0.33193602692335844,0.021344128996133804
rollout_update,93824,3034.391101527351,4.529426678036578,371273.00519515673,0.04218309232965112,"{""policy_inference_time"": 0.007214979734271765, ""env_step_time"": 0.03400131314992905, ""replay_insert_time"": 0.0005877669900655746, ""logging_time"": 0.00011931313201785088, ""total_train_step_time"": 0.04218309232965112}",0.33193602692335844,0.021344128996133804
rollout_update,93952,3014.107617334501,4.528074225232185,371273.00519515673,0.04246696410700679,"{""policy_inference_time"": 0.007212095893919468, ""env_step_time"": 0.03424775740131736, ""replay_insert_time"": 0.0005846451967954636, ""logging_time"": 0.00012051686644554138, ""total_train_step_time"": 0.04246696410700679}",0.33193602692335844,0.021344128996133804
rollout_update,94080,3011.625457391086,4.526721466167666,371273.00519515673,0.04250196507200599,"{""policy_inference_time"": 0.007222406100481749, ""env_step_time"": 0.034266465809196234, ""replay_insert_time"": 0.0006382702849805355, ""logging_time"": 0.00012038415297865868, ""total_train_step_time"": 0.04250196507200599}",0.33193602692335844,0.021344128996133804
rollout_update,94208,3000.7308436051126,4.525364608139029,371273.00519515673,0.04265627497807145,"{""policy_inference_time"": 0.007277112919837236, ""env_step_time"": 0.03442831663414836, ""replay_insert_time"": 0.0005806288681924343, ""logging_time"": 0.00011582719162106514, ""total_train_step_time"": 0.04265627497807145}",0.33193602692335844,0.021344128996133804
rollout_update,94336,103.24339481530319,4.535044272416943,371152.1294200873,1.239788755774498,"{""policy_inference_time"": 0.007263561710715294, ""env_step_time"": 0.0361553430557251, ""replay_insert_time"": 0.0006221416406333447, ""logging_time"": 0.0001314212568104267, ""total_train_step_time"": 1.239788755774498}",0.3351533142849803,0.022872709203511477
rollout_update,94464,2407.9088682948004,4.533365502410168,371152.1294200873,0.05315815797075629,"{""policy_inference_time"": 0.007383130956441164, ""env_step_time"": 0.04392635403200984, ""replay_insert_time"": 0.00143143767490983, ""logging_time"": 0.0001346762292087078, ""total_train_step_time"": 0.05315815797075629}",0.3351533142849803,0.022872709203511477
rollout_update,94592,2888.006422333033,4.531966758278392,371152.1294200873,0.044321231078356504,"{""policy_inference_time"": 0.007719271816313267, ""env_step_time"": 0.03562883008271456, ""replay_insert_time"": 0.0006038877181708813, ""logging_time"": 0.00011815689504146576, ""total_train_step_time"": 0.044321231078356504}",0.3351533142849803,0.022872709203511477
rollout_update,94720,2940.341714679617,4.530593750451253,371152.1294200873,0.04353235522285104,"{""policy_inference_time"": 0.007495948113501072, ""env_step_time"": 0.03497590683400631, ""replay_insert_time"": 0.0006564012728631496, ""logging_time"": 0.0001345439814031124, ""total_train_step_time"": 0.04353235522285104}",0.3351533142849803,0.022872709203511477
rollout_update,94848,2944.486042025103,4.529223505043654,371152.1294200873,0.04347108397632837,"{""policy_inference_time"": 0.00734814815223217, ""env_step_time"": 0.03501866431906819, ""replay_insert_time"": 0.0006938511505723, ""logging_time"": 0.000125872902572155, ""total_train_step_time"": 0.04347108397632837}",0.3351533142849803,0.022872709203511477
rollout_update,94976,2989.847774757198,4.527874858723624,371152.1294200873,0.04281154414638877,"{""policy_inference_time"": 0.0071569751016795635, ""env_step_time"": 0.034631114918738604, ""replay_insert_time"": 0.0006478517316281796, ""logging_time"": 0.0001208852045238018, ""total_train_step_time"": 0.04281154414638877}",0.3351533142849803,0.022872709203511477
rollout_update,95104,2982.995007786145,4.526523919878772,371152.1294200873,0.0429098941385746,"{""policy_inference_time"": 0.007343845907598734, ""env_step_time"": 0.034555069636553526, ""replay_insert_time"": 0.0005790367722511292, ""logging_time"": 0.00012044981122016907, ""total_train_step_time"": 0.0429098941385746}",0.3351533142849803,0.022872709203511477
rollout_update,95232,2977.609619277517,4.525171345768187,371152.1294200873,0.04298750218003988,"{""policy_inference_time"": 0.007243841886520386, ""env_step_time"": 0.034717550966888666, ""replay_insert_time"": 0.0006507537327706814, ""logging_time"": 0.00011929403990507126, ""total_train_step_time"": 0.04298750218003988}",0.3351533142849803,0.022872709203511477
rollout_update,95360,103.14801064960886,4.534713233319478,371040.4665263229,1.2409352269023657,"{""policy_inference_time"": 0.007410251069813967, ""env_step_time"": 0.03474454814568162, ""replay_insert_time"": 0.0006142454221844673, ""logging_time"": 0.00011748261749744415, ""total_train_step_time"": 1.2409352269023657}",0.33689825190231204,0.02255673799663782
rollout_update,95488,2823.2561720015365,4.533296794661025,371040.4665263229,0.04533772077411413,"{""policy_inference_time"": 0.0075133247300982475, ""env_step_time"": 0.0361999892629683, ""replay_insert_time"": 0.0012288251891732216, ""logging_time"": 0.0001243920996785164, ""total_train_step_time"": 0.04533772077411413}",0.33689825190231204,0.02255673799663782
rollout_update,95616,2889.1013648532826,4.531913492482032,371040.4665263229,0.04430443374440074,"{""policy_inference_time"": 0.007513189222663641, ""env_step_time"": 0.0356321157887578, ""replay_insert_time"": 0.00070175901055336, ""logging_time"": 0.00011998694390058517, ""total_train_step_time"": 0.04430443374440074}",0.33689825190231204,0.02255673799663782
rollout_update,95744,2978.7328035632017,4.530572620749789,371040.4665263229,0.04297129297628999,"{""policy_inference_time"": 0.007220108062028885, ""env_step_time"": 0.03462137607857585, ""replay_insert_time"": 0.000693000853061676, ""logging_time"": 0.00011995341628789902, ""total_train_step_time"": 0.04297129297628999}",0.33689825190231204,0.02255673799663782
rollout_update,95872,3002.468272550128,4.529243132878042,371040.4665263229,0.04263159120455384,"{""policy_inference_time"": 0.007151568774133921, ""env_step_time"": 0.03445116011425853, ""replay_insert_time"": 0.0006370549090206623, ""logging_time"": 0.00011775689199566841, ""total_train_step_time"": 0.04263159120455384}",0.33689825190231204,0.02255673799663782
rollout_update,96000,3009.410445391977,4.5279174892434755,371040.4665263229,0.042533247731626034,"{""policy_inference_time"": 0.007250082213431597, ""env_step_time"": 0.0343041829764843, ""replay_insert_time"": 0.0006006192415952682, ""logging_time"": 0.00011708680540323257, ""total_train_step_time"": 0.042533247731626034}",0.33689825190231204,0.02255673799663782
rollout_update,96128,2999.934680901564,4.526588437800357,371040.4665263229,0.04266759566962719,"{""policy_inference_time"": 0.007301650941371918, ""env_step_time"": 0.034360773861408234, ""replay_insert_time"": 0.0005765841342508793, ""logging_time"": 0.00015331385657191277, ""total_train_step_time"": 0.04266759566962719}",0.33689825190231204,0.02255673799663782
rollout_update,96256,2988.3909124697357,4.525255036914904,371040.4665263229,0.0428324150852859,"{""policy_inference_time"": 0.007313249167054892, ""env_step_time"": 0.03455731412395835, ""replay_insert_time"": 0.0005894862115383148, ""logging_time"": 0.0001204339787364006, ""total_train_step_time"": 0.0428324150852859}",0.33689825190231204,0.02255673799663782
rollout_update,96384,103.22251285427296,4.534723435181607,370932.56411807594,1.2400395656004548,"{""policy_inference_time"": 0.007364375051110983, ""env_step_time"": 0.0348676280118525, ""replay_insert_time"": 0.0005728090181946754, ""logging_time"": 0.00011519622057676315, ""total_train_step_time"": 1.2400395656004548}",0.33618753496557474,0.022396008018404245
rollout_update,96512,2804.1510416942424,4.53331234954735,370932.56411807594,0.04564661392942071,"{""policy_inference_time"": 0.007359342183917761, ""env_step_time"": 0.036226149182766676, ""replay_insert_time"": 0.0015598051249980927, ""logging_time"": 0.00015202490612864494, ""total_train_step_time"": 0.04564661392942071}",0.33618753496557474,0.022396008018404245
rollout_update,96640,2944.1042844637327,4.531969158698901,370932.56411807594,0.04347672080621123,"{""policy_inference_time"": 0.007436846848577261, ""env_step_time"": 0.035062762908637524, ""replay_insert_time"": 0.0006033927202224731, ""logging_time"": 0.00011863280087709427, ""total_train_step_time"": 0.04347672080621123}",0.33618753496557474,0.022396008018404245
rollout_update,96768,2958.0749085874395,4.530633101670122,370932.56411807594,0.043271385598927736,"{""policy_inference_time"": 0.0073426528833806515, ""env_step_time"": 0.0348418140783906, ""replay_insert_time"": 0.0006575658917427063, ""logging_time"": 0.0001300121657550335, ""total_train_step_time"": 0.043271385598927736}",0.33618753496557474,0.022396008018404245
rollout_update,96896,2963.0585765180563,4.529300077341503,370932.56411807594,0.04319860599935055,"{""policy_inference_time"": 0.0071607050485908985, ""env_step_time"": 0.03490216797217727, ""replay_insert_time"": 0.0007272358052432537, ""logging_time"": 0.00012048007920384407, ""total_train_step_time"": 0.04319860599935055}",0.33618753496557474,0.022396008018404245
rollout_update,97024,2996.478499879581,4.527982691440502,370932.56411807594,0.04271680908277631,"{""policy_inference_time"": 0.007087660953402519, ""env_step_time"": 0.03461541421711445, ""replay_insert_time"": 0.0006277547217905521, ""logging_time"": 0.00011981884017586708, ""total_train_step_time"": 0.04271680908277631}",0.33618753496557474,0.022396008018404245
rollout_update,97152,2997.15409878064,4.526666368360271,370932.56411807594,0.04270718013867736,"{""policy_inference_time"": 0.007269840221852064, ""env_step_time"": 0.03448641998693347, ""replay_insert_time"": 0.0005809739232063293, ""logging_time"": 0.00011736992746591568, ""total_train_step_time"": 0.04270718013867736}",0.33618753496557474,0.022396008018404245
rollout_update,97280,2973.716614483969,4.5253404447967025,370932.56411807594,0.043043778743594885,"{""policy_inference_time"": 0.007308871019631624, ""env_step_time"": 0.03475112095475197, ""replay_insert_time"": 0.0006031100638210773, ""logging_time"": 0.00011844607070088387, ""total_train_step_time"": 0.043043778743594885}",0.33618753496557474,0.022396008018404245
rollout_update,97408,103.07120529891331,4.534653766794058,370818.696756278,1.2418599319644272,"{""policy_inference_time"": 0.007320031989365816, ""env_step_time"": 0.03478069696575403, ""replay_insert_time"": 0.0005810181610286236, ""logging_time"": 0.00011641299352049828, ""total_train_step_time"": 1.2418599319644272}",0.33669825457036495,0.02250540815293789
rollout_update,97536,2792.1179047396836,4.533251402386618,370818.696756278,0.04584333626553416,"{""policy_inference_time"": 0.007463320158421993, ""env_step_time"": 0.036687253043055534, ""replay_insert_time"": 0.0012905471958220005, ""logging_time"": 0.00013014907017350197, ""total_train_step_time"": 0.04584333626553416}",0.33669825457036495,0.02250540815293789
rollout_update,97664,2940.3212706683144,4.531920525138545,370818.696756278,0.04353265790268779,"{""policy_inference_time"": 0.007404224947094917, ""env_step_time"": 0.035002670250833035, ""replay_insert_time"": 0.0006686579436063766, ""logging_time"": 0.00014472287148237228, ""total_train_step_time"": 0.04353265790268779}",0.33669825457036495,0.02250540815293789
rollout_update,97792,2981.196906789438,4.530608660968422,370818.696756278,0.04293577512726188,"{""policy_inference_time"": 0.007148236036300659, ""env_step_time"": 0.03474369877949357, ""replay_insert_time"": 0.0006410609930753708, ""logging_time"": 0.00013925228267908096, ""total_train_step_time"": 0.04293577512726188}",0.33669825457036495,0.02250540815293789
rollout_update,97920,2994.8681652438067,4.529303539406403,370818.696756278,0.04273977782577276,"{""policy_inference_time"": 0.007275057956576347, ""env_step_time"": 0.03448085719719529, ""replay_insert_time"": 0.0006096921861171722, ""logging_time"": 0.00011978112161159515, ""total_train_step_time"": 0.04273977782577276}",0.33669825457036495,0.02250540815293789
rollout_update,98048,2982.549122202895,4.527993783577056,370818.696756278,0.04291630908846855,"{""policy_inference_time"": 0.007321284152567387, ""env_step_time"": 0.034539337269961834, ""replay_insert_time"": 0.0006818207912147045, ""logging_time"": 0.00012007029727101326, ""total_train_step_time"": 0.04291630908846855}",0.33669825457036495,0.02250540815293789
rollout_update,98176,2987.236313437592,4.526686838344003,370818.696756278,0.04284897027537227,"{""policy_inference_time"": 0.007231352850794792, ""env_step_time"": 0.03467698488384485, ""replay_insert_time"": 0.0005736551247537136, ""logging_time"": 0.0001164148561656475, ""total_train_step_time"": 0.04284897027537227}",0.33669825457036495,0.02250540815293789
rollout_update,98304,2964.8678278219286,4.525370795647368,370818.696756278,0.04317224491387606,"{""policy_inference_time"": 0.007380763068795204, ""env_step_time"": 0.03484336379915476, ""replay_insert_time"": 0.0005779680795967579, ""logging_time"": 0.00011738715693354607, ""total_train_step_time"": 0.04317224491387606}",0.33669825457036495,0.02250540815293789
rollout_update,98432,102.92472945938246,4.534534197616632,370709.9832870742,1.243627266958356,"{""policy_inference_time"": 0.007336738985031843, ""env_step_time"": 0.03481297940015793, ""replay_insert_time"": 0.0005931379273533821, ""logging_time"": 0.00011865515261888504, ""total_train_step_time"": 1.243627266958356}",0.3372140913270414,0.022446218878030777
rollout_update,98560,2759.128754537282,4.533129770967987,370709.9832870742,0.04639145592227578,"{""policy_inference_time"": 0.007488294038921595, ""env_step_time"": 0.03722151089459658, ""replay_insert_time"": 0.0012926417402923107, ""logging_time"": 0.00012359535321593285, ""total_train_step_time"": 0.04639145592227578}",0.3372140913270414,0.022446218878030777
rollout_update,98688,2955.7997995572246,4.531819575952103,370709.9832870742,0.04330469202250242,"{""policy_inference_time"": 0.007522649131715298, ""env_step_time"": 0.03480647271499038, ""replay_insert_time"": 0.0005992189981043339, ""logging_time"": 0.00011645909398794174, ""total_train_step_time"": 0.04330469202250242}",0.3372140913270414,0.022446218878030777
rollout_update,98816,2961.6672984715674,4.5305127315208695,370709.9832870742,0.04321889905259013,"{""policy_inference_time"": 0.007376038935035467, ""env_step_time"": 0.03490303596481681, ""replay_insert_time"": 0.0005750227719545364, ""logging_time"": 0.00011494895443320274, ""total_train_step_time"": 0.04321889905259013}",0.3372140913270414,0.022446218878030777
rollout_update,98944,2961.736577643365,4.529206671126386,370709.9832870742,0.04321788810193539,"{""policy_inference_time"": 0.007392832078039646, ""env_step_time"": 0.034873651806265116, ""replay_insert_time"": 0.0005768509581685066, ""logging_time"": 0.00012061093002557755, ""total_train_step_time"": 0.04321788810193539}",0.3372140913270414,0.022446218878030777
rollout_update,99072,2980.864402430169,4.527909737132491,370709.9832870742,0.04294056445360184,"{""policy_inference_time"": 0.007301610428839922, ""env_step_time"": 0.0345669430680573, ""replay_insert_time"": 0.0006636288017034531, ""logging_time"": 0.00012305006384849548, ""total_train_step_time"": 0.04294056445360184}",0.3372140913270414,0.022446218878030777
rollout_update,99200,2966.407701633489,4.5266072305437515,370709.9832870742,0.0431498340331018,"{""policy_inference_time"": 0.007209549658000469, ""env_step_time"": 0.03483332507312298, ""replay_insert_time"": 0.0006726551800966263, ""logging_time"": 0.00014641089364886284, ""total_train_step_time"": 0.0431498340331018}",0.3372140913270414,0.022446218878030777
rollout_update,99328,2966.14352462889,4.525305357195691,370709.9832870742,0.04315367713570595,"{""policy_inference_time"": 0.0071871280670166016, ""env_step_time"": 0.03494640998542309, ""replay_insert_time"": 0.0006344709545373917, ""logging_time"": 0.00012270500883460045, ""total_train_step_time"": 0.04315367713570595}",0.3372140913270414,0.022446218878030777
rollout_update,99456,101.614720307334,4.533894998333973,370458.20185670373,1.2596600139513612,"{""policy_inference_time"": 0.007285205647349358, ""env_step_time"": 0.034481021109968424, ""replay_insert_time"": 0.0005783322267234325, ""logging_time"": 0.00011679809540510178, ""total_train_step_time"": 1.2596600139513612}",0.3402043329551816,0.023688769433647394
rollout_update,99584,2527.151218174217,4.532377765674798,370458.20185670373,0.05064991721883416,"{""policy_inference_time"": 0.007971701212227345, ""env_step_time"": 0.04089359100908041, ""replay_insert_time"": 0.0013775336556136608, ""logging_time"": 0.0001317276619374752, ""total_train_step_time"": 0.05064991721883416}",0.3402043329551816,0.023688769433647394
rollout_update,99712,2730.931856263627,4.5309746524325325,370458.20185670373,0.04687044816091657,"{""policy_inference_time"": 0.008668199647217989, ""env_step_time"": 0.03691504802554846, ""replay_insert_time"": 0.0007322370074689388, ""logging_time"": 0.0002457946538925171, ""total_train_step_time"": 0.04687044816091657}",0.3402043329551816,0.023688769433647394
rollout_update,99840,2790.405020038576,4.529602285285016,370458.20185670373,0.045871477108448744,"{""policy_inference_time"": 0.00771061098203063, ""env_step_time"": 0.037074184976518154, ""replay_insert_time"": 0.0007060929201543331, ""logging_time"": 0.00012083817273378372, ""total_train_step_time"": 0.045871477108448744}",0.3402043329551816,0.023688769433647394
rollout_update,99968,2798.566975212518,4.5282347480715694,370458.20185670373,0.04573769401758909,"{""policy_inference_time"": 0.007856689859181643, ""env_step_time"": 0.03679738473147154, ""replay_insert_time"": 0.000595517922192812, ""logging_time"": 0.00012042000889778137, ""total_train_step_time"": 0.04573769401758909}",0.3402043329551816,0.023688769433647394
rollout_update,100096,2799.606884290637,4.526868543867736,370458.20185670373,0.04572070483118296,"{""policy_inference_time"": 0.007898979354649782, ""env_step_time"": 0.03684684680774808, ""replay_insert_time"": 0.0005924897268414497, ""logging_time"": 0.00011770706623792648, ""total_train_step_time"": 0.04572070483118296}",0.3402043329551816,0.023688769433647394
rollout_update,100224,2800.27326653559,4.525503488626568,370458.20185670373,0.04570982465520501,"{""policy_inference_time"": 0.007816168013960123, ""env_step_time"": 0.03687288099899888, ""replay_insert_time"": 0.0005741529166698456, ""logging_time"": 0.00011499831452965736, ""total_train_step_time"": 0.04570982465520501}",0.3402043329551816,0.023688769433647394
rollout_update,100352,2790.8719207362783,4.524134662218935,370458.20185670373,0.04586380301043391,"{""policy_inference_time"": 0.007820743136107922, ""env_step_time"": 0.03698093071579933, ""replay_insert_time"": 0.0006867512129247189, ""logging_time"": 0.00011953571811318398, ""total_train_step_time"": 0.04586380301043391}",0.3402043329551816,0.023688769433647394
rollout_update,100480,101.01345506049091,4.532422565844614,370159.154936112,1.2671579238958657,"{""policy_inference_time"": 0.007872924208641052, ""env_step_time"": 0.03790505090728402, ""replay_insert_time"": 0.0005909949541091919, ""logging_time"": 0.00011914782226085663, ""total_train_step_time"": 1.2671579238958657}",0.3385251211002469,0.02376584941521287
rollout_update,100608,2735.430905189022,4.531035877453343,370159.154936112,0.046793358866125345,"{""policy_inference_time"": 0.007619614712893963, ""env_step_time"": 0.03760507609695196, ""replay_insert_time"": 0.0011621899902820587, ""logging_time"": 0.00012696627527475357, ""total_train_step_time"": 0.046793358866125345}",0.3385251211002469,0.02376584941521287
rollout_update,100736,2817.119428807469,4.5296902108368835,370159.154936112,0.04543648334220052,"{""policy_inference_time"": 0.007932322099804878, ""env_step_time"": 0.03618622710928321, ""replay_insert_time"": 0.0008254554122686386, ""logging_time"": 0.00019897473976016045, ""total_train_step_time"": 0.04543648334220052}",0.3385251211002469,0.02376584941521287
rollout_update,100864,2889.0804125551635,4.5283788314344156,370159.154936112,0.04430475505068898,"{""policy_inference_time"": 0.007580748293548822, ""env_step_time"": 0.03565666964277625, ""replay_insert_time"": 0.0006930842064321041, ""logging_time"": 0.00011956272646784782, ""total_train_step_time"": 0.04430475505068898}",0.3385251211002469,0.02376584941521287
rollout_update,100992,2843.834463902705,4.52704736503258,370159.154936112,0.04500965215265751,"{""policy_inference_time"": 0.007714881096035242, ""env_step_time"": 0.036332253366708755, ""replay_insert_time"": 0.0005827941931784153, ""logging_time"": 0.00011786073446273804, ""total_train_step_time"": 0.04500965215265751}",0.3385251211002469,0.02376584941521287
rollout_update,101120,2779.363181893557,4.525685823558661,370159.154936112,0.04605371505022049,"{""policy_inference_time"": 0.007692342158406973, ""env_step_time"": 0.03736636694520712, ""replay_insert_time"": 0.0006243260577321053, ""logging_time"": 0.0001164986751973629, ""total_train_step_time"": 0.04605371505022049}",0.3385251211002469,0.02376584941521287
rollout_update,101248,2755.248585987299,4.524313195065556,370159.154936112,0.04645678820088506,"{""policy_inference_time"": 0.00858411006629467, ""env_step_time"": 0.03685558866709471, ""replay_insert_time"": 0.0006360840052366257, ""logging_time"": 0.00012575509026646614, ""total_train_step_time"": 0.04645678820088506}",0.3385251211002469,0.02376584941521287
rollout_update,101376,2799.9523994688934,4.522963294400153,370159.154936112,0.045715062879025936,"{""policy_inference_time"": 0.007988783996552229, ""env_step_time"": 0.03671863675117493, ""replay_insert_time"": 0.0006360863335430622, ""logging_time"": 0.00011784303933382034, ""total_train_step_time"": 0.045715062879025936}",0.3385251211002469,0.02376584941521287
rollout_update,101504,101.20021897496656,4.531244261687537,369890.4455965931,1.2648193975910544,"{""policy_inference_time"": 0.007732460740953684, ""env_step_time"": 0.03573078475892544, ""replay_insert_time"": 0.0005807527340948582, ""logging_time"": 0.00011948589235544205, ""total_train_step_time"": 1.2648193975910544}",0.34098460664972663,0.023416864220052958
rollout_update,101632,2732.489959021981,4.529870673232282,369890.4455965931,0.046843721996992826,"{""policy_inference_time"": 0.007609027903527021, ""env_step_time"": 0.037355853244662285, ""replay_insert_time"": 0.0014742077328264713, ""logging_time"": 0.0001282859593629837, ""total_train_step_time"": 0.046843721996992826}",0.34098460664972663,0.023416864220052958
rollout_update,101760,2824.275947752511,4.528542517335175,369890.4455965931,0.04532135045155883,"{""policy_inference_time"": 0.007900221273303032, ""env_step_time"": 0.03627150319516659, ""replay_insert_time"": 0.0007303021848201752, ""logging_time"": 0.00015873881056904793, ""total_train_step_time"": 0.04532135045155883}",0.34098460664972663,0.023416864220052958
rollout_update,101888,2728.070125433626,4.527168344074283,369890.4455965931,0.046919615007936954,"{""policy_inference_time"": 0.0075641777366399765, ""env_step_time"": 0.038398412987589836, ""replay_insert_time"": 0.0005825730040669441, ""logging_time"": 0.00011789985001087189, ""total_train_step_time"": 0.046919615007936954}",0.34098460664972663,0.023416864220052958
rollout_update,102016,2835.596733109381,4.525847066751982,369890.4455965931,0.04514041030779481,"{""policy_inference_time"": 0.007856816984713078, ""env_step_time"": 0.036164328921586275, ""replay_insert_time"": 0.0005734488368034363, ""logging_time"": 0.00024921586737036705, ""total_train_step_time"": 0.04514041030779481}",0.34098460664972663,0.023416864220052958
rollout_update,102144,2850.584206668431,4.524533501238806,369890.4455965931,0.04490307625383139,"{""policy_inference_time"": 0.007521906867623329, ""env_step_time"": 0.03626833111047745, ""replay_insert_time"": 0.0006703999824821949, ""logging_time"": 0.00017774291336536407, ""total_train_step_time"": 0.04490307625383139}",0.34098460664972663,0.023416864220052958
rollout_update,102272,2846.8600306808257,4.523218981122959,369890.4455965931,0.04496181709691882,"{""policy_inference_time"": 0.007610880769789219, ""env_step_time"": 0.036335634998977184, ""replay_insert_time"": 0.0006354846991598606, ""logging_time"": 0.00011780345812439919, ""total_train_step_time"": 0.04496181709691882}",0.34098460664972663,0.023416864220052958
rollout_update,102400,2749.1798998694007,4.521858560029425,369890.4455965931,0.04655933938920498,"{""policy_inference_time"": 0.007964219897985458, ""env_step_time"": 0.0374296260997653, ""replay_insert_time"": 0.0007472657598555088, ""logging_time"": 0.00015945686027407646, ""total_train_step_time"": 0.04655933938920498}",0.34098460664972663,0.023416864220052958
rollout_update,102528,102.59114436463794,4.530562160954177,369740.0801048792,1.2476710421033204,"{""policy_inference_time"": 0.007841065991669893, ""env_step_time"": 0.036044975742697716, ""replay_insert_time"": 0.0005958848632872105, ""logging_time"": 0.00011577783152461052, ""total_train_step_time"": 1.2476710421033204}",0.336392009165138,0.022324488032609224
rollout_update,102656,2853.346515185975,4.529260147718698,369740.0801048792,0.044859605841338634,"{""policy_inference_time"": 0.007392466999590397, ""env_step_time"": 0.03576892800629139, ""replay_insert_time"": 0.001261638943105936, ""logging_time"": 0.0001449519768357277, ""total_train_step_time"": 0.044859605841338634}",0.336392009165138,0.022324488032609224
rollout_update,102784,2996.0515966565345,4.528020846287691,369740.0801048792,0.04272289574146271,"{""policy_inference_time"": 0.0074175200425088406, ""env_step_time"": 0.034263407811522484, ""replay_insert_time"": 0.0006467700004577637, ""logging_time"": 0.00011640135198831558, ""total_train_step_time"": 0.04272289574146271}",0.336392009165138,0.022324488032609224
rollout_update,102912,3023.4658056645735,4.526793450605726,369740.0801048792,0.04233552096411586,"{""policy_inference_time"": 0.0071666971780359745, ""env_step_time"": 0.034177449997514486, ""replay_insert_time"": 0.0006091110408306122, ""logging_time"": 0.00011855969205498695, ""total_train_step_time"": 0.04233552096411586}",0.336392009165138,0.022324488032609224
rollout_update,103040,3005.1169912497603,4.525559231957211,369740.0801048792,0.04259401559829712,"{""policy_inference_time"": 0.007228908594697714, ""env_step_time"": 0.03438139799982309, ""replay_insert_time"": 0.0005944943986833096, ""logging_time"": 0.0001317751593887806, ""total_train_step_time"": 0.04259401559829712}",0.336392009165138,0.022324488032609224
rollout_update,103168,2987.975826995839,4.524318611578103,369740.0801048792,0.04283836530521512,"{""policy_inference_time"": 0.007306849118322134, ""env_step_time"": 0.03452768037095666, ""replay_insert_time"": 0.0006294730119407177, ""logging_time"": 0.00011863978579640388, ""total_train_step_time"": 0.04283836530521512}",0.336392009165138,0.022324488032609224
rollout_update,103296,2959.8603245404743,4.523066896364234,369740.0801048792,0.043245283886790276,"{""policy_inference_time"": 0.0072976951487362385, ""env_step_time"": 0.0349769820459187, ""replay_insert_time"": 0.0005951481871306896, ""logging_time"": 0.00011902488768100739, ""total_train_step_time"": 0.043245283886790276}",0.336392009165138,0.022324488032609224
rollout_update,103424,2930.6841743683362,4.521803422606833,369740.0801048792,0.04367580823600292,"{""policy_inference_time"": 0.007592224981635809, ""env_step_time"": 0.03512266092002392, ""replay_insert_time"": 0.0005914247594773769, ""logging_time"": 0.00011739227920770645, ""total_train_step_time"": 0.04367580823600292}",0.336392009165138,0.022324488032609224
rollout_update,103552,101.07188039665621,4.52988281207328,369391.36403313244,1.2664254340343177,"{""policy_inference_time"": 0.007401684764772654, ""env_step_time"": 0.03488393593579531, ""replay_insert_time"": 0.0006397189572453499, ""logging_time"": 0.00015713972970843315, ""total_train_step_time"": 1.2664254340343177}",0.338625046890229,0.023361566942185163
rollout_update,103680,2686.529757091411,4.528513940267761,369391.36403313244,0.047645107842981815,"{""policy_inference_time"": 0.007957655005156994, ""env_step_time"": 0.038033485878258944, ""replay_insert_time"": 0.0012576468288898468, ""logging_time"": 0.00012498395517468452, ""total_train_step_time"": 0.047645107842981815}",0.338625046890229,0.023361566942185163
rollout_update,103808,2802.481080677069,4.5272024813324165,369391.36403313244,0.04567381413653493,"{""policy_inference_time"": 0.007950398605316877, ""env_step_time"": 0.03675406612455845, ""replay_insert_time"": 0.000598355196416378, ""logging_time"": 0.00011592404916882515, ""total_train_step_time"": 0.04567381413653493}",0.338625046890229,0.023361566942185163
rollout_update,103936,2841.7196122305118,4.525909874777995,369391.36403313244,0.045043149031698704,"{""policy_inference_time"": 0.0077613587491214275, ""env_step_time"": 0.03599146706983447, ""replay_insert_time"": 0.0008416110649704933, ""logging_time"": 0.0001564212143421173, ""total_train_step_time"": 0.045043149031698704}",0.338625046890229,0.023361566942185163
rollout_update,104064,2700.716630160667,4.524550578623904,369391.36403313244,0.04739482793956995,"{""policy_inference_time"": 0.007384773809462786, ""env_step_time"": 0.03897496405988932, ""replay_insert_time"": 0.0006624511443078518, ""logging_time"": 0.0001195976510643959, ""total_train_step_time"": 0.04739482793956995}",0.338625046890229,0.023361566942185163
rollout_update,104192,2833.8575955920805,4.523255904877445,369391.36403313244,0.045168112963438034,"{""policy_inference_time"": 0.007670030929148197, ""env_step_time"": 0.03636446176096797, ""replay_insert_time"": 0.0007426077499985695, ""logging_time"": 0.00013297516852617264, ""total_train_step_time"": 0.045168112963438034}",0.338625046890229,0.023361566942185163
rollout_update,104320,2904.281565141594,4.521993338799354,369391.36403313244,0.04407286178320646,"{""policy_inference_time"": 0.007673840969800949, ""env_step_time"": 0.03543214173987508, ""replay_insert_time"": 0.0005907900631427765, ""logging_time"": 0.00011832360178232193, ""total_train_step_time"": 0.04407286178320646}",0.338625046890229,0.023361566942185163
rollout_update,104448,2830.856206579515,4.520698757186372,369391.36403313244,0.04521600203588605,"{""policy_inference_time"": 0.007701012305915356, ""env_step_time"": 0.036573455203324556, ""replay_insert_time"": 0.0005761370994150639, ""logging_time"": 0.00011640787124633789, ""total_train_step_time"": 0.04521600203588605}",0.338625046890229,0.023361566942185163
rollout_update,104576,102.59415649810299,4.529240997859925,369281.767793299,1.2476344108581543,"{""policy_inference_time"": 0.0076087950728833675, ""env_step_time"": 0.03633385617285967, ""replay_insert_time"": 0.000666444655507803, ""logging_time"": 0.00011960510164499283, ""total_train_step_time"": 1.2476344108581543}",0.336853195913136,0.022411376237869263
rollout_update,104704,2764.523834388756,4.527924018627191,369281.767793299,0.046300921123474836,"{""policy_inference_time"": 0.007657464127987623, ""env_step_time"": 0.03677569003775716, ""replay_insert_time"": 0.0014246231876313686, ""logging_time"": 0.0001309998333454132, ""total_train_step_time"": 0.046300921123474836}",0.336853195913136,0.022411376237869263
rollout_update,104832,2912.009891077945,4.526674449600922,369281.767793299,0.04395589465275407,"{""policy_inference_time"": 0.007325402926653624, ""env_step_time"": 0.03554662223905325, ""replay_insert_time"": 0.0006902110762894154, ""logging_time"": 0.00012118509039282799, ""total_train_step_time"": 0.04395589465275407}",0.336853195913136,0.022411376237869263
rollout_update,104960,2951.722221838626,4.525442367862961,369281.767793299,0.043364514131098986,"{""policy_inference_time"": 0.007399393245577812, ""env_step_time"": 0.03492701519280672, ""replay_insert_time"": 0.0006597312167286873, ""logging_time"": 0.00012026680633425713, ""total_train_step_time"": 0.043364514131098986}",0.336853195913136,0.022411376237869263
rollout_update,105088,2962.3982277464224,4.524215393249174,369281.767793299,0.043208235409110785,"{""policy_inference_time"": 0.007290379144251347, ""env_step_time"": 0.034896650817245245, ""replay_insert_time"": 0.0006363638676702976, ""logging_time"": 0.00012463470920920372, ""total_train_step_time"": 0.043208235409110785}",0.336853195913136,0.022411376237869263
rollout_update,105216,2902.5524984648973,4.522963806354909,369281.767793299,0.04409911623224616,"{""policy_inference_time"": 0.0076709771528840065, ""env_step_time"": 0.03543376596644521, ""replay_insert_time"": 0.0006164764054119587, ""logging_time"": 0.00012173689901828766, ""total_train_step_time"": 0.04409911623224616}",0.336853195913136,0.022411376237869263
rollout_update,105344,2925.7314005704625,4.521722819157317,369281.767793299,0.043749744072556496,"{""policy_inference_time"": 0.007535820826888084, ""env_step_time"": 0.03509828308597207, ""replay_insert_time"": 0.0006631999276578426, ""logging_time"": 0.00013777520507574081, ""total_train_step_time"": 0.043749744072556496}",0.336853195913136,0.022411376237869263
rollout_update,105472,2945.5705462820133,4.520490864258235,369281.767793299,0.04345507873222232,"{""policy_inference_time"": 0.0073069059289991856, ""env_step_time"": 0.03513186424970627, ""replay_insert_time"": 0.0006339200772345066, ""logging_time"": 0.00012277578935027122, ""total_train_step_time"": 0.04345507873222232}",0.336853195913136,0.022411376237869263
rollout_update,105600,101.09104765137245,4.528429430280833,369091.5130250546,1.266185314860195,"{""policy_inference_time"": 0.00753313023597002, ""env_step_time"": 0.03486909810453653, ""replay_insert_time"": 0.0006413818337023258, ""logging_time"": 0.00012121209874749184, ""total_train_step_time"": 1.266185314860195}",0.3417835868895054,0.023828889708966017
rollout_update,105728,2602.8796729315886,4.527044630842139,369091.5130250546,0.04917630320414901,"{""policy_inference_time"": 0.008433481678366661, ""env_step_time"": 0.03866757219657302, ""replay_insert_time"": 0.0015875441022217274, ""logging_time"": 0.00013505388051271439, ""total_train_step_time"": 0.04917630320414901}",0.3417835868895054,0.023828889708966017
rollout_update,105856,2786.925276375912,4.525752046774669,369091.5130250546,0.045928752049803734,"{""policy_inference_time"": 0.008327474817633629, ""env_step_time"": 0.036472014151513577, ""replay_insert_time"": 0.0007484331727027893, ""logging_time"": 0.0001215529628098011, ""total_train_step_time"": 0.045928752049803734}",0.3417835868895054,0.023828889708966017
rollout_update,105984,2701.68112173066,4.524419451958229,369091.5130250546,0.04737790813669562,"{""policy_inference_time"": 0.008144609164446592, ""env_step_time"": 0.03783430205658078, ""replay_insert_time"": 0.0007658372633159161, ""logging_time"": 0.00029028207063674927, ""total_train_step_time"": 0.04737790813669562}",0.3417835868895054,0.023828889708966017
rollout_update,106112,2790.8125862179368,4.523130164184993,369091.5130250546,0.045864778105169535,"{""policy_inference_time"": 0.007999931927770376, ""env_step_time"": 0.0368315652012825, ""replay_insert_time"": 0.0006486107595264912, ""logging_time"": 0.0001244889572262764, ""total_train_step_time"": 0.045864778105169535}",0.3417835868895054,0.023828889708966017
rollout_update,106240,2728.9931865889334,4.521812430135108,369091.5130250546,0.04690374480560422,"{""policy_inference_time"": 0.00830294331535697, ""env_step_time"": 0.03725599590688944, ""replay_insert_time"": 0.0008821631781756878, ""logging_time"": 0.0001657591201364994, ""total_train_step_time"": 0.04690374480560422}",0.3417835868895054,0.023828889708966017
rollout_update,106368,2823.1958874613047,4.520539395031695,369091.5130250546,0.045338688883930445,"{""policy_inference_time"": 0.008085093926638365, ""env_step_time"": 0.036263786256313324, ""replay_insert_time"": 0.0006058518774807453, ""logging_time"": 0.00012046657502651215, ""total_train_step_time"": 0.045338688883930445}",0.3417835868895054,0.023828889708966017
rollout_update,106496,2793.714798615515,4.5192536540163255,369091.5130250546,0.045817132107913494,"{""policy_inference_time"": 0.00801545288413763, ""env_step_time"": 0.03655355703085661, ""replay_insert_time"": 0.0007784776389598846, ""logging_time"": 0.00012125726789236069, ""total_train_step_time"": 0.045817132107913494}",0.3417835868895054,0.023828889708966017
rollout_update,106624,100.0875577064027,4.526770037213958,368796.2283592297,1.278880241792649,"{""policy_inference_time"": 0.007495322730392218, ""env_step_time"": 0.03579725278541446, ""replay_insert_time"": 0.0005997768603265285, ""logging_time"": 0.00012332573533058167, ""total_train_step_time"": 1.278880241792649}",0.345311863347888,0.0229413746856153
rollout_update,106752,2673.1871899871107,4.525435465032619,368796.2283592297,0.04788291687145829,"{""policy_inference_time"": 0.007974665146321058, ""env_step_time"": 0.03815260622650385, ""replay_insert_time"": 0.001355533953756094, ""logging_time"": 0.0001252950169146061, ""total_train_step_time"": 0.04788291687145829}",0.345311863347888,0.0229413746856153
rollout_update,106880,3060.682920789373,4.524270499089418,368796.2283592297,0.041820731945335865,"{""policy_inference_time"": 0.007302905898541212, ""env_step_time"": 0.033521583303809166, ""replay_insert_time"": 0.0006161797791719437, ""logging_time"": 0.00011935597285628319, ""total_train_step_time"": 0.041820731945335865}",0.345311863347888,0.0229413746856153
rollout_update,107008,3147.4272654168976,4.523138215143975,368796.2283592297,0.04066813597455621,"{""policy_inference_time"": 0.006902450695633888, ""env_step_time"": 0.03281060699373484, ""replay_insert_time"": 0.0005837492644786835, ""logging_time"": 0.00011887727305293083, ""total_train_step_time"": 0.04066813597455621}",0.345311863347888,0.0229413746856153
rollout_update,107136,3135.2224501521155,4.5220020933571625,368796.2283592297,0.040826449170708656,"{""policy_inference_time"": 0.006915688049048185, ""env_step_time"": 0.03294261312112212, ""replay_insert_time"": 0.0005931179039180279, ""logging_time"": 0.00011921115219593048, ""total_train_step_time"": 0.040826449170708656}",0.345311863347888,0.0229413746856153
rollout_update,107264,3023.9141300416186,4.520824754148235,368796.2283592297,0.04232924431562424,"{""policy_inference_time"": 0.006959059741348028, ""env_step_time"": 0.0343849528580904, ""replay_insert_time"": 0.0006082910113036633, ""logging_time"": 0.00011986633762717247, ""total_train_step_time"": 0.04232924431562424}",0.345311863347888,0.0229413746856153
rollout_update,107392,2860.989480079897,4.519581035289685,368796.2283592297,0.04473976604640484,"{""policy_inference_time"": 0.006960691884160042, ""env_step_time"": 0.036513605155050755, ""replay_insert_time"": 0.0007203100249171257, ""logging_time"": 0.00014607980847358704, ""total_train_step_time"": 0.04473976604640484}",0.345311863347888,0.0229413746856153
rollout_update,107520,3004.998230188181,4.518397555004618,368796.2283592297,0.04259569896385074,"{""policy_inference_time"": 0.00877381395548582, ""env_step_time"": 0.03282526507973671, ""replay_insert_time"": 0.0005837050266563892, ""logging_time"": 0.00012556789442896843, ""total_train_step_time"": 0.04259569896385074}",0.345311863347888,0.0229413746856153
rollout_update,107648,95.71523225737198,4.524236051203971,368169.24565771956,1.3373002079315484,"{""policy_inference_time"": 0.006826837081462145, ""env_step_time"": 0.04349754424765706, ""replay_insert_time"": 0.0006183180958032608, ""logging_time"": 0.00012331316247582436, ""total_train_step_time"": 1.3373002079315484}",0.3532847142778337,0.021396011114120483
rollout_update,107776,2765.5660275717,4.522959641781919,368169.24565771956,0.046283472795039415,"{""policy_inference_time"": 0.010287010576575994, ""env_step_time"": 0.03427011100575328, ""replay_insert_time"": 0.0013029519468545914, ""logging_time"": 0.0001267818734049797, ""total_train_step_time"": 0.046283472795039415}",0.3532847142778337,0.021396011114120483
rollout_update,107904,2718.4622617887026,4.5216618543928675,368169.24565771956,0.047085443045943975,"{""policy_inference_time"": 0.006941549945622683, ""env_step_time"": 0.03858503792434931, ""replay_insert_time"": 0.0009579849429428577, ""logging_time"": 0.00019521033391356468, ""total_train_step_time"": 0.047085443045943975}",0.3532847142778337,0.021396011114120483
rollout_update,108032,2500.5603010141517,4.520251820852465,368169.24565771956,0.05118852760642767,"{""policy_inference_time"": 0.015242459252476692, ""env_step_time"": 0.03490346996113658, ""replay_insert_time"": 0.0005872678011655807, ""logging_time"": 0.00011722510680556297, ""total_train_step_time"": 0.05118852760642767}",0.3532847142778337,0.021396011114120483
rollout_update,108160,2321.732737201165,4.518734165136929,368169.24565771956,0.05513123795390129,"{""policy_inference_time"": 0.006850435398519039, ""env_step_time"": 0.047335047740489244, ""replay_insert_time"": 0.0005810079164803028, ""logging_time"": 0.00011608004570007324, ""total_train_step_time"": 0.05513123795390129}",0.3532847142778337,0.021396011114120483
rollout_update,108288,3144.4622575001767,4.517614248709,368169.24565771956,0.040706483181566,"{""policy_inference_time"": 0.0068457773886621, ""env_step_time"": 0.03291437402367592, ""replay_insert_time"": 0.0005792859010398388, ""logging_time"": 0.00011684326454997063, ""total_train_step_time"": 0.040706483181566}",0.3532847142778337,0.021396011114120483
rollout_update,108416,2794.175366009468,4.516354599604079,368169.24565771956,0.04580958001315594,"{""policy_inference_time"": 0.006841470953077078, ""env_step_time"": 0.036547339987009764, ""replay_insert_time"": 0.001541737001389265, ""logging_time"": 0.00031580589711666107, ""total_train_step_time"": 0.04580958001315594}",0.3532847142778337,0.021396011114120483
rollout_update,108544,2525.5995178684952,4.514961815847507,368169.24565771956,0.050681035965681076,"{""policy_inference_time"": 0.015481446869671345, ""env_step_time"": 0.03418253222480416, ""replay_insert_time"": 0.0005701258778572083, ""logging_time"": 0.00011778110638260841, ""total_train_step_time"": 0.050681035965681076}",0.3532847142778337,0.021396011114120483
rollout_update,108672,100.80409641042614,4.5226119022790385,367795.32967096154,1.2697896668687463,"{""policy_inference_time"": 0.006871517281979322, ""env_step_time"": 0.03270205296576023, ""replay_insert_time"": 0.0005807778798043728, ""logging_time"": 0.0001181592233479023, ""total_train_step_time"": 1.2697896668687463}",0.33872822439298034,0.022597062401473522
rollout_update,108800,2968.909230277095,4.5214348470785035,367795.32967096154,0.04311347706243396,"{""policy_inference_time"": 0.00708812614902854, ""env_step_time"": 0.03421679697930813, ""replay_insert_time"": 0.0014030057936906815, ""logging_time"": 0.0001314203254878521, ""total_train_step_time"": 0.04311347706243396}",0.33872822439298034,0.022597062401473522
rollout_update,108928,3106.9603307274137,4.520310664103048,367795.32967096154,0.04119782242923975,"{""policy_inference_time"": 0.007063806988298893, ""env_step_time"": 0.033147819340229034, ""replay_insert_time"": 0.000609411858022213, ""logging_time"": 0.0001212037168443203, ""total_train_step_time"": 0.04119782242923975}",0.33872822439298034,0.022597062401473522
rollout_update,109056,3137.002088071502,4.519197797838111,367795.32967096154,0.040803288109600544,"{""policy_inference_time"": 0.006992104928940535, ""env_step_time"": 0.032841688953340054, ""replay_insert_time"": 0.0005936590023338795, ""logging_time"": 0.00011884607374668121, ""total_train_step_time"": 0.040803288109600544}",0.33872822439298034,0.022597062401473522
rollout_update,109184,3141.891209382549,4.518087209858805,367795.32967096154,0.04073979379609227,"{""policy_inference_time"": 0.0069090332835912704, ""env_step_time"": 0.03286858927458525, ""replay_insert_time"": 0.0005885078571736813, ""logging_time"": 0.0001187850721180439, ""total_train_step_time"": 0.04073979379609227}",0.33872822439298034,0.022597062401473522
rollout_update,109312,2141.3476497681463,4.516458687886594,367795.32967096154,0.05977544095367193,"{""policy_inference_time"": 0.016343925148248672, ""env_step_time"": 0.04239105572924018, ""replay_insert_time"": 0.000627314206212759, ""logging_time"": 0.00012128520756959915, ""total_train_step_time"": 0.05977544095367193}",0.33872822439298034,0.022597062401473522
rollout_update,109440,3084.9683720322414,4.515328983340784,367795.32967096154,0.04149151127785444,"{""policy_inference_time"": 0.0073373508639633656, ""env_step_time"": 0.03316153213381767, ""replay_insert_time"": 0.0006169360131025314, ""logging_time"": 0.00011995714157819748, ""total_train_step_time"": 0.04149151127785444}",0.33872822439298034,0.022597062401473522
rollout_update,109568,2879.104649285609,4.514119128921134,367795.32967096154,0.044458265881985426,"{""policy_inference_time"": 0.007193682249635458, ""env_step_time"": 0.036283304914832115, ""replay_insert_time"": 0.0006099571473896503, ""logging_time"": 0.0001191156916320324, ""total_train_step_time"": 0.044458265881985426}",0.33872822439298034,0.022597062401473522
rollout_update,109696,104.38748074813303,4.522882417309014,367891.73540699924,1.2262006811797619,"{""policy_inference_time"": 0.007167233154177666, ""env_step_time"": 0.0330526321195066, ""replay_insert_time"": 0.0005825101397931576, ""logging_time"": 0.0001179729588329792, ""total_train_step_time"": 1.2262006811797619}",0.3377483543008566,0.021583696827292442
rollout_update,109824,2916.4274517020317,4.521695136161435,367891.73540699924,0.04388931393623352,"{""policy_inference_time"": 0.007243064232170582, ""env_step_time"": 0.03481667209416628, ""replay_insert_time"": 0.0014234981499612331, ""logging_time"": 0.0001292661763727665, ""total_train_step_time"": 0.04388931393623352}",0.3377483543008566,0.021583696827292442
rollout_update,109952,2932.5227640999938,4.520514989523396,367891.73540699924,0.04364842502400279,"{""policy_inference_time"": 0.007177991326898336, ""env_step_time"": 0.03548156889155507, ""replay_insert_time"": 0.0006114421412348747, ""logging_time"": 0.0001202533021569252, ""total_train_step_time"": 0.04364842502400279}",0.3377483543008566,0.021583696827292442
rollout_update,110080,3129.3991223771955,4.5194096470975005,367891.73540699924,0.04090242087841034,"{""policy_inference_time"": 0.006921492051333189, ""env_step_time"": 0.03300064895302057, ""replay_insert_time"": 0.0006088567897677422, ""logging_time"": 0.00011748308315873146, ""total_train_step_time"": 0.04090242087841034}",0.3377483543008566,0.021583696827292442
rollout_update,110208,2354.539940515549,4.517941382211969,367891.73540699924,0.05436306167393923,"{""policy_inference_time"": 0.011532157193869352, ""env_step_time"": 0.041787683963775635, ""replay_insert_time"": 0.0005814819596707821, ""logging_time"": 0.00011918880045413971, ""total_train_step_time"": 0.05436306167393923}",0.3377483543008566,0.021583696827292442
rollout_update,110336,3147.896561905739,4.516843784018799,367891.73540699924,0.04066207306459546,"{""policy_inference_time"": 0.006880451925098896, ""env_step_time"": 0.0328284939751029, ""replay_insert_time"": 0.0005817892961204052, ""logging_time"": 0.00011670030653476715, ""total_train_step_time"": 0.04066207306459546}",0.3377483543008566,0.021583696827292442
rollout_update,110464,2488.0186880880237,4.515455842375867,367891.73540699924,0.05144655890762806,"{""policy_inference_time"": 0.006839589681476355, ""env_step_time"": 0.043655725196003914, ""replay_insert_time"": 0.0005751419812440872, ""logging_time"": 0.00011982209980487823, ""total_train_step_time"": 0.05144655890762806}",0.3377483543008566,0.021583696827292442
rollout_update,110592,3153.2005285734876,4.514361295169652,367891.73540699924,0.040593675803393126,"{""policy_inference_time"": 0.006869758944958448, ""env_step_time"": 0.03278980124741793, ""replay_insert_time"": 0.0005663121119141579, ""logging_time"": 0.00011692475527524948, ""total_train_step_time"": 0.040593675803393126}",0.3377483543008566,0.021583696827292442
rollout_update,110720,98.73020589685005,4.521159627839656,367655.4578979272,1.2964624031446874,"{""policy_inference_time"": 0.006828879937529564, ""env_step_time"": 0.04185717785730958, ""replay_insert_time"": 0.0005903542041778564, ""logging_time"": 0.00011937785893678665, ""total_train_step_time"": 1.2964624031446874}",0.34302323684096336,0.021553854923695326
rollout_update,110848,2836.329527868058,4.519950945134882,367655.4578979272,0.04512874782085419,"{""policy_inference_time"": 0.007133103907108307, ""env_step_time"": 0.036302655935287476, ""replay_insert_time"": 0.0012979097664356232, ""logging_time"": 0.00012537185102701187, ""total_train_step_time"": 0.04512874782085419}",0.34302323684096336,0.021553854923695326
rollout_update,110976,3081.312634201026,4.518838931147146,367655.4578979272,0.041540737729519606,"{""policy_inference_time"": 0.007226031739264727, ""env_step_time"": 0.03333249315619469, ""replay_insert_time"": 0.0006090449169278145, ""logging_time"": 0.00011808238923549652, ""total_train_step_time"": 0.041540737729519606}",0.34302323684096336,0.021553854923695326
rollout_update,111104,3143.422391097076,4.517749419970451,367655.4578979272,0.040719949174672365,"{""policy_inference_time"": 0.006855883169919252, ""env_step_time"": 0.03288520313799381, ""replay_insert_time"": 0.0005945069715380669, ""logging_time"": 0.00011936388909816742, ""total_train_step_time"": 0.040719949174672365}",0.34302323684096336,0.021553854923695326
rollout_update,111232,3144.937398748102,4.51666095850837,367655.4578979272,0.04070033319294453,"{""policy_inference_time"": 0.006869158241897821, ""env_step_time"": 0.03286390705034137, ""replay_insert_time"": 0.0005969353951513767, ""logging_time"": 0.00011813314631581306, ""total_train_step_time"": 0.04070033319294453}",0.34302323684096336,0.021553854923695326
rollout_update,111360,3145.3548802615683,4.515573165772658,367655.4578979272,0.04069493105635047,"{""policy_inference_time"": 0.0068549951538443565, ""env_step_time"": 0.03288279566913843, ""replay_insert_time"": 0.0005846628919243813, ""logging_time"": 0.00011796969920396805, ""total_train_step_time"": 0.04069493105635047}",0.34302323684096336,0.021553854923695326
rollout_update,111488,2973.325760756089,4.514423006269415,367655.4578979272,0.04304943699389696,"{""policy_inference_time"": 0.006850334815680981, ""env_step_time"": 0.03522005304694176, ""replay_insert_time"": 0.000602272804826498, ""logging_time"": 0.00012072687968611717, ""total_train_step_time"": 0.04304943699389696}",0.34302323684096336,0.021553854923695326
rollout_update,111616,3056.4207462053223,4.513304678277236,367655.4578979272,0.041879050899297,"{""policy_inference_time"": 0.006971187889575958, ""env_step_time"": 0.03394703986123204, ""replay_insert_time"": 0.000589270144701004, ""logging_time"": 0.0001176418736577034, ""total_train_step_time"": 0.041879050899297}",0.34302323684096336,0.021553854923695326
rollout_update,111744,103.5740088461129,4.521656923803557,367611.9993333041,1.2358312807045877,"{""policy_inference_time"": 0.007686319760978222, ""env_step_time"": 0.03373559657484293, ""replay_insert_time"": 0.0005887839943170547, ""logging_time"": 0.00011825514957308769, ""total_train_step_time"": 1.2358312807045877}",0.33581311302259564,0.02241548104211688
rollout_update,111872,2870.8131748226056,4.520473348663672,367611.9993333041,0.044586670119315386,"{""policy_inference_time"": 0.007750167977064848, ""env_step_time"": 0.035015789326280355, ""replay_insert_time"": 0.001415770035237074, ""logging_time"": 0.00012919679284095764, ""total_train_step_time"": 0.044586670119315386}",0.33581311302259564,0.02241548104211688
rollout_update,112000,2936.0554546996827,4.519316672789079,367611.9993333041,0.04359590681269765,"{""policy_inference_time"": 0.007514878176152706, ""env_step_time"": 0.03502604691311717, ""replay_insert_time"": 0.0006733369082212448, ""logging_time"": 0.000124284066259861, ""total_train_step_time"": 0.04359590681269765}",0.33581311302259564,0.02241548104211688
rollout_update,112128,3035.218899151688,4.518198349695726,367611.9993333041,0.04217158770188689,"{""policy_inference_time"": 0.007312359753996134, ""env_step_time"": 0.03386256517842412, ""replay_insert_time"": 0.0006208010017871857, ""logging_time"": 0.0001215287484228611, ""total_train_step_time"": 0.04217158770188689}",0.33581311302259564,0.02241548104211688
rollout_update,112256,3077.5564224634445,4.517095953186653,367611.9993333041,0.04159143893048167,"{""policy_inference_time"": 0.007096088957041502, ""env_step_time"": 0.03352277632802725, ""replay_insert_time"": 0.0006025233305990696, ""logging_time"": 0.00011854711920022964, ""total_train_step_time"": 0.04159143893048167}",0.33581311302259564,0.02241548104211688
rollout_update,112384,3067.49023079837,4.5159904795501316,367611.9993333041,0.04172792425379157,"{""policy_inference_time"": 0.0073112607933580875, ""env_step_time"": 0.03343419823795557, ""replay_insert_time"": 0.0006076069548726082, ""logging_time"": 0.00011865189298987389, ""total_train_step_time"": 0.04172792425379157}",0.33581311302259564,0.02241548104211688
rollout_update,112512,3097.7221341245686,4.514896327733853,367611.9993333041,0.04132068483158946,"{""policy_inference_time"": 0.0069199297577142715, ""env_step_time"": 0.03344403998926282, ""replay_insert_time"": 0.0005854731425642967, ""logging_time"": 0.0001191580668091774, ""total_train_step_time"": 0.04132068483158946}",0.33581311302259564,0.02241548104211688
rollout_update,112640,3105.4849106662978,4.513805439044238,367611.9993333041,0.041217395570129156,"{""policy_inference_time"": 0.006876220926642418, ""env_step_time"": 0.033327868208289146, ""replay_insert_time"": 0.0006322790868580341, ""logging_time"": 0.00012503471225500107, ""total_train_step_time"": 0.041217395570129156}",0.33581311302259564,0.02241548104211688
rollout_update,112768,105.39327637162442,4.52264111425984,367713.4974514914,1.2144987271167338,"{""policy_inference_time"": 0.006909959949553013, ""env_step_time"": 0.03331111604347825, ""replay_insert_time"": 0.0005963491275906563, ""logging_time"": 0.00011893082410097122, ""total_train_step_time"": 1.2144987271167338}",0.3313143332488835,0.021639779210090637
rollout_update,112896,2954.7377335232586,4.521501009467755,367713.4974514914,0.04332025768235326,"{""policy_inference_time"": 0.007050519809126854, ""env_step_time"": 0.0346920732408762, ""replay_insert_time"": 0.0011871648021042347, ""logging_time"": 0.00012393202632665634, ""total_train_step_time"": 0.04332025768235326}",0.3313143332488835,0.021639779210090637
rollout_update,113024,3081.9019774596977,4.520408486833727,367713.4974514914,0.04153279401361942,"{""policy_inference_time"": 0.0070729912258684635, ""env_step_time"": 0.033504883758723736, ""replay_insert_time"": 0.000585176981985569, ""logging_time"": 0.00011698389425873756, ""total_train_step_time"": 0.04153279401361942}",0.3313143332488835,0.021639779210090637
rollout_update,113152,3099.7257401142097,4.519322769622539,367713.4974514914,0.04129397589713335,"{""policy_inference_time"": 0.006874429062008858, ""env_step_time"": 0.033453218173235655, ""replay_insert_time"": 0.0005969922058284283, ""logging_time"": 0.00011834129691123962, ""total_train_step_time"": 0.04129397589713335}",0.3313143332488835,0.021639779210090637
rollout_update,113280,3090.6201734369674,4.518234377396489,367713.4974514914,0.04141563596203923,"{""policy_inference_time"": 0.0068524070084095, ""env_step_time"": 0.033614776097238064, ""replay_insert_time"": 0.0005799848586320877, ""logging_time"": 0.00011690892279148102, ""total_train_step_time"": 0.04141563596203923}",0.3313143332488835,0.021639779210090637
rollout_update,113408,3093.650816833915,4.517147574736512,367713.4974514914,0.041375063825398684,"{""policy_inference_time"": 0.006893140263855457, ""env_step_time"": 0.03354884497821331, ""replay_insert_time"": 0.0005685770884156227, ""logging_time"": 0.00011526420712471008, ""total_train_step_time"": 0.041375063825398684}",0.3313143332488835,0.021639779210090637
rollout_update,113536,3094.77340541256,4.5160616887224885,367713.4974514914,0.041360055562108755,"{""policy_inference_time"": 0.006851673126220703, ""env_step_time"": 0.033544787671417, ""replay_insert_time"": 0.0005956306122243404, ""logging_time"": 0.00011634174734354019, ""total_train_step_time"": 0.041360055562108755}",0.3313143332488835,0.021639779210090637
rollout_update,113664,3120.5640006461867,4.514985292754208,367713.4974514914,0.0410182261839509,"{""policy_inference_time"": 0.00681514386087656, ""env_step_time"": 0.033261552918702364, ""replay_insert_time"": 0.0005743359215557575, ""logging_time"": 0.00011610984802246094, ""total_train_step_time"": 0.0410182261839509}",0.3313143332488835,0.021639779210090637
rollout_update,113792,104.74984436767112,4.523541211705999,367826.28120093927,1.2219588560983539,"{""policy_inference_time"": 0.007354531902819872, ""env_step_time"": 0.04094285098835826, ""replay_insert_time"": 0.0005766972899436951, ""logging_time"": 0.00011687120422720909, ""total_train_step_time"": 1.2219588560983539}",0.33246977161616087,0.02144148526713252
rollout_update,113920,2952.562290983223,4.52241000148016,367826.28120093927,0.04335217596963048,"{""policy_inference_time"": 0.0070367236621677876, ""env_step_time"": 0.03475796477869153, ""replay_insert_time"": 0.0011594491079449654, ""logging_time"": 0.0001250370405614376, ""total_train_step_time"": 0.04335217596963048}",0.33246977161616087,0.02144148526713252
rollout_update,114048,3068.573254215458,4.521322091925312,367826.28120093927,0.04171319678425789,"{""policy_inference_time"": 0.007124240975826979, ""env_step_time"": 0.03361308202147484, ""replay_insert_time"": 0.0006006299518048763, ""logging_time"": 0.00012074317783117294, ""total_train_step_time"": 0.04171319678425789}",0.33246977161616087,0.02144148526713252
rollout_update,114176,3103.9552304347476,4.520247097824622,367826.28120093927,0.04123770818114281,"{""policy_inference_time"": 0.006858444772660732, ""env_step_time"": 0.03343682503327727, ""replay_insert_time"": 0.0005764639936387539, ""logging_time"": 0.00011527305468916893, ""total_train_step_time"": 0.04123770818114281}",0.33246977161616087,0.02144148526713252
rollout_update,114304,3116.433520155241,4.519176916028295,367826.28120093927,0.041072591207921505,"{""policy_inference_time"": 0.00687200203537941, ""env_step_time"": 0.033259733114391565, ""replay_insert_time"": 0.0005741249769926071, ""logging_time"": 0.0001149042509496212, ""total_train_step_time"": 0.041072591207921505}",0.33246977161616087,0.02144148526713252
rollout_update,114432,3123.6025336873063,4.518109695292565,367826.28120093927,0.04097832506522536,"{""policy_inference_time"": 0.0068009989336133, ""env_step_time"": 0.033227330073714256, ""replay_insert_time"": 0.0005860021337866783, ""logging_time"": 0.00011618062853813171, ""total_train_step_time"": 0.04097832506522536}",0.33246977161616087,0.02144148526713252
rollout_update,114560,3107.339196363029,4.517037396786995,367826.28120093927,0.04119279934093356,"{""policy_inference_time"": 0.00683022802695632, ""env_step_time"": 0.033415498211979866, ""replay_insert_time"": 0.0005780612118542194, ""logging_time"": 0.00011828774586319923, ""total_train_step_time"": 0.04119279934093356}",0.33246977161616087,0.02144148526713252
rollout_update,114688,3113.2918043079144,4.515967655919657,367826.28120093927,0.04111403878778219,"{""policy_inference_time"": 0.006882088724523783, ""env_step_time"": 0.03329539159312844, ""replay_insert_time"": 0.000570335891097784, ""logging_time"": 0.00011682882905006409, ""total_train_step_time"": 0.04111403878778219}",0.33246977161616087,0.02144148526713252
rollout_update,114816,105.07465577844681,4.524540440681453,367937.7656404963,1.2181814829818904,"{""policy_inference_time"": 0.006810551043599844, ""env_step_time"": 0.0331217790953815, ""replay_insert_time"": 0.0005689971148967743, ""logging_time"": 0.00011700624600052834, ""total_train_step_time"": 1.2181814829818904}",0.3330699964426458,0.02138121286407113
rollout_update,114944,2937.849108107835,4.523413127128076,367937.7656404963,0.043569290079176426,"{""policy_inference_time"": 0.007127090822905302, ""env_step_time"": 0.034673923160880804, ""replay_insert_time"": 0.0013630930334329605, ""logging_time"": 0.00012606708332896233, ""total_train_step_time"": 0.043569290079176426}",0.3330699964426458,0.02138121286407113
rollout_update,115072,3093.680656074181,4.522343117296217,367937.7656404963,0.04137466475367546,"{""policy_inference_time"": 0.0069574820809066296, ""env_step_time"": 0.03345874510705471, ""replay_insert_time"": 0.0005891839973628521, ""logging_time"": 0.00011774804443120956, ""total_train_step_time"": 0.04137466475367546}",0.3330699964426458,0.02138121286407113
rollout_update,115200,3115.8991351919785,4.521281238062596,367937.7656404963,0.04107963526621461,"{""policy_inference_time"": 0.00689313281327486, ""env_step_time"": 0.03324265871196985, ""replay_insert_time"": 0.0005730884149670601, ""logging_time"": 0.00011829426512122154, ""total_train_step_time"": 0.04107963526621461}",0.3330699964426458,0.02138121286407113
rollout_update,115328,3098.3116951899947,4.520213833924177,367937.7656404963,0.04131282214075327,"{""policy_inference_time"": 0.006869486998766661, ""env_step_time"": 0.03349788999184966, ""replay_insert_time"": 0.0005743918009102345, ""logging_time"": 0.00011770380660891533, ""total_train_step_time"": 0.04131282214075327}",0.3330699964426458,0.02138121286407113
rollout_update,115456,3115.24531320195,4.519152731677265,367937.7656404963,0.04108825698494911,"{""policy_inference_time"": 0.006820961833000183, ""env_step_time"": 0.03332939324900508, ""replay_insert_time"": 0.0005708429962396622, ""logging_time"": 0.00011824723333120346, ""total_train_step_time"": 0.04108825698494911}",0.3330699964426458,0.02138121286407113
rollout_update,115584,3104.1613746173225,4.518088341316012,367937.7656404963,0.04123496962711215,"{""policy_inference_time"": 0.0068374378606677055, ""env_step_time"": 0.03344310633838177, ""replay_insert_time"": 0.0005869483575224876, ""logging_time"": 0.00011555291712284088, ""total_train_step_time"": 0.04123496962711215}",0.3330699964426458,0.02138121286407113
rollout_update,115712,3122.328946901807,4.517030641117899,367937.7656404963,0.040995039977133274,"{""policy_inference_time"": 0.006805436685681343, ""env_step_time"": 0.03322942415252328, ""replay_insert_time"": 0.0005945898592472076, ""logging_time"": 0.00011554686352610588, ""total_train_step_time"": 0.040995039977133274}",0.3330699964426458,0.02138121286407113
rollout_update,115840,105.48444213435714,4.525644185662782,368040.7801351369,1.2134490869939327,"{""policy_inference_time"": 0.006817732006311417, ""env_step_time"": 0.03310681786388159, ""replay_insert_time"": 0.0005696481093764305, ""logging_time"": 0.00011819088831543922, ""total_train_step_time"": 1.2134490869939327}",0.3311805543489754,0.021444009616971016
rollout_update,115968,2988.882517863896,4.524545297285669,368040.7801351369,0.04282537009567022,"{""policy_inference_time"": 0.0070203980430960655, ""env_step_time"": 0.034180198796093464, ""replay_insert_time"": 0.0012280270457267761, ""logging_time"": 0.00012399815022945404, ""total_train_step_time"": 0.04282537009567022}",0.3311805543489754,0.021444009616971016
rollout_update,116096,3128.706005625818,4.523496017091801,368040.7801351369,0.04091148218140006,"{""policy_inference_time"": 0.006969058886170387, ""env_step_time"": 0.03298625722527504, ""replay_insert_time"": 0.0005845511332154274, ""logging_time"": 0.0001159575767815113, ""total_train_step_time"": 0.04091148218140006}",0.3311805543489754,0.021444009616971016
rollout_update,116224,3143.8372411355476,4.5224522701202385,368040.7801351369,0.04071457590907812,"{""policy_inference_time"": 0.006911563687026501, ""env_step_time"": 0.03285048808902502, ""replay_insert_time"": 0.0005828919820487499, ""logging_time"": 0.0001186588779091835, ""total_train_step_time"": 0.04071457590907812}",0.3311805543489754,0.021444009616971016
rollout_update,116352,3145.710696095185,4.521409625886252,368040.7801351369,0.04069032799452543,"{""policy_inference_time"": 0.0068720802664756775, ""env_step_time"": 0.03287578420713544, ""replay_insert_time"": 0.0005739913322031498, ""logging_time"": 0.00011870916932821274, ""total_train_step_time"": 0.04069032799452543}",0.3311805543489754,0.021444009616971016
rollout_update,116480,3156.961935555819,4.520371175662306,368040.7801351369,0.04054530989378691,"{""policy_inference_time"": 0.0068321023136377335, ""env_step_time"": 0.032749485690146685, ""replay_insert_time"": 0.0005915351212024689, ""logging_time"": 0.00011752359569072723, ""total_train_step_time"": 0.04054530989378691}",0.3311805543489754,0.021444009616971016
rollout_update,116608,3138.683538589362,4.519327159006879,368040.7801351369,0.040781429037451744,"{""policy_inference_time"": 0.006843203213065863, ""env_step_time"": 0.033001035917550325, ""replay_insert_time"": 0.0005690562538802624, ""logging_time"": 0.00011523300781846046, ""total_train_step_time"": 0.040781429037451744}",0.3311805543489754,0.021444009616971016
rollout_update,116736,3160.998425698561,4.518290989571523,368040.7801351369,0.04049353487789631,"{""policy_inference_time"": 0.006781554780900478, ""env_step_time"": 0.03277713991701603, ""replay_insert_time"": 0.0005665980279445648, ""logging_time"": 0.00011485908180475235, ""total_train_step_time"": 0.04049353487789631}",0.3311805543489754,0.021444009616971016
rollout_update,116864,105.44472111772562,4.526811621996097,368143.0562986626,1.21390619315207,"{""policy_inference_time"": 0.006921558175235987, ""env_step_time"": 0.03299289522692561, ""replay_insert_time"": 0.0005706888623535633, ""logging_time"": 0.00011611822992563248, ""total_train_step_time"": 1.21390619315207}",0.3324030954390764,0.021427141036838293
rollout_update,116992,2913.961246204112,4.525693709274884,368143.0562986626,0.04392645927146077,"{""policy_inference_time"": 0.0070348624140024185, ""env_step_time"": 0.035282328724861145, ""replay_insert_time"": 0.0012093959376215935, ""logging_time"": 0.00012620305642485619, ""total_train_step_time"": 0.04392645927146077}",0.3324030954390764,0.021427141036838293
rollout_update,117120,2761.08811068094,4.524514499783629,368143.0562986626,0.046358535066246986,"{""policy_inference_time"": 0.007068093866109848, ""env_step_time"": 0.03832309693098068, ""replay_insert_time"": 0.0005937479436397552, ""logging_time"": 0.00011812383309006691, ""total_train_step_time"": 0.046358535066246986}",0.3324030954390764,0.021427141036838293
rollout_update,117248,3131.6806066592767,4.523475343571585,368143.0562986626,0.04087262274697423,"{""policy_inference_time"": 0.006862524431198835, ""env_step_time"": 0.03306257398799062, ""replay_insert_time"": 0.0005788430571556091, ""logging_time"": 0.00011713895946741104, ""total_train_step_time"": 0.04087262274697423}",0.3324030954390764,0.021427141036838293
rollout_update,117376,3151.5771316254036,4.522443220469109,368143.0562986626,0.04061458585783839,"{""policy_inference_time"": 0.006793071050196886, ""env_step_time"": 0.032874119002372026, ""replay_insert_time"": 0.0005729058757424355, ""logging_time"": 0.00011780485510826111, ""total_train_step_time"": 0.04061458585783839}",0.3324030954390764,0.021427141036838293
rollout_update,117504,3145.1763007742366,4.521409469196461,368143.0562986626,0.04069724166765809,"{""policy_inference_time"": 0.006827669218182564, ""env_step_time"": 0.032919676043093204, ""replay_insert_time"": 0.0005842968821525574, ""logging_time"": 0.00011549517512321472, ""total_train_step_time"": 0.04069724166765809}",0.3324030954390764,0.021427141036838293
rollout_update,117632,3153.3508272217196,4.520378868399867,368143.0562986626,0.04059174098074436,"{""policy_inference_time"": 0.00682317977771163, ""env_step_time"": 0.032832950819283724, ""replay_insert_time"": 0.0005714669823646545, ""logging_time"": 0.00011566886678338051, ""total_train_step_time"": 0.04059174098074436}",0.3324030954390764,0.021427141036838293
rollout_update,117760,3147.0716016333895,4.519346682412423,368143.0562986626,0.040672732051461935,"{""policy_inference_time"": 0.006838479079306126, ""env_step_time"": 0.03289648424834013, ""replay_insert_time"": 0.0005709859542548656, ""logging_time"": 0.00011722790077328682, ""total_train_step_time"": 0.040672732051461935}",0.3324030954390764,0.021427141036838293
rollout_update,117888,105.51840996822382,4.527809941348804,368249.5223403481,1.213058460969478,"{""policy_inference_time"": 0.0068308827467262745, ""env_step_time"": 0.03280252916738391, ""replay_insert_time"": 0.0005661803297698498, ""logging_time"": 0.00011497363448143005, ""total_train_step_time"": 1.213058460969478}",0.33135303761810064,0.021427283994853497
rollout_update,118016,2973.787616719997,4.526723475333995,368249.5223403481,0.0430427510291338,"{""policy_inference_time"": 0.007009405642747879, ""env_step_time"": 0.034396684262901545, ""replay_insert_time"": 0.0012379498220980167, ""logging_time"": 0.0001248382031917572, ""total_train_step_time"": 0.0430427510291338}",0.33135303761810064,0.021427283994853497
rollout_update,118144,3111.2211507422576,4.525685489580271,368249.5223403481,0.04114140197634697,"{""policy_inference_time"": 0.006978187244385481, ""env_step_time"": 0.033206059131771326, ""replay_insert_time"": 0.0005848081782460213, ""logging_time"": 0.00011709518730640411, ""total_train_step_time"": 0.04114140197634697}",0.33135303761810064,0.021427283994853497
rollout_update,118272,3128.315432377046,4.524653647789291,368249.5223403481,0.04091659002006054,"{""policy_inference_time"": 0.006897136569023132, ""env_step_time"": 0.033062093891203403, ""replay_insert_time"": 0.0005836221389472485, ""logging_time"": 0.00011824816465377808, ""total_train_step_time"": 0.04091659002006054}",0.33135303761810064,0.021427283994853497
rollout_update,118400,3137.7409349354302,4.523625373850714,368249.5223403481,0.04079368012025952,"{""policy_inference_time"": 0.006813243962824345, ""env_step_time"": 0.033046009950339794, ""replay_insert_time"": 0.0005725380033254623, ""logging_time"": 0.00011462857946753502, ""total_train_step_time"": 0.04079368012025952}",0.33135303761810064,0.021427283994853497
rollout_update,118528,3151.0144811700175,4.522601895800212,368249.5223403481,0.04062183806672692,"{""policy_inference_time"": 0.006843653041869402, ""env_step_time"": 0.03284314228221774, ""replay_insert_time"": 0.0005674608983099461, ""logging_time"": 0.00011610100045800209, ""total_train_step_time"": 0.04062183806672692}",0.33135303761810064,0.021427283994853497
rollout_update,118656,3156.6085724463205,4.52158069333382,368249.5223403481,0.040549848694354296,"{""policy_inference_time"": 0.00680588698014617, ""env_step_time"": 0.03280621487647295, ""replay_insert_time"": 0.000569458119571209, ""logging_time"": 0.00011498294770717621, ""total_train_step_time"": 0.040549848694354296}",0.33135303761810064,0.021427283994853497
rollout_update,118784,3145.276744741937,4.520556275235971,368249.5223403481,0.040695942007005215,"{""policy_inference_time"": 0.006848933175206184, ""env_step_time"": 0.0329100051894784, ""replay_insert_time"": 0.0005702883936464787, ""logging_time"": 0.00011418620124459267, ""total_train_step_time"": 0.040695942007005215}",0.33135303761810064,0.021427283994853497
rollout_update,118912,105.63907300546413,4.528975882235659,368350.48639075126,1.2116728816181421,"{""policy_inference_time"": 0.006817921996116638, ""env_step_time"": 0.032759941183030605, ""replay_insert_time"": 0.0005793371237814426, ""logging_time"": 0.0001173708587884903, ""total_train_step_time"": 1.2116728816181421}",0.3318047118373215,0.021602051332592964
rollout_update,119040,2980.1425236693453,4.527900442916585,368350.48639075126,0.04295096592977643,"{""policy_inference_time"": 0.0069600678980350494, ""env_step_time"": 0.034382469952106476, ""replay_insert_time"": 0.001216340810060501, ""logging_time"": 0.00012550316751003265, ""total_train_step_time"": 0.04295096592977643}",0.3318047118373215,0.021602051332592964
rollout_update,119168,3089.8961934455215,4.526863687137183,368350.48639075126,0.04142533987760544,"{""policy_inference_time"": 0.007343147415667772, ""env_step_time"": 0.0331145110540092, ""replay_insert_time"": 0.0005928869359195232, ""logging_time"": 0.00011939229443669319, ""total_train_step_time"": 0.04142533987760544}",0.3318047118373215,0.021602051332592964
rollout_update,119296,3142.883346722437,4.5258448731764425,368350.48639075126,0.04072693316265941,"{""policy_inference_time"": 0.006879615131765604, ""env_step_time"": 0.03287726454436779, ""replay_insert_time"": 0.0006004977039992809, ""logging_time"": 0.00011637480929493904, ""total_train_step_time"": 0.04072693316265941}",0.3318047118373215,0.021602051332592964
rollout_update,119424,2546.4451579469464,4.524588060796912,368350.48639075126,0.05026615224778652,"{""policy_inference_time"": 0.006823412142693996, ""env_step_time"": 0.04249427979812026, ""replay_insert_time"": 0.0005802209489047527, ""logging_time"": 0.00011722976341843605, ""total_train_step_time"": 0.05026615224778652}",0.3318047118373215,0.021602051332592964
rollout_update,119552,3112.486676959797,4.523560333245981,368350.48639075126,0.041124674025923014,"{""policy_inference_time"": 0.006887771654874086, ""env_step_time"": 0.03327980497851968, ""replay_insert_time"": 0.000572271179407835, ""logging_time"": 0.00011729402467608452, ""total_train_step_time"": 0.041124674025923014}",0.3318047118373215,0.021602051332592964
rollout_update,119680,3098.9385834015693,4.522528582465502,368350.48639075126,0.04130446491762996,"{""policy_inference_time"": 0.006844401825219393, ""env_step_time"": 0.03352168295532465, ""replay_insert_time"": 0.0005737701430916786, ""logging_time"": 0.00011467933654785156, ""total_train_step_time"": 0.04130446491762996}",0.3318047118373215,0.021602051332592964
rollout_update,119808,3075.6395913736424,4.521489491733379,368350.48639075126,0.04161735996603966,"{""policy_inference_time"": 0.006873409263789654, ""env_step_time"": 0.03380776708945632, ""replay_insert_time"": 0.0005671442486345768, ""logging_time"": 0.00011709192767739296, ""total_train_step_time"": 0.04161735996603966}",0.3318047118373215,0.021602051332592964
rollout_update,119936,105.45067723360881,4.529779349431729,368451.602731256,1.2138376287184656,"{""policy_inference_time"": 0.006850666832178831, ""env_step_time"": 0.033762045204639435, ""replay_insert_time"": 0.0005938578397035599, ""logging_time"": 0.00011546723544597626, ""total_train_step_time"": 1.2138376287184656}",0.33155259396880865,0.02138787927106023
rollout_update,120064,2915.1874739650925,4.528688881328963,368451.602731256,0.04390798229724169,"{""policy_inference_time"": 0.007044611033052206, ""env_step_time"": 0.03524191631004214, ""replay_insert_time"": 0.0012317630462348461, ""logging_time"": 0.00012138485908508301, ""total_train_step_time"": 0.04390798229724169}",0.33155259396880865,0.02138787927106023
rollout_update,120192,3041.37763311503,4.527644150653416,368451.602731256,0.0420861910097301,"{""policy_inference_time"": 0.0071007558144629, ""env_step_time"": 0.03402939112856984, ""replay_insert_time"": 0.0005864687263965607, ""logging_time"": 0.00011928007006645203, ""total_train_step_time"": 0.0420861910097301}",0.33155259396880865,0.02138787927106023
rollout_update,120320,828.9503979633045,4.523815211008159,368451.602731256,0.15441213408485055,"{""policy_inference_time"": 0.00686682527884841, ""env_step_time"": 0.1465926356613636, ""replay_insert_time"": 0.0005814977921545506, ""logging_time"": 0.0001164386048913002, ""total_train_step_time"": 0.15441213408485055}",0.33155259396880865,0.02138787927106023
rollout_update,120448,3046.1449250166456,4.522774358630875,368451.602731256,0.04202032508328557,"{""policy_inference_time"": 0.00789493415504694, ""env_step_time"": 0.033176963683217764, ""replay_insert_time"": 0.0005735759623348713, ""logging_time"": 0.00011748634278774261, ""total_train_step_time"": 0.04202032508328557}",0.33155259396880865,0.02138787927106023
rollout_update,120576,3119.66418302599,4.521758497460979,368451.602731256,0.04103005724027753,"{""policy_inference_time"": 0.006845078896731138, ""env_step_time"": 0.03323955088853836, ""replay_insert_time"": 0.0005771121941506863, ""logging_time"": 0.00011745002120733261, ""total_train_step_time"": 0.04103005724027753}",0.33155259396880865,0.02138787927106023
rollout_update,120704,3126.238761570572,4.520745227484138,368451.602731256,0.04094376973807812,"{""policy_inference_time"": 0.006866052281111479, ""env_step_time"": 0.033139868173748255, ""replay_insert_time"": 0.0005715140141546726, ""logging_time"": 0.00011499971151351929, ""total_train_step_time"": 0.04094376973807812}",0.33155259396880865,0.02138787927106023
rollout_update,120832,3129.239769884829,4.519733382622923,368451.602731256,0.04090450378134847,"{""policy_inference_time"": 0.0068414886482059956, ""env_step_time"": 0.033116180915385485, ""replay_insert_time"": 0.0005724551156163216, ""logging_time"": 0.00011968659237027168, ""total_train_step_time"": 0.04090450378134847}",0.33155259396880865,0.02138787927106023
rollout_update,120960,105.45865527849794,4.527964126573771,368545.5440103523,1.2137458007782698,"{""policy_inference_time"": 0.006807450670748949, ""env_step_time"": 0.0331670711748302, ""replay_insert_time"": 0.0005795620381832123, ""logging_time"": 0.00011571217328310013, ""total_train_step_time"": 1.2137458007782698}",0.3314756485633552,0.02167821815237403
rollout_update,121088,2970.3942431315595,4.5269037622360955,368545.5440103523,0.043091922998428345,"{""policy_inference_time"": 0.0070266276597976685, ""env_step_time"": 0.034441934898495674, ""replay_insert_time"": 0.001211872324347496, ""logging_time"": 0.00012620119377970695, ""total_train_step_time"": 0.043091922998428345}",0.3314756485633552,0.02167821815237403
rollout_update,121216,831.5758423635792,4.523120185961715,368545.5440103523,0.1539246253669262,"{""policy_inference_time"": 0.007077093701809645, ""env_step_time"": 0.14587700925767422, ""replay_insert_time"": 0.0006002471782267094, ""logging_time"": 0.00011553382501006126, ""total_train_step_time"": 0.1539246253669262}",0.3314756485633552,0.02167821815237403
rollout_update,121344,3016.420147070257,4.522078230070902,368545.5440103523,0.04243440693244338,"{""policy_inference_time"": 0.007889698259532452, ""env_step_time"": 0.03357787523418665, ""replay_insert_time"": 0.0005959421396255493, ""logging_time"": 0.00011710124090313911, ""total_train_step_time"": 0.04243440693244338}",0.3314756485633552,0.02167821815237403
rollout_update,121472,836.133821803706,4.518323276694776,368545.5440103523,0.15308554284274578,"{""policy_inference_time"": 0.006827742792665958, ""env_step_time"": 0.14529197290539742, ""replay_insert_time"": 0.0005932552739977837, ""logging_time"": 0.00011946959421038628, ""total_train_step_time"": 0.15308554284274578}",0.3314756485633552,0.02167821815237403
rollout_update,121600,3020.75494616948,4.517285021131012,368545.5440103523,0.04237351333722472,"{""policy_inference_time"": 0.007994394749403, ""env_step_time"": 0.03341424884274602, ""replay_insert_time"": 0.0005826186388731003, ""logging_time"": 0.00012982310727238655, ""total_train_step_time"": 0.04237351333722472}",0.3314756485633552,0.02167821815237403
rollout_update,121728,837.4959713982954,4.513544109698769,368545.5440103523,0.15283655608072877,"{""policy_inference_time"": 0.006912748329341412, ""env_step_time"": 0.14497188897803426, ""replay_insert_time"": 0.0005828021094202995, ""logging_time"": 0.00011638691648840904, ""total_train_step_time"": 0.15283655608072877}",0.3314756485633552,0.02167821815237403
rollout_update,121856,832.8849975647443,4.509788730322196,368545.5440103523,0.1536826817318797,"{""policy_inference_time"": 0.007872872054576874, ""env_step_time"": 0.14487159764394164, ""replay_insert_time"": 0.000573374330997467, ""logging_time"": 0.0001155422069132328, ""total_train_step_time"": 0.1536826817318797}",0.3314756485633552,0.02167821815237403
rollout_update,121984,105.070553808313,4.517888898507682,368622.10615711764,1.2182290409691632,"{""policy_inference_time"": 0.007854125928133726, ""env_step_time"": 0.03313015168532729, ""replay_insert_time"": 0.0005730511620640755, ""logging_time"": 0.00011696293950080872, ""total_train_step_time"": 1.2182290409691632}",0.33198824897408485,0.021488602738827467
rollout_update,122112,2965.5010599902193,4.516840315335277,368622.10615711764,0.043163026217371225,"{""policy_inference_time"": 0.006980809848755598, ""env_step_time"": 0.034571769181638956, ""replay_insert_time"": 0.00121254101395607, ""logging_time"": 0.00012635765597224236, ""total_train_step_time"": 0.043163026217371225}",0.33198824897408485,0.021488602738827467
rollout_update,122240,3085.262104810164,4.515832893827514,368622.10615711764,0.04148756107315421,"{""policy_inference_time"": 0.007087340112775564, ""env_step_time"": 0.03342657536268234, ""replay_insert_time"": 0.0006000450812280178, ""logging_time"": 0.00011744629591703415, ""total_train_step_time"": 0.04148756107315421}",0.33198824897408485,0.021488602738827467
rollout_update,122368,3124.5428405275206,4.514838578143334,368622.10615711764,0.04096599295735359,"{""policy_inference_time"": 0.006893295329064131, ""env_step_time"": 0.03312397329136729, ""replay_insert_time"": 0.0005811289884150028, ""logging_time"": 0.00011662300676107407, ""total_train_step_time"": 0.04096599295735359}",0.33198824897408485,0.021488602738827467
rollout_update,122496,3113.241063948721,4.513841093021405,368622.10615711764,0.04111470887437463,"{""policy_inference_time"": 0.006865715142339468, ""env_step_time"": 0.033283327240496874, ""replay_insert_time"": 0.0005897260271012783, ""logging_time"": 0.00012075807899236679, ""total_train_step_time"": 0.04111470887437463}",0.33198824897408485,0.021488602738827467
rollout_update,122624,836.7613125477984,4.510133732878124,368622.10615711764,0.1529707433655858,"{""policy_inference_time"": 0.0068566701374948025, ""env_step_time"": 0.14517587423324585, ""replay_insert_time"": 0.0005675898864865303, ""logging_time"": 0.00011750170961022377, ""total_train_step_time"": 0.1529707433655858}",0.33198824897408485,0.021488602738827467
rollout_update,122752,775.6160324451957,4.5061409279252596,368622.10615711764,0.16503011109307408,"{""policy_inference_time"": 0.00788041902706027, ""env_step_time"": 0.1561262859031558, ""replay_insert_time"": 0.0006447490304708481, ""logging_time"": 0.0001200428232550621, ""total_train_step_time"": 0.16503011109307408}",0.33198824897408485,0.021488602738827467
rollout_update,122880,2937.2805151393236,4.505087770520088,368622.10615711764,0.043577724136412144,"{""policy_inference_time"": 0.008578263688832521, ""env_step_time"": 0.034029693342745304, ""replay_insert_time"": 0.0005955109372735023, ""logging_time"": 0.00011740438640117645, ""total_train_step_time"": 0.043577724136412144}",0.33198824897408485,0.021488602738827467
rollout_update,123008,104.92741433154863,4.513103107363994,368670.68983012426,1.2198909199796617,"{""policy_inference_time"": 0.007092841900885105, ""env_step_time"": 0.03360063908621669, ""replay_insert_time"": 0.0005861548706889153, ""logging_time"": 0.00011788308620452881, ""total_train_step_time"": 1.2198909199796617}",0.3322530365549028,0.021724741905927658
rollout_update,123136,2917.914742803251,4.512048470438436,368670.68983012426,0.04386694310232997,"{""policy_inference_time"": 0.00721649220213294, ""env_step_time"": 0.0350096900947392, ""replay_insert_time"": 0.001243626233190298, ""logging_time"": 0.0001271488144993782, ""total_train_step_time"": 0.04386694310232997}",0.3322530365549028,0.021724741905927658
rollout_update,123264,3070.1782888714415,4.511046594301773,368670.68983012426,0.04169138986617327,"{""policy_inference_time"": 0.007016664836555719, ""env_step_time"": 0.03359885001555085, ""replay_insert_time"": 0.000696307048201561, ""logging_time"": 0.00012102117761969566, ""total_train_step_time"": 0.04169138986617327}",0.3322530365549028,0.021724741905927658
rollout_update,123392,3099.136339665043,4.510054518214886,368670.68983012426,0.041301829274743795,"{""policy_inference_time"": 0.006934668403118849, ""env_step_time"": 0.03340498171746731, ""replay_insert_time"": 0.0005840808153152466, ""logging_time"": 0.00011756503954529762, ""total_train_step_time"": 0.041301829274743795}",0.3322530365549028,0.021724741905927658
rollout_update,123520,3097.7364471336227,4.509062430358157,368670.68983012426,0.041320493910461664,"{""policy_inference_time"": 0.006907821167260408, ""env_step_time"": 0.033456006087362766, ""replay_insert_time"": 0.0005832337774336338, ""logging_time"": 0.00011942815035581589, ""total_train_step_time"": 0.041320493910461664}",0.3322530365549028,0.021724741905927658
rollout_update,123648,3089.5838323616454,4.508068162733998,368670.68983012426,0.041429528035223484,"{""policy_inference_time"": 0.00700773112475872, ""env_step_time"": 0.033463360741734505, ""replay_insert_time"": 0.0005774302408099174, ""logging_time"": 0.00013063568621873856, ""total_train_step_time"": 0.041429528035223484}",0.3322530365549028,0.021724741905927658
rollout_update,123776,804.6661264383023,4.504254658347749,368670.68983012426,0.159072186332196,"{""policy_inference_time"": 0.007262683939188719, ""env_step_time"": 0.15073138987645507, ""replay_insert_time"": 0.0006927368231117725, ""logging_time"": 0.00012295879423618317, ""total_train_step_time"": 0.159072186332196}",0.3322530365549028,0.021724741905927658
rollout_update,123904,2958.0146498168456,4.503218390116233,368670.68983012426,0.04327226709574461,"{""policy_inference_time"": 0.008095228113234043, ""env_step_time"": 0.034143988974392414, ""replay_insert_time"": 0.000632524024695158, ""logging_time"": 0.00012600095942616463, ""total_train_step_time"": 0.04327226709574461}",0.3322530365549028,0.021724741905927658
rollout_update,124032,104.80325741771433,4.511142242558537,368723.03575068654,1.2213360839523375,"{""policy_inference_time"": 0.007353709079325199, ""env_step_time"": 0.03355425177142024, ""replay_insert_time"": 0.0005982276052236557, ""logging_time"": 0.00011683488264679909, ""total_train_step_time"": 1.2213360839523375}",0.33346196776255965,0.021734408102929592
rollout_update,124160,2937.6316844627822,4.510104169668437,368723.03575068654,0.04357251478359103,"{""policy_inference_time"": 0.0071403817273676395, ""env_step_time"": 0.03481793776154518, ""replay_insert_time"": 0.0012154942378401756, ""logging_time"": 0.00012731878086924553, ""total_train_step_time"": 0.04357251478359103}",0.33346196776255965,0.021734408102929592
rollout_update,124288,3047.6648403526137,4.5091040275384735,368723.03575068654,0.04199936892837286,"{""policy_inference_time"": 0.007110439240932465, ""env_step_time"": 0.033815705217421055, ""replay_insert_time"": 0.0006965342909097672, ""logging_time"": 0.00011963583528995514, ""total_train_step_time"": 0.04199936892837286}",0.33346196776255965,0.021734408102929592
rollout_update,124416,3095.732552258566,4.508119847905982,368723.03575068654,0.04134724102914333,"{""policy_inference_time"": 0.00692433537915349, ""env_step_time"": 0.03348344098776579, ""replay_insert_time"": 0.000575571320950985, ""logging_time"": 0.00011470122262835503, ""total_train_step_time"": 0.04134724102914333}",0.33346196776255965,0.021734408102929592
rollout_update,124544,3096.5903590831854,4.507136370259315,368723.03575068654,0.041335787158459425,"{""policy_inference_time"": 0.006916760001331568, ""env_step_time"": 0.03342163609340787, ""replay_insert_time"": 0.0005885958671569824, ""logging_time"": 0.00011538201943039894, ""total_train_step_time"": 0.041335787158459425}",0.33346196776255965,0.021734408102929592
rollout_update,124672,3109.952501291232,4.5061575444483015,368723.03575068654,0.04115818487480283,"{""policy_inference_time"": 0.006848718039691448, ""env_step_time"": 0.03336054692044854, ""replay_insert_time"": 0.0005778390914201736, ""logging_time"": 0.00011694477871060371, ""total_train_step_time"": 0.04115818487480283}",0.33346196776255965,0.021734408102929592
rollout_update,124800,3092.4833254781242,4.505173617996949,368723.03575068654,0.041390683967620134,"{""policy_inference_time"": 0.006920193787664175, ""env_step_time"": 0.03352228971198201, ""replay_insert_time"": 0.0005800281651318073, ""logging_time"": 0.00011645304039120674, ""total_train_step_time"": 0.041390683967620134}",0.33346196776255965,0.021734408102929592
rollout_update,124928,3086.5713377779043,4.504188237767537,368723.03575068654,0.041469963267445564,"{""policy_inference_time"": 0.007002012804150581, ""env_step_time"": 0.03350519901141524, ""replay_insert_time"": 0.0005889218300580978, ""logging_time"": 0.00011814571917057037, ""total_train_step_time"": 0.041469963267445564}",0.33346196776255965,0.021734408102929592
rollout_update,125056,105.03334887485664,4.512106294814056,368778.3700129686,1.218660562299192,"{""policy_inference_time"": 0.006918258965015411, ""env_step_time"": 0.033528516069054604, ""replay_insert_time"": 0.0005826260894536972, ""logging_time"": 0.000117467250674963, ""total_train_step_time"": 1.218660562299192}",0.3324801316484809,0.02191645698621869
rollout_update,125184,2932.3657193553368,4.5110743701480365,368778.3700129686,0.043650762643665075,"{""policy_inference_time"": 0.007079956121742725, ""env_step_time"": 0.03491880185902119, ""replay_insert_time"": 0.001252839807420969, ""logging_time"": 0.00012855231761932373, ""total_train_step_time"": 0.043650762643665075}",0.3324801316484809,0.02191645698621869
rollout_update,125312,3034.089894736986,4.510077491336907,368778.3700129686,0.042187280021607876,"{""policy_inference_time"": 0.007022221107035875, ""env_step_time"": 0.034188039135187864, ""replay_insert_time"": 0.0006029191426932812, ""logging_time"": 0.00012025795876979828, ""total_train_step_time"": 0.042187280021607876}",0.3324801316484809,0.02191645698621869
rollout_update,125440,3072.529884168721,4.509093516598454,368778.3700129686,0.04165948089212179,"{""policy_inference_time"": 0.007060866802930832, ""env_step_time"": 0.03364913631230593, ""replay_insert_time"": 0.0005785189568996429, ""logging_time"": 0.00011674733832478523, ""total_train_step_time"": 0.04165948089212179}",0.3324801316484809,0.02191645698621869
rollout_update,125568,3070.6240068011803,4.5081093607841884,368778.3700129686,0.041685338132083416,"{""policy_inference_time"": 0.006940762046724558, ""env_step_time"": 0.033792586997151375, ""replay_insert_time"": 0.0005827122367918491, ""logging_time"": 0.00011781696230173111, ""total_train_step_time"": 0.041685338132083416}",0.3324801316484809,0.02191645698621869
rollout_update,125696,3072.4582096617946,4.507126221619359,368778.3700129686,0.0416604527272284,"{""policy_inference_time"": 0.007063046097755432, ""env_step_time"": 0.03365275589749217, ""replay_insert_time"": 0.0005787522532045841, ""logging_time"": 0.00011629797518253326, ""total_train_step_time"": 0.0416604527272284}",0.3324801316484809,0.02191645698621869
rollout_update,125824,3079.3405154015977,4.506145707045224,368778.3700129686,0.04156734189018607,"{""policy_inference_time"": 0.007019946351647377, ""env_step_time"": 0.033589794766157866, ""replay_insert_time"": 0.0005893628112971783, ""logging_time"": 0.00011756317690014839, ""total_train_step_time"": 0.04156734189018607}",0.3324801316484809,0.02191645698621869
rollout_update,125952,3087.4134629931064,4.505168181167108,368778.3700129686,0.04145865188911557,"{""policy_inference_time"": 0.007029608357697725, ""env_step_time"": 0.03348383912816644, ""replay_insert_time"": 0.0005745077505707741, ""logging_time"": 0.00011774525046348572, ""total_train_step_time"": 0.04145865188911557}",0.3324801316484809,0.02191645698621869
rollout_update,126080,104.94338772861448,4.512993247466048,368832.61720430345,1.2197052408009768,"{""policy_inference_time"": 0.006944223772734404, ""env_step_time"": 0.03343365155160427, ""replay_insert_time"": 0.0005806139670312405, ""logging_time"": 0.00011829426512122154, ""total_train_step_time"": 1.2197052408009768}",0.3326441408134997,0.021769471000880003
rollout_update,126208,2885.8169953532406,4.511952726867292,368832.61720430345,0.044354856945574284,"{""policy_inference_time"": 0.007174159400165081, ""env_step_time"": 0.035477252677083015, ""replay_insert_time"": 0.0013023302890360355, ""logging_time"": 0.00012728990986943245, ""total_train_step_time"": 0.044354856945574284}",0.3326441408134997,0.021769471000880003
rollout_update,126336,3049.6134994175313,4.510968534978161,368832.61720430345,0.04197253193706274,"{""policy_inference_time"": 0.0072242082096636295, ""env_step_time"": 0.03377724997699261, ""replay_insert_time"": 0.0006001447327435017, ""logging_time"": 0.0001180390827357769, ""total_train_step_time"": 0.04197253193706274}",0.3326441408134997,0.021769471000880003
rollout_update,126464,3114.026861110546,4.510005117052885,368832.61720430345,0.04110433394089341,"{""policy_inference_time"": 0.0068816919811069965, ""env_step_time"": 0.033268756698817015, ""replay_insert_time"": 0.0005812970921397209, ""logging_time"": 0.00011855876073241234, ""total_train_step_time"": 0.04110433394089341}",0.3326441408134997,0.021769471000880003
rollout_update,126592,3140.6689811148017,4.509050277959413,368832.61720430345,0.04075564816594124,"{""policy_inference_time"": 0.0068765911273658276, ""env_step_time"": 0.03293080301955342, ""replay_insert_time"": 0.0005755582824349403, ""logging_time"": 0.000119777861982584, ""total_train_step_time"": 0.04075564816594124}",0.3326441408134997,0.021769471000880003
rollout_update,126720,3135.2485193713765,4.508094193337869,368832.61720430345,0.04082610970363021,"{""policy_inference_time"": 0.006824539043009281, ""env_step_time"": 0.03305835695937276, ""replay_insert_time"": 0.0005739987827837467, ""logging_time"": 0.00011825002729892731, ""total_train_step_time"": 0.04082610970363021}",0.3326441408134997,0.021769471000880003
rollout_update,126848,3129.075767410594,4.507136629205225,368832.61720430345,0.04090664768591523,"{""policy_inference_time"": 0.006824178155511618, ""env_step_time"": 0.033133857883512974, ""replay_insert_time"": 0.0005764160305261612, ""logging_time"": 0.00011786539107561111, ""total_train_step_time"": 0.04090664768591523}",0.3326441408134997,0.021769471000880003
rollout_update,126976,3144.8869529238827,4.506184282951747,368832.61720430345,0.04070098605006933,"{""policy_inference_time"": 0.006822675932198763, ""env_step_time"": 0.03294019075110555, ""replay_insert_time"": 0.0005678343586623669, ""logging_time"": 0.00011792406439781189, ""total_train_step_time"": 0.04070098605006933}",0.3326441408134997,0.021769471000880003
rollout_update,127104,104.85920686462363,4.513919185558076,368845.89596464566,1.2206844189204276,"{""policy_inference_time"": 0.006817989982664585, ""env_step_time"": 0.03287299536168575, ""replay_insert_time"": 0.0005770409479737282, ""logging_time"": 0.00011589797213673592, ""total_train_step_time"": 1.2206844189204276}",0.33282779483124614,0.02146862307563424
rollout_update,127232,2947.359825011616,4.512908120670555,368845.89596464566,0.04342869808897376,"{""policy_inference_time"": 0.007180497981607914, ""env_step_time"": 0.034570696763694286, ""replay_insert_time"": 0.0012803100980818272, ""logging_time"": 0.0001260587014257908, ""total_train_step_time"": 0.04342869808897376}",0.33282779483124614,0.02146862307563424
rollout_update,127360,3093.324259273007,4.511945186106569,368845.89596464566,0.04137943172827363,"{""policy_inference_time"": 0.00712117925286293, ""env_step_time"": 0.033300511073321104, ""replay_insert_time"": 0.0005861492827534676, ""logging_time"": 0.00011713383719325066, ""total_train_step_time"": 0.04137943172827363}",0.33282779483124614,0.02146862307563424
rollout_update,127488,3130.019194674591,4.510993944199791,368845.89596464566,0.0408943179063499,"{""policy_inference_time"": 0.006860896944999695, ""env_step_time"": 0.033076211810112, ""replay_insert_time"": 0.000572429969906807, ""logging_time"": 0.00011867797002196312, ""total_train_step_time"": 0.0408943179063499}",0.33282779483124614,0.02146862307563424
rollout_update,127616,3142.925211462462,4.510047006990091,368845.89596464566,0.04072639066725969,"{""policy_inference_time"": 0.006818876601755619, ""env_step_time"": 0.03295985236763954, ""replay_insert_time"": 0.0005834689363837242, ""logging_time"": 0.00011591985821723938, ""total_train_step_time"": 0.04072639066725969}",0.33282779483124614,0.02146862307563424
rollout_update,127744,3146.7791671375576,4.509101626267465,368845.89596464566,0.04067651182413101,"{""policy_inference_time"": 0.0068411570973694324, ""env_step_time"": 0.032895191106945276, ""replay_insert_time"": 0.0005748411640524864, ""logging_time"": 0.00011777924373745918, ""total_train_step_time"": 0.04067651182413101}",0.33282779483124614,0.02146862307563424
rollout_update,127872,3152.329838048624,4.508158305391866,368845.89596464566,0.04060488799586892,"{""policy_inference_time"": 0.006825326010584831, ""env_step_time"": 0.03284682705998421, ""replay_insert_time"": 0.0005684071220457554, ""logging_time"": 0.00011510821059346199, ""total_train_step_time"": 0.04060488799586892}",0.33282779483124614,0.02146862307563424
rollout_update,128000,3146.8872070127304,4.507213748650068,368845.89596464566,0.040675115305930376,"{""policy_inference_time"": 0.00682101771235466, ""env_step_time"": 0.03291661012917757, ""replay_insert_time"": 0.0005694287829101086, ""logging_time"": 0.00011701695621013641, ""total_train_step_time"": 0.040675115305930376}",0.33282779483124614,0.02146862307563424
rollout_update,128128,104.85079368182753,4.5148802043056975,368931.4492422977,1.2207823661155999,"{""policy_inference_time"": 0.00682266429066658, ""env_step_time"": 0.0329470899887383, ""replay_insert_time"": 0.0005675330758094788, ""logging_time"": 0.00011705607175827026, ""total_train_step_time"": 1.2207823661155999}",0.3319677342660725,0.021554075181484222
rollout_update,128256,2905.391465309533,4.5138622430227935,368931.4492422977,0.044056025333702564,"{""policy_inference_time"": 0.007119387853890657, ""env_step_time"": 0.03533256705850363, ""replay_insert_time"": 0.0012034149840474129, ""logging_time"": 0.00012331828474998474, ""total_train_step_time"": 0.044056025333702564}",0.3319677342660725,0.021554075181484222
rollout_update,128384,3099.750138750059,4.512908526014047,368931.4492422977,0.04129365086555481,"{""policy_inference_time"": 0.007078493945300579, ""env_step_time"": 0.03325671469792724, ""replay_insert_time"": 0.0005891486071050167, ""logging_time"": 0.00011480692774057388, ""total_train_step_time"": 0.04129365086555481}",0.3319677342660725,0.021554075181484222
rollout_update,128512,3136.465243209355,4.511966368990899,368931.4492422977,0.040810272097587585,"{""policy_inference_time"": 0.006906535942107439, ""env_step_time"": 0.03296155296266079, ""replay_insert_time"": 0.0005741086788475513, ""logging_time"": 0.0001163780689239502, ""total_train_step_time"": 0.040810272097587585}",0.3319677342660725,0.021554075181484222
rollout_update,128640,3147.4437352820273,4.511027889523603,368931.4492422977,0.04066792316734791,"{""policy_inference_time"": 0.006815606728196144, ""env_step_time"": 0.032914828043431044, ""replay_insert_time"": 0.0005707447417080402, ""logging_time"": 0.00011655408889055252, ""total_train_step_time"": 0.04066792316734791}",0.3319677342660725,0.021554075181484222
rollout_update,128768,3140.835600765082,4.510087827105183,368931.4492422977,0.04075348610058427,"{""policy_inference_time"": 0.006816521752625704, ""env_step_time"": 0.03299895394593477, ""replay_insert_time"": 0.0005707056261599064, ""logging_time"": 0.00011748122051358223, ""total_train_step_time"": 0.04075348610058427}",0.3319677342660725,0.021554075181484222
rollout_update,128896,3144.144305701183,4.50914914505432,368931.4492422977,0.0407105996273458,"{""policy_inference_time"": 0.006842011120170355, ""env_step_time"": 0.032922635320574045, ""replay_insert_time"": 0.0005807811394333839, ""logging_time"": 0.00011457502841949463, ""total_train_step_time"": 0.0407105996273458}",0.3319677342660725,0.021554075181484222
rollout_update,129024,3117.897296012245,4.5082029566117585,368931.4492422977,0.04105330863967538,"{""policy_inference_time"": 0.006837144028395414, ""env_step_time"": 0.03305760910734534, ""replay_insert_time"": 0.0006189290434122086, ""logging_time"": 0.0001835091970860958, ""total_train_step_time"": 0.04105330863967538}",0.3319677342660725,0.021554075181484222
rollout_update,129152,105.58884618050625,4.516000216188771,369020.0014165122,1.2122492538765073,"{""policy_inference_time"": 0.007149084936827421, ""env_step_time"": 0.03289232403039932, ""replay_insert_time"": 0.0005638669244945049, ""logging_time"": 0.00011413032189011574, ""total_train_step_time"": 1.2122492538765073}",0.3311698054894805,0.021529140882194042
rollout_update,129280,2934.318523875386,4.514999726456883,369020.0014165122,0.04362171282991767,"{""policy_inference_time"": 0.007046662736684084, ""env_step_time"": 0.03501556208357215, ""replay_insert_time"": 0.001167959999293089, ""logging_time"": 0.00012276927009224892, ""total_train_step_time"": 0.04362171282991767}",0.3311698054894805,0.021529140882194042
rollout_update,129408,3090.1240616914333,4.51405009215077,369020.0014165122,0.0414222851395607,"{""policy_inference_time"": 0.007138339802622795, ""env_step_time"": 0.033326081931591034, ""replay_insert_time"": 0.0005870372988283634, ""logging_time"": 0.0001168237067759037, ""total_train_step_time"": 0.0414222851395607}",0.3311698054894805,0.021529140882194042
rollout_update,129536,3135.8404681035036,4.513114692953466,369020.0014165122,0.040818403009325266,"{""policy_inference_time"": 0.006860808935016394, ""env_step_time"": 0.0330106089822948, ""replay_insert_time"": 0.0005735605955123901, ""logging_time"": 0.0001240009441971779, ""total_train_step_time"": 0.040818403009325266}",0.3311698054894805,0.021529140882194042
rollout_update,129664,3143.1446871937183,4.512181853726009,369020.0014165122,0.040723546873778105,"{""policy_inference_time"": 0.006812199950218201, ""env_step_time"": 0.03296609362587333, ""replay_insert_time"": 0.0005756872706115246, ""logging_time"": 0.00011771218851208687, ""total_train_step_time"": 0.040723546873778105}",0.3311698054894805,0.021529140882194042
rollout_update,129792,3054.6812662754865,4.51122240197442,369020.0014165122,0.04190289881080389,"{""policy_inference_time"": 0.006793485023081303, ""env_step_time"": 0.034119405783712864, ""replay_insert_time"": 0.000601516105234623, ""logging_time"": 0.00011839205399155617, ""total_train_step_time"": 0.04190289881080389}",0.3311698054894805,0.021529140882194042
rollout_update,129920,3074.083676304621,4.510269409993352,369020.0014165122,0.04163842415437102,"{""policy_inference_time"": 0.007309111766517162, ""env_step_time"": 0.03334818407893181, ""replay_insert_time"": 0.0006014499813318253, ""logging_time"": 0.00011790823191404343, ""total_train_step_time"": 0.04163842415437102}",0.3311698054894805,0.021529140882194042
rollout_update,130048,3095.6625453468237,4.5093234593669695,369020.0014165122,0.04134817607700825,"{""policy_inference_time"": 0.007004391402006149, ""env_step_time"": 0.0333968298509717, ""replay_insert_time"": 0.0005798893980681896, ""logging_time"": 0.00011643907055258751, ""total_train_step_time"": 0.04134817607700825}",0.3311698054894805,0.021529140882194042
rollout_update,130176,105.36009790226221,4.516994827950324,369097.0602407542,1.2148811793886125,"{""policy_inference_time"": 0.006907683797180653, ""env_step_time"": 0.03333423985168338, ""replay_insert_time"": 0.0005725380033254623, ""logging_time"": 0.00011487724259495735, ""total_train_step_time"": 1.2148811793886125}",0.3318966771475971,0.021490302868187428
rollout_update,130304,2950.1041161789212,4.516007028411877,369097.0602407542,0.04338829917833209,"{""policy_inference_time"": 0.007090475410223007, ""env_step_time"": 0.03468269482254982, ""replay_insert_time"": 0.0012195101007819176, ""logging_time"": 0.0001260661520063877, ""total_train_step_time"": 0.04338829917833209}",0.3318966771475971,0.021490302868187428
rollout_update,130432,3083.220636737917,4.515062281001062,369097.0602407542,0.04151503089815378,"{""policy_inference_time"": 0.007107930723577738, ""env_step_time"": 0.033441571053117514, ""replay_insert_time"": 0.0005941260606050491, ""logging_time"": 0.00011773919686675072, ""total_train_step_time"": 0.04151503089815378}",0.3318966771475971,0.021490302868187428
rollout_update,130560,3117.010538066021,4.514128163905964,369097.0602407542,0.041064987890422344,"{""policy_inference_time"": 0.006901317276060581, ""env_step_time"": 0.03320075012743473, ""replay_insert_time"": 0.0005907332524657249, ""logging_time"": 0.00011802138760685921, ""total_train_step_time"": 0.041064987890422344}",0.3318966771475971,0.021490302868187428
rollout_update,130688,3114.705053372081,4.513193742249799,369097.0602407542,0.04109538393095136,"{""policy_inference_time"": 0.006913627032190561, ""env_step_time"": 0.03321383520960808, ""replay_insert_time"": 0.0005953209474682808, ""logging_time"": 0.00011743186041712761, ""total_train_step_time"": 0.04109538393095136}",0.3318966771475971,0.021490302868187428
rollout_update,130816,3119.3568899302913,4.512261099983257,369097.0602407542,0.04103409918025136,"{""policy_inference_time"": 0.006878779735416174, ""env_step_time"": 0.03321052994579077, ""replay_insert_time"": 0.000577273778617382, ""logging_time"": 0.00011594407260417938, ""total_train_step_time"": 0.04103409918025136}",0.3318966771475971,0.021490302868187428
rollout_update,130944,3112.829666199248,4.511326888670173,369097.0602407542,0.04112014267593622,"{""policy_inference_time"": 0.006877865642309189, ""env_step_time"": 0.03329145582392812, ""replay_insert_time"": 0.0005794260650873184, ""logging_time"": 0.00011952314525842667, ""total_train_step_time"": 0.04112014267593622}",0.3318966771475971,0.021490302868187428
rollout_update,131072,3125.136331461068,4.510396740718815,369097.0602407542,0.04095821315422654,"{""policy_inference_time"": 0.006856703199446201, ""env_step_time"": 0.03314943239092827, ""replay_insert_time"": 0.0005803960375487804, ""logging_time"": 0.00011849496513605118, ""total_train_step_time"": 0.04095821315422654}",0.3318966771475971,0.021490302868187428
