phase,env_steps,env_steps_per_second,train_updates_per_second,samples_per_second,total_train_step_time,component_seconds,latest_update_seconds,latest_sample_seconds
warmup_unmeasured,128,182.50996353864966,0.0,0.0,0.7013315740041435,,,
warmup_unmeasured,256,3646.88771285476,0.0,0.0,0.035098420921713114,,,
warmup_unmeasured,384,3823.2545126583263,0.0,0.0,0.033479330129921436,,,
warmup_unmeasured,512,3826.781133474529,0.0,0.0,0.03344847681000829,,,
warmup_unmeasured,640,3856.1897780564072,0.0,0.0,0.03319338709115982,,,
warmup_unmeasured,768,3621.911595458804,0.0,0.0,0.03534045396372676,,,
warmup_unmeasured,896,3776.20862942228,0.0,0.0,0.033896432258188725,,,
warmup_unmeasured,1024,3842.833497052503,0.0,0.0,0.0333087551407516,,,
warmup_unmeasured,1152,3265.243130479232,0.0,0.0,0.03920075623318553,,,
warmup_unmeasured,1280,3577.7833495895416,0.0,0.0,0.035776341799646616,,,
warmup_unmeasured,1408,3778.462147378191,0.0,0.0,0.033876216039061546,,,
warmup_unmeasured,1536,3806.137503607571,0.0,0.0,0.03362989379093051,,,
warmup_unmeasured,1664,3802.494420252067,0.0,0.0,0.03366211382672191,,,
warmup_unmeasured,1792,3802.9958829572065,0.0,0.0,0.03365767514333129,,,
warmup_unmeasured,1920,3810.9581095041567,0.0,0.0,0.033587354235351086,,,
warmup_unmeasured,2048,3689.3721361564244,0.0,0.0,0.03469425020739436,,,
warmup_unmeasured,2176,3732.141772610851,0.0,0.0,0.03429666068404913,,,
warmup_unmeasured,2304,3680.3138774663316,0.0,0.0,0.03477964224293828,,,
warmup_unmeasured,2432,3743.3377048246252,0.0,0.0,0.03419408295303583,,,
warmup_unmeasured,2560,3731.124030087683,0.0,0.0,0.03430601581931114,,,
warmup_unmeasured,2688,3706.6351127061366,0.0,0.0,0.03453266806900501,,,
warmup_unmeasured,2816,3720.1957202725534,0.0,0.0,0.034406791906803846,,,
warmup_unmeasured,2944,3681.992715632024,0.0,0.0,0.034763784147799015,,,
warmup_unmeasured,3072,3717.998625704275,0.0,0.0,0.034427124075591564,,,
warmup_unmeasured,3200,3441.8284299822553,0.0,0.0,0.037189535330981016,,,
warmup_unmeasured,3328,3712.193415824928,0.0,0.0,0.034480961970984936,,,
warmup_unmeasured,3456,3714.700089455924,0.0,0.0,0.03445769427344203,,,
warmup_unmeasured,3584,3693.3472812716723,0.0,0.0,0.034656908828765154,,,
warmup_unmeasured,3712,3715.4059415886645,0.0,0.0,0.03445114800706506,,,
warmup_unmeasured,3840,3405.5053761629115,0.0,0.0,0.037586198188364506,,,
warmup_unmeasured,3968,3704.0206629007757,0.0,0.0,0.03455704264342785,,,
warmup_unmeasured,4096,3784.564489715029,0.0,0.0,0.033821593038737774,,,
warmup_unmeasured,4224,3775.2296591815702,0.0,0.0,0.033905222080647945,,,
warmup_unmeasured,4352,3795.297100433345,0.0,0.0,0.03372594993561506,,,
warmup_unmeasured,4480,3608.131880534642,0.0,0.0,0.03547542169690132,,,
warmup_unmeasured,4608,3787.4975960271536,0.0,0.0,0.033795400988310575,,,
warmup_unmeasured,4736,3832.5177405038917,0.0,0.0,0.03339841030538082,,,
warmup_unmeasured,4864,3813.9450389795975,0.0,0.0,0.033561049960553646,,,
warmup_unmeasured,4992,3815.9645851134906,0.0,0.0,0.03354328824207187,,,
warmup_unmeasured,5120,3575.794741574795,0.0,0.0,0.035796238109469414,,,
warmup_unmeasured,5248,3776.8788393516784,0.0,0.0,0.03389041731134057,,,
warmup_unmeasured,5376,3803.1209009690797,0.0,0.0,0.033656568732112646,,,
warmup_unmeasured,5504,3751.56756467269,0.0,0.0,0.03411907097324729,,,
warmup_unmeasured,5632,3609.5057433637894,0.0,0.0,0.03546191891655326,,,
warmup_unmeasured,5760,3720.6510829467325,0.0,0.0,0.03440258093178272,,,
warmup_unmeasured,5888,3617.337984339655,0.0,0.0,0.03538513695821166,,,
warmup_unmeasured,6016,3551.4478312398264,0.0,0.0,0.03604163881391287,,,
warmup_unmeasured,6144,3770.580525730581,0.0,0.0,0.033947027288377285,,,
warmup_unmeasured,6272,3647.2214502836464,0.0,0.0,0.03509520925581455,,,
warmup_unmeasured,6400,3779.72852333182,0.0,0.0,0.03386486601084471,,,
warmup_unmeasured,6528,3824.6262886593277,0.0,0.0,0.03346732212230563,,,
warmup_unmeasured,6656,3780.014970612456,0.0,0.0,0.033862299751490355,,,
warmup_unmeasured,6784,3780.6116022610618,0.0,0.0,0.03385695582255721,,,
warmup_unmeasured,6912,3390.7899082623244,0.0,0.0,0.037749316077679396,,,
warmup_unmeasured,7040,3519.3587515645536,0.0,0.0,0.036370262037962675,,,
warmup_unmeasured,7168,3789.2447977338024,0.0,0.0,0.03377981809899211,,,
warmup_unmeasured,7296,3814.3378418942707,0.0,0.0,0.03355759382247925,,,
warmup_unmeasured,7424,3831.5840253064894,0.0,0.0,0.033406549133360386,,,
warmup_unmeasured,7552,3823.0676034570265,0.0,0.0,0.03348096692934632,,,
warmup_unmeasured,7680,3764.8818187366533,0.0,0.0,0.033998411148786545,,,
warmup_unmeasured,7808,3792.2526032512715,0.0,0.0,0.03375302581116557,,,
warmup_unmeasured,7936,3352.596357863212,0.0,0.0,0.0381793649867177,,,
warmup_unmeasured,8064,3823.3523082823817,0.0,0.0,0.03347847377881408,,,
warmup_unmeasured,8192,3821.220817393271,0.0,0.0,0.03349714819341898,,,
warmup_unmeasured,8320,3832.742823340778,0.0,0.0,0.03339644894003868,,,
warmup_unmeasured,8448,3825.6176843307503,0.0,0.0,0.033458649180829525,,,
warmup_unmeasured,8576,3821.060664957194,0.0,0.0,0.03349855216220021,,,
warmup_unmeasured,8704,3838.467689904636,0.0,0.0,0.033346639946103096,,,
warmup_unmeasured,8832,3848.325901701349,0.0,0.0,0.03326121624559164,,,
warmup_unmeasured,8960,3855.9128729876784,0.0,0.0,0.03319577081128955,,,
warmup_unmeasured,9088,3844.6382677937663,0.0,0.0,0.03329311916604638,,,
warmup_unmeasured,9216,3819.1078325554663,0.0,0.0,0.03351568104699254,,,
warmup_unmeasured,9344,3847.804442472996,0.0,0.0,0.03326572384685278,,,
warmup_unmeasured,9472,3830.9734940970043,0.0,0.0,0.033411873038858175,,,
warmup_unmeasured,9600,3854.997405822796,0.0,0.0,0.03320365399122238,,,
warmup_unmeasured,9728,3818.51675977382,0.0,0.0,0.033520868979394436,,,
warmup_unmeasured,9856,3812.1258219681526,0.0,0.0,0.03357706591486931,,,
warmup_unmeasured,9984,3831.596416303779,0.0,0.0,0.03340644109994173,,,
warmup_unmeasured,10112,3858.4910504588856,0.0,0.0,0.03317358996719122,,,
warmup_unmeasured,10240,3822.8990552118694,0.0,0.0,0.03348244307562709,,,
warmup_unmeasured,10368,3828.0117666023066,0.0,0.0,0.03343772375956178,,,
warmup_unmeasured,10496,3845.5043293800263,0.0,0.0,0.03328562108799815,,,
warmup_unmeasured,10624,3865.8144728797083,0.0,0.0,0.03311074571684003,,,
warmup_unmeasured,10752,3817.467540467124,0.0,0.0,0.03353008208796382,,,
warmup_unmeasured,10880,3800.1960243630256,0.0,0.0,0.03368247300386429,,,
warmup_unmeasured,11008,3836.556252301386,0.0,0.0,0.03336325380951166,,,
warmup_unmeasured,11136,3818.08268373253,0.0,0.0,0.03352467995136976,,,
warmup_unmeasured,11264,3836.4913532156693,0.0,0.0,0.03336381819099188,,,
warmup_unmeasured,11392,3828.2970483644003,0.0,0.0,0.03343523200601339,,,
warmup_unmeasured,11520,3814.911367226181,0.0,0.0,0.033552548848092556,,,
warmup_unmeasured,11648,3829.071324644074,0.0,0.0,0.03342847106978297,,,
warmup_unmeasured,11776,3841.0764182159182,0.0,0.0,0.0333239920437336,,,
warmup_unmeasured,11904,3838.9546665832427,0.0,0.0,0.03334240987896919,,,
warmup_unmeasured,12032,3825.3083137227036,0.0,0.0,0.03346135513857007,,,
warmup_unmeasured,12160,3844.7937342812716,0.0,0.0,0.033291772939264774,,,
warmup_unmeasured,12288,3822.684217623198,0.0,0.0,0.0334843248128891,,,
warmup_unmeasured,12416,3842.183607846266,0.0,0.0,0.03331438917666674,,,
warmup_unmeasured,12544,3830.1092681031555,0.0,0.0,0.03341941209509969,,,
warmup_unmeasured,12672,3800.5422276874788,0.0,0.0,0.03367940476164222,,,
warmup_unmeasured,12800,3766.5116980484286,0.0,0.0,0.033983699046075344,,,
warmup_unmeasured,12928,3813.484596196242,0.0,0.0,0.0335651021450758,,,
warmup_unmeasured,13056,3841.1702431129365,0.0,0.0,0.03332317806780338,,,
warmup_unmeasured,13184,3815.460385189538,0.0,0.0,0.03354772087186575,,,
warmup_unmeasured,13312,3813.4701529385484,0.0,0.0,0.03356522927060723,,,
warmup_unmeasured,13440,3814.804049712904,0.0,0.0,0.03355349274352193,,,
warmup_unmeasured,13568,3854.428357882528,0.0,0.0,0.03320855600759387,,,
warmup_unmeasured,13696,3856.6813703389366,0.0,0.0,0.03318915609270334,,,
warmup_unmeasured,13824,3840.8820735566655,0.0,0.0,0.03332567820325494,,,
warmup_unmeasured,13952,3843.8594038426245,0.0,0.0,0.03329986520111561,,,
warmup_unmeasured,14080,3836.1413001380283,0.0,0.0,0.033366862684488297,,,
warmup_unmeasured,14208,3831.886933382136,0.0,0.0,0.033403908368200064,,,
warmup_unmeasured,14336,3844.6200385449592,0.0,0.0,0.03329327702522278,,,
warmup_unmeasured,14464,3825.539844508881,0.0,0.0,0.03345932997763157,,,
warmup_unmeasured,14592,3692.198919107521,0.0,0.0,0.03466768795624375,,,
warmup_unmeasured,14720,3138.268865103463,0.0,0.0,0.04078681766986847,,,
warmup_unmeasured,14848,3797.441047677313,0.0,0.0,0.03370690904557705,,,
warmup_unmeasured,14976,3835.175318070276,0.0,0.0,0.03337526693940163,,,
warmup_unmeasured,15104,3837.4591234686886,0.0,0.0,0.033355404157191515,,,
warmup_unmeasured,15232,3830.1592213826734,0.0,0.0,0.03341897623613477,,,
warmup_unmeasured,15360,3841.1203779373745,0.0,0.0,0.03332361066713929,,,
warmup_unmeasured,15488,3851.268328431737,0.0,0.0,0.03323580417782068,,,
warmup_unmeasured,15616,3795.8572606500306,0.0,0.0,0.03372097294777632,,,
warmup_unmeasured,15744,3589.6194662805847,0.0,0.0,0.035658375825732946,,,
warmup_unmeasured,15872,3795.629413562643,0.0,0.0,0.033722997177392244,,,
warmup_unmeasured,16000,3787.0436730415076,0.0,0.0,0.033799451775848866,,,
warmup_unmeasured,16128,3803.6158446049476,0.0,0.0,0.03365218918770552,,,
warmup_unmeasured,16256,3816.2122580980867,0.0,0.0,0.0335411112755537,,,
warmup_unmeasured,16384,3821.1569672838746,0.0,0.0,0.033497707918286324,,,
warmup_unmeasured,16512,3809.794386015664,0.0,0.0,0.03359761368483305,,,
warmup_unmeasured,16640,3277.7165453553725,0.0,0.0,0.03905157698318362,,,
warmup_unmeasured,16768,3784.843696992095,0.0,0.0,0.03381909802556038,,,
warmup_unmeasured,16896,3821.0053716616303,0.0,0.0,0.0334990369156003,,,
warmup_unmeasured,17024,3835.214808462015,0.0,0.0,0.033374923281371593,,,
warmup_unmeasured,17152,3833.911038778406,0.0,0.0,0.033386272843927145,,,
warmup_unmeasured,17280,3827.7735401301134,0.0,0.0,0.033439804799854755,,,
warmup_unmeasured,17408,3229.6247545760816,0.0,0.0,0.03963308734819293,,,
warmup_unmeasured,17536,3794.3136562457616,0.0,0.0,0.033734691329300404,,,
warmup_unmeasured,17664,3844.3200604869658,0.0,0.0,0.03329587494954467,,,
warmup_unmeasured,17792,3839.960049806427,0.0,0.0,0.033333680126816034,,,
warmup_unmeasured,17920,3860.7199143511416,0.0,0.0,0.03315443824976683,,,
warmup_unmeasured,18048,3841.7106306147257,0.0,0.0,0.03331849072128534,,,
warmup_unmeasured,18176,3854.898363080563,0.0,0.0,0.03320450708270073,,,
warmup_unmeasured,18304,3874.9998934818022,0.0,0.0,0.0330322589725256,,,
warmup_unmeasured,18432,3833.530714585719,0.0,0.0,0.033389585092663765,,,
warmup_unmeasured,18560,3676.5258436602994,0.0,0.0,0.03481547674164176,,,
warmup_unmeasured,18688,3748.0087283126895,0.0,0.0,0.034151467960327864,,,
warmup_unmeasured,18816,3143.9490705652665,0.0,0.0,0.040713127702474594,,,
warmup_unmeasured,18944,3811.1523967468693,0.0,0.0,0.033585641998797655,,,
warmup_unmeasured,19072,3843.010040177852,0.0,0.0,0.03330722497776151,,,
warmup_unmeasured,19200,3802.954685640264,0.0,0.0,0.03365803975611925,,,
warmup_unmeasured,19328,3711.2108238028623,0.0,0.0,0.034490091260522604,,,
warmup_unmeasured,19456,3835.580534548479,0.0,0.0,0.03337174095213413,,,
warmup_unmeasured,19584,3831.7269539203166,0.0,0.0,0.03340530302375555,,,
warmup_unmeasured,19712,3843.886172557403,0.0,0.0,0.03329963330179453,,,
warmup_unmeasured,19840,3864.8514775815956,0.0,0.0,0.03311899583786726,,,
warmup_unmeasured,19968,3848.115954270517,0.0,0.0,0.03326303092762828,,,
warmup_unmeasured,20096,3769.0661405802994,0.0,0.0,0.033960666973143816,,,
warmup_unmeasured,20224,3850.617902859187,0.0,0.0,0.033241418190300465,,,
warmup_unmeasured,20352,3859.806282587461,0.0,0.0,0.033162286039441824,,,
warmup_unmeasured,20480,3806.1360279452933,0.0,0.0,0.033629906829446554,,,
warmup_unmeasured,20608,3824.91111924517,0.0,0.0,0.03346482990309596,,,
warmup_unmeasured,20736,3839.572732311214,0.0,0.0,0.033337042666971684,,,
warmup_unmeasured,20864,3763.4985554000364,0.0,0.0,0.03401090716943145,,,
warmup_unmeasured,20992,3867.05935377778,0.0,0.0,0.033100086729973555,,,
warmup_unmeasured,21120,3872.449858577302,0.0,0.0,0.033054010942578316,,,
warmup_unmeasured,21248,3849.658904487244,0.0,0.0,0.03324969904497266,,,
warmup_unmeasured,21376,3859.3590301657932,0.0,0.0,0.033166129142045975,,,
warmup_unmeasured,21504,3745.80827458728,0.0,0.0,0.03417153004556894,,,
warmup_unmeasured,21632,3762.1837615204067,0.0,0.0,0.03402279317378998,,,
warmup_unmeasured,21760,3716.919722982441,0.0,0.0,0.03443711716681719,,,
warmup_unmeasured,21888,3684.292330610227,0.0,0.0,0.034742085728794336,,,
warmup_unmeasured,22016,3691.374055348928,0.0,0.0,0.034675434697419405,,,
warmup_unmeasured,22144,3707.4379589697273,0.0,0.0,0.03452519001439214,,,
warmup_unmeasured,22272,3560.410679608796,0.0,0.0,0.03595090890303254,,,
warmup_unmeasured,22400,3754.4388565963895,0.0,0.0,0.034092977643013,,,
warmup_unmeasured,22528,3802.7477128832784,0.0,0.0,0.03365987166762352,,,
warmup_unmeasured,22656,3824.2489747503873,0.0,0.0,0.03347062412649393,,,
warmup_unmeasured,22784,3833.597010574884,0.0,0.0,0.0333890076726675,,,
warmup_unmeasured,22912,3846.49678343213,0.0,0.0,0.033277032896876335,,,
warmup_unmeasured,23040,3824.3899732101445,0.0,0.0,0.033469390124082565,,,
warmup_unmeasured,23168,3833.804093378555,0.0,0.0,0.03338720416650176,,,
warmup_unmeasured,23296,3836.462866851645,0.0,0.0,0.033364065922796726,,,
warmup_unmeasured,23424,3808.1323799353063,0.0,0.0,0.03361227689310908,,,
warmup_unmeasured,23552,3816.4531277312776,0.0,0.0,0.0335389943793416,,,
warmup_unmeasured,23680,3800.6718665622175,0.0,0.0,0.03367825597524643,,,
warmup_unmeasured,23808,3663.7781753091485,0.0,0.0,0.03493661293759942,,,
warmup_unmeasured,23936,3722.282047426172,0.0,0.0,0.034387507010251284,,,
warmup_unmeasured,24064,3747.6763724288844,0.0,0.0,0.03415449662134051,,,
warmup_unmeasured,24192,3735.153770989032,0.0,0.0,0.03426900412887335,,,
warmup_unmeasured,24320,3740.3684838571417,0.0,0.0,0.034221227280795574,,,
warmup_unmeasured,24448,3627.6979931621963,0.0,0.0,0.03528408380225301,,,
warmup_unmeasured,24576,3752.614934966898,0.0,0.0,0.034109548199921846,,,
warmup_unmeasured,24704,3759.6808545001186,0.0,0.0,0.034045442938804626,,,
warmup_unmeasured,24832,3766.2995388727945,0.0,0.0,0.033985613379627466,,,
warmup_unmeasured,24960,3785.0711370210042,0.0,0.0,0.03381706587970257,,,
warmup_unmeasured,25088,3773.66967753014,0.0,0.0,0.03391923801973462,,,
warmup_unmeasured,25216,3760.722058441858,0.0,0.0,0.03403601702302694,,,
warmup_unmeasured,25344,3779.411563962745,0.0,0.0,0.033867706079036,,,
warmup_unmeasured,25472,3780.0868101455785,0.0,0.0,0.033861656207591295,,,
warmup_unmeasured,25600,3800.1042955191965,0.0,0.0,0.03368328604847193,,,
warmup_unmeasured,25728,3789.1808625996414,0.0,0.0,0.033780388068407774,,,
warmup_unmeasured,25856,3808.8499116446233,0.0,0.0,0.03360594483092427,,,
warmup_unmeasured,25984,3791.704594609026,0.0,0.0,0.03375790407881141,,,
warmup_unmeasured,26112,3774.48068218216,0.0,0.0,0.03391194995492697,,,
warmup_unmeasured,26240,3781.37170170891,0.0,0.0,0.03385015018284321,,,
warmup_unmeasured,26368,3771.8063771374323,0.0,0.0,0.0339359943754971,,,
warmup_unmeasured,26496,3785.7511706024816,0.0,0.0,0.03381099132820964,,,
warmup_unmeasured,26624,3801.6541407469435,0.0,0.0,0.03366955416277051,,,
warmup_unmeasured,26752,3820.436862442892,0.0,0.0,0.03350402181968093,,,
warmup_unmeasured,26880,3789.7215063452536,0.0,0.0,0.033775568939745426,,,
warmup_unmeasured,27008,3764.9938232702166,0.0,0.0,0.03399739973247051,,,
warmup_unmeasured,27136,3785.2949033923774,0.0,0.0,0.033815066795796156,,,
warmup_unmeasured,27264,3788.2811417741386,0.0,0.0,0.0337884109467268,,,
warmup_unmeasured,27392,3724.8731851657803,0.0,0.0,0.034363585989922285,,,
warmup_unmeasured,27520,3763.7278691752845,0.0,0.0,0.03400883497670293,,,
warmup_unmeasured,27648,3774.2528547329707,0.0,0.0,0.03391399700194597,,,
warmup_unmeasured,27776,3793.8211303782205,0.0,0.0,0.03373907087370753,,,
warmup_unmeasured,27904,3749.907106885212,0.0,0.0,0.0341341788880527,,,
warmup_unmeasured,28032,3799.2665422496916,0.0,0.0,0.033690713346004486,,,
warmup_unmeasured,28160,3790.358419451526,0.0,0.0,0.03376989345997572,,,
warmup_unmeasured,28288,3776.740232652707,0.0,0.0,0.03389166109263897,,,
warmup_unmeasured,28416,3802.950897426046,0.0,0.0,0.03365807328373194,,,
warmup_unmeasured,28544,3765.1882484358284,0.0,0.0,0.03399564418941736,,,
warmup_unmeasured,28672,3829.2370035886415,0.0,0.0,0.033427024725824594,,,
warmup_unmeasured,28800,3803.037712563867,0.0,0.0,0.03365730494260788,,,
warmup_unmeasured,28928,3806.0612976876437,0.0,0.0,0.03363056713715196,,,
warmup_unmeasured,29056,3816.867541274013,0.0,0.0,0.033535352908074856,,,
warmup_unmeasured,29184,3814.482186331075,0.0,0.0,0.03355632396414876,,,
warmup_unmeasured,29312,3780.24437804701,0.0,0.0,0.033860244788229465,,,
warmup_unmeasured,29440,3812.9097014877343,0.0,0.0,0.03357016295194626,,,
warmup_unmeasured,29568,3825.8518085492324,0.0,0.0,0.03345660166814923,,,
warmup_unmeasured,29696,3773.052757762527,0.0,0.0,0.033924784045666456,,,
warmup_unmeasured,29824,3719.90688989165,0.0,0.0,0.03440946340560913,,,
warmup_unmeasured,29952,3795.720612012136,0.0,0.0,0.03372218692675233,,,
warmup_unmeasured,30080,3509.8635724743185,0.0,0.0,0.036468653939664364,,,
warmup_unmeasured,30208,3805.798763729027,0.0,0.0,0.033632887061685324,,,
warmup_unmeasured,30336,3778.150801072894,0.0,0.0,0.033879007678478956,,,
warmup_unmeasured,30464,3214.8808544013255,0.0,0.0,0.03981485031545162,,,
warmup_unmeasured,30592,3637.274088222273,0.0,0.0,0.03519118903204799,,,
warmup_unmeasured,30720,2804.1457495231193,0.0,0.0,0.04564670007675886,,,
warmup_unmeasured,30848,3786.6076462726096,0.0,0.0,0.033803343772888184,,,
warmup_unmeasured,30976,3835.6915398440096,0.0,0.0,0.033370775170624256,,,
warmup_unmeasured,31104,3278.901346688246,0.0,0.0,0.039037466049194336,,,
warmup_unmeasured,31232,3666.3711185178026,0.0,0.0,0.03491190494969487,,,
warmup_unmeasured,31360,3714.716956886319,0.0,0.0,0.034457537811249495,,,
warmup_unmeasured,31488,3078.3273403856697,0.0,0.0,0.04158102301880717,,,
warmup_unmeasured,31616,3646.3756363795064,0.0,0.0,0.035103349946439266,,,
warmup_unmeasured,31744,3626.581426014656,0.0,0.0,0.03529494721442461,,,
warmup_unmeasured,31872,3352.7361684034827,0.0,0.0,0.038177772890776396,,,
warmup_unmeasured,32000,3778.403249913395,0.0,0.0,0.03387674409896135,,,
warmup_unmeasured,32128,2914.6323466660083,0.0,0.0,0.04391634510830045,,,
warmup_unmeasured,32256,3762.382634325734,0.0,0.0,0.034020994789898396,,,
warmup_unmeasured,32384,3844.1639334151837,0.0,0.0,0.03329722722992301,,,
warmup_unmeasured,32512,3226.393372791066,0.0,0.0,0.039672781713306904,,,
warmup_unmeasured,32640,3702.8796715382778,0.0,0.0,0.034567690920084715,,,
warmup_unmeasured,32768,3679.448115845993,0.0,0.0,0.034787825774401426,,,
rollout_update,128,116.25697839497072,6.357803505974961,174487.6934283143,1.1010091761127114,"{""policy_inference_time"": 0.06579587375745177, ""env_step_time"": 0.03438836336135864, ""replay_insert_time"": 0.0008252551779150963, ""logging_time"": 0.00016712304204702377, ""total_train_step_time"": 1.1010091761127114}",0.19370750105008483,0.022987779695540667
rollout_update,256,3015.6591768377007,6.121801330885223,174487.6934283143,0.04244511481374502,"{""policy_inference_time"": 0.007174108177423477, ""env_step_time"": 0.033440866973251104, ""replay_insert_time"": 0.0013306350447237492, ""logging_time"": 0.00022425595670938492, ""total_train_step_time"": 0.04244511481374502}",0.19370750105008483,0.022987779695540667
rollout_update,384,3155.8103798158304,5.912090279280163,174487.6934283143,0.04056010488420725,"{""policy_inference_time"": 0.00707011204212904, ""env_step_time"": 0.03249363973736763, ""replay_insert_time"": 0.0006253570318222046, ""logging_time"": 0.00011778436601161957, ""total_train_step_time"": 0.04056010488420725}",0.19370750105008483,0.022987779695540667
rollout_update,512,3176.6822689935593,5.717515494770392,174487.6934283143,0.040293611120432615,"{""policy_inference_time"": 0.00707055302336812, ""env_step_time"": 0.032254128251224756, ""replay_insert_time"": 0.0006026616320014, ""logging_time"": 0.00011437106877565384, ""total_train_step_time"": 0.040293611120432615}",0.19370750105008483,0.022987779695540667
rollout_update,640,155.51005289770058,6.8379210313402705,183507.62629796547,0.8230979130603373,"{""policy_inference_time"": 0.006814091932028532, ""env_step_time"": 0.03218639129772782, ""replay_insert_time"": 0.0005887593142688274, ""logging_time"": 0.00011489586904644966, ""total_train_step_time"": 0.8230979130603373}",0.19318742770701647,0.021993602626025677
rollout_update,768,2599.862236367299,6.677352663381434,183507.62629796547,0.049233377911150455,"{""policy_inference_time"": 0.0071336268447339535, ""env_step_time"": 0.04007973801344633, ""replay_insert_time"": 0.0015965597704052925, ""logging_time"": 0.00012596603482961655, ""total_train_step_time"": 0.049233377911150455}",0.19318742770701647,0.021993602626025677
rollout_update,896,2802.4717089866263,6.534991978152037,183507.62629796547,0.045673966873437166,"{""policy_inference_time"": 0.008169557899236679, ""env_step_time"": 0.03636563988402486, ""replay_insert_time"": 0.0006982972845435143, ""logging_time"": 0.0001522870734333992, ""total_train_step_time"": 0.045673966873437166}",0.19318742770701647,0.021993602626025677
rollout_update,1024,2885.7969692623014,6.402433862846522,183507.62629796547,0.044355164747685194,"{""policy_inference_time"": 0.007885792292654514, ""env_step_time"": 0.035441760905086994, ""replay_insert_time"": 0.000644925981760025, ""logging_time"": 0.00012173177674412727, ""total_train_step_time"": 0.044355164747685194}",0.19318742770701647,0.021993602626025677
rollout_update,1152,155.1940565363798,6.9734027846459234,187279.71647795755,0.8247738531790674,"{""policy_inference_time"": 0.007239066995680332, ""env_step_time"": 0.03326080506667495, ""replay_insert_time"": 0.0006168261170387268, ""logging_time"": 0.00012045679613947868, ""total_train_step_time"": 0.8247738531790674}",0.19260983262211084,0.02211076207458973
rollout_update,1280,3004.288914592251,6.87611973842647,187279.71647795755,0.04260575585067272,"{""policy_inference_time"": 0.007183885667473078, ""env_step_time"": 0.03365325974300504, ""replay_insert_time"": 0.001372351311147213, ""logging_time"": 0.00012657884508371353, ""total_train_step_time"": 0.04260575585067272}",0.19260983262211084,0.02211076207458973
rollout_update,1408,3141.473928710719,6.785590618072795,187279.71647795755,0.040745205245912075,"{""policy_inference_time"": 0.007131264079362154, ""env_step_time"": 0.03263526223599911, ""replay_insert_time"": 0.0006094933487474918, ""logging_time"": 0.00011688563972711563, ""total_train_step_time"": 0.040745205245912075}",0.19260983262211084,0.02211076207458973
rollout_update,1536,2990.53626391727,6.693024579889721,187279.71647795755,0.042801687959581614,"{""policy_inference_time"": 0.006902941036969423, ""env_step_time"": 0.034914427902549505, ""replay_insert_time"": 0.0006113010458648205, ""logging_time"": 0.00011816201731562614, ""total_train_step_time"": 0.042801687959581614}",0.19260983262211084,0.02211076207458973
rollout_update,1664,153.87405993446092,7.053884548229335,187926.36333443076,0.8318491112440825,"{""policy_inference_time"": 0.007036447990685701, ""env_step_time"": 0.032939053140580654, ""replay_insert_time"": 0.0006316443905234337, ""logging_time"": 0.00011876318603754044, ""total_train_step_time"": 0.8318491112440825}",0.19781909510493279,0.022021290846168995
rollout_update,1792,2911.328588626657,6.9766105223355215,187926.36333443076,0.043966181110590696,"{""policy_inference_time"": 0.007103086914867163, ""env_step_time"": 0.034979717805981636, ""replay_insert_time"": 0.0014757830649614334, ""logging_time"": 0.00012993067502975464, ""total_train_step_time"": 0.043966181110590696}",0.19781909510493279,0.022021290846168995
rollout_update,1920,3110.1883345392835,6.905795815397568,187926.36333443076,0.04115506401285529,"{""policy_inference_time"": 0.0073816170915961266, ""env_step_time"": 0.03278521681204438, ""replay_insert_time"": 0.0006167949177324772, ""logging_time"": 0.00011771032586693764, ""total_train_step_time"": 0.04115506401285529}",0.19781909510493279,0.022021290846168995
rollout_update,2048,3175.357005918664,6.837814366293716,187926.36333443076,0.04031042801216245,"{""policy_inference_time"": 0.006975760217756033, ""env_step_time"": 0.032363804057240486, ""replay_insert_time"": 0.0006065927445888519, ""logging_time"": 0.00011667702347040176, ""total_train_step_time"": 0.04031042801216245}",0.19781909510493279,0.022021290846168995
rollout_update,2176,155.05009395936327,7.113220614383854,189069.0077968658,0.8255396480672061,"{""policy_inference_time"": 0.006906198803335428, ""env_step_time"": 0.03233902994543314, ""replay_insert_time"": 0.0006099487654864788, ""logging_time"": 0.00011513195931911469, ""total_train_step_time"": 0.8255396480672061}",0.1945548178628087,0.02209181897342205
rollout_update,2304,2988.5562901113967,7.05183748037189,189069.0077968658,0.042830044869333506,"{""policy_inference_time"": 0.00726718083024025, ""env_step_time"": 0.03376201866194606, ""replay_insert_time"": 0.0014111422933638096, ""logging_time"": 0.00012422259896993637, ""total_train_step_time"": 0.042830044869333506}",0.1945548178628087,0.02209181897342205
rollout_update,2432,3141.2514554482573,6.994413561854461,189069.0077968658,0.04074809094890952,"{""policy_inference_time"": 0.007182419765740633, ""env_step_time"": 0.03257197001948953, ""replay_insert_time"": 0.0006213472224771976, ""logging_time"": 0.00011885492131114006, ""total_train_step_time"": 0.04074809094890952}",0.1945548178628087,0.02209181897342205
rollout_update,2560,3175.3529709755303,6.938519197873866,189069.0077968658,0.04031047923490405,"{""policy_inference_time"": 0.006930685136467218, ""env_step_time"": 0.03238009801134467, ""replay_insert_time"": 0.0006144861690700054, ""logging_time"": 0.00011735688894987106, ""total_train_step_time"": 0.04031047923490405}",0.1945548178628087,0.02209181897342205
rollout_update,2688,154.94821914366554,7.154554595952933,189785.688047878,0.8260824210010469,"{""policy_inference_time"": 0.0069290087558329105, ""env_step_time"": 0.0323439440689981, ""replay_insert_time"": 0.0006196806207299232, ""logging_time"": 0.00011973688378930092, ""total_train_step_time"": 0.8260824210010469}",0.19516313821077347,0.0223910897038877
rollout_update,2816,2868.383280491463,7.10057870193283,189785.688047878,0.04462444083765149,"{""policy_inference_time"": 0.007224592845886946, ""env_step_time"": 0.03552383603528142, ""replay_insert_time"": 0.0014677341096103191, ""logging_time"": 0.00012987619265913963, ""total_train_step_time"": 0.04462444083765149}",0.19516313821077347,0.0223910897038877
rollout_update,2944,3038.4831882544577,7.05036649841735,189785.688047878,0.04212628211826086,"{""policy_inference_time"": 0.00740854674950242, ""env_step_time"": 0.033651839941740036, ""replay_insert_time"": 0.0006889039650559425, ""logging_time"": 0.00011896900832653046, ""total_train_step_time"": 0.04212628211826086}",0.19516313821077347,0.0223910897038877
rollout_update,3072,3128.5431273261306,7.002274881170164,189785.688047878,0.040913612116128206,"{""policy_inference_time"": 0.00720492098480463, ""env_step_time"": 0.03272580821067095, ""replay_insert_time"": 0.0006121690385043621, ""logging_time"": 0.00011775223538279533, ""total_train_step_time"": 0.040913612116128206}",0.19516313821077347,0.0223910897038877
rollout_update,3200,155.19781847840693,7.181797354529476,190436.51428435947,0.8247538609430194,"{""policy_inference_time"": 0.006979550700634718, ""env_step_time"": 0.032532352954149246, ""replay_insert_time"": 0.0006312956102192402, ""logging_time"": 0.00011848798021674156, ""total_train_step_time"": 0.8247538609430194}",0.1941669243387878,0.021990933921188116
rollout_update,3328,2920.921380296754,7.135964191394669,190436.51428435947,0.04382178885862231,"{""policy_inference_time"": 0.00732087017968297, ""env_step_time"": 0.03452408313751221, ""replay_insert_time"": 0.0015684440732002258, ""logging_time"": 0.00012992508709430695, ""total_train_step_time"": 0.04382178885862231}",0.1941669243387878,0.021990933921188116
rollout_update,3456,3044.475688727325,7.092537605396922,190436.51428435947,0.04204336414113641,"{""policy_inference_time"": 0.0075838142074644566, ""env_step_time"": 0.03344272403046489, ""replay_insert_time"": 0.0006386907771229744, ""logging_time"": 0.00011975737288594246, ""total_train_step_time"": 0.04204336414113641}",0.1941669243387878,0.021990933921188116
rollout_update,3584,3010.711447046913,7.049158193505403,190436.51428435947,0.042514868080616,"{""policy_inference_time"": 0.007403999101370573, ""env_step_time"": 0.03407459706068039, ""replay_insert_time"": 0.0006495099514722824, ""logging_time"": 0.00012575695291161537, ""total_train_step_time"": 0.042514868080616}",0.1941669243387878,0.021990933921188116
rollout_update,3712,150.10988104243071,7.175905384067958,189521.32543822244,0.8527086898684502,"{""policy_inference_time"": 0.007257126271724701, ""env_step_time"": 0.033369171898812056, ""replay_insert_time"": 0.0006587090902030468, ""logging_time"": 0.000123519916087389, ""total_train_step_time"": 0.8527086898684502}",0.19720851350575686,0.023078949190676212
rollout_update,3840,2754.5845215943314,7.133429646779476,189521.32543822244,0.046467987820506096,"{""policy_inference_time"": 0.008011319674551487, ""env_step_time"": 0.03656642837449908, ""replay_insert_time"": 0.0014889659360051155, ""logging_time"": 0.0001300238072872162, ""total_train_step_time"": 0.046467987820506096}",0.19720851350575686,0.023078949190676212
rollout_update,3968,3055.006336330107,7.095559684966072,189521.32543822244,0.04189844010397792,"{""policy_inference_time"": 0.007518734782934189, ""env_step_time"": 0.03337993798777461, ""replay_insert_time"": 0.0006269998848438263, ""logging_time"": 0.00012037577107548714, ""total_train_step_time"": 0.04189844010397792}",0.19720851350575686,0.023078949190676212
rollout_update,4096,3116.908745746506,7.0588299973079565,189521.32543822244,0.04106632899492979,"{""policy_inference_time"": 0.007072729058563709, ""env_step_time"": 0.03298403788357973, ""replay_insert_time"": 0.0006349338218569756, ""logging_time"": 0.00011803722009062767, ""total_train_step_time"": 0.04106632899492979}",0.19720851350575686,0.023078949190676212
rollout_update,4224,152.31319797626395,7.1805511886985816,189422.953768512,0.8403736623004079,"{""policy_inference_time"": 0.007268291898071766, ""env_step_time"": 0.03362909983843565, ""replay_insert_time"": 0.0007142331451177597, ""logging_time"": 0.00018646521493792534, ""total_train_step_time"": 0.8403736623004079}",0.19699985953047872,0.022908465936779976
rollout_update,4352,2919.9178178793404,7.144852698068178,189422.953768512,0.043836850207298994,"{""policy_inference_time"": 0.008190889842808247, ""env_step_time"": 0.03378387773409486, ""replay_insert_time"": 0.0014683417975902557, ""logging_time"": 0.00012802332639694214, ""total_train_step_time"": 0.043836850207298994}",0.19699985953047872,0.022908465936779976
rollout_update,4480,3145.4946413124685,7.112030522671901,189422.953768512,0.040693122893571854,"{""policy_inference_time"": 0.0070554958656430244, ""env_step_time"": 0.03262869315221906, ""replay_insert_time"": 0.0006242711097002029, ""logging_time"": 0.00012054899707436562, ""total_train_step_time"": 0.040693122893571854}",0.19699985953047872,0.022908465936779976
rollout_update,4608,3146.1791566950965,7.079515570185127,189422.953768512,0.04068426927551627,"{""policy_inference_time"": 0.006956207100301981, ""env_step_time"": 0.032721264753490686, ""replay_insert_time"": 0.0006346460431814194, ""logging_time"": 0.00011815130710601807, ""total_train_step_time"": 0.04068426927551627}",0.19699985953047872,0.022908465936779976
rollout_update,4736,153.26181053465007,7.191224625431906,189793.1061433251,0.8351721772924066,"{""policy_inference_time"": 0.0069694542326033115, ""env_step_time"": 0.03238498326390982, ""replay_insert_time"": 0.0006139879114925861, ""logging_time"": 0.00011645304039120674, ""total_train_step_time"": 0.8351721772924066}",0.20501599460840225,0.022055267821997404
rollout_update,4864,2990.4891857003918,7.159742073723416,189793.1061433251,0.04280236177146435,"{""policy_inference_time"": 0.007092662155628204, ""env_step_time"": 0.03382102632895112, ""replay_insert_time"": 0.0014969417825341225, ""logging_time"": 0.00012479815632104874, ""total_train_step_time"": 0.04280236177146435}",0.20501599460840225,0.022055267821997404
rollout_update,4992,3046.742672701542,7.129107720994157,189793.1061433251,0.042012081015855074,"{""policy_inference_time"": 0.007145530078560114, ""env_step_time"": 0.03386394074186683, ""replay_insert_time"": 0.0006294418126344681, ""logging_time"": 0.00011721579357981682, ""total_train_step_time"": 0.042012081015855074}",0.20501599460840225,0.022055267821997404
rollout_update,5120,3103.5027977238487,7.0992875771353505,189793.1061433251,0.04124371986836195,"{""policy_inference_time"": 0.007108990103006363, ""env_step_time"": 0.03314022393897176, ""replay_insert_time"": 0.000625228974968195, ""logging_time"": 0.00011696293950080872, ""total_train_step_time"": 0.04124371986836195}",0.20501599460840225,0.022055267821997404
rollout_update,5248,153.28317902240732,7.1994913211424105,189964.75000404488,0.8350557498633862,"{""policy_inference_time"": 0.007008647080510855, ""env_step_time"": 0.03276962414383888, ""replay_insert_time"": 0.0006179651245474815, ""logging_time"": 0.00011656899005174637, ""total_train_step_time"": 0.8350557498633862}",0.1951261693611741,0.02198811387643218
rollout_update,5376,2925.518070847098,7.170158957819467,189964.75000404488,0.04375293431803584,"{""policy_inference_time"": 0.007172893267124891, ""env_step_time"": 0.03468732675537467, ""replay_insert_time"": 0.0014892001636326313, ""logging_time"": 0.00012680469080805779, ""total_train_step_time"": 0.04375293431803584}",0.1951261693611741,0.02198811387643218
rollout_update,5504,829.8496127762648,7.068631393419771,189964.75000404488,0.15424481499940157,"{""policy_inference_time"": 0.007315539289265871, ""env_step_time"": 0.14589115092530847, ""replay_insert_time"": 0.0006539570167660713, ""logging_time"": 0.00012249592691659927, ""total_train_step_time"": 0.15424481499940157}",0.1951261693611741,0.02198811387643218
rollout_update,5632,2929.424709955918,7.040391111684353,189964.75000404488,0.04369458602741361,"{""policy_inference_time"": 0.008641519118100405, ""env_step_time"": 0.03405016800388694, ""replay_insert_time"": 0.0006253779865801334, ""logging_time"": 0.00012072408571839333, ""total_train_step_time"": 0.04369458602741361}",0.1951261693611741,0.02198811387643218
rollout_update,5760,154.1030553327357,7.138301384923054,190128.46625030052,0.8306129928678274,"{""policy_inference_time"": 0.0071556661278009415, ""env_step_time"": 0.034481863025575876, ""replay_insert_time"": 0.0006278012879192829, ""logging_time"": 0.00012193107977509499, ""total_train_step_time"": 0.8306129928678274}",0.19561406038701534,0.021984582766890526
rollout_update,5888,2918.31232466888,7.111793630382523,190128.46625030052,0.04386096680536866,"{""policy_inference_time"": 0.007238464895635843, ""env_step_time"": 0.0347913708537817, ""replay_insert_time"": 0.0014363210648298264, ""logging_time"": 0.00012416159734129906, ""total_train_step_time"": 0.04386096680536866}",0.19561406038701534,0.021984582766890526
rollout_update,6016,3033.722217485061,7.086479410570765,190128.46625030052,0.042192392982542515,"{""policy_inference_time"": 0.007433384191244841, ""env_step_time"": 0.03374684788286686, ""replay_insert_time"": 0.0006277309730648994, ""logging_time"": 0.00013107294216752052, ""total_train_step_time"": 0.042192392982542515}",0.19561406038701534,0.021984582766890526
rollout_update,6144,3026.2162838098134,7.06128264213423,190128.46625030052,0.04229704290628433,"{""policy_inference_time"": 0.007271619979292154, ""env_step_time"": 0.034024020191282034, ""replay_insert_time"": 0.0006302148103713989, ""logging_time"": 0.00011594360694289207, ""total_train_step_time"": 0.04229704290628433}",0.19561406038701534,0.021984582766890526
rollout_update,6272,153.8494653078618,7.14968251850459,190295.8149580467,0.8319820920005441,"{""policy_inference_time"": 0.007149540353566408, ""env_step_time"": 0.03354329615831375, ""replay_insert_time"": 0.0006270287558436394, ""logging_time"": 0.00012597301974892616, ""total_train_step_time"": 0.8319820920005441}",0.19638928771018982,0.022130572237074375
rollout_update,6400,2910.584146911752,7.125063885294618,190295.8149580467,0.04397742636501789,"{""policy_inference_time"": 0.007192350924015045, ""env_step_time"": 0.03487641317769885, ""replay_insert_time"": 0.0015087798237800598, ""logging_time"": 0.0001278049312531948, ""total_train_step_time"": 0.04397742636501789}",0.19638928771018982,0.022130572237074375
rollout_update,6528,363.08960638246856,6.933679163637158,190295.8149580467,0.35253005800768733,"{""policy_inference_time"": 0.007688692770898342, ""env_step_time"": 0.34377783304080367, ""replay_insert_time"": 0.0006790780462324619, ""logging_time"": 0.00012390129268169403, ""total_train_step_time"": 0.35253005800768733}",0.19638928771018982,0.022130572237074375
rollout_update,6656,2932.9215831755546,6.910698961586823,190295.8149580467,0.043642489705234766,"{""policy_inference_time"": 0.008679362945258617, ""env_step_time"": 0.03396607516333461, ""replay_insert_time"": 0.000622469000518322, ""logging_time"": 0.00011900626122951508, ""total_train_step_time"": 0.043642489705234766}",0.19638928771018982,0.022130572237074375
rollout_update,6784,152.73547854657954,6.9969822682862,190411.8392047578,0.8380502108484507,"{""policy_inference_time"": 0.00813359534367919, ""env_step_time"": 0.03416732605546713, ""replay_insert_time"": 0.000673959031701088, ""logging_time"": 0.0001277620904147625, ""total_train_step_time"": 0.8380502108484507}",0.19679637672379613,0.022049943916499615
rollout_update,6912,2820.4728087902804,6.9743838213109415,190411.8392047578,0.04538246197625995,"{""policy_inference_time"": 0.0072583481669425964, ""env_step_time"": 0.03632616903632879, ""replay_insert_time"": 0.0013915370218455791, ""logging_time"": 0.00012967782095074654, ""total_train_step_time"": 0.04538246197625995}",0.19679637672379613,0.022049943916499615
rollout_update,7040,2985.298573497969,6.953166790259824,190411.8392047578,0.04287678329274058,"{""policy_inference_time"": 0.007438547909259796, ""env_step_time"": 0.034350579138845205, ""replay_insert_time"": 0.0007103560492396355, ""logging_time"": 0.00011962791904807091, ""total_train_step_time"": 0.04287678329274058}",0.19679637672379613,0.022049943916499615
rollout_update,7168,365.95587895395255,6.784793027780128,190411.8392047578,0.349768940359354,"{""policy_inference_time"": 0.007550027221441269, ""env_step_time"": 0.34112153574824333, ""replay_insert_time"": 0.0007113302126526833, ""logging_time"": 0.00012757908552885056, ""total_train_step_time"": 0.349768940359354}",0.19679637672379613,0.022049943916499615
rollout_update,7296,153.11086629859253,6.871699963606828,190336.70052073617,0.8359955311752856,"{""policy_inference_time"": 0.008855447173118591, ""env_step_time"": 0.03429151698946953, ""replay_insert_time"": 0.0006330730393528938, ""logging_time"": 0.00012087495997548103, ""total_train_step_time"": 0.8359955311752856}",0.1957190348766744,0.02187878219410777
rollout_update,7424,2970.728525210214,6.852377470034665,190336.70052073617,0.04308707406744361,"{""policy_inference_time"": 0.007318003103137016, ""env_step_time"": 0.03396407887339592, ""replay_insert_time"": 0.0013947710394859314, ""logging_time"": 0.00012633716687560081, ""total_train_step_time"": 0.04308707406744361}",0.1957190348766744,0.02187878219410777
rollout_update,7552,3124.583188068512,6.834106919812202,190336.70052073617,0.04096546396613121,"{""policy_inference_time"": 0.007257509045302868, ""env_step_time"": 0.03271153522655368, ""replay_insert_time"": 0.0006287926807999611, ""logging_time"": 0.00011646002531051636, ""total_train_step_time"": 0.04096546396613121}",0.1957190348766744,0.02187878219410777
rollout_update,7680,3094.413482307302,6.815756830494248,190336.70052073617,0.04136486630886793,"{""policy_inference_time"": 0.0069663687609136105, ""env_step_time"": 0.03336053714156151, ""replay_insert_time"": 0.0006574587896466255, ""logging_time"": 0.0001240083947777748, ""total_train_step_time"": 0.04136486630886793}",0.1957190348766744,0.02187878219410777
rollout_update,7808,154.39400875822747,6.898876738416755,190571.38447814606,0.829047713894397,"{""policy_inference_time"": 0.007534643169492483, ""env_step_time"": 0.03288700897246599, ""replay_insert_time"": 0.0006282920949161053, ""logging_time"": 0.0001180511899292469, ""total_train_step_time"": 0.829047713894397}",0.1957850158214569,0.022124280221760273
rollout_update,7936,2883.3051192240746,6.880063127743024,190571.38447814606,0.04439349798485637,"{""policy_inference_time"": 0.007382914889603853, ""env_step_time"": 0.035136446356773376, ""replay_insert_time"": 0.001467420719563961, ""logging_time"": 0.00013079913333058357, ""total_train_step_time"": 0.04439349798485637}",0.1957850158214569,0.022124280221760273
rollout_update,8064,3069.2095491866517,6.862482310178706,190571.38447814606,0.0417045489884913,"{""policy_inference_time"": 0.007440518122166395, ""env_step_time"": 0.03325398592278361, ""replay_insert_time"": 0.0006356020458042622, ""logging_time"": 0.00012035295367240906, ""total_train_step_time"": 0.0417045489884913}",0.1957850158214569,0.022124280221760273
rollout_update,8192,2827.1032293626527,6.843497353002362,190571.38447814606,0.045276026241481304,"{""policy_inference_time"": 0.007032916881144047, ""env_step_time"": 0.03723599901422858, ""replay_insert_time"": 0.0006289160810410976, ""logging_time"": 0.00012054666876792908, ""total_train_step_time"": 0.045276026241481304}",0.1957850158214569,0.022124280221760273
rollout_update,8320,148.5732368744372,6.907589074540843,190297.0119865177,0.8615279756486416,"{""policy_inference_time"": 0.0071839382871985435, ""env_step_time"": 0.0336587349884212, ""replay_insert_time"": 0.0006245221011340618, ""logging_time"": 0.00011975783854722977, ""total_train_step_time"": 0.8615279756486416}",0.20344553049653769,0.021857723128050566
rollout_update,8448,2909.157950836952,6.889991982035172,190297.0119865177,0.04399898601695895,"{""policy_inference_time"": 0.007596640381962061, ""env_step_time"": 0.03458959795534611, ""replay_insert_time"": 0.0014132899232208729, ""logging_time"": 0.00012784916907548904, ""total_train_step_time"": 0.04399898601695895}",0.20344553049653769,0.021857723128050566
rollout_update,8576,809.8865310041792,6.827514975958854,190297.0119865177,0.1580468313768506,"{""policy_inference_time"": 0.007228388916701078, ""env_step_time"": 0.14976477483287454, ""replay_insert_time"": 0.0006698830984532833, ""logging_time"": 0.00012366799637675285, ""total_train_step_time"": 0.1580468313768506}",0.20344553049653769,0.021857723128050566
rollout_update,8704,2746.096764503336,6.80930486416659,190297.0119865177,0.046611613128334284,"{""policy_inference_time"": 0.010360566899180412, ""env_step_time"": 0.03522598184645176, ""replay_insert_time"": 0.0006491676904261112, ""logging_time"": 0.00011823233217000961, ""total_train_step_time"": 0.046611613128334284}",0.20344553049653769,0.021857723128050566
rollout_update,8832,155.41488418130095,6.885363170984718,190555.54184836478,0.8236019392497838,"{""policy_inference_time"": 0.007283554412424564, ""env_step_time"": 0.032434252090752125, ""replay_insert_time"": 0.0006175111047923565, ""logging_time"": 0.00011933036148548126, ""total_train_step_time"": 0.8236019392497838}",0.19483157759532332,0.02182016894221306
rollout_update,8960,2604.7093646420367,6.866922820483913,190555.54184836478,0.04914175905287266,"{""policy_inference_time"": 0.007270778063684702, ""env_step_time"": 0.03989070001989603, ""replay_insert_time"": 0.0015698033384978771, ""logging_time"": 0.00013391626998782158, ""total_train_step_time"": 0.04914175905287266}",0.19483157759532332,0.02182016894221306
rollout_update,9088,3044.642813305053,6.851225212309736,190555.54184836478,0.04204105632379651,"{""policy_inference_time"": 0.007616817019879818, ""env_step_time"": 0.033428607042878866, ""replay_insert_time"": 0.0006187739782035351, ""logging_time"": 0.00011787516996264458, ""total_train_step_time"": 0.04204105632379651}",0.19483157759532332,0.02182016894221306
rollout_update,9216,3035.595755929175,6.835552745089472,190555.54184836478,0.04216635227203369,"{""policy_inference_time"": 0.007097288966178894, ""env_step_time"": 0.03409616881981492, ""replay_insert_time"": 0.0006037070415914059, ""logging_time"": 0.0001162877306342125, ""total_train_step_time"": 0.04216635227203369}",0.19483157759532332,0.02182016894221306
rollout_update,9344,154.42714998419518,6.90481986306369,190734.01017121781,0.8288697940297425,"{""policy_inference_time"": 0.008132392074912786, ""env_step_time"": 0.034023476764559746, ""replay_insert_time"": 0.000613718293607235, ""logging_time"": 0.00011844700202345848, ""total_train_step_time"": 0.8288697940297425}",0.1946495552547276,0.02195461606606841
rollout_update,9472,2964.777840412111,6.889378041058149,190734.01017121781,0.04317355528473854,"{""policy_inference_time"": 0.00722781615331769, ""env_step_time"": 0.0341627411544323, ""replay_insert_time"": 0.0013929367996752262, ""logging_time"": 0.00012327870354056358, ""total_train_step_time"": 0.04317355528473854}",0.1946495552547276,0.02195461606606841
rollout_update,9600,3046.513154956827,6.874416678756874,190734.01017121781,0.042015246115624905,"{""policy_inference_time"": 0.007773618679493666, ""env_step_time"": 0.0332042770460248, ""replay_insert_time"": 0.0006312639452517033, ""logging_time"": 0.00012299371883273125, ""total_train_step_time"": 0.042015246115624905}",0.1946495552547276,0.02195461606606841
rollout_update,9728,3142.3724352210274,6.859973626894743,190734.01017121781,0.04073355486616492,"{""policy_inference_time"": 0.007173167075961828, ""env_step_time"": 0.032565888017416, ""replay_insert_time"": 0.0006251269951462746, ""logging_time"": 0.0001163780689239502, ""total_train_step_time"": 0.04073355486616492}",0.1946495552547276,0.02195461606606841
rollout_update,9856,155.22504478400595,6.926427885395363,190938.37727199422,0.8246092000044882,"{""policy_inference_time"": 0.006949263159185648, ""env_step_time"": 0.032550943084061146, ""replay_insert_time"": 0.0006139562465250492, ""logging_time"": 0.00011943187564611435, ""total_train_step_time"": 0.8246092000044882}",0.19457804458215833,0.021917279809713364
rollout_update,9984,2962.548224564029,6.911653555794,190938.37727199422,0.04320604773238301,"{""policy_inference_time"": 0.007090720348060131, ""env_step_time"": 0.034307979978621006, ""replay_insert_time"": 0.0014076153747737408, ""logging_time"": 0.00012567173689603806, ""total_train_step_time"": 0.04320604773238301}",0.19457804458215833,0.021917279809713364
rollout_update,10112,2787.766315899817,6.896021857714741,190938.37727199422,0.045914895832538605,"{""policy_inference_time"": 0.010199606884270906, ""env_step_time"": 0.03469191491603851, ""replay_insert_time"": 0.0006342190317809582, ""logging_time"": 0.00012107426300644875, ""total_train_step_time"": 0.045914895832538605}",0.19457804458215833,0.021917279809713364
rollout_update,10240,3140.6199998073657,6.882205524167685,190938.37727199422,0.04075628379359841,"{""policy_inference_time"": 0.00732749979943037, ""env_step_time"": 0.032438105903565884, ""replay_insert_time"": 0.000618599820882082, ""logging_time"": 0.00011725397780537605, ""total_train_step_time"": 0.04075628379359841}",0.19457804458215833,0.021917279809713364
rollout_update,10368,155.1246586401238,6.94462196518691,191073.4254453508,0.8251428310759366,"{""policy_inference_time"": 0.007052665110677481, ""env_step_time"": 0.03209345368668437, ""replay_insert_time"": 0.000606020912528038, ""logging_time"": 0.00011636083945631981, ""total_train_step_time"": 0.8251428310759366}",0.19369303667917848,0.02176785096526146
rollout_update,10496,2968.2928442745674,6.9305031171914795,191073.4254453508,0.04312242986634374,"{""policy_inference_time"": 0.007139371242374182, ""env_step_time"": 0.03417306998744607, ""replay_insert_time"": 0.001397839281708002, ""logging_time"": 0.00012896815314888954, ""total_train_step_time"": 0.04312242986634374}",0.19369303667917848,0.02176785096526146
rollout_update,10624,3138.4429701875906,6.917202443376523,191073.4254453508,0.04078455502167344,"{""policy_inference_time"": 0.007244867738336325, ""env_step_time"": 0.03254442010074854, ""replay_insert_time"": 0.0006237910129129887, ""logging_time"": 0.00011683115735650063, ""total_train_step_time"": 0.04078455502167344}",0.19369303667917848,0.02176785096526146
rollout_update,10752,3181.7400776365307,6.904132685207965,191073.4254453508,0.04022955894470215,"{""policy_inference_time"": 0.007061100099235773, ""env_step_time"": 0.03217680100351572, ""replay_insert_time"": 0.0006163818761706352, ""logging_time"": 0.00011794222518801689, ""total_train_step_time"": 0.04022955894470215}",0.19369303667917848,0.02176785096526146
rollout_update,10880,154.13219041619647,6.961379712915274,190961.1701075202,0.8304559849202633,"{""policy_inference_time"": 0.0068952287547290325, ""env_step_time"": 0.0327129359357059, ""replay_insert_time"": 0.0005996418185532093, ""logging_time"": 0.00011717993766069412, ""total_train_step_time"": 0.8304559849202633}",0.1947691459208727,0.02167218504473567
rollout_update,11008,3012.3100502466086,6.948033844867799,190961.1701075202,0.04249230585992336,"{""policy_inference_time"": 0.007067824713885784, ""env_step_time"": 0.0336986999027431, ""replay_insert_time"": 0.0013372190296649933, ""logging_time"": 0.00012265611439943314, ""total_train_step_time"": 0.04249230585992336}",0.1947691459208727,0.02167218504473567
rollout_update,11136,3122.19818765056,6.935206106924718,190961.1701075202,0.04099675687029958,"{""policy_inference_time"": 0.007208140101283789, ""env_step_time"": 0.03277682000771165, ""replay_insert_time"": 0.0006393678486347198, ""logging_time"": 0.00011849077418446541, ""total_train_step_time"": 0.04099675687029958}",0.1947691459208727,0.02167218504473567
rollout_update,11264,3170.364466596361,6.9226194646707695,190961.1701075202,0.04037390695884824,"{""policy_inference_time"": 0.007045251317322254, ""env_step_time"": 0.03234180295839906, ""replay_insert_time"": 0.0006150477565824986, ""logging_time"": 0.00011836132034659386, ""total_train_step_time"": 0.04037390695884824}",0.1947691459208727,0.02167218504473567
rollout_update,11392,154.55450462502648,6.9775198898191375,190952.52137919454,0.8281867960467935,"{""policy_inference_time"": 0.006976719945669174, ""env_step_time"": 0.03230662364512682, ""replay_insert_time"": 0.0006029261276125908, ""logging_time"": 0.00012274505570530891, ""total_train_step_time"": 0.8281867960467935}",0.19510909030213952,0.021942653693258762
rollout_update,11520,2907.067653112907,6.96423055699037,190952.52137919454,0.04403062304481864,"{""policy_inference_time"": 0.00719597889110446, ""env_step_time"": 0.034978324081748724, ""replay_insert_time"": 0.0014491588808596134, ""logging_time"": 0.00013791071251034737, ""total_train_step_time"": 0.04403062304481864}",0.19510909030213952,0.021942653693258762
rollout_update,11648,3132.436724353338,6.95194255983451,190952.52137919454,0.04086275678128004,"{""policy_inference_time"": 0.007430071942508221, ""env_step_time"": 0.03243133006617427, ""replay_insert_time"": 0.000625136774033308, ""logging_time"": 0.00012002512812614441, ""total_train_step_time"": 0.04086275678128004}",0.19510909030213952,0.021942653693258762
rollout_update,11776,3184.618358607302,6.939898137643278,190952.52137919454,0.040193199180066586,"{""policy_inference_time"": 0.0071174041368067265, ""env_step_time"": 0.032098588068038225, ""replay_insert_time"": 0.0006074043922126293, ""logging_time"": 0.00011744722723960876, ""total_train_step_time"": 0.040193199180066586}",0.19510909030213952,0.021942653693258762
rollout_update,11904,155.35234391487379,6.993262787635256,191120.89099023736,0.8239334970712662,"{""policy_inference_time"": 0.0069936420768499374, ""env_step_time"": 0.03189941169694066, ""replay_insert_time"": 0.0006185681559145451, ""logging_time"": 0.00011818809434771538, ""total_train_step_time"": 0.8239334970712662}",0.19355743238702416,0.021768004167824984
rollout_update,12032,2982.0169269803855,6.980789670961059,191120.89099023736,0.04292396828532219,"{""policy_inference_time"": 0.007141280919313431, ""env_step_time"": 0.033910092897713184, ""replay_insert_time"": 0.001476480159908533, ""logging_time"": 0.00012642331421375275, ""total_train_step_time"": 0.04292396828532219}",0.19355743238702416,0.021768004167824984
rollout_update,12160,3180.584362587897,6.969135611300553,191120.89099023736,0.04024417698383331,"{""policy_inference_time"": 0.0071287308819592, ""env_step_time"": 0.032102938275784254, ""replay_insert_time"": 0.0006394111551344395, ""logging_time"": 0.00011817272752523422, ""total_train_step_time"": 0.04024417698383331}",0.19355743238702416,0.021768004167824984
rollout_update,12288,3198.238346269205,6.957584407106737,191120.89099023736,0.04002203280106187,"{""policy_inference_time"": 0.007033300120383501, ""env_step_time"": 0.0319833867251873, ""replay_insert_time"": 0.0006248052231967449, ""logging_time"": 0.00011686515063047409, ""total_train_step_time"": 0.04002203280106187}",0.19355743238702416,0.021768004167824984
rollout_update,12416,155.70631486513093,7.008867093209185,191266.77334148635,0.8220604290254414,"{""policy_inference_time"": 0.0070174690335989, ""env_step_time"": 0.031766601372510195, ""replay_insert_time"": 0.0006155306473374367, ""logging_time"": 0.00011830078437924385, ""total_train_step_time"": 0.8220604290254414}",0.19465288147330284,0.021759130991995335
rollout_update,12544,3009.7195909798475,6.996949119412159,191266.77334148635,0.04252887889742851,"{""policy_inference_time"": 0.007162583991885185, ""env_step_time"": 0.03355509601533413, ""replay_insert_time"": 0.0014082519337534904, ""logging_time"": 0.0001248628832399845, ""total_train_step_time"": 0.04252887889742851}",0.19465288147330284,0.021759130991995335
rollout_update,12672,3127.3370596575373,6.985517584799448,191266.77334148635,0.04092939058318734,"{""policy_inference_time"": 0.0072972592897713184, ""env_step_time"": 0.03261854825541377, ""replay_insert_time"": 0.0006354921497404575, ""logging_time"": 0.0001191459596157074, ""total_train_step_time"": 0.04092939058318734}",0.19465288147330284,0.021759130991995335
rollout_update,12800,3152.2734792377955,6.974213332270453,191266.77334148635,0.040605613961815834,"{""policy_inference_time"": 0.007191698998212814, ""env_step_time"": 0.03243192192167044, ""replay_insert_time"": 0.0006128279492259026, ""logging_time"": 0.0001182439737021923, ""total_train_step_time"": 0.040605613961815834}",0.19465288147330284,0.021759130991995335
rollout_update,12928,153.0732470743054,7.019266064994689,191336.35418717636,0.8362009851261973,"{""policy_inference_time"": 0.006987298838794231, ""env_step_time"": 0.03217696025967598, ""replay_insert_time"": 0.0006115050055086613, ""logging_time"": 0.00011622393503785133, ""total_train_step_time"": 0.8362009851261973}",0.20314067928120494,0.022104769945144653
rollout_update,13056,2834.7610867377807,7.007063535130938,191336.35418717636,0.045153717044740915,"{""policy_inference_time"": 0.00925981905311346, ""env_step_time"": 0.0340356738306582, ""replay_insert_time"": 0.0014186296612024307, ""logging_time"": 0.0001250961795449257, ""total_train_step_time"": 0.045153717044740915}",0.20314067928120494,0.022104769945144653
rollout_update,13184,3184.668352973449,6.996237362192428,191336.35418717636,0.040192568209022284,"{""policy_inference_time"": 0.0072208670899271965, ""env_step_time"": 0.03199745109304786, ""replay_insert_time"": 0.000608307309448719, ""logging_time"": 0.00011571496725082397, ""total_train_step_time"": 0.040192568209022284}",0.20314067928120494,0.022104769945144653
rollout_update,13312,3202.625536134817,6.985505013766579,191336.35418717636,0.039967207703739405,"{""policy_inference_time"": 0.006916663143783808, ""env_step_time"": 0.032076563220471144, ""replay_insert_time"": 0.000603226013481617, ""logging_time"": 0.0001163003034889698, ""total_train_step_time"": 0.039967207703739405}",0.20314067928120494,0.022104769945144653
rollout_update,13440,154.62188067091722,7.030785426280562,191358.34153108532,0.8278259159997106,"{""policy_inference_time"": 0.00708037381991744, ""env_step_time"": 0.03198708966374397, ""replay_insert_time"": 0.0005916031077504158, ""logging_time"": 0.0001159869134426117, ""total_train_step_time"": 0.8278259159997106}",0.1953809200786054,0.021670916117727757
rollout_update,13568,2968.4121196455435,7.019525499428112,191358.34153108532,0.043120697140693665,"{""policy_inference_time"": 0.007201917003840208, ""env_step_time"": 0.03401948185637593, ""replay_insert_time"": 0.0014928430318832397, ""logging_time"": 0.00013144314289093018, ""total_train_step_time"": 0.043120697140693665}",0.1953809200786054,0.021670916117727757
rollout_update,13696,3180.563753478884,7.009049127210261,191358.34153108532,0.040244437754154205,"{""policy_inference_time"": 0.007089648861438036, ""env_step_time"": 0.03216355573385954, ""replay_insert_time"": 0.0006222091615200043, ""logging_time"": 0.000116727314889431, ""total_train_step_time"": 0.040244437754154205}",0.1953809200786054,0.021670916117727757
rollout_update,13824,3218.5156327051827,6.998726964570783,191358.34153108532,0.03976988606154919,"{""policy_inference_time"": 0.00697273900732398, ""env_step_time"": 0.03180710505694151, ""replay_insert_time"": 0.0006195269525051117, ""logging_time"": 0.00011801626533269882, ""total_train_step_time"": 0.03976988606154919}",0.1953809200786054,0.021670916117727757
rollout_update,13952,156.3146011276195,7.0443358886015774,191512.85484014577,0.8188614440150559,"{""policy_inference_time"": 0.006876508239656687, ""env_step_time"": 0.03201589314267039, ""replay_insert_time"": 0.0006133932620286942, ""logging_time"": 0.00011861510574817657, ""total_train_step_time"": 0.8188614440150559}",0.19398360094055533,0.021877713967114687
rollout_update,14080,3045.2286023147326,7.033710164812022,191512.85484014577,0.04203296918421984,"{""policy_inference_time"": 0.007094343192875385, ""env_step_time"": 0.033076629973948, ""replay_insert_time"": 0.0014632907696068287, ""logging_time"": 0.00012817885726690292, ""total_train_step_time"": 0.04203296918421984}",0.19398360094055533,0.021877713967114687
rollout_update,14208,3145.811570220089,7.0234546741039,191512.85484014577,0.040689023211598396,"{""policy_inference_time"": 0.00723185995593667, ""env_step_time"": 0.03244976606220007, ""replay_insert_time"": 0.0006363829597830772, ""logging_time"": 0.00011674081906676292, ""total_train_step_time"": 0.040689023211598396}",0.19398360094055533,0.021877713967114687
rollout_update,14336,3194.7882869345726,7.013385581963363,191512.85484014577,0.04006525268778205,"{""policy_inference_time"": 0.007102414965629578, ""env_step_time"": 0.031971692107617855, ""replay_insert_time"": 0.0006162021309137344, ""logging_time"": 0.00011734617874026299, ""total_train_step_time"": 0.04006525268778205}",0.19398360094055533,0.021877713967114687
rollout_update,14464,155.9832721738589,7.056657495442568,191616.8607162716,0.820600813254714,"{""policy_inference_time"": 0.0069054351188242435, ""env_step_time"": 0.031830735970288515, ""replay_insert_time"": 0.0006032679229974747, ""logging_time"": 0.00011772708967328072, ""total_train_step_time"": 0.820600813254714}",0.19434152403846383,0.021691585890948772
rollout_update,14592,3053.6871341509036,7.046390222163024,191616.8607162716,0.04191654035821557,"{""policy_inference_time"": 0.007114192936569452, ""env_step_time"": 0.032965844962745905, ""replay_insert_time"": 0.0014450578019022942, ""logging_time"": 0.00012577790766954422, ""total_train_step_time"": 0.04191654035821557}",0.19434152403846383,0.021691585890948772
rollout_update,14720,3166.4121442783085,7.036516727314152,191616.8607162716,0.040424301754683256,"{""policy_inference_time"": 0.006976612843573093, ""env_step_time"": 0.03244834020733833, ""replay_insert_time"": 0.0006232596933841705, ""logging_time"": 0.00011887820437550545, ""total_train_step_time"": 0.040424301754683256}",0.19434152403846383,0.021691585890948772
rollout_update,14848,3187.092766683218,7.0267346631786145,191616.8607162716,0.04016199382022023,"{""policy_inference_time"": 0.006998657714575529, ""env_step_time"": 0.032189839985221624, ""replay_insert_time"": 0.0006086542271077633, ""logging_time"": 0.00011423788964748383, ""total_train_step_time"": 0.04016199382022023}",0.19434152403846383,0.021691585890948772
rollout_update,14976,154.169471891717,7.065968191383989,191723.65792416647,0.8302551629021764,"{""policy_inference_time"": 0.006971059367060661, ""env_step_time"": 0.03178288182243705, ""replay_insert_time"": 0.0005936478264629841, ""logging_time"": 0.00011516595259308815, ""total_train_step_time"": 0.8302551629021764}",0.20023242384195328,0.021763714961707592
rollout_update,15104,3014.1726951200976,7.05588621234629,191723.65792416647,0.04246604721993208,"{""policy_inference_time"": 0.007190600968897343, ""env_step_time"": 0.03348104516044259, ""replay_insert_time"": 0.001401423942297697, ""logging_time"": 0.00012528011575341225, ""total_train_step_time"": 0.04246604721993208}",0.20023242384195328,0.021763714961707592
rollout_update,15232,3116.0099748900147,7.046161069911534,191723.65792416647,0.04107817402109504,"{""policy_inference_time"": 0.007397098932415247, ""env_step_time"": 0.0325827281922102, ""replay_insert_time"": 0.0006361589767038822, ""logging_time"": 0.00012091593816876411, ""total_train_step_time"": 0.04107817402109504}",0.20023242384195328,0.021763714961707592
rollout_update,15360,3173.873242102719,7.036639272185687,191723.65792416647,0.040329272858798504,"{""policy_inference_time"": 0.007121477276086807, ""env_step_time"": 0.032197083812206984, ""replay_insert_time"": 0.0006323568522930145, ""logging_time"": 0.00012073526158928871, ""total_train_step_time"": 0.040329272858798504}",0.20023242384195328,0.021763714961707592
rollout_update,15488,155.84433599472825,7.076442805018597,191862.09977265465,0.8213323839008808,"{""policy_inference_time"": 0.007010108791291714, ""env_step_time"": 0.031828477047383785, ""replay_insert_time"": 0.0006154021248221397, ""logging_time"": 0.00011638784781098366, ""total_train_step_time"": 0.8213323839008808}",0.19359948625788093,0.021633520256727934
rollout_update,15616,3016.9146277450986,7.066665554259603,191862.09977265465,0.04242745181545615,"{""policy_inference_time"": 0.0071052061393857, ""env_step_time"": 0.033578233793377876, ""replay_insert_time"": 0.0013475259765982628, ""logging_time"": 0.0001257592812180519, ""total_train_step_time"": 0.04242745181545615}",0.19359948625788093,0.021633520256727934
rollout_update,15744,3187.900615931258,7.057437565755458,191862.09977265465,0.040151816327124834,"{""policy_inference_time"": 0.00710315490141511, ""env_step_time"": 0.032059662975370884, ""replay_insert_time"": 0.0006196289323270321, ""logging_time"": 0.00011524325236678123, ""total_train_step_time"": 0.040151816327124834}",0.19359948625788093,0.021633520256727934
rollout_update,15872,3237.140532008454,7.048373466873386,191862.09977265465,0.0395410698838532,"{""policy_inference_time"": 0.0068874298594892025, ""env_step_time"": 0.031681961845606565, ""replay_insert_time"": 0.0005963202565908432, ""logging_time"": 0.00011512823402881622, ""total_train_step_time"": 0.0395410698838532}",0.19359948625788093,0.021633520256727934
rollout_update,16000,156.386519261965,7.087322510718468,191975.96339828207,0.8184848707169294,"{""policy_inference_time"": 0.0069067697040736675, ""env_step_time"": 0.03172946022823453, ""replay_insert_time"": 0.0005983873270452023, ""logging_time"": 0.00011553289368748665, ""total_train_step_time"": 0.8184848707169294}",0.19404984917491674,0.021754558198153973
rollout_update,16128,2965.2016987775064,7.077655786153803,191975.96339828207,0.04316738387569785,"{""policy_inference_time"": 0.007121379021555185, ""env_step_time"": 0.03431390691548586, ""replay_insert_time"": 0.0013379170559346676, ""logging_time"": 0.00012490199878811836, ""total_train_step_time"": 0.04316738387569785}",0.19404984917491674,0.021754558198153973
rollout_update,16256,3202.537216193833,7.06872893011336,191975.96339828207,0.03996830992400646,"{""policy_inference_time"": 0.0070553310215473175, ""env_step_time"": 0.03193821478635073, ""replay_insert_time"": 0.0006051189266145229, ""logging_time"": 0.00011621834710240364, ""total_train_step_time"": 0.03996830992400646}",0.19404984917491674,0.021754558198153973
rollout_update,16384,3231.4933401198973,7.0599042529777325,191975.96339828207,0.03961016982793808,"{""policy_inference_time"": 0.00688478909432888, ""env_step_time"": 0.03177335811778903, ""replay_insert_time"": 0.000587977934628725, ""logging_time"": 0.00011482415720820427, ""total_train_step_time"": 0.03961016982793808}",0.19404984917491674,0.021754558198153973
rollout_update,16512,156.3834635400662,7.097433461586696,192094.74511567788,0.818500863853842,"{""policy_inference_time"": 0.006892840843647718, ""env_step_time"": 0.03174967411905527, ""replay_insert_time"": 0.00058745127171278, ""logging_time"": 0.00011522090062499046, ""total_train_step_time"": 0.818500863853842}",0.19363331189379096,0.021808776073157787
rollout_update,16640,2987.75868234578,7.0881034142419495,192094.74511567788,0.04284147871658206,"{""policy_inference_time"": 0.007117060013115406, ""env_step_time"": 0.033927543088793755, ""replay_insert_time"": 0.0014080898836255074, ""logging_time"": 0.00012275530025362968, ""total_train_step_time"": 0.04284147871658206}",0.19363331189379096,0.021808776073157787
rollout_update,16768,3159.994602217246,7.079304435202886,192094.74511567788,0.0405063983052969,"{""policy_inference_time"": 0.007227583322674036, ""env_step_time"": 0.03227604599669576, ""replay_insert_time"": 0.0006209677085280418, ""logging_time"": 0.00011735782027244568, ""total_train_step_time"": 0.0405063983052969}",0.19363331189379096,0.021808776073157787
rollout_update,16896,3213.3196262448755,7.070672754045875,192094.74511567788,0.03983419481664896,"{""policy_inference_time"": 0.00699899485334754, ""env_step_time"": 0.03185452101752162, ""replay_insert_time"": 0.0006101769395172596, ""logging_time"": 0.00011534895747900009, ""total_train_step_time"": 0.03983419481664896}",0.19363331189379096,0.021808776073157787
rollout_update,17024,150.84586598790077,7.1005125926460675,192181.9996994299,0.8485482791438699,"{""policy_inference_time"": 0.0069199842400848866, ""env_step_time"": 0.031771029345691204, ""replay_insert_time"": 0.0005957251414656639, ""logging_time"": 0.00011608703061938286, ""total_train_step_time"": 0.8485482791438699}",0.20033639948815107,0.022216591984033585
rollout_update,17152,3023.484229612541,7.091555717378503,192181.9996994299,0.04233526298776269,"{""policy_inference_time"": 0.007183142006397247, ""env_step_time"": 0.033329285215586424, ""replay_insert_time"": 0.0014248397201299667, ""logging_time"": 0.0001263180747628212, ""total_train_step_time"": 0.04233526298776269}",0.20033639948815107,0.022216591984033585
rollout_update,17280,3164.9814034510396,7.083020357060783,192181.9996994299,0.040442575700581074,"{""policy_inference_time"": 0.007265435066074133, ""env_step_time"": 0.03217824408784509, ""replay_insert_time"": 0.0006277500651776791, ""logging_time"": 0.0001174071803689003, ""total_train_step_time"": 0.040442575700581074}",0.20033639948815107,0.022216591984033585
rollout_update,17408,3139.0473818988667,7.074435256080923,192181.9996994299,0.04077670210972428,"{""policy_inference_time"": 0.007178456988185644, ""env_step_time"": 0.032594442833215, ""replay_insert_time"": 0.0006298311054706573, ""logging_time"": 0.0001186891458928585, ""total_train_step_time"": 0.04077670210972428}",0.20033639948815107,0.022216591984033585
rollout_update,17536,152.3361249303354,7.105051523324394,192150.8708836873,0.8402471840381622,"{""policy_inference_time"": 0.006976121570914984, ""env_step_time"": 0.03251149179413915, ""replay_insert_time"": 0.0006348020397126675, ""logging_time"": 0.0001195669174194336, ""total_train_step_time"": 0.8402471840381622}",0.19931718055158854,0.022578652016818523
rollout_update,17664,2827.42642354619,7.095735785866828,192150.8708836873,0.045270850881934166,"{""policy_inference_time"": 0.007314144168049097, ""env_step_time"": 0.03605539910495281, ""replay_insert_time"": 0.0014972076751291752, ""logging_time"": 0.00013088341802358627, ""total_train_step_time"": 0.045270850881934166}",0.19931718055158854,0.022578652016818523
rollout_update,17792,3089.5364315126167,7.087231758771563,192150.8708836873,0.04143016366288066,"{""policy_inference_time"": 0.007671403232961893, ""env_step_time"": 0.03277540020644665, ""replay_insert_time"": 0.0006125280633568764, ""logging_time"": 0.00011790310963988304, ""total_train_step_time"": 0.04143016366288066}",0.19931718055158854,0.022578652016818523
rollout_update,17920,2768.8876452527484,7.077766958678134,192150.8708836873,0.046227950137108564,"{""policy_inference_time"": 0.007322358898818493, ""env_step_time"": 0.037879017647355795, ""replay_insert_time"": 0.0006435089744627476, ""logging_time"": 0.00012264680117368698, ""total_train_step_time"": 0.046227950137108564}",0.19931718055158854,0.022578652016818523
rollout_update,18048,155.35016702581626,7.110733362616557,192240.07832472085,0.8239450426772237,"{""policy_inference_time"": 0.007522946689277887, ""env_step_time"": 0.03251047432422638, ""replay_insert_time"": 0.0006115720607340336, ""logging_time"": 0.00011856714263558388, ""total_train_step_time"": 0.8239450426772237}",0.1950752418488264,0.021743923891335726
rollout_update,18176,2924.4431458357853,7.101962163013024,192240.07832472085,0.0437690163962543,"{""policy_inference_time"": 0.007172583136707544, ""env_step_time"": 0.03476946894079447, ""replay_insert_time"": 0.0014137779362499714, ""logging_time"": 0.0001355540007352829, ""total_train_step_time"": 0.0437690163962543}",0.1950752418488264,0.021743923891335726
rollout_update,18304,3149.1124814422,7.0938360892690575,192240.07832472085,0.04064637282863259,"{""policy_inference_time"": 0.007428757846355438, ""env_step_time"": 0.032220968045294285, ""replay_insert_time"": 0.0006232610903680325, ""logging_time"": 0.00011622300371527672, ""total_train_step_time"": 0.04064637282863259}",0.1950752418488264,0.021743923891335726
rollout_update,18432,3219.8596352134114,7.0859065298493595,192240.07832472085,0.03975328570231795,"{""policy_inference_time"": 0.006940681021660566, ""env_step_time"": 0.03183635836467147, ""replay_insert_time"": 0.0006100349128246307, ""logging_time"": 0.00011693919077515602, ""total_train_step_time"": 0.03975328570231795}",0.1950752418488264,0.021743923891335726
rollout_update,18560,155.6912927162836,7.118182805671102,192319.6342145607,0.8221397469751537,"{""policy_inference_time"": 0.006908961106091738, ""env_step_time"": 0.03174798283725977, ""replay_insert_time"": 0.0006024339236319065, ""logging_time"": 0.00011826399713754654, ""total_train_step_time"": 0.8221397469751537}",0.19400531193241477,0.021944620180875063
rollout_update,18688,3065.8304200751677,7.1100244561369825,192319.6342145607,0.04175051534548402,"{""policy_inference_time"": 0.007018489297479391, ""env_step_time"": 0.03300843434408307, ""replay_insert_time"": 0.0013325922191143036, ""logging_time"": 0.00012498721480369568, ""total_train_step_time"": 0.04175051534548402}",0.19400531193241477,0.021944620180875063
rollout_update,18816,3175.5408634789724,7.102165689471076,192319.6342145607,0.04030809411779046,"{""policy_inference_time"": 0.007187214680016041, ""env_step_time"": 0.03211686993017793, ""replay_insert_time"": 0.0006293682381510735, ""logging_time"": 0.00011854106560349464, ""total_train_step_time"": 0.04030809411779046}",0.19400531193241477,0.021944620180875063
rollout_update,18944,3189.7108176266515,7.094359072700564,192319.6342145607,0.04012902965769172,"{""policy_inference_time"": 0.007101128809154034, ""env_step_time"": 0.03204921027645469, ""replay_insert_time"": 0.0006126496009528637, ""logging_time"": 0.00011711101979017258, ""total_train_step_time"": 0.04012902965769172}",0.19400531193241477,0.021944620180875063
rollout_update,19072,156.20725979813463,7.126151107164645,192376.76173972312,0.8194241430610418,"{""policy_inference_time"": 0.007002875674515963, ""env_step_time"": 0.03186163818463683, ""replay_insert_time"": 0.0006084810011088848, ""logging_time"": 0.00011737598106265068, ""total_train_step_time"": 0.8194241430610418}",0.1934106396511197,0.02167399786412716
rollout_update,19200,3035.620027063695,7.1181102811868575,192376.76173972312,0.04216601513326168,"{""policy_inference_time"": 0.007301656063646078, ""env_step_time"": 0.0330894379876554, ""replay_insert_time"": 0.0013809450902044773, ""logging_time"": 0.0001245187595486641, ""total_train_step_time"": 0.04216601513326168}",0.1934106396511197,0.02167399786412716
rollout_update,19328,3168.6942034760523,7.110424142378035,192376.76173972312,0.040395188611000776,"{""policy_inference_time"": 0.007233965210616589, ""env_step_time"": 0.032164223957806826, ""replay_insert_time"": 0.0006229113787412643, ""logging_time"": 0.000118291936814785, ""total_train_step_time"": 0.040395188611000776}",0.1934106396511197,0.02167399786412716
rollout_update,19456,3216.53054360529,7.102868525349861,192376.76173972312,0.0397944301366806,"{""policy_inference_time"": 0.006970023270696402, ""env_step_time"": 0.031846676021814346, ""replay_insert_time"": 0.0006089210510253906, ""logging_time"": 0.00011770473793148994, ""total_train_step_time"": 0.0397944301366806}",0.1934106396511197,0.02167399786412716
rollout_update,19584,154.46557510952888,7.1319740691153815,192288.34983192766,0.8286636029370129,"{""policy_inference_time"": 0.0069472831673920155, ""env_step_time"": 0.03176692686975002, ""replay_insert_time"": 0.0006020460277795792, ""logging_time"": 0.00011637574061751366, ""total_train_step_time"": 0.8286636029370129}",0.19439484411850572,0.0220642127096653
rollout_update,19712,2969.9675513231705,7.1239531077257405,192288.34983192766,0.0430981139652431,"{""policy_inference_time"": 0.007197235245257616, ""env_step_time"": 0.034026604145765305, ""replay_insert_time"": 0.001478521153330803, ""logging_time"": 0.00012581981718540192, ""total_train_step_time"": 0.0430981139652431}",0.19439484411850572,0.0220642127096653
rollout_update,19840,3168.5947785407084,7.116451313365982,192288.34983192766,0.04039645614102483,"{""policy_inference_time"": 0.007150048855692148, ""env_step_time"": 0.032246062997728586, ""replay_insert_time"": 0.0006245458498597145, ""logging_time"": 0.00011833803728222847, ""total_train_step_time"": 0.04039645614102483}",0.19439484411850572,0.0220642127096653
rollout_update,19968,3204.120325705601,7.1090482162275475,192288.34983192766,0.039948562160134315,"{""policy_inference_time"": 0.0070550949312746525, ""env_step_time"": 0.03190654003992677, ""replay_insert_time"": 0.0006164698861539364, ""logging_time"": 0.0001184181310236454, ""total_train_step_time"": 0.039948562160134315}",0.19439484411850572,0.0220642127096653
rollout_update,20096,155.82925036565914,7.138636416707408,192354.90926527654,0.8214118960313499,"{""policy_inference_time"": 0.00703832320868969, ""env_step_time"": 0.03184982994571328, ""replay_insert_time"": 0.0006009787321090698, ""logging_time"": 0.00011723581701517105, ""total_train_step_time"": 0.8214118960313499}",0.19372593611478806,0.02210076991468668
rollout_update,20224,2952.181892477061,7.130753997221711,192354.90926527654,0.04335776204243302,"{""policy_inference_time"": 0.00713427783921361, ""env_step_time"": 0.03442026488482952, ""replay_insert_time"": 0.0014095623046159744, ""logging_time"": 0.00012505287304520607, ""total_train_step_time"": 0.04335776204243302}",0.19372593611478806,0.02210076991468668
rollout_update,20352,3147.4718461720963,7.123376459563149,192354.90926527654,0.04066755995154381,"{""policy_inference_time"": 0.00738879619166255, ""env_step_time"": 0.03227979876101017, ""replay_insert_time"": 0.0006288578733801842, ""logging_time"": 0.00011809682473540306, ""total_train_step_time"": 0.04066755995154381}",0.19372593611478806,0.02210076991468668
rollout_update,20480,3183.2699885498455,7.116096881419896,192354.90926527654,0.040210224222391844,"{""policy_inference_time"": 0.007270202971994877, ""env_step_time"": 0.03195175528526306, ""replay_insert_time"": 0.0006163036450743675, ""logging_time"": 0.00011887634173035622, ""total_train_step_time"": 0.040210224222391844}",0.19372593611478806,0.02210076991468668
rollout_update,20608,155.89663152034814,7.144907533113315,192423.33767650824,0.8210568679496646,"{""policy_inference_time"": 0.007038274314254522, ""env_step_time"": 0.032047157641500235, ""replay_insert_time"": 0.0006098151206970215, ""logging_time"": 0.00011512311175465584, ""total_train_step_time"": 0.8210568679496646}",0.19380182400345802,0.021867968142032623
rollout_update,20736,3012.05073766219,7.137356614332144,192423.33767650824,0.04249596409499645,"{""policy_inference_time"": 0.007144108880311251, ""env_step_time"": 0.03353623719885945, ""replay_insert_time"": 0.0014194659888744354, ""logging_time"": 0.0001248377375304699, ""total_train_step_time"": 0.04249596409499645}",0.19380182400345802,0.021867968142032623
rollout_update,20864,3142.6995503531916,7.130134566965464,192423.33767650824,0.040729315020143986,"{""policy_inference_time"": 0.007222963031381369, ""env_step_time"": 0.032485672272741795, ""replay_insert_time"": 0.0006223330274224281, ""logging_time"": 0.00011737924069166183, ""total_train_step_time"": 0.040729315020143986}",0.19380182400345802,0.021867968142032623
rollout_update,20992,3184.2413298905394,7.12302105522879,192423.33767650824,0.04019795823842287,"{""policy_inference_time"": 0.007101532071828842, ""env_step_time"": 0.03210312593728304, ""replay_insert_time"": 0.0006250878795981407, ""logging_time"": 0.00011550309136509895, ""total_train_step_time"": 0.04019795823842287}",0.19380182400345802,0.021867968142032623
rollout_update,21120,154.6981593846618,7.149925350814693,192453.87675248555,0.8274177308194339,"{""policy_inference_time"": 0.006967954803258181, ""env_step_time"": 0.03195869270712137, ""replay_insert_time"": 0.0006253961473703384, ""logging_time"": 0.00011843210086226463, ""total_train_step_time"": 0.8274177308194339}",0.19910565484315157,0.02198395784944296
rollout_update,21248,3000.3588925478357,7.142514943191322,192453.87675248555,0.04266156302765012,"{""policy_inference_time"": 0.007191289681941271, ""env_step_time"": 0.03368983184918761, ""replay_insert_time"": 0.0013854769058525562, ""logging_time"": 0.0001243501901626587, ""total_train_step_time"": 0.04266156302765012}",0.19910565484315157,0.02198395784944296
rollout_update,21376,3168.9704856018493,7.135512964221463,192453.87675248555,0.04039166681468487,"{""policy_inference_time"": 0.007325447630137205, ""env_step_time"": 0.03207147587090731, ""replay_insert_time"": 0.0006217239424586296, ""logging_time"": 0.00011902023106813431, ""total_train_step_time"": 0.04039166681468487}",0.19910565484315157,0.02198395784944296
rollout_update,21504,3200.697672450486,7.128593904811373,192453.87675248555,0.03999128099530935,"{""policy_inference_time"": 0.007056869566440582, ""env_step_time"": 0.03194599412381649, ""replay_insert_time"": 0.0006163418292999268, ""logging_time"": 0.00011795293539762497, ""total_train_step_time"": 0.03999128099530935}",0.19910565484315157,0.02198395784944296
rollout_update,21632,155.82961538801004,7.155802640962244,192505.83022424174,0.8214099719189107,"{""policy_inference_time"": 0.006986843887716532, ""env_step_time"": 0.03197807166725397, ""replay_insert_time"": 0.0006112349219620228, ""logging_time"": 0.00012324098497629166, ""total_train_step_time"": 0.8214099719189107}",0.19435185194015503,0.022106968332082033
rollout_update,21760,2610.8441521803193,7.147472097236237,192505.83022424174,0.04902628902345896,"{""policy_inference_time"": 0.007399365771561861, ""env_step_time"": 0.03976268880069256, ""replay_insert_time"": 0.001460252795368433, ""logging_time"": 0.00013074278831481934, ""total_train_step_time"": 0.04902628902345896}",0.19435185194015503,0.022106968332082033
rollout_update,21888,3097.0104905607104,7.140464329162781,192505.83022424174,0.041330179665237665,"{""policy_inference_time"": 0.007588799111545086, ""env_step_time"": 0.03275432996451855, ""replay_insert_time"": 0.000617701094597578, ""logging_time"": 0.00011719996109604836, ""total_train_step_time"": 0.041330179665237665}",0.19435185194015503,0.022106968332082033
rollout_update,22016,3188.1008303947833,7.133669932610604,192505.83022424174,0.04014929477125406,"{""policy_inference_time"": 0.007040947210043669, ""env_step_time"": 0.03213962493464351, ""replay_insert_time"": 0.0006033973768353462, ""logging_time"": 0.00011542532593011856, ""total_train_step_time"": 0.04014929477125406}",0.19435185194015503,0.022106968332082033
rollout_update,22144,155.21649726314493,7.159639577304216,192530.9657782318,0.8246546098962426,"{""policy_inference_time"": 0.006979908794164658, ""env_step_time"": 0.03325994731858373, ""replay_insert_time"": 0.0006324374116957188, ""logging_time"": 0.00012367498129606247, ""total_train_step_time"": 0.8246546098962426}",0.1940928869880736,0.021801662165671587
rollout_update,22272,2947.525306913892,7.152419433539022,192530.9657782318,0.04342625988647342,"{""policy_inference_time"": 0.0070890141651034355, ""env_step_time"": 0.034554306883364916, ""replay_insert_time"": 0.0013898089528083801, ""logging_time"": 0.0001259688287973404, ""total_train_step_time"": 0.04342625988647342}",0.1940928869880736,0.021801662165671587
rollout_update,22400,3122.400236053801,7.145617014336455,192530.9657782318,0.040994103997945786,"{""policy_inference_time"": 0.00741906464099884, ""env_step_time"": 0.032559205777943134, ""replay_insert_time"": 0.0006410246714949608, ""logging_time"": 0.00012048985809087753, ""total_train_step_time"": 0.040994103997945786}",0.1940928869880736,0.021801662165671587
rollout_update,22528,3194.3531260623035,7.1389803133892,192530.9657782318,0.04007071070373058,"{""policy_inference_time"": 0.006998579949140549, ""env_step_time"": 0.03209279477596283, ""replay_insert_time"": 0.0006148903630673885, ""logging_time"": 0.00011514220386743546, ""total_train_step_time"": 0.04007071070373058}",0.1940928869880736,0.021801662165671587
rollout_update,22656,155.45609243891406,7.164496852089725,192595.62154311163,0.8233836190775037,"{""policy_inference_time"": 0.00694863498210907, ""env_step_time"": 0.031953008845448494, ""replay_insert_time"": 0.0006014727987349033, ""logging_time"": 0.00011587562039494514, ""total_train_step_time"": 0.8233836190775037}",0.1949941641651094,0.021865244023501873
rollout_update,22784,2984.473410140462,7.157514855117188,192595.62154311163,0.042888638097792864,"{""policy_inference_time"": 0.007182363886386156, ""env_step_time"": 0.03392959991469979, ""replay_insert_time"": 0.0013815122656524181, ""logging_time"": 0.000123616773635149, ""total_train_step_time"": 0.042888638097792864}",0.1949941641651094,0.021865244023501873
rollout_update,22912,3122.802353643882,7.150854841179143,192595.62154311163,0.040988825261592865,"{""policy_inference_time"": 0.007311060093343258, ""env_step_time"": 0.032679783180356026, ""replay_insert_time"": 0.0006320313550531864, ""logging_time"": 0.00011608889326453209, ""total_train_step_time"": 0.040988825261592865}",0.1949941641651094,0.021865244023501873
rollout_update,23040,3023.4500423927484,7.143988974648727,192595.62154311163,0.04233574168756604,"{""policy_inference_time"": 0.007343812379986048, ""env_step_time"": 0.0339289172552526, ""replay_insert_time"": 0.0006797988899052143, ""logging_time"": 0.00012850109487771988, ""total_train_step_time"": 0.04233574168756604}",0.1949941641651094,0.021865244023501873
rollout_update,23168,155.51822319674514,7.1689267432418005,192661.0393598647,0.8230546708218753,"{""policy_inference_time"": 0.00729065528139472, ""env_step_time"": 0.032232044730335474, ""replay_insert_time"": 0.0006151157431304455, ""logging_time"": 0.0001197420060634613, ""total_train_step_time"": 0.8230546708218753}",0.1937276115640998,0.021821425296366215
rollout_update,23296,3024.520522360942,7.162178405042042,192661.0393598647,0.042320757638663054,"{""policy_inference_time"": 0.007103214040398598, ""env_step_time"": 0.033498479053378105, ""replay_insert_time"": 0.0013192398473620415, ""logging_time"": 0.0001312517561018467, ""total_train_step_time"": 0.042320757638663054}",0.1937276115640998,0.021821425296366215
rollout_update,23424,3133.5880002182403,7.15567698740234,192661.0393598647,0.04084774386137724,"{""policy_inference_time"": 0.007327380124479532, ""env_step_time"": 0.03251917427405715, ""replay_insert_time"": 0.0006280248053371906, ""logging_time"": 0.00011940998956561089, ""total_train_step_time"": 0.04084774386137724}",0.1937276115640998,0.021821425296366215
rollout_update,23552,3175.2220976533085,7.14927237929037,192661.0393598647,0.040312140714377165,"{""policy_inference_time"": 0.007076499983668327, ""env_step_time"": 0.03225008212029934, ""replay_insert_time"": 0.000612019095569849, ""logging_time"": 0.0001180567778646946, ""total_train_step_time"": 0.040312140714377165}",0.1937276115640998,0.021821425296366215
rollout_update,23680,155.18066090186483,7.17332062198417,192688.13768816518,0.824845049995929,"{""policy_inference_time"": 0.007023013662546873, ""env_step_time"": 0.03229778492823243, ""replay_insert_time"": 0.0006050546653568745, ""logging_time"": 0.00011621275916695595, ""total_train_step_time"": 0.824845049995929}",0.19330316688865423,0.021749058738350868
rollout_update,23808,3032.9961325804998,7.166726100845819,192688.13768816518,0.04220249364152551,"{""policy_inference_time"": 0.0070375679060816765, ""env_step_time"": 0.03341224929317832, ""replay_insert_time"": 0.0013566487468779087, ""logging_time"": 0.00012685591354966164, ""total_train_step_time"": 0.04220249364152551}",0.19330316688865423,0.021749058738350868
rollout_update,23936,3142.293442006057,7.160372444048053,192688.13768816518,0.04073457885533571,"{""policy_inference_time"": 0.007324291858822107, ""env_step_time"": 0.03241664730012417, ""replay_insert_time"": 0.0006179120391607285, ""logging_time"": 0.00011641019955277443, ""total_train_step_time"": 0.04073457885533571}",0.19330316688865423,0.021749058738350868
rollout_update,24064,2873.281187858275,7.153436807925259,192688.13768816518,0.04454837227240205,"{""policy_inference_time"": 0.006974508054554462, ""env_step_time"": 0.036590034142136574, ""replay_insert_time"": 0.0006138002499938011, ""logging_time"": 0.00011676503345370293, ""total_train_step_time"": 0.04454837227240205}",0.19330316688865423,0.021749058738350868
rollout_update,24192,151.64474782540103,7.173975326041245,192661.52404515914,0.8440780299715698,"{""policy_inference_time"": 0.01242934912443161, ""env_step_time"": 0.046485425904393196, ""replay_insert_time"": 0.0009239767678081989, ""logging_time"": 0.00019307667389512062, ""total_train_step_time"": 0.8440780299715698}",0.19359996495768428,0.02176393521949649
rollout_update,24320,3027.1283661091193,7.167504381164378,192661.52404515914,0.042284298688173294,"{""policy_inference_time"": 0.007151491940021515, ""env_step_time"": 0.03335799789056182, ""replay_insert_time"": 0.0013789688237011433, ""logging_time"": 0.0001230696216225624, ""total_train_step_time"": 0.042284298688173294}",0.19359996495768428,0.02176393521949649
rollout_update,24448,3155.3310060064587,7.1613073162495375,192661.52404515914,0.04056626698002219,"{""policy_inference_time"": 0.0071512856520712376, ""env_step_time"": 0.03241969970986247, ""replay_insert_time"": 0.0006236759945750237, ""logging_time"": 0.00011645304039120674, ""total_train_step_time"": 0.04056626698002219}",0.19359996495768428,0.02176393521949649
rollout_update,24576,3211.657842921629,7.155229363882714,192661.52404515914,0.039854805916547775,"{""policy_inference_time"": 0.007020779885351658, ""env_step_time"": 0.03185354499146342, ""replay_insert_time"": 0.0006123119965195656, ""logging_time"": 0.00011829845607280731, ""total_train_step_time"": 0.039854805916547775}",0.19359996495768428,0.02176393521949649
rollout_update,24704,156.39773681807372,7.179173331688148,192716.558867489,0.8184261652640998,"{""policy_inference_time"": 0.007016046904027462, ""env_step_time"": 0.032026625238358974, ""replay_insert_time"": 0.000608361791819334, ""logging_time"": 0.0001185261644423008, ""total_train_step_time"": 0.8184261652640998}",0.19344025012105703,0.021877470426261425
rollout_update,24832,3047.134827231527,7.172866788373099,192716.558867489,0.042006674222648144,"{""policy_inference_time"": 0.00699627585709095, ""env_step_time"": 0.03324058698490262, ""replay_insert_time"": 0.0013707620091736317, ""logging_time"": 0.00012664590030908585, ""total_train_step_time"": 0.042006674222648144}",0.19344025012105703,0.021877470426261425
rollout_update,24960,3170.6067354682496,7.166816271058265,192716.558867489,0.040370821952819824,"{""policy_inference_time"": 0.007194393780082464, ""env_step_time"": 0.03218096122145653, ""replay_insert_time"": 0.0006261030212044716, ""logging_time"": 0.00011567492038011551, ""total_train_step_time"": 0.040370821952819824}",0.19344025012105703,0.021877470426261425
rollout_update,25088,3191.787380102842,7.160816002594255,192716.558867489,0.04010292189195752,"{""policy_inference_time"": 0.007128554861992598, ""env_step_time"": 0.031986706890165806, ""replay_insert_time"": 0.0006184210069477558, ""logging_time"": 0.00011829007416963577, ""total_train_step_time"": 0.04010292189195752}",0.19344025012105703,0.021877470426261425
rollout_update,25216,156.6388427722293,7.184389456827033,192781.41816242362,0.8171664047986269,"{""policy_inference_time"": 0.0070299310609698296, ""env_step_time"": 0.03191388491541147, ""replay_insert_time"": 0.0006148503161966801, ""logging_time"": 0.00011865189298987389, ""total_train_step_time"": 0.8171664047986269}",0.19261197466403246,0.021764717996120453
rollout_update,25344,3050.147319797454,7.1782060631492355,192781.41816242362,0.04196518613025546,"{""policy_inference_time"": 0.00705812918022275, ""env_step_time"": 0.033201759215444326, ""replay_insert_time"": 0.001316324807703495, ""logging_time"": 0.0001238565891981125, ""total_train_step_time"": 0.04196518613025546}",0.19261197466403246,0.021764717996120453
rollout_update,25472,3160.4417452784824,7.1722485448075926,192781.41816242362,0.040500667411834,"{""policy_inference_time"": 0.007192123215645552, ""env_step_time"": 0.03229468408972025, ""replay_insert_time"": 0.0006398367695510387, ""logging_time"": 0.0001194230280816555, ""total_train_step_time"": 0.040500667411834}",0.19261197466403246,0.021764717996120453
rollout_update,25600,3165.997660405742,7.166311335786659,192781.41816242362,0.04042959399521351,"{""policy_inference_time"": 0.007147255819290876, ""env_step_time"": 0.03229455463588238, ""replay_insert_time"": 0.0006162198260426521, ""logging_time"": 0.00011958787217736244, ""total_train_step_time"": 0.04042959399521351}",0.19261197466403246,0.021764717996120453
rollout_update,25728,153.3445448514907,7.186807331517383,192722.35364818212,0.8347215750254691,"{""policy_inference_time"": 0.006984266918152571, ""env_step_time"": 0.03325249394401908, ""replay_insert_time"": 0.0006139026954770088, ""logging_time"": 0.00012556137517094612, ""total_train_step_time"": 0.8347215750254691}",0.19516778411343694,0.024709412828087807
rollout_update,25856,2959.493242182372,7.1805553391858385,192722.35364818212,0.04325064783915877,"{""policy_inference_time"": 0.00717810308560729, ""env_step_time"": 0.03426584880799055, ""replay_insert_time"": 0.0014068130403757095, ""logging_time"": 0.0001265830360352993, ""total_train_step_time"": 0.04325064783915877}",0.19516778411343694,0.024709412828087807
rollout_update,25984,3096.5291037932398,7.174590184365126,192722.35364818212,0.04133660485967994,"{""policy_inference_time"": 0.007341159973293543, ""env_step_time"": 0.032988824881613255, ""replay_insert_time"": 0.000631364993751049, ""logging_time"": 0.00011608563363552094, ""total_train_step_time"": 0.04133660485967994}",0.19516778411343694,0.024709412828087807
rollout_update,26112,3162.30172340889,7.168758694706303,192722.35364818212,0.04047684604302049,"{""policy_inference_time"": 0.007084070239216089, ""env_step_time"": 0.03238673508167267, ""replay_insert_time"": 0.000631245318800211, ""logging_time"": 0.00011787889525294304, ""total_train_step_time"": 0.04047684604302049}",0.19516778411343694,0.024709412828087807
rollout_update,26240,151.74731434398242,7.187578661914554,192529.3393579988,0.8435075148008764,"{""policy_inference_time"": 0.007041121367365122, ""env_step_time"": 0.03258622903376818, ""replay_insert_time"": 0.0006246152333915234, ""logging_time"": 0.00011881394311785698, ""total_train_step_time"": 0.8435075148008764}",0.19616345409303904,0.021881978027522564
rollout_update,26368,2903.6301594611923,7.181327587969987,192529.3393579988,0.04408274916931987,"{""policy_inference_time"": 0.0075105540454387665, ""env_step_time"": 0.03472989797592163, ""replay_insert_time"": 0.0014405478723347187, ""logging_time"": 0.0001271720975637436, ""total_train_step_time"": 0.04408274916931987}",0.19616345409303904,0.021881978027522564
rollout_update,26496,2826.127581302885,7.174916401538501,192529.3393579988,0.045291656628251076,"{""policy_inference_time"": 0.009181369096040726, ""env_step_time"": 0.03510846244171262, ""replay_insert_time"": 0.0006189830601215363, ""logging_time"": 0.00013229623436927795, ""total_train_step_time"": 0.045291656628251076}",0.19616345409303904,0.021881978027522564
rollout_update,26624,3023.9832248621806,7.168935031124702,192529.3393579988,0.0423282771371305,"{""policy_inference_time"": 0.006961036007851362, ""env_step_time"": 0.034400505013763905, ""replay_insert_time"": 0.0005949642509222031, ""logging_time"": 0.00012036226689815521, ""total_train_step_time"": 0.0423282771371305}",0.19616345409303904,0.021881978027522564
rollout_update,26752,149.66749213951786,7.185764787335105,192426.61466535946,0.8552291360683739,"{""policy_inference_time"": 0.006908585783094168, ""env_step_time"": 0.033507768996059895, ""replay_insert_time"": 0.0005915421061217785, ""logging_time"": 0.00011382997035980225, ""total_train_step_time"": 0.8552291360683739}",0.19971458613872528,0.021909439004957676
rollout_update,26880,2867.0278258913586,7.179556457752643,192426.61466535946,0.044645538087934256,"{""policy_inference_time"": 0.007197784259915352, ""env_step_time"": 0.0355621250346303, ""replay_insert_time"": 0.0014877626672387123, ""logging_time"": 0.00012311898171901703, ""total_train_step_time"": 0.044645538087934256}",0.19971458613872528,0.021909439004957676
rollout_update,27008,2792.5915070009514,7.173193796143998,192426.61466535946,0.04583556158468127,"{""policy_inference_time"": 0.009256823919713497, ""env_step_time"": 0.035531639121472836, ""replay_insert_time"": 0.000657274853438139, ""logging_time"": 0.00012382632121443748, ""total_train_step_time"": 0.04583556158468127}",0.19971458613872528,0.021909439004957676
rollout_update,27136,3121.0345334518565,7.167510263304667,192426.61466535946,0.041012042202055454,"{""policy_inference_time"": 0.0074814422987401485, ""env_step_time"": 0.03256389172747731, ""replay_insert_time"": 0.0005959197878837585, ""logging_time"": 0.00011817505583167076, ""total_train_step_time"": 0.041012042202055454}",0.19971458613872528,0.021909439004957676
rollout_update,27264,149.42092665807735,7.183854887372649,192249.4428616806,0.85664038406685,"{""policy_inference_time"": 0.006864853203296661, ""env_step_time"": 0.03562597092241049, ""replay_insert_time"": 0.000627733301371336, ""logging_time"": 0.00011867424473166466, ""total_train_step_time"": 0.85664038406685}",0.19941594311967492,0.02401599893346429
rollout_update,27392,2839.406830752948,7.1777054733785715,192249.4428616806,0.04507983801886439,"{""policy_inference_time"": 0.008717170916497707, ""env_step_time"": 0.03464266238734126, ""replay_insert_time"": 0.001312721986323595, ""logging_time"": 0.00012336811050772667, ""total_train_step_time"": 0.04507983801886439}",0.19941594311967492,0.02401599893346429
rollout_update,27520,2862.183293789546,7.1716153884160425,192249.4428616806,0.04472110513597727,"{""policy_inference_time"": 0.007187879178673029, ""env_step_time"": 0.03651945199817419, ""replay_insert_time"": 0.0006353221833705902, ""logging_time"": 0.00012053502723574638, ""total_train_step_time"": 0.04472110513597727}",0.19941594311967492,0.02401599893346429
rollout_update,27648,3070.49953160786,7.165947780948236,192249.4428616806,0.041687028016895056,"{""policy_inference_time"": 0.007178628817200661, ""env_step_time"": 0.033535783644765615, ""replay_insert_time"": 0.0006092018447816372, ""logging_time"": 0.00011423695832490921, ""total_train_step_time"": 0.041687028016895056}",0.19941594311967492,0.02401599893346429
rollout_update,27776,155.8137194186811,7.186728037661764,192296.6432915015,0.8214937713928521,"{""policy_inference_time"": 0.006998362019658089, ""env_step_time"": 0.0321353399194777, ""replay_insert_time"": 0.0005964399315416813, ""logging_time"": 0.00011515431106090546, ""total_train_step_time"": 0.8214937713928521}",0.1945358058437705,0.022046024911105633
rollout_update,27904,2903.552254551869,7.18081889088262,192296.6432915015,0.04408393194898963,"{""policy_inference_time"": 0.00777013972401619, ""env_step_time"": 0.034483981784433126, ""replay_insert_time"": 0.001437930390238762, ""logging_time"": 0.00012520421296358109, ""total_train_step_time"": 0.04408393194898963}",0.1945358058437705,0.022046024911105633
rollout_update,28032,3114.2022382955215,7.175318195869928,192296.6432915015,0.041102019138634205,"{""policy_inference_time"": 0.007394589018076658, ""env_step_time"": 0.032702282071113586, ""replay_insert_time"": 0.0006276518106460571, ""logging_time"": 0.00011514825746417046, ""total_train_step_time"": 0.041102019138634205}",0.1945358058437705,0.022046024911105633
rollout_update,28160,3184.6567305268886,7.1699473369610445,192296.6432915015,0.040192714892327785,"{""policy_inference_time"": 0.006985736079514027, ""env_step_time"": 0.032234888058155775, ""replay_insert_time"": 0.0006040390580892563, ""logging_time"": 0.00011731823906302452, ""total_train_step_time"": 0.040192714892327785}",0.1945358058437705,0.022046024911105633
rollout_update,28288,154.33534253730454,7.189268717103281,192352.1812987398,0.8293628529645503,"{""policy_inference_time"": 0.0069190640933811665, ""env_step_time"": 0.032287603709846735, ""replay_insert_time"": 0.0006051091477274895, ""logging_time"": 0.00011568795889616013, ""total_train_step_time"": 0.8293628529645503}",0.19427486415952444,0.021879629231989384
rollout_update,28416,3003.0951621984177,7.183653262936531,192352.1812987398,0.042622691951692104,"{""policy_inference_time"": 0.0072260210290551186, ""env_step_time"": 0.033626556396484375, ""replay_insert_time"": 0.0013743662275373936, ""logging_time"": 0.00012567918747663498, ""total_train_step_time"": 0.042622691951692104}",0.19427486415952444,0.021879629231989384
rollout_update,28544,3162.78369086113,7.178329445430429,192352.1812987398,0.04047067789360881,"{""policy_inference_time"": 0.007160515990108252, ""env_step_time"": 0.03230960015207529, ""replay_insert_time"": 0.0006284099072217941, ""logging_time"": 0.00011796317994594574, ""total_train_step_time"": 0.04047067789360881}",0.19427486415952444,0.021879629231989384
rollout_update,28672,3117.437042404351,7.172936244907272,192352.1812987398,0.041059369686990976,"{""policy_inference_time"": 0.007025054190307856, ""env_step_time"": 0.033049825113266706, ""replay_insert_time"": 0.0006118128076195717, ""logging_time"": 0.00011912593618035316, ""total_train_step_time"": 0.041059369686990976}",0.19427486415952444,0.021879629231989384
rollout_update,28800,154.75595389923302,7.1921730878031545,192372.40245608552,0.827108726836741,"{""policy_inference_time"": 0.007227802183479071, ""env_step_time"": 0.03344871522858739, ""replay_insert_time"": 0.00064432667568326, ""logging_time"": 0.00012243399396538734, ""total_train_step_time"": 0.827108726836741}",0.19452614756301045,0.021973317954689264
rollout_update,28928,3001.271902859636,7.186648266292024,192372.40245608552,0.04264858504757285,"{""policy_inference_time"": 0.007212882861495018, ""env_step_time"": 0.03364029573276639, ""replay_insert_time"": 0.001389258075505495, ""logging_time"": 0.00012603728100657463, ""total_train_step_time"": 0.04264858504757285}",0.19452614756301045,0.021973317954689264
rollout_update,29056,3111.788877373426,7.181327697233554,192372.40245608552,0.041133895982056856,"{""policy_inference_time"": 0.007280887104570866, ""env_step_time"": 0.03283276595175266, ""replay_insert_time"": 0.0006456510163843632, ""logging_time"": 0.00011671800166368484, ""total_train_step_time"": 0.041133895982056856}",0.19452614756301045,0.021973317954689264
rollout_update,29184,3157.004212464326,7.176091034587598,192372.40245608552,0.040544766932725906,"{""policy_inference_time"": 0.007140813861042261, ""env_step_time"": 0.032382408156991005, ""replay_insert_time"": 0.0006341929547488689, ""logging_time"": 0.00011996971443295479, ""total_train_step_time"": 0.040544766932725906}",0.19452614756301045,0.021973317954689264
rollout_update,29312,153.43772713965012,7.194051350962781,192348.30861363487,0.8342146510258317,"{""policy_inference_time"": 0.007062085904181004, ""env_step_time"": 0.03263954119756818, ""replay_insert_time"": 0.000619624275714159, ""logging_time"": 0.00012134062126278877, ""total_train_step_time"": 0.8342146510258317}",0.1968762162141502,0.022350250277668238
rollout_update,29440,2934.36197065257,7.188495101131983,192348.30861363487,0.04362106695771217,"{""policy_inference_time"": 0.007336934097111225, ""env_step_time"": 0.03445985075086355, ""replay_insert_time"": 0.0014154380187392235, ""logging_time"": 0.0001271972432732582, ""total_train_step_time"": 0.04362106695771217}",0.1968762162141502,0.022350250277668238
rollout_update,29568,2956.246688275136,7.182988464562308,192348.30861363487,0.04329814575612545,"{""policy_inference_time"": 0.0074669779278337955, ""env_step_time"": 0.03478114819154143, ""replay_insert_time"": 0.0006712591275572777, ""logging_time"": 0.0001221420243382454, ""total_train_step_time"": 0.04329814575612545}",0.1968762162141502,0.022350250277668238
rollout_update,29696,3070.8061244057067,7.177695222919896,192348.30861363487,0.0416828659363091,"{""policy_inference_time"": 0.007396189030259848, ""env_step_time"": 0.03329629497602582, ""replay_insert_time"": 0.000615003053098917, ""logging_time"": 0.00011687818914651871, ""total_train_step_time"": 0.0416828659363091}",0.1968762162141502,0.022350250277668238
rollout_update,29824,154.3573761937315,7.195954058286396,192354.2705855139,0.8292444660328329,"{""policy_inference_time"": 0.007185144349932671, ""env_step_time"": 0.03282978804782033, ""replay_insert_time"": 0.0006000339053571224, ""logging_time"": 0.00012644007802009583, ""total_train_step_time"": 0.8292444660328329}",0.19612496439367533,0.02212061919271946
rollout_update,29952,2981.008774890848,7.190574475016228,192354.2705855139,0.04293848481029272,"{""policy_inference_time"": 0.007349087856709957, ""env_step_time"": 0.033786971122026443, ""replay_insert_time"": 0.0014052577316761017, ""logging_time"": 0.00012700771912932396, ""total_train_step_time"": 0.04293848481029272}",0.19612496439367533,0.02212061919271946
rollout_update,30080,3097.368365563465,7.185404578207387,192354.2705855139,0.041325404308736324,"{""policy_inference_time"": 0.007363843731582165, ""env_step_time"": 0.03296121582388878, ""replay_insert_time"": 0.0006288932636380196, ""logging_time"": 0.00011978810653090477, ""total_train_step_time"": 0.041325404308736324}",0.19612496439367533,0.02212061919271946
rollout_update,30208,3127.7008749152146,7.180292140289777,192354.2705855139,0.04092462966218591,"{""policy_inference_time"": 0.007219142280519009, ""env_step_time"": 0.032706646248698235, ""replay_insert_time"": 0.0006259270012378693, ""logging_time"": 0.00011828262358903885, ""total_train_step_time"": 0.04092462966218591}",0.19612496439367533,0.02212061919271946
rollout_update,30336,153.85370116131793,7.197880503969139,192336.52481649438,0.8319591861218214,"{""policy_inference_time"": 0.007106341887265444, ""env_step_time"": 0.03290519304573536, ""replay_insert_time"": 0.0006129629909992218, ""logging_time"": 0.00012310873717069626, ""total_train_step_time"": 0.8319591861218214}",0.19671657728031278,0.022265910170972347
rollout_update,30464,2960.498274609157,7.192551040964378,192336.52481649438,0.04323596507310867,"{""policy_inference_time"": 0.007337336894124746, ""env_step_time"": 0.03406170662492514, ""replay_insert_time"": 0.0013774177059531212, ""logging_time"": 0.00012410199269652367, ""total_train_step_time"": 0.04323596507310867}",0.19671657728031278,0.022265910170972347
rollout_update,30592,3056.648258293815,7.187396739872172,192336.52481649438,0.04187593376263976,"{""policy_inference_time"": 0.007544277235865593, ""env_step_time"": 0.033326521050184965, ""replay_insert_time"": 0.0006307889707386494, ""logging_time"": 0.00011920696124434471, ""total_train_step_time"": 0.04187593376263976}",0.19671657728031278,0.022265910170972347
rollout_update,30720,3060.0809516470017,7.182255590311337,192336.52481649438,0.04182895878329873,"{""policy_inference_time"": 0.007376446388661861, ""env_step_time"": 0.03344538202509284, ""replay_insert_time"": 0.0006183870136737823, ""logging_time"": 0.00011866074055433273, ""total_train_step_time"": 0.04182895878329873}",0.19671657728031278,0.022265910170972347
rollout_update,30848,155.26214029127718,7.200448290018633,192351.9942892757,0.8244121829047799,"{""policy_inference_time"": 0.007301175966858864, ""env_step_time"": 0.03303285874426365, ""replay_insert_time"": 0.0006144046783447266, ""logging_time"": 0.00012011593207716942, ""total_train_step_time"": 0.8244121829047799}",0.1946024908684194,0.021821256261318922
rollout_update,30976,3031.0778035232424,7.195324457466099,192351.9942892757,0.042229203041642904,"{""policy_inference_time"": 0.007105809170752764, ""env_step_time"": 0.03331063315272331, ""replay_insert_time"": 0.0014210049994289875, ""logging_time"": 0.00012313621118664742, ""total_train_step_time"": 0.042229203041642904}",0.1946024908684194,0.021821256261318922
rollout_update,31104,2825.863743621724,7.18983663211039,192351.9942892757,0.04529588529840112,"{""policy_inference_time"": 0.007108595222234726, ""env_step_time"": 0.03696715505793691, ""replay_insert_time"": 0.0007043089717626572, ""logging_time"": 0.0001825271174311638, ""total_train_step_time"": 0.04529588529840112}",0.1946024908684194,0.021821256261318922
rollout_update,31232,3112.3196684611553,7.184861148507443,192351.9942892757,0.041126880794763565,"{""policy_inference_time"": 0.0076637607999145985, ""env_step_time"": 0.032460734248161316, ""replay_insert_time"": 0.0006225090473890305, ""logging_time"": 0.00011734524741768837, ""total_train_step_time"": 0.041126880794763565}",0.1946024908684194,0.021821256261318922
rollout_update,31360,154.10746232098657,7.201992126247996,192357.62133516237,0.8305892399512231,"{""policy_inference_time"": 0.007054043002426624, ""env_step_time"": 0.03241391107439995, ""replay_insert_time"": 0.0006187581457197666, ""logging_time"": 0.0001166854053735733, ""total_train_step_time"": 0.8305892399512231}",0.1970081366598606,0.02297981083393097
rollout_update,31488,2911.554626028732,7.1967418293479515,192357.62133516237,0.04396276781335473,"{""policy_inference_time"": 0.007308962754905224, ""env_step_time"": 0.03474006010219455, ""replay_insert_time"": 0.0014886409044265747, ""logging_time"": 0.00014214683324098587, ""total_train_step_time"": 0.04396276781335473}",0.1970081366598606,0.02297981083393097
rollout_update,31616,3109.6819458747636,7.191832979091582,192357.62133516237,0.041161765810102224,"{""policy_inference_time"": 0.007170602213591337, ""env_step_time"": 0.032974226865917444, ""replay_insert_time"": 0.0006390097551047802, ""logging_time"": 0.00011849077418446541, ""total_train_step_time"": 0.041161765810102224}",0.1970081366598606,0.02297981083393097
rollout_update,31744,3165.9627269088724,7.187017907347696,192357.62133516237,0.04043004009872675,"{""policy_inference_time"": 0.007145063951611519, ""env_step_time"": 0.03230151906609535, ""replay_insert_time"": 0.000612843781709671, ""logging_time"": 0.00011770008131861687, ""total_train_step_time"": 0.04043004009872675}",0.1970081366598606,0.02297981083393097
rollout_update,31872,111.61146850889804,7.166828453608752,188398.92443335985,1.1468355511315167,"{""policy_inference_time"": 0.007300152909010649, ""env_step_time"": 0.03205254580825567, ""replay_insert_time"": 0.0006111199036240578, ""logging_time"": 0.0001177922822535038, ""total_train_step_time"": 1.1468355511315167}",0.19618220441043377,0.32909307116642594
rollout_update,32000,2964.2528309083514,7.16180265021104,188398.92443335985,0.04318120190873742,"{""policy_inference_time"": 0.0073235370218753815, ""env_step_time"": 0.034032145980745554, ""replay_insert_time"": 0.0014105429872870445, ""logging_time"": 0.00012828875333070755, ""total_train_step_time"": 0.04318120190873742}",0.19618220441043377,0.32909307116642594
rollout_update,32128,3099.612595587292,7.157002912486362,188398.92443335985,0.041295483242720366,"{""policy_inference_time"": 0.007383293937891722, ""env_step_time"": 0.03290841123089194, ""replay_insert_time"": 0.0006326581351459026, ""logging_time"": 0.00011714175343513489, ""total_train_step_time"": 0.041295483242720366}",0.19618220441043377,0.32909307116642594
rollout_update,32256,3177.7868756749513,7.152327443334718,188398.92443335985,0.04027960496023297,"{""policy_inference_time"": 0.0071712881326675415, ""env_step_time"": 0.03211055789142847, ""replay_insert_time"": 0.000619339756667614, ""logging_time"": 0.00011787191033363342, ""total_train_step_time"": 0.04027960496023297}",0.19618220441043377,0.32909307116642594
rollout_update,32384,154.63900511446414,7.169607696626864,188472.41837321734,0.827734244056046,"{""policy_inference_time"": 0.00711482297629118, ""env_step_time"": 0.03218136774376035, ""replay_insert_time"": 0.0006128051318228245, ""logging_time"": 0.00011644326150417328, ""total_train_step_time"": 0.827734244056046}",0.19628207106143236,0.022149472031742334
rollout_update,32512,3016.444575958879,7.164742139644585,188472.41837321734,0.04243406327441335,"{""policy_inference_time"": 0.007235968019813299, ""env_step_time"": 0.03339482471346855, ""replay_insert_time"": 0.0013826698996126652, ""logging_time"": 0.00014277920126914978, ""total_train_step_time"": 0.04243406327441335}",0.19628207106143236,0.022149472031742334
rollout_update,32640,3144.4976533973263,7.160080924206837,188472.41837321734,0.04070602497085929,"{""policy_inference_time"": 0.00731766689568758, ""env_step_time"": 0.032394698821008205, ""replay_insert_time"": 0.0006205011159181595, ""logging_time"": 0.00011599482968449593, ""total_train_step_time"": 0.04070602497085929}",0.19628207106143236,0.022149472031742334
rollout_update,32768,3189.8853468864263,7.15549196379498,188472.41837321734,0.04012683406472206,"{""policy_inference_time"": 0.007048516068607569, ""env_step_time"": 0.03210735088214278, ""replay_insert_time"": 0.0006012548692524433, ""logging_time"": 0.00011750636622309685, ""total_train_step_time"": 0.04012683406472206}",0.19628207106143236,0.022149472031742334
rollout_update,32896,155.0510509410417,7.172720588653515,188548.03638084367,0.8255345528014004,"{""policy_inference_time"": 0.006976562086492777, ""env_step_time"": 0.032111364882439375, ""replay_insert_time"": 0.0006051929667592049, ""logging_time"": 0.00012086983770132065, ""total_train_step_time"": 0.8255345528014004}",0.1948080831207335,0.022066097240895033
rollout_update,33024,3013.9268751388395,7.167921674000422,188548.03638084367,0.042469510808587074,"{""policy_inference_time"": 0.007188118062913418, ""env_step_time"": 0.033492536284029484, ""replay_insert_time"": 0.001389266923069954, ""logging_time"": 0.00012786919251084328, ""total_train_step_time"": 0.042469510808587074}",0.1948080831207335,0.022066097240895033
rollout_update,33152,3133.951270471882,7.163312602042215,188548.03638084367,0.040843009017407894,"{""policy_inference_time"": 0.007398108020424843, ""env_step_time"": 0.032453468069434166, ""replay_insert_time"": 0.0006134938448667526, ""logging_time"": 0.00012012291699647903, ""total_train_step_time"": 0.040843009017407894}",0.1948080831207335,0.022066097240895033
rollout_update,33280,3153.461923590398,7.158737915427839,188548.03638084367,0.04059031093493104,"{""policy_inference_time"": 0.0070396121591329575, ""env_step_time"": 0.03251805901527405, ""replay_insert_time"": 0.0006436421535909176, ""logging_time"": 0.00012383190914988518, ""total_train_step_time"": 0.04059031093493104}",0.1948080831207335,0.022066097240895033
rollout_update,33408,155.3269545625434,7.1758342926290135,188634.51745403928,0.82406817516312,"{""policy_inference_time"": 0.007374140899628401, ""env_step_time"": 0.03309730114415288, ""replay_insert_time"": 0.0006301300600171089, ""logging_time"": 0.00011803489178419113, ""total_train_step_time"": 0.82406817516312}",0.19475148618221283,0.02195738861337304
rollout_update,33536,3000.4041204874015,7.171082632503943,188634.51745403928,0.042660919949412346,"{""policy_inference_time"": 0.0071697901003062725, ""env_step_time"": 0.033693199045956135, ""replay_insert_time"": 0.0013948939740657806, ""logging_time"": 0.00012680422514677048, ""total_train_step_time"": 0.042660919949412346}",0.19475148618221283,0.02195738861337304
rollout_update,33664,3103.6523908145505,7.166495022931224,188634.51745403928,0.04124173196032643,"{""policy_inference_time"": 0.007419364061206579, ""env_step_time"": 0.03279055515304208, ""replay_insert_time"": 0.0006513260304927826, ""logging_time"": 0.00012056995183229446, ""total_train_step_time"": 0.04124173196032643}",0.19475148618221283,0.02195738861337304
rollout_update,33792,3160.6707248233897,7.161995881859811,188634.51745403928,0.040497733280062675,"{""policy_inference_time"": 0.007104478310793638, ""env_step_time"": 0.03238797793164849, ""replay_insert_time"": 0.0006255363114178181, ""logging_time"": 0.00012025563046336174, ""total_train_step_time"": 0.040497733280062675}",0.19475148618221283,0.02195738861337304
rollout_update,33920,154.25202646340935,7.178171997308009,188695.44525260018,0.8298108163289726,"{""policy_inference_time"": 0.007017441093921661, ""env_step_time"": 0.03221032069995999, ""replay_insert_time"": 0.0006030150689184666, ""logging_time"": 0.00011620204895734787, ""total_train_step_time"": 0.8298108163289726}",0.1956155369989574,0.022554027382284403
rollout_update,34048,3013.06734930934,7.173507834249598,188695.44525260018,0.04248162591829896,"{""policy_inference_time"": 0.00714437011629343, ""env_step_time"": 0.03355345316231251, ""replay_insert_time"": 0.00136910704895854, ""logging_time"": 0.00013729417696595192, ""total_train_step_time"": 0.04248162591829896}",0.1956155369989574,0.022554027382284403
rollout_update,34176,3082.837395070942,7.168955082763411,188695.44525260018,0.041520191822201014,"{""policy_inference_time"": 0.0071964566595852375, ""env_step_time"": 0.03332633199170232, ""replay_insert_time"": 0.0006231009028851986, ""logging_time"": 0.00011917902156710625, ""total_train_step_time"": 0.041520191822201014}",0.1956155369989574,0.022554027382284403
rollout_update,34304,3132.7200725427156,7.16448046338401,188695.44525260018,0.04085906082764268,"{""policy_inference_time"": 0.007270960137248039, ""env_step_time"": 0.03258532611653209, ""replay_insert_time"": 0.0006179078482091427, ""logging_time"": 0.00011694198474287987, ""total_train_step_time"": 0.04085906082764268}",0.1956155369989574,0.022554027382284403
rollout_update,34432,155.26326064547214,7.180977970394019,188767.60520082986,0.8244062340818346,"{""policy_inference_time"": 0.0070926048792898655, ""env_step_time"": 0.03236849419772625, ""replay_insert_time"": 0.0006105918437242508, ""logging_time"": 0.00011768331751227379, ""total_train_step_time"": 0.8244062340818346}",0.1948269736021757,0.021975608076900244
rollout_update,34560,2646.9885681829264,7.1757431542750645,188767.60520082986,0.04835683899000287,"{""policy_inference_time"": 0.010171741712838411, ""env_step_time"": 0.0362380719743669, ""replay_insert_time"": 0.0014679506421089172, ""logging_time"": 0.00012964801862835884, ""total_train_step_time"": 0.04835683899000287}",0.1948269736021757,0.021975608076900244
rollout_update,34688,3034.1786462223636,7.171182579985336,188767.60520082986,0.04218604601919651,"{""policy_inference_time"": 0.0076580108143389225, ""env_step_time"": 0.03350421506911516, ""replay_insert_time"": 0.0006389529444277287, ""logging_time"": 0.00012404890730977058, ""total_train_step_time"": 0.04218604601919651}",0.1948269736021757,0.021975608076900244
rollout_update,34816,3100.081410959205,7.1667245661527295,188767.60520082986,0.04128923825919628,"{""policy_inference_time"": 0.007298588287085295, ""env_step_time"": 0.032979875802993774, ""replay_insert_time"": 0.0006332411430776119, ""logging_time"": 0.00011954084038734436, ""total_train_step_time"": 0.04128923825919628}",0.1948269736021757,0.021975608076900244
rollout_update,34944,151.8088697196724,7.180956615136642,188723.15262979252,0.8431654898449779,"{""policy_inference_time"": 0.007257057819515467, ""env_step_time"": 0.03309455793350935, ""replay_insert_time"": 0.0006372709758579731, ""logging_time"": 0.00011991383507847786, ""total_train_step_time"": 0.8431654898449779}",0.1947616906836629,0.02246551588177681
rollout_update,35072,2940.606852076935,7.176312430099247,188723.15262979252,0.04352843016386032,"{""policy_inference_time"": 0.007223300635814667, ""env_step_time"": 0.03453940013423562, ""replay_insert_time"": 0.0013638241216540337, ""logging_time"": 0.000125151127576828, ""total_train_step_time"": 0.04352843016386032}",0.1947616906836629,0.02246551588177681
rollout_update,35200,3084.3180860996285,7.171890227352097,188723.15262979252,0.041500259190797806,"{""policy_inference_time"": 0.007270472124218941, ""env_step_time"": 0.03322734357789159, ""replay_insert_time"": 0.0006273947656154633, ""logging_time"": 0.00011854991316795349, ""total_train_step_time"": 0.041500259190797806}",0.1947616906836629,0.02246551588177681
rollout_update,35328,3111.359479576794,7.167511834765191,188723.15262979252,0.041139572858810425,"{""policy_inference_time"": 0.007094069849699736, ""env_step_time"": 0.03305903496220708, ""replay_insert_time"": 0.000615700613707304, ""logging_time"": 0.0001163058914244175, ""total_train_step_time"": 0.041139572858810425}",0.1947616906836629,0.02246551588177681
rollout_update,35456,154.7302050587226,7.183207904492833,188790.05927516887,0.8272463670000434,"{""policy_inference_time"": 0.00707768090069294, ""env_step_time"": 0.0326841720379889, ""replay_insert_time"": 0.0006027789786458015, ""logging_time"": 0.00011688098311424255, ""total_train_step_time"": 0.8272463670000434}",0.19526268262416124,0.02210541069507599
rollout_update,35584,2930.9784500535684,7.178612114361046,188790.05927516887,0.043671423103660345,"{""policy_inference_time"": 0.0071771349757909775, ""env_step_time"": 0.03465766878798604, ""replay_insert_time"": 0.0014235177077353, ""logging_time"": 0.00013626273721456528, ""total_train_step_time"": 0.043671423103660345}",0.19526268262416124,0.02210541069507599
rollout_update,35712,3113.3980505979284,7.174290970606531,188790.05927516887,0.041112635750323534,"{""policy_inference_time"": 0.007378050126135349, ""env_step_time"": 0.03272440331056714, ""replay_insert_time"": 0.0006300550885498524, ""logging_time"": 0.00012034503743052483, ""total_train_step_time"": 0.041112635750323534}",0.19526268262416124,0.02210541069507599
rollout_update,35840,3140.8651728452814,7.170012746702296,188790.05927516887,0.04075310239568353,"{""policy_inference_time"": 0.0071588726714253426, ""env_step_time"": 0.03260002098977566, ""replay_insert_time"": 0.0006181402131915092, ""logging_time"": 0.00011943327262997627, ""total_train_step_time"": 0.04075310239568353}",0.19526268262416124,0.02210541069507599
rollout_update,35968,146.71684704145326,7.180771977948025,188588.8929540013,0.8724287808872759,"{""policy_inference_time"": 0.0070624141953885555, ""env_step_time"": 0.032731648068875074, ""replay_insert_time"": 0.0006106151267886162, ""logging_time"": 0.0001215771771967411, ""total_train_step_time"": 0.8724287808872759}",0.2072338666766882,0.022265071980655193
rollout_update,36096,2978.9879927922852,7.176316876771456,188588.8929540013,0.04296761192381382,"{""policy_inference_time"": 0.0071592978201806545, ""env_step_time"": 0.034046310000121593, ""replay_insert_time"": 0.0013625272549688816, ""logging_time"": 0.00012751668691635132, ""total_train_step_time"": 0.04296761192381382}",0.2072338666766882,0.022265071980655193
rollout_update,36224,2560.052772656148,7.171139682617513,188588.8929540013,0.04999896930530667,"{""policy_inference_time"": 0.008997797966003418, ""env_step_time"": 0.03995222132652998, ""replay_insert_time"": 0.0006496771238744259, ""logging_time"": 0.0001211320050060749, ""total_train_step_time"": 0.04999896930530667}",0.2072338666766882,0.022265071980655193
rollout_update,36352,3107.045880886881,7.166879539381027,188588.8929540013,0.04119668807834387,"{""policy_inference_time"": 0.007485970854759216, ""env_step_time"": 0.03271403582766652, ""replay_insert_time"": 0.0006164018996059895, ""logging_time"": 0.00011912919580936432, ""total_train_step_time"": 0.04119668807834387}",0.2072338666766882,0.022265071980655193
rollout_update,36480,151.43450940304646,7.180302658910648,188589.18941583319,0.8452498740516603,"{""policy_inference_time"": 0.007121749222278595, ""env_step_time"": 0.033410126343369484, ""replay_insert_time"": 0.0006242142990231514, ""logging_time"": 0.00011841999366879463, ""total_train_step_time"": 0.8452498740516603}",0.19548894045874476,0.021991783287376165
rollout_update,36608,2910.7811253509885,7.175807103143298,188589.18941583319,0.04397445032373071,"{""policy_inference_time"": 0.007280702702701092, ""env_step_time"": 0.0347763616591692, ""replay_insert_time"": 0.0015099546872079372, ""logging_time"": 0.00012877210974693298, ""total_train_step_time"": 0.04397445032373071}",0.19548894045874476,0.021991783287376165
rollout_update,36736,2957.9946914309066,7.17138879433289,188589.18941583319,0.04327255906537175,"{""policy_inference_time"": 0.007479435298591852, ""env_step_time"": 0.034744907170534134, ""replay_insert_time"": 0.0006584008224308491, ""logging_time"": 0.00012393435463309288, ""total_train_step_time"": 0.04327255906537175}",0.19548894045874476,0.021991783287376165
rollout_update,36864,2856.1497055284945,7.166818668579538,188589.18941583319,0.044815578032284975,"{""policy_inference_time"": 0.010368491988629103, ""env_step_time"": 0.033432825934141874, ""replay_insert_time"": 0.0006324299611151218, ""logging_time"": 0.0001216549426317215, ""total_train_step_time"": 0.044815578032284975}",0.19548894045874476,0.021991783287376165
rollout_update,36992,154.2161790942462,7.181596651129067,188627.23908688792,0.8300037048757076,"{""policy_inference_time"": 0.007342746946960688, ""env_step_time"": 0.033078121952712536, ""replay_insert_time"": 0.0006351829506456852, ""logging_time"": 0.00012193899601697922, ""total_train_step_time"": 0.8300037048757076}",0.19551667384803295,0.022073598112910986
rollout_update,37120,2954.0161981221136,7.177225922690443,188627.23908688792,0.04333083890378475,"{""policy_inference_time"": 0.007182298228144646, ""env_step_time"": 0.03433568915352225, ""replay_insert_time"": 0.00141565827652812, ""logging_time"": 0.00012368010357022285, ""total_train_step_time"": 0.04333083890378475}",0.19551667384803295,0.022073598112910986
rollout_update,37248,3130.80342957252,7.173106871520956,188627.23908688792,0.0408840742893517,"{""policy_inference_time"": 0.007236178033053875, ""env_step_time"": 0.03264841716736555, ""replay_insert_time"": 0.000620321836322546, ""logging_time"": 0.00011924002319574356, ""total_train_step_time"": 0.0408840742893517}",0.19551667384803295,0.022073598112910986
rollout_update,37376,3156.702823875232,7.169026282612947,188627.23908688792,0.040548637975007296,"{""policy_inference_time"": 0.007007205858826637, ""env_step_time"": 0.03255780413746834, ""replay_insert_time"": 0.0006111199036240578, ""logging_time"": 0.00011678412556648254, ""total_train_step_time"": 0.040548637975007296}",0.19551667384803295,0.022073598112910986
rollout_update,37504,154.54649896099102,7.183759918120408,188681.0737382468,0.8282296969555318,"{""policy_inference_time"": 0.007017297204583883, ""env_step_time"": 0.03302752738818526, ""replay_insert_time"": 0.0006202002987265587, ""logging_time"": 0.0001179189421236515, ""total_train_step_time"": 0.8282296969555318}",0.1947854091413319,0.022010481916368008
rollout_update,37632,2959.965376756023,7.179454286962882,188681.0737382468,0.04324374906718731,"{""policy_inference_time"": 0.00726708397269249, ""env_step_time"": 0.03408122109249234, ""replay_insert_time"": 0.0014821500517427921, ""logging_time"": 0.00013236794620752335, ""total_train_step_time"": 0.04324374906718731}",0.1947854091413319,0.022010481916368008
rollout_update,37760,3088.4273197116263,7.17533258775196,188681.0737382468,0.04144504200667143,"{""policy_inference_time"": 0.007319675758481026, ""env_step_time"": 0.03311195224523544, ""replay_insert_time"": 0.0006376192905008793, ""logging_time"": 0.00011840881779789925, ""total_train_step_time"": 0.04144504200667143}",0.1947854091413319,0.022010481916368008
rollout_update,37888,3093.3046610496413,7.171222106008646,188681.0737382468,0.041379693895578384,"{""policy_inference_time"": 0.007074655964970589, ""env_step_time"": 0.0332680600695312, ""replay_insert_time"": 0.0006553586572408676, ""logging_time"": 0.0001228759065270424, ""total_train_step_time"": 0.041379693895578384}",0.1947854091413319,0.022010481916368008
rollout_update,38016,154.54882100391686,7.18573962859488,188733.73567614527,0.8282172530889511,"{""policy_inference_time"": 0.007104516960680485, ""env_step_time"": 0.03315159631893039, ""replay_insert_time"": 0.0006300713866949081, ""logging_time"": 0.00011762185022234917, ""total_train_step_time"": 0.8282172530889511}",0.19499338511377573,0.02202777285128832
rollout_update,38144,2947.103295266757,7.1814704908741165,188733.73567614527,0.043432478327304125,"{""policy_inference_time"": 0.00725599005818367, ""env_step_time"": 0.03435105597600341, ""replay_insert_time"": 0.0014184792526066303, ""logging_time"": 0.0001284540630877018, ""total_train_step_time"": 0.043432478327304125}",0.19499338511377573,0.02202777285128832
rollout_update,38272,3097.415972137287,7.177413234379198,188733.73567614527,0.04132476914674044,"{""policy_inference_time"": 0.007286563981324434, ""env_step_time"": 0.033037635032087564, ""replay_insert_time"": 0.0006267093122005463, ""logging_time"": 0.00011796317994594574, ""total_train_step_time"": 0.04132476914674044}",0.19499338511377573,0.02202777285128832
rollout_update,38400,3113.7033947702002,7.173381746851264,188733.73567614527,0.041108604054898024,"{""policy_inference_time"": 0.0070917243137955666, ""env_step_time"": 0.033021196722984314, ""replay_insert_time"": 0.0006221728399395943, ""logging_time"": 0.00011831708252429962, ""total_train_step_time"": 0.041108604054898024}",0.19499338511377573,0.02202777285128832
rollout_update,38528,152.28661106690464,7.18649340218024,188748.48136914644,0.8405203786678612,"{""policy_inference_time"": 0.007094983011484146, ""env_step_time"": 0.03435827186331153, ""replay_insert_time"": 0.0006331559270620346, ""logging_time"": 0.00012138811871409416, ""total_train_step_time"": 0.8405203786678612}",0.19592798966914415,0.021857336163520813
rollout_update,38656,2938.020871992594,7.1822665018472085,188748.48136914644,0.04356674291193485,"{""policy_inference_time"": 0.007112567313015461, ""env_step_time"": 0.03463957225903869, ""replay_insert_time"": 0.0013988707214593887, ""logging_time"": 0.00013994285836815834, ""total_train_step_time"": 0.04356674291193485}",0.19592798966914415,0.021857336163520813
rollout_update,38784,2886.3940842919596,7.177969101526279,188748.48136914644,0.044345988892018795,"{""policy_inference_time"": 0.007497856859117746, ""env_step_time"": 0.03583100205287337, ""replay_insert_time"": 0.0006369366310536861, ""logging_time"": 0.0001200670376420021, ""total_train_step_time"": 0.044345988892018795}",0.19592798966914415,0.021857336163520813
rollout_update,38912,2942.2662336424437,7.173758300748768,188748.48136914644,0.043503880966454744,"{""policy_inference_time"": 0.007838493678718805, ""env_step_time"": 0.0346664572134614, ""replay_insert_time"": 0.0006288522854447365, ""logging_time"": 0.00011562975123524666, ""total_train_step_time"": 0.043503880966454744}",0.19592798966914415,0.021857336163520813
rollout_update,39040,153.42447052413257,7.18729319576737,188762.32747207754,0.8342867312021554,"{""policy_inference_time"": 0.007056763861328363, ""env_step_time"": 0.03349628811702132, ""replay_insert_time"": 0.0006086351349949837, ""logging_time"": 0.00011798785999417305, ""total_train_step_time"": 0.8342867312021554}",0.196546102873981,0.021685043815523386
rollout_update,39168,2961.5597323069214,7.183153378139556,188762.32747207754,0.043220468796789646,"{""policy_inference_time"": 0.00715918792411685, ""env_step_time"": 0.03431946411728859, ""replay_insert_time"": 0.0013534631580114365, ""logging_time"": 0.00012268219143152237, ""total_train_step_time"": 0.043220468796789646}",0.196546102873981,0.021685043815523386
rollout_update,39296,3127.6413007768974,7.179237783343074,188762.32747207754,0.04092540917918086,"{""policy_inference_time"": 0.007163486909121275, ""env_step_time"": 0.032762154936790466, ""replay_insert_time"": 0.000623027328401804, ""logging_time"": 0.00012108311057090759, ""total_train_step_time"": 0.04092540917918086}",0.196546102873981,0.021685043815523386
rollout_update,39424,3045.3383848283206,7.175220807166103,188762.32747207754,0.04203145392239094,"{""policy_inference_time"": 0.007053452078253031, ""env_step_time"": 0.033631606958806515, ""replay_insert_time"": 0.0007576057687401772, ""logging_time"": 0.00019183196127414703, ""total_train_step_time"": 0.04203145392239094}",0.196546102873981,0.021685043815523386
rollout_update,39552,153.0149604185476,7.188357171700526,188775.57551546392,0.8365195118822157,"{""policy_inference_time"": 0.007650226354598999, ""env_step_time"": 0.03315208666026592, ""replay_insert_time"": 0.0006071333773434162, ""logging_time"": 0.00011804606765508652, ""total_train_step_time"": 0.8365195118822157}",0.1969755059108138,0.022645883727818727
rollout_update,39680,2857.4782863989712,7.1841203748886295,188775.57551546392,0.044794741086661816,"{""policy_inference_time"": 0.007086062803864479, ""env_step_time"": 0.03595759207382798, ""replay_insert_time"": 0.0013574161566793919, ""logging_time"": 0.00012302491813898087, ""total_train_step_time"": 0.044794741086661816}",0.1969755059108138,0.022645883727818727
rollout_update,39808,2941.233035353242,7.180009005658162,188775.57551546392,0.04351916303858161,"{""policy_inference_time"": 0.0071735018864274025, ""env_step_time"": 0.03480537794530392, ""replay_insert_time"": 0.0009309109300374985, ""logging_time"": 0.000202203169465065, ""total_train_step_time"": 0.04351916303858161}",0.1969755059108138,0.022645883727818727
rollout_update,39936,2763.905065050451,7.175639022360038,188775.57551546392,0.04631128674373031,"{""policy_inference_time"": 0.009290980640798807, ""env_step_time"": 0.03601756878197193, ""replay_insert_time"": 0.0006195977330207825, ""logging_time"": 0.0001168660819530487, ""total_train_step_time"": 0.04631128674373031}",0.1969755059108138,0.022645883727818727
rollout_update,40064,146.37234462760435,7.185059270272726,188610.41413420017,0.8744821320287883,"{""policy_inference_time"": 0.0070540993474423885, ""env_step_time"": 0.03492841403931379, ""replay_insert_time"": 0.0006037917919456959, ""logging_time"": 0.0001629008911550045, ""total_train_step_time"": 0.8744821320287883}",0.20182737288996577,0.02183327404782176
rollout_update,40192,2775.2128609318615,7.180756094665921,188610.41413420017,0.04612258821725845,"{""policy_inference_time"": 0.007203075103461742, ""env_step_time"": 0.036409050691872835, ""replay_insert_time"": 0.0018386449664831161, ""logging_time"": 0.00022081565111875534, ""total_train_step_time"": 0.04612258821725845}",0.20182737288996577,0.02183327404782176
rollout_update,40320,2746.0399769441974,7.176412437415196,188610.41413420017,0.04661257704719901,"{""policy_inference_time"": 0.009396390989422798, ""env_step_time"": 0.03620147192850709, ""replay_insert_time"": 0.0006269742734730244, ""logging_time"": 0.00011634081602096558, ""total_train_step_time"": 0.04661257704719901}",0.20182737288996577,0.02183327404782176
rollout_update,40448,2954.2577714643458,7.172379633458233,188610.41413420017,0.04332729568704963,"{""policy_inference_time"": 0.00707449484616518, ""env_step_time"": 0.03527371725067496, ""replay_insert_time"": 0.0006111930124461651, ""logging_time"": 0.00011655502021312714, ""total_train_step_time"": 0.04332729568704963}",0.20182737288996577,0.02183327404782176
rollout_update,40576,149.76816750932554,7.183541000068873,188506.12534807593,0.8546542441472411,"{""policy_inference_time"": 0.007050303742289543, ""env_step_time"": 0.035111190751194954, ""replay_insert_time"": 0.001002809964120388, ""logging_time"": 0.0002278112806379795, ""total_train_step_time"": 0.8546542441472411}",0.1993278358131647,0.02279188483953476
rollout_update,40704,2856.634979587084,7.179414377129396,188506.12534807593,0.04480796493589878,"{""policy_inference_time"": 0.007381496950984001, ""env_step_time"": 0.035558855161070824, ""replay_insert_time"": 0.0014640940353274345, ""logging_time"": 0.00012845778837800026, ""total_train_step_time"": 0.04480796493589878}",0.1993278358131647,0.02279188483953476
rollout_update,40832,2953.871603203131,7.175428102950613,188506.12534807593,0.04333295999094844,"{""policy_inference_time"": 0.007753800135105848, ""env_step_time"": 0.03457713779062033, ""replay_insert_time"": 0.0006211460568010807, ""logging_time"": 0.00012033618986606598, ""total_train_step_time"": 0.04333295999094844}",0.1993278358131647,0.02279188483953476
rollout_update,40960,2925.2374982418164,7.171407297900455,188506.12534807593,0.04375713085755706,"{""policy_inference_time"": 0.0073715331964194775, ""env_step_time"": 0.03528944309800863, ""replay_insert_time"": 0.0007111127488315105, ""logging_time"": 0.00012370292097330093, ""total_train_step_time"": 0.04375713085755706}",0.1993278358131647,0.02279188483953476
rollout_update,41088,151.80914756798094,7.1834852821691495,188473.41462538482,0.8431639466434717,"{""policy_inference_time"": 0.008031407836824656, ""env_step_time"": 0.03417209582403302, ""replay_insert_time"": 0.0006453841924667358, ""logging_time"": 0.00011893408372998238, ""total_train_step_time"": 0.8431639466434717}",0.1963188350200653,0.022408047690987587
rollout_update,41216,2903.182539277255,7.179474948962778,188473.41462538482,0.04408954596146941,"{""policy_inference_time"": 0.0073758689686656, ""env_step_time"": 0.03485583467409015, ""replay_insert_time"": 0.0014458759687840939, ""logging_time"": 0.0001321611925959587, ""total_train_step_time"": 0.04408954596146941}",0.1963188350200653,0.022408047690987587
rollout_update,41344,3010.403284571248,7.175611689787032,188473.41462538482,0.042519220151007175,"{""policy_inference_time"": 0.007501067128032446, ""env_step_time"": 0.03401166386902332, ""replay_insert_time"": 0.0006255037151277065, ""logging_time"": 0.00012165354564785957, ""total_train_step_time"": 0.042519220151007175}",0.1963188350200653,0.022408047690987587
rollout_update,41472,3057.793708327955,7.171812363650069,188473.41462538482,0.041860247030854225,"{""policy_inference_time"": 0.0073393359780311584, ""env_step_time"": 0.03353466605767608, ""replay_insert_time"": 0.0006125490181148052, ""logging_time"": 0.00011470494791865349, ""total_train_step_time"": 0.041860247030854225}",0.1963188350200653,0.022408047690987587
rollout_update,41600,151.89344055571178,7.18378127116328,188507.16796395867,0.8426960343495011,"{""policy_inference_time"": 0.007223756983876228, ""env_step_time"": 0.03337346203625202, ""replay_insert_time"": 0.0006071347743272781, ""logging_time"": 0.00011810474097728729, ""total_train_step_time"": 0.8426960343495011}",0.20530245173722506,0.02204609988257289
rollout_update,41728,2725.6738051610305,7.17956163286422,188507.16796395867,0.04696086514741182,"{""policy_inference_time"": 0.007212550844997168, ""env_step_time"": 0.03780295513570309, ""replay_insert_time"": 0.0015269848518073559, ""logging_time"": 0.0001351390965282917, ""total_train_step_time"": 0.04696086514741182}",0.20530245173722506,0.02204609988257289
rollout_update,41856,2931.804406285569,7.175643114894203,188507.16796395867,0.04365911986678839,"{""policy_inference_time"": 0.008035883773118258, ""env_step_time"": 0.03459230391308665, ""replay_insert_time"": 0.0006488659419119358, ""logging_time"": 0.00012286566197872162, ""total_train_step_time"": 0.04365911986678839}",0.20530245173722506,0.02204609988257289
rollout_update,41984,3034.3683908691883,7.171861106638768,188507.16796395867,0.04218340804800391,"{""policy_inference_time"": 0.0074134161695837975, ""env_step_time"": 0.0337772062048316, ""replay_insert_time"": 0.0006182701326906681, ""logging_time"": 0.00011617038398981094, ""total_train_step_time"": 0.04218340804800391}",0.20530245173722506,0.02204609988257289
rollout_update,42112,153.0717891770655,7.184261383643902,188489.06166387838,0.8362089493311942,"{""policy_inference_time"": 0.007251989096403122, ""env_step_time"": 0.033565822057425976, ""replay_insert_time"": 0.0006188089028000832, ""logging_time"": 0.00011508259922266006, ""total_train_step_time"": 0.8362089493311942}",0.19611128605902195,0.022480948362499475
rollout_update,42240,2704.2508479353874,7.1800589873994065,188489.06166387838,0.04733288707211614,"{""policy_inference_time"": 0.00787758408114314, ""env_step_time"": 0.03738346928730607, ""replay_insert_time"": 0.0015348540619015694, ""logging_time"": 0.00018769316375255585, ""total_train_step_time"": 0.04733288707211614}",0.19611128605902195,0.022480948362499475
rollout_update,42368,2774.6265189714563,7.175967908978141,188489.06166387838,0.04613233497366309,"{""policy_inference_time"": 0.008227856829762459, ""env_step_time"": 0.03674884419888258, ""replay_insert_time"": 0.0007578916847705841, ""logging_time"": 0.000126522034406662, ""total_train_step_time"": 0.04613233497366309}",0.19611128605902195,0.022480948362499475
rollout_update,42496,2954.9027108396594,7.172130665718986,188489.06166387838,0.04331783903762698,"{""policy_inference_time"": 0.007904095109552145, ""env_step_time"": 0.03441566415131092, ""replay_insert_time"": 0.0006222953088581562, ""logging_time"": 0.00012064306065440178, ""total_train_step_time"": 0.04331783903762698}",0.19611128605902195,0.022480948362499475
rollout_update,42624,154.32287093478277,7.184975893986243,188535.06777205423,0.8294298779219389,"{""policy_inference_time"": 0.007106255739927292, ""env_step_time"": 0.03293214179575443, ""replay_insert_time"": 0.0006126291118562222, ""logging_time"": 0.00011970195919275284, ""total_train_step_time"": 0.8294298779219389}",0.19591542286798358,0.02219905285164714
rollout_update,42752,2910.5406309398754,7.181116880574079,188535.06777205423,0.04397808387875557,"{""policy_inference_time"": 0.0072610569186508656, ""env_step_time"": 0.034898238722234964, ""replay_insert_time"": 0.0014159921556711197, ""logging_time"": 0.00012811366468667984, ""total_train_step_time"": 0.04397808387875557}",0.19591542286798358,0.02219905285164714
rollout_update,42880,3093.6130398583246,7.17749001677706,188535.06777205423,0.04137556906789541,"{""policy_inference_time"": 0.007475334219634533, ""env_step_time"": 0.03289602091535926, ""replay_insert_time"": 0.0006281929090619087, ""logging_time"": 0.00011795805767178535, ""total_train_step_time"": 0.04137556906789541}",0.19591542286798358,0.02219905285164714
rollout_update,43008,3124.383840160907,7.17390248029211,188535.06777205423,0.04096807772293687,"{""policy_inference_time"": 0.0070627788081765175, ""env_step_time"": 0.03292532218620181, ""replay_insert_time"": 0.0006065648049116135, ""logging_time"": 0.00011791102588176727, ""total_train_step_time"": 0.04096807772293687}",0.19591542286798358,0.02219905285164714
rollout_update,43136,151.1649296830859,7.185077946103392,188501.65759535055,0.8467572489753366,"{""policy_inference_time"": 0.007045147940516472, ""env_step_time"": 0.036673211958259344, ""replay_insert_time"": 0.0006233970634639263, ""logging_time"": 0.00012516416609287262, ""total_train_step_time"": 0.8467572489753366}",0.1962265190668404,0.022790148854255676
rollout_update,43264,2815.6043989974537,7.181135679553529,188501.65759535055,0.045460931956768036,"{""policy_inference_time"": 0.007957362104207277, ""env_step_time"": 0.035700648091733456, ""replay_insert_time"": 0.0013992520980536938, ""logging_time"": 0.00013113580644130707, ""total_train_step_time"": 0.045460931956768036}",0.1962265190668404,0.022790148854255676
rollout_update,43392,3013.965044340042,7.177456775081995,188501.65759535055,0.042468972969800234,"{""policy_inference_time"": 0.007411516271531582, ""env_step_time"": 0.03406838281080127, ""replay_insert_time"": 0.0006165117956697941, ""logging_time"": 0.00011740019544959068, ""total_train_step_time"": 0.042468972969800234}",0.1962265190668404,0.022790148854255676
rollout_update,43520,3079.341688284565,7.173859624797966,188501.65759535055,0.0415673260577023,"{""policy_inference_time"": 0.00702223926782608, ""env_step_time"": 0.03357714833691716, ""replay_insert_time"": 0.0005992730148136616, ""logging_time"": 0.00011756876483559608, ""total_train_step_time"": 0.0415673260577023}",0.1962265190668404,0.022790148854255676
rollout_update,43648,151.40975221577835,7.185022722146823,188490.52138486566,0.845388081856072,"{""policy_inference_time"": 0.0070169479586184025, ""env_step_time"": 0.03437993535771966, ""replay_insert_time"": 0.0007333043031394482, ""logging_time"": 0.00019284430891275406, ""total_train_step_time"": 0.845388081856072}",0.19935954315587878,0.02301713079214096
rollout_update,43776,315.84739407174146,7.150436995032878,188490.52138486566,0.40525900293141603,"{""policy_inference_time"": 0.0073313224129378796, ""env_step_time"": 0.3960425276309252, ""replay_insert_time"": 0.0014723725616931915, ""logging_time"": 0.00013418076559901237, ""total_train_step_time"": 0.40525900293141603}",0.19935954315587878,0.02301713079214096
rollout_update,43904,2909.058352019018,7.146701920276097,188490.52138486566,0.04400049243122339,"{""policy_inference_time"": 0.008927171118557453, ""env_step_time"": 0.03407030599191785, ""replay_insert_time"": 0.0006277533248066902, ""logging_time"": 0.0001180991530418396, ""total_train_step_time"": 0.04400049243122339}",0.19935954315587878,0.02301713079214096
rollout_update,44032,3079.860914716693,7.1431775665642885,188490.52138486566,0.04156031832098961,"{""policy_inference_time"": 0.007167336996644735, ""env_step_time"": 0.033389321994036436, ""replay_insert_time"": 0.0006140191107988358, ""logging_time"": 0.00013281311839818954, ""total_train_step_time"": 0.04156031832098961}",0.19935954315587878,0.02301713079214096
rollout_update,44160,151.42186358221332,7.154475832848449,188483.8448689787,0.8453204641118646,"{""policy_inference_time"": 0.007890915963798761, ""env_step_time"": 0.03438390884548426, ""replay_insert_time"": 0.0006305607967078686, ""logging_time"": 0.00011666305363178253, ""total_train_step_time"": 0.8453204641118646}",0.19861851399764419,0.02275041677057743
rollout_update,44288,2858.871048769978,7.15071464193108,188483.8448689787,0.044772918336093426,"{""policy_inference_time"": 0.0072430637665092945, ""env_step_time"": 0.03573088115081191, ""replay_insert_time"": 0.0013997172936797142, ""logging_time"": 0.00012725964188575745, ""total_train_step_time"": 0.044772918336093426}",0.19861851399764419,0.02275041677057743
rollout_update,44416,3045.004035026631,7.1471869602109175,188483.8448689787,0.042036069091409445,"{""policy_inference_time"": 0.007304989267140627, ""env_step_time"": 0.033725971821695566, ""replay_insert_time"": 0.0006317831575870514, ""logging_time"": 0.00011809263378381729, ""total_train_step_time"": 0.042036069091409445}",0.19861851399764419,0.02275041677057743
rollout_update,44544,3061.4961782518044,7.143681732828681,188483.8448689787,0.041809622664004564,"{""policy_inference_time"": 0.007060474716126919, ""env_step_time"": 0.03372534504160285, ""replay_insert_time"": 0.0006448561325669289, ""logging_time"": 0.00012075481936335564, ""total_train_step_time"": 0.041809622664004564}",0.19861851399764419,0.02275041677057743
rollout_update,44672,150.3315217273542,7.154337764201944,188481.56902772203,0.8514515021815896,"{""policy_inference_time"": 0.007261042017489672, ""env_step_time"": 0.03378418879583478, ""replay_insert_time"": 0.0006411927752196789, ""logging_time"": 0.00011979136615991592, ""total_train_step_time"": 0.8514515021815896}",0.20263700000941753,0.02544248942285776
rollout_update,44800,714.6260324215623,7.139485700859672,188481.56902772203,0.17911466164514422,"{""policy_inference_time"": 0.007273468654602766, ""env_step_time"": 0.16977476608008146, ""replay_insert_time"": 0.0016414579004049301, ""logging_time"": 0.0001394650898873806, ""total_train_step_time"": 0.17911466164514422}",0.20263700000941753,0.02544248942285776
rollout_update,44928,2909.0752540890953,7.135846661619081,188481.56902772203,0.04400023678317666,"{""policy_inference_time"": 0.00898068305104971, ""env_step_time"": 0.03400810668244958, ""replay_insert_time"": 0.0006304830312728882, ""logging_time"": 0.00011929497122764587, ""total_train_step_time"": 0.04400023678317666}",0.20263700000941753,0.02544248942285776
rollout_update,45056,3008.616981327005,7.132331547836975,188481.56902772203,0.04254446504637599,"{""policy_inference_time"": 0.007142769172787666, ""env_step_time"": 0.03443133411929011, ""replay_insert_time"": 0.000598591286689043, ""logging_time"": 0.0001169620081782341, ""total_train_step_time"": 0.04254446504637599}",0.20263700000941753,0.02544248942285776
rollout_update,45184,149.2480985257618,7.142455739384112,188408.18284103434,0.8576323669403791,"{""policy_inference_time"": 0.007296327035874128, ""env_step_time"": 0.038516329135745764, ""replay_insert_time"": 0.0006479793228209019, ""logging_time"": 0.0001233881339430809, ""total_train_step_time"": 0.8576323669403791}",0.19845844199880958,0.022165011148899794
rollout_update,45312,2732.715022795697,7.138622291703472,188408.18284103434,0.04683986399322748,"{""policy_inference_time"": 0.007262508850544691, ""env_step_time"": 0.03765776287764311, ""replay_insert_time"": 0.0015097339637577534, ""logging_time"": 0.00013381335884332657, ""total_train_step_time"": 0.04683986399322748}",0.19845844199880958,0.022165011148899794
rollout_update,45440,334.9975048650355,7.107504276821172,188408.18284103434,0.3820923981256783,"{""policy_inference_time"": 0.007691646926105022, ""env_step_time"": 0.37336056819185615, ""replay_insert_time"": 0.0006603030487895012, ""logging_time"": 0.00012426963075995445, ""total_train_step_time"": 0.3820923981256783}",0.19845844199880958,0.022165011148899794
rollout_update,45568,2958.4663479532064,7.103997765582109,188408.18284103434,0.04326566029340029,"{""policy_inference_time"": 0.008742802776396275, ""env_step_time"": 0.0335170510224998, ""replay_insert_time"": 0.0006316201761364937, ""logging_time"": 0.00012050103396177292, ""total_train_step_time"": 0.04326566029340029}",0.19845844199880958,0.022165011148899794
rollout_update,45696,154.97996682561117,7.116793472049457,188464.01123498668,0.8259131978265941,"{""policy_inference_time"": 0.007159431930631399, ""env_step_time"": 0.03286592708900571, ""replay_insert_time"": 0.0006068688817322254, ""logging_time"": 0.00011990917846560478, ""total_train_step_time"": 0.8259131978265941}",0.19524258328601718,0.02213948918506503
rollout_update,45824,2991.0728065069648,7.1133547168146,188464.01123498668,0.042794010136276484,"{""policy_inference_time"": 0.0072494009509682655, ""env_step_time"": 0.03376835072413087, ""replay_insert_time"": 0.001371655147522688, ""logging_time"": 0.00012726197019219398, ""total_train_step_time"": 0.042794010136276484}",0.19524258328601718,0.02213948918506503
rollout_update,45952,3129.585036316237,7.110071261705646,188464.01123498668,0.04089999105781317,"{""policy_inference_time"": 0.007254044059664011, ""env_step_time"": 0.032654797192662954, ""replay_insert_time"": 0.0006125420331954956, ""logging_time"": 0.00011702720075845718, ""total_train_step_time"": 0.04089999105781317}",0.19524258328601718,0.02213948918506503
rollout_update,46080,3151.3072337577096,7.106813438276806,188464.01123498668,0.04061806434765458,"{""policy_inference_time"": 0.006990339141339064, ""env_step_time"": 0.032619127072393894, ""replay_insert_time"": 0.0006293798796832561, ""logging_time"": 0.00011782394722104073, ""total_train_step_time"": 0.04061806434765458}",0.19524258328601718,0.02213948918506503
rollout_update,46208,155.10072726555777,7.119498428891084,188516.08573314542,0.8252701470628381,"{""policy_inference_time"": 0.00717222411185503, ""env_step_time"": 0.0325144762173295, ""replay_insert_time"": 0.0006099767051637173, ""logging_time"": 0.00011729123070836067, ""total_train_step_time"": 0.8252701470628381}",0.19542860239744186,0.02201257087290287
rollout_update,46336,2551.681713305423,7.1155091039404255,188516.08573314542,0.05016299616545439,"{""policy_inference_time"": 0.007318546064198017, ""env_step_time"": 0.04090008698403835, ""replay_insert_time"": 0.0015033567324280739, ""logging_time"": 0.00015601003542542458, ""total_train_step_time"": 0.05016299616545439}",0.19542860239744186,0.02201257087290287
rollout_update,46464,3088.7464578984177,7.1122168051490915,188516.08573314542,0.04144075978547335,"{""policy_inference_time"": 0.007415195927023888, ""env_step_time"": 0.03300764597952366, ""replay_insert_time"": 0.0006407820619642735, ""logging_time"": 0.00011880602687597275, ""total_train_step_time"": 0.04144075978547335}",0.19542860239744186,0.02201257087290287
rollout_update,46592,3105.611221085399,7.108945405399897,188516.08573314542,0.04121571918949485,"{""policy_inference_time"": 0.007262063678354025, ""env_step_time"": 0.03295474871993065, ""replay_insert_time"": 0.0006260378286242485, ""logging_time"": 0.00012040697038173676, ""total_train_step_time"": 0.04121571918949485}",0.19542860239744186,0.02201257087290287
rollout_update,46720,152.9310180752476,7.120554610965425,188568.70431504137,0.8369786692783237,"{""policy_inference_time"": 0.007236266974359751, ""env_step_time"": 0.032846054062247276, ""replay_insert_time"": 0.0006354250945150852, ""logging_time"": 0.00012148497626185417, ""total_train_step_time"": 0.8369786692783237}",0.19962167833000422,0.02204391174018383
rollout_update,46848,808.5120511700726,7.108112166853595,188568.70431504137,0.158315512817353,"{""policy_inference_time"": 0.007430247962474823, ""env_step_time"": 0.14899710472673178, ""replay_insert_time"": 0.0014726580120623112, ""logging_time"": 0.0001321421004831791, ""total_train_step_time"": 0.158315512817353}",0.19962167833000422,0.02204391174018383
rollout_update,46976,2897.4304645545676,7.104647927317851,188568.70431504137,0.04417707398533821,"{""policy_inference_time"": 0.00934866489842534, ""env_step_time"": 0.03380169905722141, ""replay_insert_time"": 0.0006447434425354004, ""logging_time"": 0.00012145377695560455, ""total_train_step_time"": 0.04417707398533821}",0.19962167833000422,0.02204391174018383
rollout_update,47104,3007.5145540446592,7.101313681441672,188568.70431504137,0.042560060042887926,"{""policy_inference_time"": 0.0077918339520692825, ""env_step_time"": 0.03374486928805709, ""replay_insert_time"": 0.0006392230279743671, ""logging_time"": 0.0001245248131453991, ""total_train_step_time"": 0.042560060042887926}",0.19962167833000422,0.02204391174018383
rollout_update,47232,152.5584903518688,7.112696599834677,188586.741437576,0.8390224608592689,"{""policy_inference_time"": 0.007399817928671837, ""env_step_time"": 0.03336163982748985, ""replay_insert_time"": 0.0006746738217771053, ""logging_time"": 0.00012928061187267303, ""total_train_step_time"": 0.8390224608592689}",0.19849092094227672,0.022160474210977554
rollout_update,47360,2862.0062173310457,7.109222719836218,188586.741437576,0.04472387209534645,"{""policy_inference_time"": 0.007272888906300068, ""env_step_time"": 0.035534460097551346, ""replay_insert_time"": 0.0015103919431567192, ""logging_time"": 0.00012848805636167526, ""total_train_step_time"": 0.04472387209534645}",0.19849092094227672,0.022160474210977554
rollout_update,47488,3062.3590299944017,7.1059791823152345,188586.741437576,0.04179784236475825,"{""policy_inference_time"": 0.007408246863633394, ""env_step_time"": 0.03335477923974395, ""replay_insert_time"": 0.000653581228107214, ""logging_time"": 0.00011971127241849899, ""total_train_step_time"": 0.04179784236475825}",0.19849092094227672,0.022160474210977554
rollout_update,47616,3095.2611475207314,7.102773034413454,188586.741437576,0.041353538166731596,"{""policy_inference_time"": 0.007319645024836063, ""env_step_time"": 0.0330228628590703, ""replay_insert_time"": 0.0006380220875144005, ""logging_time"": 0.00011900113895535469, ""total_train_step_time"": 0.041353538166731596}",0.19849092094227672,0.022160474210977554
rollout_update,47744,154.16272463302383,7.114695316603367,188626.49466485454,0.8302915007807314,"{""policy_inference_time"": 0.007133489940315485, ""env_step_time"": 0.032812660560011864, ""replay_insert_time"": 0.000623553991317749, ""logging_time"": 0.00011912500485777855, ""total_train_step_time"": 0.8302915007807314}",0.19546618778258562,0.02219063276425004
rollout_update,47872,2991.411922070906,7.111405137169582,188626.49466485454,0.04278915887698531,"{""policy_inference_time"": 0.007185837719589472, ""env_step_time"": 0.03385291574522853, ""replay_insert_time"": 0.0013505816459655762, ""logging_time"": 0.00012673018500208855, ""total_train_step_time"": 0.04278915887698531}",0.19546618778258562,0.02219063276425004
rollout_update,48000,3125.1935006576737,7.108258651146056,188626.49466485454,0.04095746390521526,"{""policy_inference_time"": 0.007293299306184053, ""env_step_time"": 0.0326765519566834, ""replay_insert_time"": 0.0006199427880346775, ""logging_time"": 0.00011556083336472511, ""total_train_step_time"": 0.04095746390521526}",0.19546618778258562,0.02219063276425004
rollout_update,48128,3140.251917386983,7.105130016586294,188626.49466485454,0.040761061012744904,"{""policy_inference_time"": 0.007031163200736046, ""env_step_time"": 0.03271932573989034, ""replay_insert_time"": 0.0006220899522304535, ""logging_time"": 0.00011953199282288551, ""total_train_step_time"": 0.040761061012744904}",0.19546618778258562,0.02219063276425004
rollout_update,48256,153.23554981357896,7.116526905996355,188671.92044148207,0.8353153048083186,"{""policy_inference_time"": 0.007294200826436281, ""env_step_time"": 0.033423061948269606, ""replay_insert_time"": 0.0006831069476902485, ""logging_time"": 0.00012818491086363792, ""total_train_step_time"": 0.8353153048083186}",0.19592390209436417,0.02194058569148183
rollout_update,48384,2971.9353658384825,7.113248331693402,188671.92044148207,0.04306957731023431,"{""policy_inference_time"": 0.007213324774056673, ""env_step_time"": 0.034022894222289324, ""replay_insert_time"": 0.0014283978380262852, ""logging_time"": 0.00012861983850598335, ""total_train_step_time"": 0.04306957731023431}",0.19592390209436417,0.02194058569148183
rollout_update,48512,3133.305245050205,7.110141399129729,188671.92044148207,0.04085143003612757,"{""policy_inference_time"": 0.007136916276067495, ""env_step_time"": 0.03269905922934413, ""replay_insert_time"": 0.0006393538787961006, ""logging_time"": 0.00011767726391553879, ""total_train_step_time"": 0.04085143003612757}",0.19592390209436417,0.02194058569148183
rollout_update,48640,3121.5519644185792,7.107025496581224,188671.92044148207,0.04100524401292205,"{""policy_inference_time"": 0.007097267080098391, ""env_step_time"": 0.032876416109502316, ""replay_insert_time"": 0.0006491746753454208, ""logging_time"": 0.00012062396854162216, ""total_train_step_time"": 0.04100524401292205}",0.19592390209436417,0.02194058569148183
rollout_update,48768,155.05709177787796,7.119029679217069,188721.3247547976,0.8255023909732699,"{""policy_inference_time"": 0.007316315080970526, ""env_step_time"": 0.03294898709282279, ""replay_insert_time"": 0.0006301398389041424, ""logging_time"": 0.00011977273970842361, ""total_train_step_time"": 0.8255023909732699}",0.1944574718363583,0.021913463715463877
rollout_update,48896,2968.205469368395,7.115778881221672,188721.3247547976,0.04312369925901294,"{""policy_inference_time"": 0.007165046408772469, ""env_step_time"": 0.034135890658944845, ""replay_insert_time"": 0.0014204839244484901, ""logging_time"": 0.0001306207850575447, ""total_train_step_time"": 0.04312369925901294}",0.1944574718363583,0.021913463715463877
rollout_update,49024,3107.623889312486,7.112676695762491,188721.3247547976,0.04118902562186122,"{""policy_inference_time"": 0.00718263303861022, ""env_step_time"": 0.032987864688038826, ""replay_insert_time"": 0.0006409063935279846, ""logging_time"": 0.00012019975110888481, ""total_train_step_time"": 0.04118902562186122}",0.1944574718363583,0.021913463715463877
rollout_update,49152,3119.752098397694,7.109589258150663,188721.3247547976,0.041028901003301144,"{""policy_inference_time"": 0.007178452331572771, ""env_step_time"": 0.03283895179629326, ""replay_insert_time"": 0.0006305859424173832, ""logging_time"": 0.00012344121932983398, ""total_train_step_time"": 0.041028901003301144}",0.1944574718363583,0.021913463715463877
rollout_update,49280,154.57614820046172,7.121259696967047,188765.85346187855,0.8280708342790604,"{""policy_inference_time"": 0.007204075809568167, ""env_step_time"": 0.03311258181929588, ""replay_insert_time"": 0.000635041855275631, ""logging_time"": 0.00012231571599841118, ""total_train_step_time"": 0.8280708342790604}",0.19578146981075406,0.022048611659556627
rollout_update,49408,2837.1214712981405,7.117891709512404,188765.85346187855,0.04511615075170994,"{""policy_inference_time"": 0.007440775632858276, ""env_step_time"": 0.035737570375204086, ""replay_insert_time"": 0.0015270630829036236, ""logging_time"": 0.00013284804299473763, ""total_train_step_time"": 0.04511615075170994}",0.19578146981075406,0.022048611659556627
rollout_update,49536,2995.337293358919,7.114704558008064,188765.85346187855,0.042733083944767714,"{""policy_inference_time"": 0.008169917855411768, ""env_step_time"": 0.033523340709507465, ""replay_insert_time"": 0.0006448207423090935, ""logging_time"": 0.00012334482744336128, ""total_train_step_time"": 0.042733083944767714}",0.19578146981075406,0.022048611659556627
rollout_update,49664,3098.163768822294,7.1116258989380565,188765.85346187855,0.041314794681966305,"{""policy_inference_time"": 0.007244687993079424, ""env_step_time"": 0.03305670991539955, ""replay_insert_time"": 0.0006289109587669373, ""logging_time"": 0.0001222686842083931, ""total_train_step_time"": 0.041314794681966305}",0.19578146981075406,0.022048611659556627
rollout_update,49792,154.90314438595345,7.123292121225841,188810.35859205446,0.826322800014168,"{""policy_inference_time"": 0.0073511600494384766, ""env_step_time"": 0.032989158760756254, ""replay_insert_time"": 0.0006302283145487309, ""logging_time"": 0.00012015504762530327, ""total_train_step_time"": 0.826322800014168}",0.1948232757858932,0.022191502153873444
rollout_update,49920,2945.805152388332,7.1200795893942335,188810.35859205446,0.04345161793753505,"{""policy_inference_time"": 0.007317292969673872, ""env_step_time"": 0.03417283110320568, ""replay_insert_time"": 0.0015472848899662495, ""logging_time"": 0.00013382406905293465, ""total_train_step_time"": 0.04345161793753505}",0.1948232757858932,0.022191502153873444
rollout_update,50048,3036.413913778996,7.116965689824156,188810.35859205446,0.04215499060228467,"{""policy_inference_time"": 0.007464735768735409, ""env_step_time"": 0.03366387914866209, ""replay_insert_time"": 0.0006442018784582615, ""logging_time"": 0.00012187380343675613, ""total_train_step_time"": 0.04215499060228467}",0.1948232757858932,0.022191502153873444
rollout_update,50176,3101.058230009253,7.113919340224791,188810.35859205446,0.041276232339441776,"{""policy_inference_time"": 0.007315509952604771, ""env_step_time"": 0.03297181287780404, ""replay_insert_time"": 0.0006139380857348442, ""logging_time"": 0.00011894991621375084, ""total_train_step_time"": 0.041276232339441776}",0.1948232757858932,0.022191502153873444
rollout_update,50304,152.07715256679796,7.124326926055206,188816.27073490364,0.8416780419647694,"{""policy_inference_time"": 0.008310324978083372, ""env_step_time"": 0.033994656056165695, ""replay_insert_time"": 0.0006833169609308243, ""logging_time"": 0.00012695183977484703, ""total_train_step_time"": 0.8416780419647694}",0.19867261359468102,0.02280078222975135
rollout_update,50432,2872.4992494378607,7.121064763584162,188816.27073490364,0.044560499023646116,"{""policy_inference_time"": 0.00758826918900013, ""env_step_time"": 0.035078493878245354, ""replay_insert_time"": 0.0014865649864077568, ""logging_time"": 0.00013085594400763512, ""total_train_step_time"": 0.044560499023646116}",0.19867261359468102,0.02280078222975135
rollout_update,50560,2961.001987779461,7.117902958929665,188816.27073490364,0.04322860995307565,"{""policy_inference_time"": 0.007813819218426943, ""env_step_time"": 0.03437086287885904, ""replay_insert_time"": 0.0006641587242484093, ""logging_time"": 0.00012117205187678337, ""total_train_step_time"": 0.04322860995307565}",0.19867261359468102,0.02280078222975135
rollout_update,50688,3005.4173359997867,7.114790625376239,188816.27073490364,0.04258975898846984,"{""policy_inference_time"": 0.007498512044548988, ""env_step_time"": 0.03406254108995199, ""replay_insert_time"": 0.0006503709591925144, ""logging_time"": 0.00012288428843021393, ""total_train_step_time"": 0.04258975898846984}",0.19867261359468102,0.02280078222975135
rollout_update,50816,151.5281038460873,7.124866597999541,188790.80277417347,0.8447277881205082,"{""policy_inference_time"": 0.007499167695641518, ""env_step_time"": 0.03368687117472291, ""replay_insert_time"": 0.0006605330854654312, ""logging_time"": 0.000125036109238863, ""total_train_step_time"": 0.8447277881205082}",0.19945432571694255,0.022468033246695995
rollout_update,50944,2973.890088543253,7.121746629048224,188790.80277417347,0.04304126789793372,"{""policy_inference_time"": 0.007268158253282309, ""env_step_time"": 0.03400072082877159, ""replay_insert_time"": 0.0013757632113993168, ""logging_time"": 0.0001252898946404457, ""total_train_step_time"": 0.04304126789793372}",0.19945432571694255,0.022468033246695995
rollout_update,51072,3092.712723774456,7.1187491058413075,188790.80277417347,0.041387613862752914,"{""policy_inference_time"": 0.007316352799534798, ""env_step_time"": 0.03304255707189441, ""replay_insert_time"": 0.0006549381650984287, ""logging_time"": 0.00011859089136123657, ""total_train_step_time"": 0.041387613862752914}",0.19945432571694255,0.022468033246695995
rollout_update,51200,3121.0015773622113,7.1157812403335505,188790.80277417347,0.04101247526705265,"{""policy_inference_time"": 0.0070616151206195354, ""env_step_time"": 0.032977367751300335, ""replay_insert_time"": 0.0006022159941494465, ""logging_time"": 0.00011956924572587013, ""total_train_step_time"": 0.04101247526705265}",0.19945432571694255,0.022468033246695995
rollout_update,51328,150.69735168220598,7.125415825074369,188772.21136074938,0.8493845351040363,"{""policy_inference_time"": 0.00707557937130332, ""env_step_time"": 0.03259844612330198, ""replay_insert_time"": 0.0006103776395320892, ""logging_time"": 0.00012001674622297287, ""total_train_step_time"": 0.8493845351040363}",0.1992962770164013,0.022841029334813356
rollout_update,51456,2834.660144203708,7.122174576139436,188772.21136074938,0.04515532497316599,"{""policy_inference_time"": 0.0074537647888064384, ""env_step_time"": 0.03583741607144475, ""replay_insert_time"": 0.001469089649617672, ""logging_time"": 0.00012511201202869415, ""total_train_step_time"": 0.04515532497316599}",0.1992962770164013,0.022841029334813356
rollout_update,51584,2924.358240016573,7.119035558477978,188772.21136074938,0.043770287185907364,"{""policy_inference_time"": 0.007642421871423721, ""env_step_time"": 0.035022600553929806, ""replay_insert_time"": 0.0006743432022631168, ""logging_time"": 0.00012136809527873993, ""total_train_step_time"": 0.043770287185907364}",0.1992962770164013,0.022841029334813356
rollout_update,51712,2973.486708895663,7.115951101823443,188772.21136074938,0.04304710682481527,"{""policy_inference_time"": 0.007468488998711109, ""env_step_time"": 0.03447514399886131, ""replay_insert_time"": 0.0007011960260570049, ""logging_time"": 0.00012202607467770576, ""total_train_step_time"": 0.04304710682481527}",0.1992962770164013,0.022841029334813356
rollout_update,51840,149.92239768457753,7.125177694150765,188722.14785830124,0.8537750327959657,"{""policy_inference_time"": 0.0072981249541044235, ""env_step_time"": 0.03422045521438122, ""replay_insert_time"": 0.0007150052115321159, ""logging_time"": 0.00014751078560948372, ""total_train_step_time"": 0.8537750327959657}",0.199067787732929,0.023129659704864025
rollout_update,51968,2840.453777767706,7.1219749652868884,188722.14785830124,0.04506322229281068,"{""policy_inference_time"": 0.007696126122027636, ""env_step_time"": 0.03529531601816416, ""replay_insert_time"": 0.0016323910094797611, ""logging_time"": 0.00012914976105093956, ""total_train_step_time"": 0.04506322229281068}",0.199067787732929,0.023129659704864025
rollout_update,52096,3005.076089077527,7.118950332255685,188722.14785830124,0.04259459534659982,"{""policy_inference_time"": 0.007423226721584797, ""env_step_time"": 0.03410059725865722, ""replay_insert_time"": 0.0006793071515858173, ""logging_time"": 0.00013097329065203667, ""total_train_step_time"": 0.04259459534659982}",0.199067787732929,0.023129659704864025
rollout_update,52224,3038.7486511111133,7.115961740829658,188722.14785830124,0.04212260199710727,"{""policy_inference_time"": 0.007244109641760588, ""env_step_time"": 0.03384470380842686, ""replay_insert_time"": 0.0006622760556638241, ""logging_time"": 0.00011703139171004295, ""total_train_step_time"": 0.04212260199710727}",0.199067787732929,0.023129659704864025
rollout_update,52352,146.73543303137353,7.123793136294164,188626.96486827362,0.8723182762041688,"{""policy_inference_time"": 0.007485267706215382, ""env_step_time"": 0.034228814765810966, ""replay_insert_time"": 0.0006383960135281086, ""logging_time"": 0.00011996878311038017, ""total_train_step_time"": 0.8723182762041688}",0.2014194605872035,0.023069465067237616
rollout_update,52480,2813.5141761180553,7.1205923769504995,188626.96486827362,0.04549470590427518,"{""policy_inference_time"": 0.007607339881360531, ""env_step_time"": 0.03587793139740825, ""replay_insert_time"": 0.0015908782370388508, ""logging_time"": 0.0001332610845565796, ""total_train_step_time"": 0.04549470590427518}",0.2014194605872035,0.023069465067237616
rollout_update,52608,2875.9591301417095,7.117463896879711,188626.96486827362,0.044506891164928675,"{""policy_inference_time"": 0.007981088943779469, ""env_step_time"": 0.03549597319215536, ""replay_insert_time"": 0.0006481441669166088, ""logging_time"": 0.00012284889817237854, ""total_train_step_time"": 0.044506891164928675}",0.2014194605872035,0.023069465067237616
rollout_update,52736,2918.941539478353,7.114384172195932,188626.96486827362,0.043851512018591166,"{""policy_inference_time"": 0.007820386905223131, ""env_step_time"": 0.03487714612856507, ""replay_insert_time"": 0.0007042218931019306, ""logging_time"": 0.00016114301979541779, ""total_train_step_time"": 0.043851512018591166}",0.2014194605872035,0.023069465067237616
rollout_update,52864,149.35817096908005,7.123219415351543,188576.11305543353,0.857000317890197,"{""policy_inference_time"": 0.007554837968200445, ""env_step_time"": 0.03432558476924896, ""replay_insert_time"": 0.0007881219498813152, ""logging_time"": 0.00012041814625263214, ""total_train_step_time"": 0.857000317890197}",0.2015897249802947,0.022943733725696802
rollout_update,52992,2830.9932654227587,7.120069489662024,188576.11305543353,0.045213812962174416,"{""policy_inference_time"": 0.007566348183900118, ""env_step_time"": 0.03576084831729531, ""replay_insert_time"": 0.0014715231955051422, ""logging_time"": 0.00013140682131052017, ""total_train_step_time"": 0.045213812962174416}",0.2015897249802947,0.022943733725696802
rollout_update,53120,2895.724887522754,7.116992669998716,188576.11305543353,0.04420309420675039,"{""policy_inference_time"": 0.007909046951681376, ""env_step_time"": 0.03524769702926278, ""replay_insert_time"": 0.0006661666557192802, ""logging_time"": 0.0001205839216709137, ""total_train_step_time"": 0.04420309420675039}",0.2015897249802947,0.022943733725696802
rollout_update,53248,2902.1103273176304,7.1139252694643424,188576.11305543353,0.044105835258960724,"{""policy_inference_time"": 0.007700927089899778, ""env_step_time"": 0.03519347170367837, ""replay_insert_time"": 0.0007432089187204838, ""logging_time"": 0.00014638900756835938, ""total_train_step_time"": 0.044105835258960724}",0.2015897249802947,0.022943733725696802
rollout_update,53376,147.58116232683778,7.121967325710095,188518.31514810285,0.8673193650320172,"{""policy_inference_time"": 0.00772687466815114, ""env_step_time"": 0.03549789171665907, ""replay_insert_time"": 0.0007084677927196026, ""logging_time"": 0.0001268601045012474, ""total_train_step_time"": 0.8673193650320172}",0.203505324665457,0.02323588076978922
rollout_update,53504,2784.6635245627367,7.118796616116952,188518.31514810285,0.04596605617552996,"{""policy_inference_time"": 0.007437554188072681, ""env_step_time"": 0.03626504633575678, ""replay_insert_time"": 0.0017393240705132484, ""logging_time"": 0.00016271090134978294, ""total_train_step_time"": 0.04596605617552996}",0.203505324665457,0.02323588076978922
rollout_update,53632,2716.065312145254,7.115548755331449,188518.31514810285,0.04712699633091688,"{""policy_inference_time"": 0.009272141847759485, ""env_step_time"": 0.036833496298640966, ""replay_insert_time"": 0.0006294441409409046, ""logging_time"": 0.00012101186439394951, ""total_train_step_time"": 0.04712699633091688}",0.203505324665457,0.02323588076978922
rollout_update,53760,2896.478258397417,7.112505885354676,188518.31514810285,0.044191597029566765,"{""policy_inference_time"": 0.007955946028232574, ""env_step_time"": 0.03524658177047968, ""replay_insert_time"": 0.000615432858467102, ""logging_time"": 0.00011740485206246376, ""total_train_step_time"": 0.044191597029566765}",0.203505324665457,0.02323588076978922
rollout_update,53888,145.52513902494886,7.119645018581175,188414.4432407516,0.8795731160789728,"{""policy_inference_time"": 0.007340406067669392, ""env_step_time"": 0.03685074532404542, ""replay_insert_time"": 0.0007051532156765461, ""logging_time"": 0.00012191710993647575, ""total_train_step_time"": 0.8795731160789728}",0.2077413136139512,0.022875817958265543
rollout_update,54016,2679.619222741125,7.116383268737877,188414.4432407516,0.047767980955541134,"{""policy_inference_time"": 0.008054197300225496, ""env_step_time"": 0.03753334004431963, ""replay_insert_time"": 0.0017736610025167465, ""logging_time"": 0.00013082008808851242, ""total_train_step_time"": 0.047767980955541134}",0.2077413136139512,0.022875817958265543
rollout_update,54144,2743.64899454999,7.1132005233576265,188414.4432407516,0.04665319807827473,"{""policy_inference_time"": 0.008473977912217379, ""env_step_time"": 0.03716339776292443, ""replay_insert_time"": 0.0006396728567779064, ""logging_time"": 0.00011962000280618668, ""total_train_step_time"": 0.04665319807827473}",0.2077413136139512,0.022875817958265543
rollout_update,54272,2822.1205934124564,7.1101090051600435,188414.4432407516,0.04535596398636699,"{""policy_inference_time"": 0.007988266181200743, ""env_step_time"": 0.036321963649243116, ""replay_insert_time"": 0.0006644199602305889, ""logging_time"": 0.00012030918151140213, ""total_train_step_time"": 0.04535596398636699}",0.2077413136139512,0.022875817958265543
rollout_update,54400,144.69795241794588,7.1168589817419825,188284.4899234776,0.8846013220027089,"{""policy_inference_time"": 0.007813559845089912, ""env_step_time"": 0.03613490657880902, ""replay_insert_time"": 0.0006366269662976265, ""logging_time"": 0.00011982722207903862, ""total_train_step_time"": 0.8846013220027089}",0.20649589132517576,0.024087865371257067
rollout_update,54528,2655.4642499800125,7.113600873204983,188284.4899234776,0.04820249415934086,"{""policy_inference_time"": 0.007978546898812056, ""env_step_time"": 0.038177554961293936, ""replay_insert_time"": 0.001527868676930666, ""logging_time"": 0.00023982394486665726, ""total_train_step_time"": 0.04820249415934086}",0.20649589132517576,0.024087865371257067
rollout_update,54656,2814.808279089219,7.110529936991512,188284.4899234776,0.04547378979623318,"{""policy_inference_time"": 0.007920884992927313, ""env_step_time"": 0.03653298271819949, ""replay_insert_time"": 0.0006410679779946804, ""logging_time"": 0.00011984771117568016, ""total_train_step_time"": 0.04547378979623318}",0.20649589132517576,0.024087865371257067
rollout_update,54784,2817.5155160719532,7.107464597996854,188284.4899234776,0.04543009586632252,"{""policy_inference_time"": 0.008049105294048786, ""env_step_time"": 0.036296641919761896, ""replay_insert_time"": 0.0007092459127306938, ""logging_time"": 0.0001208847388625145, ""total_train_step_time"": 0.04543009586632252}",0.20649589132517576,0.024087865371257067
rollout_update,54912,145.2502788148365,7.114396761773294,188167.0454126451,0.8812375511042774,"{""policy_inference_time"": 0.007958725094795227, ""env_step_time"": 0.03565121488645673, ""replay_insert_time"": 0.0006129960529506207, ""logging_time"": 0.00012069800868630409, ""total_train_step_time"": 0.8812375511042774}",0.20555252116173506,0.02415058296173811
rollout_update,55040,2698.292055331546,7.111222216309789,188167.0454126451,0.04743741499260068,"{""policy_inference_time"": 0.007992265745997429, ""env_step_time"": 0.03759847208857536, ""replay_insert_time"": 0.001447511836886406, ""logging_time"": 0.00012822728604078293, ""total_train_step_time"": 0.04743741499260068}",0.20555252116173506,0.02415058296173811
rollout_update,55168,2816.999414726202,7.108184100429392,188167.0454126451,0.045438419096171856,"{""policy_inference_time"": 0.00793019076809287, ""env_step_time"": 0.03644140111282468, ""replay_insert_time"": 0.0006881151348352432, ""logging_time"": 0.00011983374133706093, ""total_train_step_time"": 0.045438419096171856}",0.20555252116173506,0.02415058296173811
rollout_update,55296,2859.6797969012646,7.105193865112463,188167.0454126451,0.044760256074368954,"{""policy_inference_time"": 0.007905478123575449, ""env_step_time"": 0.03587822522968054, ""replay_insert_time"": 0.0006099180318415165, ""logging_time"": 0.00011570099741220474, ""total_train_step_time"": 0.044760256074368954}",0.20555252116173506,0.02415058296173811
rollout_update,55424,143.8516020513761,7.1115108700386624,188051.40965746588,0.8898058705963194,"{""policy_inference_time"": 0.008062130305916071, ""env_step_time"": 0.03657103190198541, ""replay_insert_time"": 0.0008027688600122929, ""logging_time"": 0.00018795393407344818, ""total_train_step_time"": 0.8898058705963194}",0.21206255815923214,0.024153423961251974
rollout_update,55552,2679.52970565647,7.108345989715719,188051.40965746588,0.04776957677677274,"{""policy_inference_time"": 0.008113197982311249, ""env_step_time"": 0.037632586900144815, ""replay_insert_time"": 0.0016170837916433811, ""logging_time"": 0.00012939097359776497, ""total_train_step_time"": 0.04776957677677274}",0.21206255815923214,0.024153423961251974
rollout_update,55680,2814.623124377513,7.105335630400439,188051.40965746588,0.04547678120434284,"{""policy_inference_time"": 0.008025165181607008, ""env_step_time"": 0.03642933117225766, ""replay_insert_time"": 0.0006452267989516258, ""logging_time"": 0.00011985702440142632, ""total_train_step_time"": 0.04547678120434284}",0.21206255815923214,0.024153423961251974
rollout_update,55808,2795.7250806957995,7.102307496761862,188051.40965746588,0.04578418703749776,"{""policy_inference_time"": 0.007884831167757511, ""env_step_time"": 0.036647507920861244, ""replay_insert_time"": 0.0008370401337742805, ""logging_time"": 0.000154850073158741, ""total_train_step_time"": 0.04578418703749776}",0.21206255815923214,0.024153423961251974
rollout_update,55936,144.63460513260083,7.108904354009473,187937.95434706932,0.8849887610413134,"{""policy_inference_time"": 0.007861239835619926, ""env_step_time"": 0.03544396301731467, ""replay_insert_time"": 0.0007388796657323837, ""logging_time"": 0.0001200907863676548, ""total_train_step_time"": 0.8849887610413134}",0.21263323118910193,0.023990034125745296
rollout_update,56064,2599.792844870708,7.105674458459454,187937.95434706932,0.04923469200730324,"{""policy_inference_time"": 0.008031504228711128, ""env_step_time"": 0.03866733191534877, ""replay_insert_time"": 0.0019500041380524635, ""logging_time"": 0.00026735663414001465, ""total_train_step_time"": 0.04923469200730324}",0.21263323118910193,0.023990034125745296
rollout_update,56192,2846.708518378218,7.102727278266648,187937.95434706932,0.044964210130274296,"{""policy_inference_time"": 0.007993914186954498, ""env_step_time"": 0.035916770808398724, ""replay_insert_time"": 0.0006393012590706348, ""logging_time"": 0.00011940672993659973, ""total_train_step_time"": 0.044964210130274296}",0.21263323118910193,0.023990034125745296
rollout_update,56320,2760.917193398228,7.0996910777156,187937.95434706932,0.046361404936760664,"{""policy_inference_time"": 0.007992354687303305, ""env_step_time"": 0.036864493042230606, ""replay_insert_time"": 0.000717430841177702, ""logging_time"": 0.00019864598289132118, ""total_train_step_time"": 0.046361404936760664}",0.21263323118910193,0.023990034125745296
rollout_update,56448,148.6810545872807,7.107812948026075,187867.15994627154,0.860903229098767,"{""policy_inference_time"": 0.007800017949193716, ""env_step_time"": 0.03637739596888423, ""replay_insert_time"": 0.0007509728893637657, ""logging_time"": 0.00012233294546604156, ""total_train_step_time"": 0.860903229098767}",0.1999765709042549,0.02289899718016386
rollout_update,56576,2437.574234991767,7.104400276312308,187867.15994627154,0.05251122126355767,"{""policy_inference_time"": 0.012580618262290955, ""env_step_time"": 0.03792197210714221, ""replay_insert_time"": 0.0015973751433193684, ""logging_time"": 0.00013279588893055916, ""total_train_step_time"": 0.05251122126355767}",0.1999765709042549,0.02289899718016386
rollout_update,56704,2883.9069824223334,7.101518327007943,187867.15994627154,0.04438423318788409,"{""policy_inference_time"": 0.007843757048249245, ""env_step_time"": 0.03540114499628544, ""replay_insert_time"": 0.0007318910211324692, ""logging_time"": 0.00013533607125282288, ""total_train_step_time"": 0.04438423318788409}",0.1999765709042549,0.02289899718016386
rollout_update,56832,2940.5752369094384,7.098694186276999,187867.15994627154,0.043528898153454065,"{""policy_inference_time"": 0.0075381603091955185, ""env_step_time"": 0.03494878392666578, ""replay_insert_time"": 0.0006267479620873928, ""logging_time"": 0.00012087589129805565, ""total_train_step_time"": 0.043528898153454065}",0.1999765709042549,0.02289899718016386
rollout_update,56960,147.33357373451645,7.1062429263723805,187744.92892113794,0.86877686297521,"{""policy_inference_time"": 0.007540770340710878, ""env_step_time"": 0.03488259017467499, ""replay_insert_time"": 0.0006224480457603931, ""logging_time"": 0.00012027798220515251, ""total_train_step_time"": 0.86877686297521}",0.19984095916152,0.023020343389362097
rollout_update,57088,2746.8932997208085,7.103242735934508,187744.92892113794,0.04659809684380889,"{""policy_inference_time"": 0.007579809054732323, ""env_step_time"": 0.03713402105495334, ""replay_insert_time"": 0.0014523663558065891, ""logging_time"": 0.00014103995636105537, ""total_train_step_time"": 0.04659809684380889}",0.19984095916152,0.023020343389362097
rollout_update,57216,2860.467004806106,7.100364050325381,187744.92892113794,0.0447479379363358,"{""policy_inference_time"": 0.007891048211604357, ""env_step_time"": 0.035842930898070335, ""replay_insert_time"": 0.0006377869285643101, ""logging_time"": 0.00011911196634173393, ""total_train_step_time"": 0.0447479379363358}",0.19984095916152,0.023020343389362097
rollout_update,57344,2896.7367955039367,7.0975236971878015,187744.92892113794,0.04418765287846327,"{""policy_inference_time"": 0.007543875370174646, ""env_step_time"": 0.03549309307709336, ""replay_insert_time"": 0.0007241717539727688, ""logging_time"": 0.0001345970667898655, ""total_train_step_time"": 0.04418765287846327}",0.19984095916152,0.023020343389362097
rollout_update,57472,149.65546251982101,7.105873799789479,187719.25816496747,0.8552978811785579,"{""policy_inference_time"": 0.007397450041025877, ""env_step_time"": 0.035191996954381466, ""replay_insert_time"": 0.0006932239048182964, ""logging_time"": 0.00012328894808888435, ""total_train_step_time"": 0.8552978811785579}",0.1994964350014925,0.022517133969813585
rollout_update,57600,2828.5322516667043,7.102986241135352,187719.25816496747,0.04525315202772617,"{""policy_inference_time"": 0.007512187585234642, ""env_step_time"": 0.03595022391527891, ""replay_insert_time"": 0.0013923589140176773, ""logging_time"": 0.00012751389294862747, ""total_train_step_time"": 0.04525315202772617}",0.1994964350014925,0.022517133969813585
rollout_update,57728,2931.644593192127,7.100202467780735,187719.25816496747,0.04366149986162782,"{""policy_inference_time"": 0.007503729313611984, ""env_step_time"": 0.035142683889716864, ""replay_insert_time"": 0.0006398698315024376, ""logging_time"": 0.00011839298531413078, ""total_train_step_time"": 0.04366149986162782}",0.1994964350014925,0.022517133969813585
rollout_update,57856,2910.1609076086856,7.097400349132884,187719.25816496747,0.04398382222279906,"{""policy_inference_time"": 0.00761291803792119, ""env_step_time"": 0.03538097906857729, ""replay_insert_time"": 0.0006170580163598061, ""logging_time"": 0.00011867983266711235, ""total_train_step_time"": 0.04398382222279906}",0.1994964350014925,0.022517133969813585
rollout_update,57984,149.87688082857085,7.105757864775404,187685.12496905588,0.8540343199856579,"{""policy_inference_time"": 0.007402685005217791, ""env_step_time"": 0.034597455989569426, ""replay_insert_time"": 0.0006179851479828358, ""logging_time"": 0.00011681532487273216, ""total_train_step_time"": 0.8540343199856579}",0.20008314959704876,0.022993701044470072
rollout_update,58112,2750.9777333738443,7.102815063642248,187685.12496905588,0.04652891168370843,"{""policy_inference_time"": 0.007714593783020973, ""env_step_time"": 0.03681348683312535, ""replay_insert_time"": 0.0015519242733716965, ""logging_time"": 0.00013730674982070923, ""total_train_step_time"": 0.04652891168370843}",0.20008314959704876,0.022993701044470072
rollout_update,58240,2887.003514497719,7.1000131843082945,187685.12496905588,0.04433662770316005,"{""policy_inference_time"": 0.007741787936538458, ""env_step_time"": 0.03555238712579012, ""replay_insert_time"": 0.000658868346363306, ""logging_time"": 0.00012131407856941223, ""total_train_step_time"": 0.04433662770316005}",0.20008314959704876,0.022993701044470072
rollout_update,58368,2932.325053139462,7.097256769082032,187685.12496905588,0.043651368003338575,"{""policy_inference_time"": 0.007507534231990576, ""env_step_time"": 0.03512201318517327, ""replay_insert_time"": 0.0006260080263018608, ""logging_time"": 0.00012907525524497032, ""total_train_step_time"": 0.043651368003338575}",0.20008314959704876,0.022993701044470072
rollout_update,58496,150.04029344749023,7.10560078035243,187681.2530903962,0.8531041699461639,"{""policy_inference_time"": 0.007561626844108105, ""env_step_time"": 0.035590718034654856, ""replay_insert_time"": 0.0006439541466534138, ""logging_time"": 0.00012333737686276436, ""total_train_step_time"": 0.8531041699461639}",0.2128312406130135,0.021845821291208267
rollout_update,58624,2899.0537835734826,7.102832626646985,187681.2530903962,0.04415233712643385,"{""policy_inference_time"": 0.007064562290906906, ""env_step_time"": 0.03525910107418895, ""replay_insert_time"": 0.0014302488416433334, ""logging_time"": 0.00012553203850984573, ""total_train_step_time"": 0.04415233712643385}",0.2128312406130135,0.021845821291208267
rollout_update,58752,3075.4572785321043,7.100225224032263,187681.2530903962,0.041619827039539814,"{""policy_inference_time"": 0.007230119779706001, ""env_step_time"": 0.033400645945221186, ""replay_insert_time"": 0.0006191502325236797, ""logging_time"": 0.00011567305773496628, ""total_train_step_time"": 0.041619827039539814}",0.2128312406130135,0.021845821291208267
rollout_update,58880,3100.212527051782,7.0976405323347045,187681.2530903962,0.04128749202936888,"{""policy_inference_time"": 0.007019560318440199, ""env_step_time"": 0.03327726200222969, ""replay_insert_time"": 0.000620837789028883, ""logging_time"": 0.000115945003926754, ""total_train_step_time"": 0.04128749202936888}",0.2128312406130135,0.021845821291208267
rollout_update,59008,154.25671405341842,7.107360461286834,187721.07307654672,0.8297855998389423,"{""policy_inference_time"": 0.006950160954147577, ""env_step_time"": 0.03330639284104109, ""replay_insert_time"": 0.0006092800758779049, ""logging_time"": 0.00011737504974007607, ""total_train_step_time"": 0.8297855998389423}",0.19568574195727706,0.022122617810964584
rollout_update,59136,2840.3509325764185,7.104558079190451,187721.07307654672,0.045064853969961405,"{""policy_inference_time"": 0.007336123380810022, ""env_step_time"": 0.035972334910184145, ""replay_insert_time"": 0.0013599749654531479, ""logging_time"": 0.00012288708239793777, ""total_train_step_time"": 0.045064853969961405}",0.19568574195727706,0.022122617810964584
rollout_update,59264,2875.5884060556327,7.101792206116871,187721.07307654672,0.04451262904331088,"{""policy_inference_time"": 0.007307747844606638, ""env_step_time"": 0.035956927109509706, ""replay_insert_time"": 0.0008313157595694065, ""logging_time"": 0.00012752506881952286, ""total_train_step_time"": 0.04451262904331088}",0.19568574195727706,0.022122617810964584
rollout_update,59392,2802.973582619188,7.098956916436547,187721.07307654672,0.04566578892990947,"{""policy_inference_time"": 0.0074841598980128765, ""env_step_time"": 0.037175911013036966, ""replay_insert_time"": 0.0006316280923783779, ""logging_time"": 0.00012024072930216789, ""total_train_step_time"": 0.04566578892990947}",0.19568574195727706,0.022122617810964584
rollout_update,59520,155.6585022163928,7.109047040310886,187781.07809534733,0.8223129361867905,"{""policy_inference_time"": 0.007293413858860731, ""env_step_time"": 0.033912471029907465, ""replay_insert_time"": 0.0006174058653414249, ""logging_time"": 0.00011591287329792976, ""total_train_step_time"": 0.8223129361867905}",0.1949526541866362,0.02195312501862645
rollout_update,59648,2917.4758681154162,7.1063407386080435,187781.07809534733,0.04387354198843241,"{""policy_inference_time"": 0.007206346839666367, ""env_step_time"": 0.03484063409268856, ""replay_insert_time"": 0.0014261389151215553, ""logging_time"": 0.0001275097019970417, ""total_train_step_time"": 0.04387354198843241}",0.1949526541866362,0.02195312501862645
rollout_update,59776,3057.702481547802,7.103760468455615,187781.07809534733,0.041861495934426785,"{""policy_inference_time"": 0.007180132903158665, ""env_step_time"": 0.0337058468721807, ""replay_insert_time"": 0.000604341272264719, ""logging_time"": 0.00011571496725082397, ""total_train_step_time"": 0.041861495934426785}",0.1949526541866362,0.02195312501862645
rollout_update,59904,3109.8576080301914,7.101225298004848,187781.07809534733,0.0411594407632947,"{""policy_inference_time"": 0.006951222196221352, ""env_step_time"": 0.03324074624106288, ""replay_insert_time"": 0.0005970438942313194, ""logging_time"": 0.00011757807806134224, ""total_train_step_time"": 0.0411594407632947}",0.1949526541866362,0.02195312501862645
rollout_update,60032,155.95210408668538,7.111311687422587,187842.44504819563,0.8207648159004748,"{""policy_inference_time"": 0.006876504980027676, ""env_step_time"": 0.03339915303513408, ""replay_insert_time"": 0.0005998262204229832, ""logging_time"": 0.00011833431199193001, ""total_train_step_time"": 0.8207648159004748}",0.19293967681005597,0.021744575817137957
rollout_update,60160,2941.4457988631366,7.108648474895335,187842.44504819563,0.04351601516827941,"{""policy_inference_time"": 0.007101013790816069, ""env_step_time"": 0.03466566698625684, ""replay_insert_time"": 0.0013341130688786507, ""logging_time"": 0.00013638101518154144, ""total_train_step_time"": 0.04351601516827941}",0.19293967681005597,0.021744575817137957
rollout_update,60288,3063.537479263874,7.1060932762587194,187842.44504819563,0.04178176401183009,"{""policy_inference_time"": 0.007200776599347591, ""env_step_time"": 0.03358320286497474, ""replay_insert_time"": 0.0006255470216274261, ""logging_time"": 0.00011805770918726921, ""total_train_step_time"": 0.04178176401183009}",0.19293967681005597,0.021744575817137957
rollout_update,60416,3095.3917167529253,7.103566180836525,187842.44504819563,0.04135179379954934,"{""policy_inference_time"": 0.007012769114226103, ""env_step_time"": 0.03334259008988738, ""replay_insert_time"": 0.0006201821379363537, ""logging_time"": 0.00011952221393585205, ""total_train_step_time"": 0.04135179379954934}",0.19293967681005597,0.021744575817137957
rollout_update,60544,156.09605752054497,7.113600538893589,187895.89689727867,0.820007897913456,"{""policy_inference_time"": 0.006984872743487358, ""env_step_time"": 0.03350397106260061, ""replay_insert_time"": 0.0006053531542420387, ""logging_time"": 0.0001191277988255024, ""total_train_step_time"": 0.820007897913456}",0.1929887174628675,0.021783533040434122
rollout_update,60672,2942.480375097169,7.110958926841713,187895.89689727867,0.04350071493536234,"{""policy_inference_time"": 0.00712605519220233, ""env_step_time"": 0.034606772009283304, ""replay_insert_time"": 0.0013749212957918644, ""logging_time"": 0.00012429989874362946, ""total_train_step_time"": 0.04350071493536234}",0.1929887174628675,0.021783533040434122
rollout_update,60800,3093.7818073732265,7.108448322545984,187895.89689727867,0.04137331200763583,"{""policy_inference_time"": 0.007086177822202444, ""env_step_time"": 0.033295387867838144, ""replay_insert_time"": 0.0006192498840391636, ""logging_time"": 0.00011473707854747772, ""total_train_step_time"": 0.04137331200763583}",0.1929887174628675,0.021783533040434122
rollout_update,60928,3109.1598964499804,7.105951894893408,187895.89689727867,0.041168677154928446,"{""policy_inference_time"": 0.006941591389477253, ""env_step_time"": 0.033251385204494, ""replay_insert_time"": 0.0006057177670300007, ""logging_time"": 0.00011587701737880707, ""total_train_step_time"": 0.041168677154928446}",0.1929887174628675,0.021783533040434122
rollout_update,61056,155.77982612870227,7.115788919945092,187954.9538727134,0.8216725052334368,"{""policy_inference_time"": 0.006976576987653971, ""env_step_time"": 0.03306753979995847, ""replay_insert_time"": 0.0005908277817070484, ""logging_time"": 0.00011648610234260559, ""total_train_step_time"": 0.8216725052334368}",0.19476312212646008,0.0217450181953609
rollout_update,61184,2907.901504369148,7.113136543308544,187954.9538727134,0.04401799710467458,"{""policy_inference_time"": 0.007106150966137648, ""env_step_time"": 0.035125217866152525, ""replay_insert_time"": 0.00138471694663167, ""logging_time"": 0.00012594601139426231, ""total_train_step_time"": 0.04401799710467458}",0.19476312212646008,0.0217450181953609
rollout_update,61312,3072.9380839177397,7.110628436630316,187954.9538727134,0.04165394697338343,"{""policy_inference_time"": 0.007343851961195469, ""env_step_time"": 0.03331273281946778, ""replay_insert_time"": 0.0006178049370646477, ""logging_time"": 0.0001168418675661087, ""total_train_step_time"": 0.04165394697338343}",0.19476312212646008,0.0217450181953609
rollout_update,61440,3080.866708651566,7.108128545862133,187954.9538727134,0.04154675034806132,"{""policy_inference_time"": 0.0073341913521289825, ""env_step_time"": 0.03321698494255543, ""replay_insert_time"": 0.0006203060038387775, ""logging_time"": 0.00011932710185647011, ""total_train_step_time"": 0.04154675034806132}",0.19476312212646008,0.0217450181953609
rollout_update,61568,156.94944213152723,7.118238386442203,188019.99126894522,0.8155492511577904,"{""policy_inference_time"": 0.006992044858634472, ""env_step_time"": 0.033040482085198164, ""replay_insert_time"": 0.0006040153093636036, ""logging_time"": 0.00011654011905193329, ""total_train_step_time"": 0.8155492511577904}",0.19288256065919995,0.02164989709854126
rollout_update,61696,2969.60366837001,7.115660784603442,188019.99126894522,0.04310339502990246,"{""policy_inference_time"": 0.007054935675114393, ""env_step_time"": 0.034350579138845205, ""replay_insert_time"": 0.0013011791743338108, ""logging_time"": 0.00012502213940024376, ""total_train_step_time"": 0.04310339502990246}",0.19288256065919995,0.02164989709854126
rollout_update,61824,3086.818925034749,7.11318282277217,188019.99126894522,0.041466637048870325,"{""policy_inference_time"": 0.007253662217408419, ""env_step_time"": 0.0332362400367856, ""replay_insert_time"": 0.0006057517603039742, ""logging_time"": 0.00011717993766069412, ""total_train_step_time"": 0.041466637048870325}",0.19288256065919995,0.02164989709854126
rollout_update,61952,3121.3096908069847,7.110733939420759,188019.99126894522,0.0410084268078208,"{""policy_inference_time"": 0.006961851846426725, ""env_step_time"": 0.03308390313759446, ""replay_insert_time"": 0.0005947649478912354, ""logging_time"": 0.0001153438352048397, ""total_train_step_time"": 0.0410084268078208}",0.19288256065919995,0.02164989709854126
rollout_update,62080,155.15351111507547,7.120186278244041,188055.06000711245,0.8249893868342042,"{""policy_inference_time"": 0.006871545687317848, ""env_step_time"": 0.03309512510895729, ""replay_insert_time"": 0.0005784919485449791, ""logging_time"": 0.00011533079668879509, ""total_train_step_time"": 0.8249893868342042}",0.19336586305871606,0.02183369779959321
rollout_update,62208,2556.755578072439,7.117215540179273,188055.06000711245,0.050063448026776314,"{""policy_inference_time"": 0.00764878187328577, ""env_step_time"": 0.04056333610787988, ""replay_insert_time"": 0.0014102756977081299, ""logging_time"": 0.00012795766815543175, ""total_train_step_time"": 0.050063448026776314}",0.19336586305871606,0.02183369779959321
rollout_update,62336,3012.645546028079,7.114696294364363,188055.06000711245,0.04248757380992174,"{""policy_inference_time"": 0.007567264139652252, ""env_step_time"": 0.03392306063324213, ""replay_insert_time"": 0.0006249528378248215, ""logging_time"": 0.00011932477355003357, ""total_train_step_time"": 0.04248757380992174}",0.19336586305871606,0.02183369779959321
rollout_update,62464,3061.3624521370302,7.112218878995902,188055.06000711245,0.041811448987573385,"{""policy_inference_time"": 0.00713035324588418, ""env_step_time"": 0.033682247158139944, ""replay_insert_time"": 0.0006254180334508419, ""logging_time"": 0.00011775922030210495, ""total_train_step_time"": 0.041811448987573385}",0.19336586305871606,0.02183369779959321
rollout_update,62592,155.58193903618383,7.121719901244952,188108.99824162037,0.8227176032960415,"{""policy_inference_time"": 0.007031820248812437, ""env_step_time"": 0.03353581391274929, ""replay_insert_time"": 0.000606051180511713, ""logging_time"": 0.00011573825031518936, ""total_train_step_time"": 0.8227176032960415}",0.19405416725203395,0.021847458090633154
rollout_update,62720,2617.943619571952,7.1188409076075185,188108.99824162037,0.04889333713799715,"{""policy_inference_time"": 0.007199658080935478, ""env_step_time"": 0.03980598784983158, ""replay_insert_time"": 0.0014679469168186188, ""logging_time"": 0.00014233822003006935, ""total_train_step_time"": 0.04889333713799715}",0.19405416725203395,0.021847458090633154
rollout_update,62848,2741.471731369469,7.116093810584495,188108.99824162037,0.04669024981558323,"{""policy_inference_time"": 0.007645957171916962, ""env_step_time"": 0.03785264911130071, ""replay_insert_time"": 0.0007434473372995853, ""logging_time"": 0.00013898080214858055, ""total_train_step_time"": 0.04669024981558323}",0.19405416725203395,0.021847458090633154
rollout_update,62976,2662.931742227252,7.113267905218272,188108.99824162037,0.04806732293218374,"{""policy_inference_time"": 0.008399162907153368, ""env_step_time"": 0.038561026100069284, ""replay_insert_time"": 0.0006833351217210293, ""logging_time"": 0.00013922620564699173, ""total_train_step_time"": 0.04806732293218374}",0.19405416725203395,0.021847458090633154
rollout_update,63104,148.43909510782436,7.120373370795501,188049.92014400632,0.8623065231367946,"{""policy_inference_time"": 0.008101304061710835, ""env_step_time"": 0.03860995685681701, ""replay_insert_time"": 0.0007017152383923531, ""logging_time"": 0.00012068776413798332, ""total_train_step_time"": 0.8623065231367946}",0.19985884660854936,0.02313887095078826
rollout_update,63232,2817.5355876119866,7.117720814859904,188049.92014400632,0.04542977223172784,"{""policy_inference_time"": 0.0074118212796747684, ""env_step_time"": 0.0362263391725719, ""replay_insert_time"": 0.0013896701857447624, ""logging_time"": 0.00012616626918315887, ""total_train_step_time"": 0.04542977223172784}",0.19985884660854936,0.02313887095078826
rollout_update,63360,2908.3460575570807,7.115152966615699,188049.92014400632,0.04401126876473427,"{""policy_inference_time"": 0.007430416066199541, ""env_step_time"": 0.03553082887083292, ""replay_insert_time"": 0.0006603202782571316, ""logging_time"": 0.0001257653348147869, ""total_train_step_time"": 0.04401126876473427}",0.19985884660854936,0.02313887095078826
rollout_update,63488,2979.757053033391,7.1126484439131925,188049.92014400632,0.042956522200256586,"{""policy_inference_time"": 0.007691490929573774, ""env_step_time"": 0.03428170410916209, ""replay_insert_time"": 0.0006119981408119202, ""logging_time"": 0.00011523580178618431, ""total_train_step_time"": 0.042956522200256586}",0.19985884660854936,0.02313887095078826
rollout_update,63616,154.22414702445315,7.121575077365506,188091.15082732635,0.829960823059082,"{""policy_inference_time"": 0.007178792729973793, ""env_step_time"": 0.0344478040933609, ""replay_insert_time"": 0.0006274511106312275, ""logging_time"": 0.00012001069262623787, ""total_train_step_time"": 0.829960823059082}",0.1967748450115323,0.02233035769313574
rollout_update,63744,2827.057550775139,7.1189517084331255,188091.15082732635,0.045276757795363665,"{""policy_inference_time"": 0.007347726263105869, ""env_step_time"": 0.03611398721113801, ""replay_insert_time"": 0.0014112158678472042, ""logging_time"": 0.00012908270582556725, ""total_train_step_time"": 0.045276757795363665}",0.1967748450115323,0.02233035769313574
rollout_update,63872,2943.7965536648785,7.116434190293185,188091.15082732635,0.04348126566037536,"{""policy_inference_time"": 0.007456707768142223, ""env_step_time"": 0.03502375492826104, ""replay_insert_time"": 0.0006254827603697777, ""logging_time"": 0.00011813733726739883, ""total_train_step_time"": 0.04348126566037536}",0.1967748450115323,0.02233035769313574
rollout_update,64000,2949.6184099997804,7.113923415820727,188091.15082732635,0.04339544381946325,"{""policy_inference_time"": 0.007145380135625601, ""env_step_time"": 0.035223611164838076, ""replay_insert_time"": 0.0006478168070316315, ""logging_time"": 0.0001196213997900486, ""total_train_step_time"": 0.04339544381946325}",0.1967748450115323,0.02233035769313574
rollout_update,64128,152.81134516667007,7.122330793253742,188100.5646493535,0.8376341420225799,"{""policy_inference_time"": 0.007384409196674824, ""env_step_time"": 0.034480445086956024, ""replay_insert_time"": 0.0006225691176950932, ""logging_time"": 0.00011892011389136314, ""total_train_step_time"": 0.8376341420225799}",0.19731762260198593,0.022282523103058338
rollout_update,64256,2865.8539013088653,7.119762911566783,188100.5646493535,0.04466382600367069,"{""policy_inference_time"": 0.007430389989167452, ""env_step_time"": 0.035396465100347996, ""replay_insert_time"": 0.0014160498976707458, ""logging_time"": 0.00012791575863957405, ""total_train_step_time"": 0.04466382600367069}",0.19731762260198593,0.022282523103058338
rollout_update,64384,2457.548358018779,7.116770730854517,188100.5646493535,0.052084427792578936,"{""policy_inference_time"": 0.007481653708964586, ""env_step_time"": 0.04356321087107062, ""replay_insert_time"": 0.0006522573530673981, ""logging_time"": 0.0001233159564435482, ""total_train_step_time"": 0.052084427792578936}",0.19731762260198593,0.022282523103058338
rollout_update,64512,2836.96185847682,7.114180754745085,188100.5646493535,0.04511868907138705,"{""policy_inference_time"": 0.009144026320427656, ""env_step_time"": 0.034911425318568945, ""replay_insert_time"": 0.0006686840206384659, ""logging_time"": 0.00012350687757134438, ""total_train_step_time"": 0.04511868907138705}",0.19731762260198593,0.022282523103058338
rollout_update,64640,155.04236725921666,7.1232083118095595,188144.58536684464,0.8255807897076011,"{""policy_inference_time"": 0.007337641902267933, ""env_step_time"": 0.034229370299726725, ""replay_insert_time"": 0.0006492580287158489, ""logging_time"": 0.00012046098709106445, ""total_train_step_time"": 0.8255807897076011}",0.1947864810936153,0.021888303104788065
rollout_update,64768,2884.526199259189,7.120676504660073,188144.58536684464,0.04437470529228449,"{""policy_inference_time"": 0.007250227965414524, ""env_step_time"": 0.03534778021275997, ""replay_insert_time"": 0.0013836761936545372, ""logging_time"": 0.00012460630387067795, ""total_train_step_time"": 0.04437470529228449}",0.1947864810936153,0.021888303104788065
rollout_update,64896,2995.82864026141,7.118240460531834,188144.58536684464,0.042726075276732445,"{""policy_inference_time"": 0.0074433512054383755, ""env_step_time"": 0.03428303496912122, ""replay_insert_time"": 0.0006234077736735344, ""logging_time"": 0.00011898810043931007, ""total_train_step_time"": 0.042726075276732445}",0.1947864810936153,0.021888303104788065
rollout_update,65024,3037.745087284614,7.115839662148145,188144.58536684464,0.04213651781901717,"{""policy_inference_time"": 0.007002778816968203, ""env_step_time"": 0.03415069589391351, ""replay_insert_time"": 0.0006089620292186737, ""logging_time"": 0.00011849403381347656, ""total_train_step_time"": 0.04213651781901717}",0.1947864810936153,0.021888303104788065
rollout_update,65152,155.06274863967704,7.124793934908931,188188.4861519473,0.8254722757264972,"{""policy_inference_time"": 0.0071886819787323475, ""env_step_time"": 0.03431883407756686, ""replay_insert_time"": 0.0006307591684162617, ""logging_time"": 0.00012081116437911987, ""total_train_step_time"": 0.8254722757264972}",0.1942418017424643,0.0218402617610991
rollout_update,65280,2882.1578104769897,7.12227871781177,188188.4861519473,0.044411169830709696,"{""policy_inference_time"": 0.007186687085777521, ""env_step_time"": 0.03544460702687502, ""replay_insert_time"": 0.0013789702206850052, ""logging_time"": 0.00012943334877490997, ""total_train_step_time"": 0.044411169830709696}",0.1942418017424643,0.0218402617610991
rollout_update,65408,3003.4069495310155,7.119866710571873,188188.4861519473,0.042618267238140106,"{""policy_inference_time"": 0.0073448121547698975, ""env_step_time"": 0.03426073957234621, ""replay_insert_time"": 0.0006386758759617805, ""logging_time"": 0.00011875014752149582, ""total_train_step_time"": 0.042618267238140106}",0.1942418017424643,0.0218402617610991
rollout_update,65536,3022.7078249680053,7.117471722231572,188188.4861519473,0.0423461371101439,"{""policy_inference_time"": 0.007116123102605343, ""env_step_time"": 0.03422167804092169, ""replay_insert_time"": 0.0006203409284353256, ""logging_time"": 0.00012023188173770905, ""total_train_step_time"": 0.0423461371101439}",0.1942418017424643,0.0218402617610991
rollout_update,65664,155.47319560584222,7.126470450331393,188233.06014188452,0.823293040972203,"{""policy_inference_time"": 0.007121060974895954, ""env_step_time"": 0.03406793577596545, ""replay_insert_time"": 0.0006367918103933334, ""logging_time"": 0.00012129591777920723, ""total_train_step_time"": 0.823293040972203}",0.19374666642397642,0.021812343038618565
rollout_update,65792,2920.720699525584,7.124006505458941,188233.06014188452,0.043824799824506044,"{""policy_inference_time"": 0.0071525657549500465, ""env_step_time"": 0.03497705329209566, ""replay_insert_time"": 0.0012962762266397476, ""logging_time"": 0.00012588687241077423, ""total_train_step_time"": 0.043824799824506044}",0.19374666642397642,0.021812343038618565
rollout_update,65920,3031.0619942025646,7.121633868178988,188233.06014188452,0.0422294232994318,"{""policy_inference_time"": 0.007229529786854982, ""env_step_time"": 0.03398711187765002, ""replay_insert_time"": 0.0006379261612892151, ""logging_time"": 0.00011997716501355171, ""total_train_step_time"": 0.0422294232994318}",0.19374666642397642,0.021812343038618565
rollout_update,66048,3045.5237240382166,7.1192740660602025,188233.06014188452,0.042028896044939756,"{""policy_inference_time"": 0.007068358827382326, ""env_step_time"": 0.0339617277495563, ""replay_insert_time"": 0.0006170771084725857, ""logging_time"": 0.00012025004252791405, ""total_train_step_time"": 0.042028896044939756}",0.19374666642397642,0.021812343038618565
rollout_update,66176,154.39037248590378,7.127871713531086,188269.6953496402,0.8290672400034964,"{""policy_inference_time"": 0.00709784310311079, ""env_step_time"": 0.033890414983034134, ""replay_insert_time"": 0.0006158500909805298, ""logging_time"": 0.00011749193072319031, ""total_train_step_time"": 0.8290672400034964}",0.1974004707299173,0.021896484773606062
rollout_update,66304,2907.7337976941712,7.125414833439779,188269.6953496402,0.04402053589001298,"{""policy_inference_time"": 0.007167699281126261, ""env_step_time"": 0.03508128225803375, ""replay_insert_time"": 0.0013641058467328548, ""logging_time"": 0.00014057336375117302, ""total_train_step_time"": 0.04402053589001298}",0.1974004707299173,0.021896484773606062
rollout_update,66432,3032.960792890486,7.123060984450932,188269.6953496402,0.042202985379844904,"{""policy_inference_time"": 0.00726219592615962, ""env_step_time"": 0.033968179021030664, ""replay_insert_time"": 0.0006016390398144722, ""logging_time"": 0.00011781509965658188, ""total_train_step_time"": 0.042202985379844904}",0.1974004707299173,0.021896484773606062
rollout_update,66560,3065.6057443964833,7.120733730988957,188269.6953496402,0.04175357520580292,"{""policy_inference_time"": 0.0069622620940208435, ""env_step_time"": 0.033782670740038157, ""replay_insert_time"": 0.0006279521621763706, ""logging_time"": 0.00011854991316795349, ""total_train_step_time"": 0.04175357520580292}",0.1974004707299173,0.021896484773606062
rollout_update,66688,115.3234188113375,7.11372505133238,186624.8544971784,1.1099220030009747,"{""policy_inference_time"": 0.007225640118122101, ""env_step_time"": 0.03380420198664069, ""replay_insert_time"": 0.0005996683612465858, ""logging_time"": 0.00011757900938391685, ""total_train_step_time"": 1.1099220030009747}",0.19510578783228993,0.021832593716681004
rollout_update,66816,2880.8820301686656,7.111273959149828,186624.8544971784,0.04443083703517914,"{""policy_inference_time"": 0.007212095893919468, ""env_step_time"": 0.03546385373920202, ""replay_insert_time"": 0.0013550030998885632, ""logging_time"": 0.00012619607150554657, ""total_train_step_time"": 0.04443083703517914}",0.19510578783228993,0.021832593716681004
rollout_update,66944,3001.4616834860303,7.108922924412495,186624.8544971784,0.04264588840305805,"{""policy_inference_time"": 0.007309296168386936, ""env_step_time"": 0.03433821862563491, ""replay_insert_time"": 0.0006240708753466606, ""logging_time"": 0.00011747796088457108, ""total_train_step_time"": 0.04264588840305805}",0.19510578783228993,0.021832593716681004
rollout_update,67072,3072.7563659907846,7.1066279392006075,186624.8544971784,0.041656410321593285,"{""policy_inference_time"": 0.007000179961323738, ""env_step_time"": 0.03367308201268315, ""replay_insert_time"": 0.0006113140843808651, ""logging_time"": 0.0001166192814707756, ""total_train_step_time"": 0.041656410321593285}",0.19510578783228993,0.021832593716681004
rollout_update,67200,154.65328157228024,7.115238176048016,186671.5298953641,0.8276578336954117,"{""policy_inference_time"": 0.006987282074987888, ""env_step_time"": 0.033591603860259056, ""replay_insert_time"": 0.0006092702969908714, ""logging_time"": 0.00011921301484107971, ""total_train_step_time"": 0.8276578336954117}",0.19563966989517212,0.021910032257437706
rollout_update,67328,2899.5375371610244,7.1128202637746725,186671.5298953641,0.04414497083052993,"{""policy_inference_time"": 0.0072317239828407764, ""env_step_time"": 0.035136536695063114, ""replay_insert_time"": 0.0013761920854449272, ""logging_time"": 0.0001276298426091671, ""total_train_step_time"": 0.04414497083052993}",0.19563966989517212,0.021910032257437706
rollout_update,67456,3000.1492439796634,7.110484998626092,186671.5298953641,0.04266454419121146,"{""policy_inference_time"": 0.007282798644155264, ""env_step_time"": 0.034380038268864155, ""replay_insert_time"": 0.0006248466670513153, ""logging_time"": 0.0001180088147521019, ""total_train_step_time"": 0.04266454419121146}",0.19563966989517212,0.021910032257437706
rollout_update,67584,2453.8492803551026,7.107631916534886,186671.5298953641,0.052162942942231894,"{""policy_inference_time"": 0.007134003099054098, ""env_step_time"": 0.04352239379659295, ""replay_insert_time"": 0.0009477231651544571, ""logging_time"": 0.0001867343671619892, ""total_train_step_time"": 0.052162942942231894}",0.19563966989517212,0.021910032257437706
rollout_update,67712,153.08207807718802,7.115710151089093,186723.6700638782,0.8361527463421226,"{""policy_inference_time"": 0.010468858759850264, ""env_step_time"": 0.036725723184645176, ""replay_insert_time"": 0.000616949051618576, ""logging_time"": 0.00011926889419555664, ""total_train_step_time"": 0.8361527463421226}",0.19481076020747423,0.02217524079605937
rollout_update,67840,2870.947353455811,7.113286201451712,186723.6700638782,0.044584586285054684,"{""policy_inference_time"": 0.0072602638974785805, ""env_step_time"": 0.035513732116669416, ""replay_insert_time"": 0.001410823781043291, ""logging_time"": 0.00012602517381310463, ""total_train_step_time"": 0.044584586285054684}",0.19481076020747423,0.02217524079605937
rollout_update,67968,3003.151661056618,7.110970502048921,186723.6700638782,0.04262189008295536,"{""policy_inference_time"": 0.0073027778416872025, ""env_step_time"": 0.03431859519332647, ""replay_insert_time"": 0.0006239865906536579, ""logging_time"": 0.0001198016107082367, ""total_train_step_time"": 0.04262189008295536}",0.19481076020747423,0.02217524079605937
rollout_update,68096,3045.112350789688,7.108688188491854,186723.6700638782,0.0420345738530159,"{""policy_inference_time"": 0.0071988957934081554, ""env_step_time"": 0.03383159497752786, ""replay_insert_time"": 0.0006189318373799324, ""logging_time"": 0.00013081170618534088, ""total_train_step_time"": 0.0420345738530159}",0.19481076020747423,0.02217524079605937
rollout_update,68224,154.4448042219454,7.117098934781692,186774.06891277156,0.8287750477902591,"{""policy_inference_time"": 0.007061570882797241, ""env_step_time"": 0.0338764819316566, ""replay_insert_time"": 0.0006102458573877811, ""logging_time"": 0.00011695222929120064, ""total_train_step_time"": 0.8287750477902591}",0.19727124134078622,0.021908307913690805
rollout_update,68352,2889.9500364752785,7.114707949639664,186774.06891277156,0.04429142316803336,"{""policy_inference_time"": 0.007308233063668013, ""env_step_time"": 0.035180028062313795, ""replay_insert_time"": 0.0014004148542881012, ""logging_time"": 0.0001293141394853592, ""total_train_step_time"": 0.04429142316803336}",0.19727124134078622,0.021908307913690805
rollout_update,68480,3031.0366595251658,7.112429754034023,186774.06891277156,0.04222977627068758,"{""policy_inference_time"": 0.00734666595235467, ""env_step_time"": 0.03389137610793114, ""replay_insert_time"": 0.0006184959784150124, ""logging_time"": 0.00011869380250573158, ""total_train_step_time"": 0.04222977627068758}",0.19727124134078622,0.021908307913690805
rollout_update,68608,3057.7399308089857,7.110172893417177,186774.06891277156,0.04186098324134946,"{""policy_inference_time"": 0.006950377952307463, ""env_step_time"": 0.03387225978076458, ""replay_insert_time"": 0.0006631519645452499, ""logging_time"": 0.00011999206617474556, ""total_train_step_time"": 0.04186098324134946}",0.19727124134078622,0.021908307913690805
rollout_update,68736,154.33183597074347,7.118481198545727,186817.0474351793,0.8293816968798637,"{""policy_inference_time"": 0.007298985030502081, ""env_step_time"": 0.03365733893588185, ""replay_insert_time"": 0.0006127571687102318, ""logging_time"": 0.00011824071407318115, ""total_train_step_time"": 0.8293816968798637}",0.19562016427516937,0.02191023388877511
rollout_update,68864,2846.1007738775493,7.116070430269545,186817.0474351793,0.044973811600357294,"{""policy_inference_time"": 0.007165218237787485, ""env_step_time"": 0.035997246857732534, ""replay_insert_time"": 0.0013411869294941425, ""logging_time"": 0.00019289925694465637, ""total_train_step_time"": 0.044973811600357294}",0.19562016427516937,0.02191023388877511
rollout_update,68992,3022.0566402460445,7.11380151883918,186817.0474351793,0.042355261743068695,"{""policy_inference_time"": 0.007301202043890953, ""env_step_time"": 0.03403940610587597, ""replay_insert_time"": 0.0006379173137247562, ""logging_time"": 0.00011835293844342232, ""total_train_step_time"": 0.042355261743068695}",0.19562016427516937,0.02191023388877511
rollout_update,69120,3057.6076209937464,7.111560409443676,186817.0474351793,0.041862794663757086,"{""policy_inference_time"": 0.006977499928325415, ""env_step_time"": 0.03389640199020505, ""replay_insert_time"": 0.0006187590770423412, ""logging_time"": 0.00011478178203105927, ""total_train_step_time"": 0.041862794663757086}",0.19562016427516937,0.02191023388877511
rollout_update,69248,153.81600423828544,7.119652447709448,186856.61289484453,0.8321630810387433,"{""policy_inference_time"": 0.006944579072296619, ""env_step_time"": 0.03450158378109336, ""replay_insert_time"": 0.0006139841862022877, ""logging_time"": 0.0001196158118546009, ""total_train_step_time"": 0.8321630810387433}",0.19431339157745242,0.02189927501603961
rollout_update,69376,2856.0897886323687,7.1172669817928815,186856.61289484453,0.04481651820242405,"{""policy_inference_time"": 0.0071115922182798386, ""env_step_time"": 0.03586840629577637, ""replay_insert_time"": 0.0014316597953438759, ""logging_time"": 0.00012811878696084023, ""total_train_step_time"": 0.04481651820242405}",0.19431339157745242,0.02189927501603961
rollout_update,69504,2912.796576581749,7.114929508138167,186856.61289484453,0.043944023083895445,"{""policy_inference_time"": 0.007766928058117628, ""env_step_time"": 0.0351562206633389, ""replay_insert_time"": 0.0006425818428397179, ""logging_time"": 0.00012135598808526993, ""total_train_step_time"": 0.043944023083895445}",0.19431339157745242,0.02189927501603961
rollout_update,69632,3016.4199153618256,7.112673790608938,186856.61289484453,0.04243441019207239,"{""policy_inference_time"": 0.007417650893330574, ""env_step_time"": 0.034006062895059586, ""replay_insert_time"": 0.0006353775970637798, ""logging_time"": 0.00012006470933556557, ""total_train_step_time"": 0.04243441019207239}",0.19431339157745242,0.02189927501603961
rollout_update,69760,154.80608766171528,7.120982474431017,186902.38308526378,0.8268408686853945,"{""policy_inference_time"": 0.007069156039506197, ""env_step_time"": 0.03359025437384844, ""replay_insert_time"": 0.0006105913780629635, ""logging_time"": 0.00011724233627319336, ""total_train_step_time"": 0.8268408686853945}",0.19458555104210973,0.02182510681450367
rollout_update,69888,2687.851891036228,7.1184653057588445,186902.38308526378,0.047621671576052904,"{""policy_inference_time"": 0.007119856309145689, ""env_step_time"": 0.0386222000233829, ""replay_insert_time"": 0.0014759311452507973, ""logging_time"": 0.00013032089918851852, ""total_train_step_time"": 0.047621671576052904}",0.19458555104210973,0.02182510681450367
rollout_update,70016,2978.519614461681,7.116195309560321,186902.38308526378,0.042974368669092655,"{""policy_inference_time"": 0.007329555228352547, ""env_step_time"": 0.03463580785319209, ""replay_insert_time"": 0.0006319750100374222, ""logging_time"": 0.0001173829659819603, ""total_train_step_time"": 0.042974368669092655}",0.19458555104210973,0.02182510681450367
rollout_update,70144,3050.808602444548,7.113980497245872,186902.38308526378,0.04195608990266919,"{""policy_inference_time"": 0.007227564230561256, ""env_step_time"": 0.033720668870955706, ""replay_insert_time"": 0.0006190589629113674, ""logging_time"": 0.0001317206770181656, ""total_train_step_time"": 0.04195608990266919}",0.19458555104210973,0.02182510681450367
rollout_update,70272,153.60394605283506,7.121882655253473,186927.47885411858,0.8333119251765311,"{""policy_inference_time"": 0.007092843297868967, ""env_step_time"": 0.03464991366490722, ""replay_insert_time"": 0.002614164724946022, ""logging_time"": 0.0005791313014924526, ""total_train_step_time"": 0.8333119251765311}",0.1945711155422032,0.02214304404333234
rollout_update,70400,2851.0262506652193,7.119526100540685,186927.47885411858,0.04489611415192485,"{""policy_inference_time"": 0.0071755340322852135, ""env_step_time"": 0.035907368175685406, ""replay_insert_time"": 0.0014171400107443333, ""logging_time"": 0.00012434087693691254, ""total_train_step_time"": 0.04489611415192485}",0.1945711155422032,0.02214304404333234
rollout_update,70528,3037.425660313885,7.117315580304755,186927.47885411858,0.04214094905182719,"{""policy_inference_time"": 0.007306593004614115, ""env_step_time"": 0.033837161026895046, ""replay_insert_time"": 0.0006272508762776852, ""logging_time"": 0.0001160777173936367, ""total_train_step_time"": 0.04214094905182719}",0.1945711155422032,0.02214304404333234
rollout_update,70656,3068.5078956854763,7.115128802852393,186927.47885411858,0.04171408526599407,"{""policy_inference_time"": 0.007036009803414345, ""env_step_time"": 0.033700650092214346, ""replay_insert_time"": 0.0006069913506507874, ""logging_time"": 0.00011727912351489067, ""total_train_step_time"": 0.04171408526599407}",0.1945711155422032,0.02214304404333234
rollout_update,70784,155.4468216448406,7.123483485637685,186980.08049247443,0.8234327253885567,"{""policy_inference_time"": 0.007009751163423061, ""env_step_time"": 0.0335778989829123, ""replay_insert_time"": 0.0006139790639281273, ""logging_time"": 0.00011636875569820404, ""total_train_step_time"": 0.8234327253885567}",0.1941632223315537,0.021890509873628616
rollout_update,70912,2902.0908098029972,7.121183999686006,186980.08049247443,0.04410613188520074,"{""policy_inference_time"": 0.007170006167143583, ""env_step_time"": 0.03516128892078996, ""replay_insert_time"": 0.0013821911998093128, ""logging_time"": 0.00012567872181534767, ""total_train_step_time"": 0.04410613188520074}",0.1941632223315537,0.021890509873628616
rollout_update,71040,3008.59053863309,7.118967318421925,186980.08049247443,0.0425448389723897,"{""policy_inference_time"": 0.007409194018691778, ""env_step_time"": 0.034155639819800854, ""replay_insert_time"": 0.0006136847659945488, ""logging_time"": 0.00011592777445912361, ""total_train_step_time"": 0.0425448389723897}",0.1941632223315537,0.021890509873628616
rollout_update,71168,3050.4945132962644,7.116782438519025,186980.08049247443,0.041960409842431545,"{""policy_inference_time"": 0.007021592929959297, ""env_step_time"": 0.0339646190404892, ""replay_insert_time"": 0.0006056707352399826, ""logging_time"": 0.00011650007218122482, ""total_train_step_time"": 0.041960409842431545}",0.1941632223315537,0.021890509873628616
rollout_update,71296,154.51384985753862,7.124811839393454,187019.13478487608,0.828404703643173,"{""policy_inference_time"": 0.00698183523491025, ""env_step_time"": 0.03375001484528184, ""replay_insert_time"": 0.000615416094660759, ""logging_time"": 0.00011667702347040176, ""total_train_step_time"": 0.828404703643173}",0.19516228418797255,0.022256207186728716
rollout_update,71424,2843.1594533909856,7.122480597433926,187019.13478487608,0.04502033814787865,"{""policy_inference_time"": 0.0072382730431854725, ""env_step_time"": 0.03591279312968254, ""replay_insert_time"": 0.0014632530510425568, ""logging_time"": 0.0001283278688788414, ""total_train_step_time"": 0.04502033814787865}",0.19516228418797255,0.022256207186728716
rollout_update,71552,3009.4934095884278,7.120279603628268,187019.13478487608,0.04253207519650459,"{""policy_inference_time"": 0.007397237233817577, ""env_step_time"": 0.03413518192246556, ""replay_insert_time"": 0.0006247260607779026, ""logging_time"": 0.00011832593008875847, ""total_train_step_time"": 0.04253207519650459}",0.19516228418797255,0.022256207186728716
rollout_update,71680,3046.0972949146853,7.118106393871244,187019.13478487608,0.04202098213136196,"{""policy_inference_time"": 0.007060396950691938, ""env_step_time"": 0.03397901589050889, ""replay_insert_time"": 0.0006118593737483025, ""logging_time"": 0.00011680787429213524, ""total_train_step_time"": 0.04202098213136196}",0.19516228418797255,0.022256207186728716
rollout_update,71808,155.25191192013696,7.126274966008273,187066.9706816536,0.8244664971716702,"{""policy_inference_time"": 0.006968663074076176, ""env_step_time"": 0.03409895393997431, ""replay_insert_time"": 0.0006100530736148357, ""logging_time"": 0.00011426722630858421, ""total_train_step_time"": 0.8244664971716702}",0.19491013698279858,0.02184423478320241
rollout_update,71936,2843.817164007396,7.123959837068769,187066.9706816536,0.045009925961494446,"{""policy_inference_time"": 0.007286062929779291, ""env_step_time"": 0.035943851340562105, ""replay_insert_time"": 0.0013835681602358818, ""logging_time"": 0.00012794509530067444, ""total_train_step_time"": 0.045009925961494446}",0.19491013698279858,0.02184423478320241
rollout_update,72064,2975.5643550093105,7.121748619013646,187066.9706816536,0.04301704978570342,"{""policy_inference_time"": 0.007404248230159283, ""env_step_time"": 0.03461859095841646, ""replay_insert_time"": 0.0006246538832783699, ""logging_time"": 0.00011736806482076645, ""total_train_step_time"": 0.04301704978570342}",0.19491013698279858,0.02184423478320241
rollout_update,72192,3026.3245331700873,7.119575827389941,187066.9706816536,0.04229552997276187,"{""policy_inference_time"": 0.007097142282873392, ""env_step_time"": 0.034207787830382586, ""replay_insert_time"": 0.0006201779469847679, ""logging_time"": 0.0001163301058113575, ""total_train_step_time"": 0.04229552997276187}",0.19491013698279858,0.02184423478320241
rollout_update,72320,152.43007694236778,7.12689978278762,187085.70915157846,0.8397292881272733,"{""policy_inference_time"": 0.006914266850799322, ""env_step_time"": 0.035980848129838705, ""replay_insert_time"": 0.0006660567596554756, ""logging_time"": 0.00012322096154093742, ""total_train_step_time"": 0.8397292881272733}",0.1968673737719655,0.02275531692430377
rollout_update,72448,2784.7911814085323,7.124551831121759,187085.70915157846,0.04596394905820489,"{""policy_inference_time"": 0.0073544480837881565, ""env_step_time"": 0.03581332182511687, ""replay_insert_time"": 0.001427534967660904, ""logging_time"": 0.0004890831187367439, ""total_train_step_time"": 0.04596394905820489}",0.1968673737719655,0.02275531692430377
rollout_update,72576,2728.3621895035076,7.12215691310628,187085.70915157846,0.04691459238529205,"{""policy_inference_time"": 0.009362863842397928, ""env_step_time"": 0.036485405173152685, ""replay_insert_time"": 0.0006408952176570892, ""logging_time"": 0.0001222090795636177, ""total_train_step_time"": 0.04691459238529205}",0.1968673737719655,0.02275531692430377
rollout_update,72704,3011.350196423955,7.119988444454366,187085.70915157846,0.042505850084125996,"{""policy_inference_time"": 0.007311559282243252, ""env_step_time"": 0.03419041680172086, ""replay_insert_time"": 0.000632402952760458, ""logging_time"": 0.0001179128885269165, ""total_train_step_time"": 0.042505850084125996}",0.1968673737719655,0.02275531692430377
rollout_update,72832,152.33862054493207,7.12723349992045,187128.29456709517,0.8402334190905094,"{""policy_inference_time"": 0.007120613008737564, ""env_step_time"": 0.033959702122956514, ""replay_insert_time"": 0.0006155832670629025, ""logging_time"": 0.00011871522292494774, ""total_train_step_time"": 0.8402334190905094}",0.1958205415867269,0.022000506054610014
rollout_update,72960,2869.172622703338,7.124970298226799,187128.29456709517,0.04461216414347291,"{""policy_inference_time"": 0.007270989008247852, ""env_step_time"": 0.03558084322139621, ""replay_insert_time"": 0.0013574939221143723, ""logging_time"": 0.0001256810501217842, ""total_train_step_time"": 0.04461216414347291}",0.1958205415867269,0.022000506054610014
rollout_update,73088,3013.781807947353,7.122817026036238,187128.29456709517,0.042471555061638355,"{""policy_inference_time"": 0.007331889122724533, ""env_step_time"": 0.03413328668102622, ""replay_insert_time"": 0.0006246152333915234, ""logging_time"": 0.0001191399060189724, ""total_train_step_time"": 0.042471555061638355}",0.1958205415867269,0.022000506054610014
rollout_update,73216,3038.1410739408684,7.120682303898423,187128.29456709517,0.042131025809794664,"{""policy_inference_time"": 0.007006088271737099, ""env_step_time"": 0.03414202528074384, ""replay_insert_time"": 0.0006114640273153782, ""logging_time"": 0.00011881394311785698, ""total_train_step_time"": 0.042131025809794664}",0.1958205415867269,0.022000506054610014
rollout_update,73344,155.0753553429916,7.128621041903846,187174.61610801826,0.8254051697440445,"{""policy_inference_time"": 0.006979553960263729, ""env_step_time"": 0.0339730647392571, ""replay_insert_time"": 0.000612504780292511, ""logging_time"": 0.00011766701936721802, ""total_train_step_time"": 0.8254051697440445}",0.19524902710691094,0.02202110318467021
rollout_update,73472,2856.1175952200315,7.126362403099942,187174.61610801826,0.04481608187779784,"{""policy_inference_time"": 0.007238159887492657, ""env_step_time"": 0.035730235278606415, ""replay_insert_time"": 0.0014400971122086048, ""logging_time"": 0.00012589991092681885, ""total_train_step_time"": 0.04481608187779784}",0.19524902710691094,0.02202110318467021
rollout_update,73600,2864.009722536839,7.124111413147688,187174.61610801826,0.044692585710436106,"{""policy_inference_time"": 0.007372542750090361, ""env_step_time"": 0.036265485920012, ""replay_insert_time"": 0.0006608306430280209, ""logging_time"": 0.00013000518083572388, ""total_train_step_time"": 0.044692585710436106}",0.19524902710691094,0.02202110318467021
rollout_update,73728,2982.7124298043213,7.121951343479813,187174.61610801826,0.0429139593616128,"{""policy_inference_time"": 0.007377706002444029, ""env_step_time"": 0.03452043095603585, ""replay_insert_time"": 0.0006401739083230495, ""logging_time"": 0.00011758366599678993, ""total_train_step_time"": 0.0429139593616128}",0.19524902710691094,0.02202110318467021
rollout_update,73856,154.5360691801228,7.129685051897511,187216.41256542323,0.8282855949364603,"{""policy_inference_time"": 0.007159804925322533, ""env_step_time"": 0.03432095982134342, ""replay_insert_time"": 0.0006067389622330666, ""logging_time"": 0.00011481205001473427, ""total_train_step_time"": 0.8282855949364603}",0.19439763482660055,0.021786010824143887
rollout_update,73984,2876.2052893345076,7.127456981045379,187216.41256542323,0.0445030820555985,"{""policy_inference_time"": 0.0071645211428403854, ""env_step_time"": 0.03557482501491904, ""replay_insert_time"": 0.0013663689605891705, ""logging_time"": 0.00012484192848205566, ""total_train_step_time"": 0.0445030820555985}",0.19439763482660055,0.021786010824143887
rollout_update,74112,3001.747202540427,7.1253234007183,187216.41256542323,0.042641832027584314,"{""policy_inference_time"": 0.00728599913418293, ""env_step_time"": 0.03435271931812167, ""replay_insert_time"": 0.0006293379701673985, ""logging_time"": 0.00011884234845638275, ""total_train_step_time"": 0.042641832027584314}",0.19439763482660055,0.021786010824143887
rollout_update,74240,3024.1748572557804,7.12320690609731,187216.41256542323,0.042325594928115606,"{""policy_inference_time"": 0.0072862496599555016, ""env_step_time"": 0.034049560315907, ""replay_insert_time"": 0.0006201518699526787, ""logging_time"": 0.00011724326759576797, ""total_train_step_time"": 0.042325594928115606}",0.19439763482660055,0.021786010824143887
rollout_update,74368,154.51350321987783,7.130875658095173,187248.02152724928,0.8284065620973706,"{""policy_inference_time"": 0.007144162897020578, ""env_step_time"": 0.03398102428764105, ""replay_insert_time"": 0.0006262846291065216, ""logging_time"": 0.00011999392881989479, ""total_train_step_time"": 0.8284065620973706}",0.19466085033491254,0.022051045671105385
rollout_update,74496,2838.474230664673,7.128632689362418,187248.02152724928,0.04509464930742979,"{""policy_inference_time"": 0.007215265650302172, ""env_step_time"": 0.03609216399490833, ""replay_insert_time"": 0.0013826750218868256, ""logging_time"": 0.0001288037747144699, ""total_train_step_time"": 0.04509464930742979}",0.19466085033491254,0.022051045671105385
rollout_update,74624,2964.6668826478026,7.126486515619081,187248.02152724928,0.0431751711294055,"{""policy_inference_time"": 0.007446511182934046, ""env_step_time"": 0.0347167169675231, ""replay_insert_time"": 0.0006351037882268429, ""logging_time"": 0.00011814618483185768, ""total_train_step_time"": 0.0431751711294055}",0.19466085033491254,0.022051045671105385
rollout_update,74752,2983.938454932302,7.124355482195102,187248.02152724928,0.04289632709696889,"{""policy_inference_time"": 0.007150718010962009, ""env_step_time"": 0.034757429268211126, ""replay_insert_time"": 0.0006139329634606838, ""logging_time"": 0.00011719483882188797, ""total_train_step_time"": 0.04289632709696889}",0.19466085033491254,0.022051045671105385
rollout_update,74880,154.6213902118313,7.131995208852177,187290.2809625471,0.8278285418637097,"{""policy_inference_time"": 0.007087689824402332, ""env_step_time"": 0.034247905015945435, ""replay_insert_time"": 0.0006145061925053596, ""logging_time"": 0.00011688098311424255, ""total_train_step_time"": 0.8278285418637097}",0.19486987264826894,0.022082148119807243
rollout_update,75008,2860.327583300625,7.12978381435261,187290.2809625471,0.04475011909380555,"{""policy_inference_time"": 0.00714391004294157, ""env_step_time"": 0.03578571602702141, ""replay_insert_time"": 0.0014186380431056023, ""logging_time"": 0.0001292368397116661, ""total_train_step_time"": 0.04475011909380555}",0.19486987264826894,0.022082148119807243
rollout_update,75136,2926.825067557436,7.1276239873266,187290.2809625471,0.04373339610174298,"{""policy_inference_time"": 0.007722187787294388, ""env_step_time"": 0.03499584598466754, ""replay_insert_time"": 0.000637649092823267, ""logging_time"": 0.00012041488662362099, ""total_train_step_time"": 0.04373339610174298}",0.19486987264826894,0.022082148119807243
rollout_update,75264,2992.8205723227165,7.125513052451093,187290.2809625471,0.04276901902630925,"{""policy_inference_time"": 0.007342842873185873, ""env_step_time"": 0.034426342230290174, ""replay_insert_time"": 0.0006235791370272636, ""logging_time"": 0.00011996272951364517, ""total_train_step_time"": 0.04276901902630925}",0.19486987264826894,0.022082148119807243
rollout_update,75392,149.4078850497594,7.1316773063871945,187302.80580254347,0.8567151590250432,"{""policy_inference_time"": 0.007125713862478733, ""env_step_time"": 0.03495061304420233, ""replay_insert_time"": 0.0006219060160219669, ""logging_time"": 0.00011999718844890594, ""total_train_step_time"": 0.8567151590250432}",0.19914950942620635,0.022224246058613062
rollout_update,75520,2878.820606919869,7.129495148986606,187302.80580254347,0.044462652411311865,"{""policy_inference_time"": 0.007175824139267206, ""env_step_time"": 0.03553842380642891, ""replay_insert_time"": 0.0013478822074830532, ""logging_time"": 0.00012456020340323448, ""total_train_step_time"": 0.044462652411311865}",0.19914950942620635,0.022224246058613062
rollout_update,75648,2996.66195768092,7.127400060482147,187302.80580254347,0.04271419392898679,"{""policy_inference_time"": 0.007337627932429314, ""env_step_time"": 0.03438574820756912, ""replay_insert_time"": 0.0006175660528242588, ""logging_time"": 0.00011859089136123657, ""total_train_step_time"": 0.04271419392898679}",0.19914950942620635,0.022224246058613062
rollout_update,75776,3041.663762734256,7.125337172874421,187302.80580254347,0.04208223195746541,"{""policy_inference_time"": 0.007105198688805103, ""env_step_time"": 0.033964174799621105, ""replay_insert_time"": 0.0006357813253998756, ""logging_time"": 0.00011891825124621391, ""total_train_step_time"": 0.04208223195746541}",0.19914950942620635,0.022224246058613062
rollout_update,75904,152.63038801657538,7.132342995088791,187332.41554793724,0.8386272331699729,"{""policy_inference_time"": 0.007119894027709961, ""env_step_time"": 0.03400397812947631, ""replay_insert_time"": 0.0006226231344044209, ""logging_time"": 0.00011661555618047714, ""total_train_step_time"": 0.8386272331699729}",0.19867185223847628,0.021992910653352737
rollout_update,76032,2776.14920776382,7.130094922195853,187332.41554793724,0.046107031870633364,"{""policy_inference_time"": 0.007175411097705364, ""env_step_time"": 0.03713342500850558, ""replay_insert_time"": 0.0013980641961097717, ""logging_time"": 0.00012604007497429848, ""total_train_step_time"": 0.046107031870633364}",0.19867185223847628,0.021992910653352737
rollout_update,76160,2698.128082277514,7.127783321057187,187332.41554793724,0.0474402979016304,"{""policy_inference_time"": 0.00824569072574377, ""env_step_time"": 0.038153552915900946, ""replay_insert_time"": 0.0006516529247164726, ""logging_time"": 0.00011900393292307854, ""total_train_step_time"": 0.0474402979016304}",0.19867185223847628,0.021992910653352737
rollout_update,76288,2909.138738663911,7.1256407282710885,187332.41554793724,0.04399927658960223,"{""policy_inference_time"": 0.007241519633680582, ""env_step_time"": 0.035764460917562246, ""replay_insert_time"": 0.0006166347302496433, ""logging_time"": 0.00012059230357408524, ""total_train_step_time"": 0.04399927658960223}",0.19867185223847628,0.021992910653352737
rollout_update,76416,154.55533114243224,7.13310446907686,187369.68377775248,0.8281823671422899,"{""policy_inference_time"": 0.007128382101655006, ""env_step_time"": 0.034362835343927145, ""replay_insert_time"": 0.0006059100851416588, ""logging_time"": 0.00011696387082338333, ""total_train_step_time"": 0.8281823671422899}",0.19554125424474478,0.021870786789804697
rollout_update,76544,2863.6264997521967,7.130939111566133,187369.68377775248,0.044698566664010286,"{""policy_inference_time"": 0.007204326801002026, ""env_step_time"": 0.03571939514949918, ""replay_insert_time"": 0.0013733399100601673, ""logging_time"": 0.0001278948038816452, ""total_train_step_time"": 0.044698566664010286}",0.19554125424474478,0.021870786789804697
rollout_update,76672,2976.483220657332,7.128857096493932,187369.68377775248,0.04300377005711198,"{""policy_inference_time"": 0.0074066598899662495, ""env_step_time"": 0.03458882914856076, ""replay_insert_time"": 0.0006268150173127651, ""logging_time"": 0.00011954596266150475, ""total_train_step_time"": 0.04300377005711198}",0.19554125424474478,0.021870786789804697
rollout_update,76800,3009.59170073368,7.126799181078321,187369.68377775248,0.042530686128884554,"{""policy_inference_time"": 0.007140669971704483, ""env_step_time"": 0.03438028786331415, ""replay_insert_time"": 0.0006208857521414757, ""logging_time"": 0.00011813826858997345, ""total_train_step_time"": 0.042530686128884554}",0.19554125424474478,0.021870786789804697
rollout_update,76928,147.6786192942814,7.132351674357287,187323.47456337058,0.8667469983920455,"{""policy_inference_time"": 0.007099982351064682, ""env_step_time"": 0.03446836490184069, ""replay_insert_time"": 0.0006173700094223022, ""logging_time"": 0.00011744583025574684, ""total_train_step_time"": 0.8667469983920455}",0.19975246395915747,0.023095968179404736
rollout_update,77056,2778.68668554762,7.130135387723067,187323.47456337058,0.046064927242696285,"{""policy_inference_time"": 0.0072104171849787235, ""env_step_time"": 0.037042851094156504, ""replay_insert_time"": 0.0014081671833992004, ""logging_time"": 0.00012749293819069862, ""total_train_step_time"": 0.046064927242696285}",0.19975246395915747,0.023095968179404736
rollout_update,77184,2741.1370807838534,7.127890146528037,187323.47456337058,0.04669594997540116,"{""policy_inference_time"": 0.007476175203919411, ""env_step_time"": 0.0372629570774734, ""replay_insert_time"": 0.001412925310432911, ""logging_time"": 0.00019610999152064323, ""total_train_step_time"": 0.04669594997540116}",0.19975246395915747,0.023095968179404736
rollout_update,77312,2847.903954951055,7.125730413702071,187323.47456337058,0.04494533594697714,"{""policy_inference_time"": 0.007368037942796946, ""env_step_time"": 0.036558079067617655, ""replay_insert_time"": 0.0006374870426952839, ""logging_time"": 0.0001194109208881855, ""total_train_step_time"": 0.04494533594697714}",0.19975246395915747,0.023095968179404736
rollout_update,77440,147.81573141362614,7.1312901627353265,187283.4134287854,0.8659430141560733,"{""policy_inference_time"": 0.0071251047775149345, ""env_step_time"": 0.03574222791939974, ""replay_insert_time"": 0.0006354912184178829, ""logging_time"": 0.00011963071301579475, ""total_train_step_time"": 0.8659430141560733}",0.19956211699172854,0.023024486377835274
rollout_update,77568,2740.655109936921,7.129058573561069,187283.4134287854,0.046704161912202835,"{""policy_inference_time"": 0.007239852100610733, ""env_step_time"": 0.037476975936442614, ""replay_insert_time"": 0.0015478739514946938, ""logging_time"": 0.00015212828293442726, ""total_train_step_time"": 0.046704161912202835}",0.19956211699172854,0.023024486377835274
rollout_update,77696,2710.9316710524863,7.126803935861692,187283.4134287854,0.04721623985096812,"{""policy_inference_time"": 0.009416005108505487, ""env_step_time"": 0.03672337532043457, ""replay_insert_time"": 0.0006779399700462818, ""logging_time"": 0.00012923870235681534, ""total_train_step_time"": 0.04721623985096812}",0.19956211699172854,0.023024486377835274
rollout_update,77824,2838.0833055860603,7.124651641597692,187283.4134287854,0.04510086076334119,"{""policy_inference_time"": 0.007686801720410585, ""env_step_time"": 0.03635299811139703, ""replay_insert_time"": 0.0006653000600636005, ""logging_time"": 0.00012475112453103065, ""total_train_step_time"": 0.04510086076334119}",0.19956211699172854,0.023024486377835274
rollout_update,77952,152.54294885810083,7.131454477974697,187301.41432925465,0.8391079427674413,"{""policy_inference_time"": 0.007619000039994717, ""env_step_time"": 0.03752579726278782, ""replay_insert_time"": 0.0006713410839438438, ""logging_time"": 0.00012112269178032875, ""total_train_step_time"": 0.8391079427674413}",0.1954516158439219,0.022111428901553154
rollout_update,78080,2834.876859397855,7.129311034788609,187301.41432925465,0.04515187302604318,"{""policy_inference_time"": 0.007263883017003536, ""env_step_time"": 0.03603998105973005, ""replay_insert_time"": 0.001437861006706953, ""logging_time"": 0.00013279728591442108, ""total_train_step_time"": 0.04515187302604318}",0.1954516158439219,0.022111428901553154
rollout_update,78208,2981.159078052616,7.127273962865798,187301.41432925465,0.04293631995096803,"{""policy_inference_time"": 0.007420456036925316, ""env_step_time"": 0.034490399062633514, ""replay_insert_time"": 0.000646157655864954, ""logging_time"": 0.00012147799134254456, ""total_train_step_time"": 0.04293631995096803}",0.1954516158439219,0.022111428901553154
rollout_update,78336,2950.2465692496876,7.125216728755945,187301.41432925465,0.04338620416820049,"{""policy_inference_time"": 0.007484827656298876, ""env_step_time"": 0.034889206290245056, ""replay_insert_time"": 0.0006376951932907104, ""logging_time"": 0.00011944863945245743, ""total_train_step_time"": 0.04338620416820049}",0.1954516158439219,0.022111428901553154
rollout_update,78464,153.60955326366036,7.132247673821843,187335.92491428883,0.8332815067842603,"{""policy_inference_time"": 0.007431470789015293, ""env_step_time"": 0.03460784489288926, ""replay_insert_time"": 0.0006530559621751308, ""logging_time"": 0.00011911708861589432, ""total_train_step_time"": 0.8332815067842603}",0.19731973065063357,0.022002409677952528
rollout_update,78592,2859.5146016480553,7.130136018063488,187335.92491428883,0.044762841891497374,"{""policy_inference_time"": 0.007138547953218222, ""env_step_time"": 0.035826303996145725, ""replay_insert_time"": 0.0013992567546665668, ""logging_time"": 0.00012609222903847694, ""total_train_step_time"": 0.044762841891497374}",0.19731973065063357,0.022002409677952528
rollout_update,78720,2984.1596773817428,7.128113736667989,187335.92491428883,0.042893147096037865,"{""policy_inference_time"": 0.007194214966148138, ""env_step_time"": 0.03470841236412525, ""replay_insert_time"": 0.0006199553608894348, ""logging_time"": 0.00011721905320882797, ""total_train_step_time"": 0.042893147096037865}",0.19731973065063357,0.022002409677952528
rollout_update,78848,2999.264831296397,7.126102778223485,187335.92491428883,0.042677124962210655,"{""policy_inference_time"": 0.007144277915358543, ""env_step_time"": 0.034544479101896286, ""replay_insert_time"": 0.0006191548891365528, ""logging_time"": 0.0001150546595454216, ""total_train_step_time"": 0.042677124962210655}",0.19731973065063357,0.022002409677952528
rollout_update,78976,154.6337297824584,7.13334315094741,187374.9073708785,0.8277624822221696,"{""policy_inference_time"": 0.007123884279280901, ""env_step_time"": 0.03425142681226134, ""replay_insert_time"": 0.0006082612089812756, ""logging_time"": 0.00011628307402133942, ""total_train_step_time"": 0.8277624822221696}",0.1951392823830247,0.02195203397423029
rollout_update,79104,2845.101959395693,7.131233842019771,187374.9073708785,0.04498960031196475,"{""policy_inference_time"": 0.007237582933157682, ""env_step_time"": 0.036017192993313074, ""replay_insert_time"": 0.0013387915678322315, ""logging_time"": 0.00012484705075621605, ""total_train_step_time"": 0.04498960031196475}",0.1951392823830247,0.02195203397423029
rollout_update,79232,2980.452374528267,7.129221485940799,187374.9073708785,0.042946500703692436,"{""policy_inference_time"": 0.007395670749247074, ""env_step_time"": 0.034547505900263786, ""replay_insert_time"": 0.0006309840828180313, ""logging_time"": 0.00011729495599865913, ""total_train_step_time"": 0.042946500703692436}",0.1951392823830247,0.02195203397423029
rollout_update,79360,3020.7369206249396,7.127237079443224,187374.9073708785,0.04237376619130373,"{""policy_inference_time"": 0.007184098940342665, ""env_step_time"": 0.03421184001490474, ""replay_insert_time"": 0.0006093927659094334, ""logging_time"": 0.00011573638767004013, ""total_train_step_time"": 0.04237376619130373}",0.1951392823830247,0.02195203397423029
rollout_update,79488,155.05726286320436,7.134531388018867,187416.1377089109,0.825501480139792,"{""policy_inference_time"": 0.007006916217505932, ""env_step_time"": 0.03421364724636078, ""replay_insert_time"": 0.0005921102128922939, ""logging_time"": 0.00011728005483746529, ""total_train_step_time"": 0.825501480139792}",0.19425673503428698,0.021931849885731936
rollout_update,79616,2900.5928199671966,7.132474994272989,187416.1377089109,0.044128910172730684,"{""policy_inference_time"": 0.00707325991243124, ""env_step_time"": 0.03534509614109993, ""replay_insert_time"": 0.0013215281069278717, ""logging_time"": 0.00012304307892918587, ""total_train_step_time"": 0.044128910172730684}",0.19425673503428698,0.021931849885731936
rollout_update,79744,2999.7314751065956,7.130487689647206,187416.1377089109,0.04267048602923751,"{""policy_inference_time"": 0.007255654316395521, ""env_step_time"": 0.03441527299582958, ""replay_insert_time"": 0.0006315950304269791, ""logging_time"": 0.00011588772758841515, ""total_train_step_time"": 0.04267048602923751}",0.19425673503428698,0.021931849885731936
rollout_update,79872,3047.000056001024,7.1285322958868145,187416.1377089109,0.0420085322111845,"{""policy_inference_time"": 0.006981873884797096, ""env_step_time"": 0.03403667686507106, ""replay_insert_time"": 0.0006161732599139214, ""logging_time"": 0.00011887773871421814, ""total_train_step_time"": 0.0420085322111845}",0.19425673503428698,0.021931849885731936
rollout_update,80000,155.1219941370415,7.1357904248277855,187454.50655021306,0.8251570044085383,"{""policy_inference_time"": 0.007273941300809383, ""env_step_time"": 0.03382897423580289, ""replay_insert_time"": 0.0006233933381736279, ""logging_time"": 0.00011852802708745003, ""total_train_step_time"": 0.8251570044085383}",0.19467439781874418,0.021966334898024797
rollout_update,80128,2899.702525514765,7.133745776859158,187454.50655021306,0.04414245905354619,"{""policy_inference_time"": 0.007042301818728447, ""env_step_time"": 0.03526214603334665, ""replay_insert_time"": 0.0014276490546762943, ""logging_time"": 0.0001281360164284706, ""total_train_step_time"": 0.04414245905354619}",0.19467439781874418,0.021966334898024797
rollout_update,80256,3028.5932866390795,7.131789242627047,187454.50655021306,0.042263845913112164,"{""policy_inference_time"": 0.00711120804771781, ""env_step_time"": 0.03415661817416549, ""replay_insert_time"": 0.0006234007887542248, ""logging_time"": 0.00011731591075658798, ""total_train_step_time"": 0.042263845913112164}",0.19467439781874418,0.021966334898024797
rollout_update,80384,2983.877461744789,7.129804485297865,187454.50655021306,0.04289720393717289,"{""policy_inference_time"": 0.007126021198928356, ""env_step_time"": 0.03474704688414931, ""replay_insert_time"": 0.000640220008790493, ""logging_time"": 0.0001228833571076393, ""total_train_step_time"": 0.04289720393717289}",0.19467439781874418,0.021966334898024797
rollout_update,80512,155.17946254448464,7.137025210181386,187495.57996411776,0.8248514197766781,"{""policy_inference_time"": 0.007352383807301521, ""env_step_time"": 0.03428398538380861, ""replay_insert_time"": 0.0006241761147975922, ""logging_time"": 0.00011976202949881554, ""total_train_step_time"": 0.8248514197766781}",0.19427503924816847,0.021841948851943016
rollout_update,80640,2859.2557062312912,7.134964054164366,187495.57996411776,0.0447668950073421,"{""policy_inference_time"": 0.007170801982283592, ""env_step_time"": 0.03578899195417762, ""replay_insert_time"": 0.001406372059136629, ""logging_time"": 0.00012715626507997513, ""total_train_step_time"": 0.0447668950073421}",0.19427503924816847,0.021841948851943016
rollout_update,80768,3002.752277452228,7.13300250361879,187495.57996411776,0.042627559043467045,"{""policy_inference_time"": 0.007167699281126261, ""env_step_time"": 0.034469134639948606, ""replay_insert_time"": 0.000619103666394949, ""logging_time"": 0.00011769402772188187, ""total_train_step_time"": 0.042627559043467045}",0.19427503924816847,0.021841948851943016
rollout_update,80896,3035.79553500743,7.131063364369929,187495.57996411776,0.042163577396422625,"{""policy_inference_time"": 0.007123463787138462, ""env_step_time"": 0.034054662100970745, ""replay_insert_time"": 0.0006062928587198257, ""logging_time"": 0.00012783100828528404, ""total_train_step_time"": 0.042163577396422625}",0.19427503924816847,0.021841948851943016
rollout_update,81024,155.7520636026418,7.1383720624351135,187538.87582917922,0.821818966884166,"{""policy_inference_time"": 0.006973620038479567, ""env_step_time"": 0.03407964622601867, ""replay_insert_time"": 0.0005935803055763245, ""logging_time"": 0.00011826399713754654, ""total_train_step_time"": 0.821818966884166}",0.1941092754714191,0.022006992250680923
rollout_update,81152,2894.523417892082,7.136348051096238,187538.87582917922,0.04422144219279289,"{""policy_inference_time"": 0.007148982025682926, ""env_step_time"": 0.03528953902423382, ""replay_insert_time"": 0.0013888631947338581, ""logging_time"": 0.00012636976316571236, ""total_train_step_time"": 0.04422144219279289}",0.1941092754714191,0.022006992250680923
rollout_update,81280,3041.9629741771146,7.134423206055716,187538.87582917922,0.04207809269428253,"{""policy_inference_time"": 0.007035431917756796, ""env_step_time"": 0.03401308320462704, ""replay_insert_time"": 0.000653320923447609, ""logging_time"": 0.00011989474296569824, ""total_train_step_time"": 0.04207809269428253}",0.1941092754714191,0.022006992250680923
rollout_update,81408,3028.9559166753975,7.132491140041695,187538.87582917922,0.04225878603756428,"{""policy_inference_time"": 0.007087406236678362, ""env_step_time"": 0.03418791200965643, ""replay_insert_time"": 0.0006112856790423393, ""logging_time"": 0.00011791195720434189, ""total_train_step_time"": 0.04225878603756428}",0.1941092754714191,0.022006992250680923
rollout_update,81536,149.17466196627447,7.138099222125952,187523.16883728042,0.8580545671284199,"{""policy_inference_time"": 0.007009871769696474, ""env_step_time"": 0.03425736119970679, ""replay_insert_time"": 0.0006172037683427334, ""logging_time"": 0.00011810800060629845, ""total_train_step_time"": 0.8580545671284199}",0.20207600621506572,0.021942708175629377
rollout_update,81664,2814.8543121468433,7.136031104005887,187523.16883728042,0.04547304613515735,"{""policy_inference_time"": 0.007259995210915804, ""env_step_time"": 0.03629049099981785, ""replay_insert_time"": 0.0015099532902240753, ""logging_time"": 0.0001335260458290577, ""total_train_step_time"": 0.04547304613515735}",0.20207600621506572,0.021942708175629377
rollout_update,81792,2405.6916653290186,7.133612759056166,187523.16883728042,0.053207151126116514,"{""policy_inference_time"": 0.011613740120083094, ""env_step_time"": 0.04052863037213683, ""replay_insert_time"": 0.0006575607694685459, ""logging_time"": 0.0001236218959093094, ""total_train_step_time"": 0.053207151126116514}",0.20207600621506572,0.021942708175629377
rollout_update,81920,2899.591215960768,7.131607584707891,187523.16883728042,0.0441441535949707,"{""policy_inference_time"": 0.007611546665430069, ""env_step_time"": 0.03551422478631139, ""replay_insert_time"": 0.0006295042112469673, ""logging_time"": 0.0001299818977713585, ""total_train_step_time"": 0.0441441535949707}",0.20207600621506572,0.021942708175629377
rollout_update,82048,133.14320002989507,7.132518166740064,187489.35752820835,0.961370914708823,"{""policy_inference_time"": 0.008342409040778875, ""env_step_time"": 0.14932928513735533, ""replay_insert_time"": 0.0006489958614110947, ""logging_time"": 0.0001216428354382515, ""total_train_step_time"": 0.961370914708823}",0.19574742391705513,0.022151025012135506
rollout_update,82176,2852.0142565691685,7.130492832076972,187489.35752820835,0.04488056106492877,"{""policy_inference_time"": 0.008412328083068132, ""env_step_time"": 0.03457194613292813, ""replay_insert_time"": 0.001494777388870716, ""logging_time"": 0.00012802239507436752, ""total_train_step_time"": 0.04488056106492877}",0.19574742391705513,0.022151025012135506
rollout_update,82304,3078.6131206410014,7.128617596630637,187489.35752820835,0.04157716315239668,"{""policy_inference_time"": 0.00735485227778554, ""env_step_time"": 0.03321889229118824, ""replay_insert_time"": 0.000632050447165966, ""logging_time"": 0.00011610984802246094, ""total_train_step_time"": 0.04157716315239668}",0.19574742391705513,0.022151025012135506
rollout_update,82432,3128.3243686453793,7.126773122673351,187489.35752820835,0.040916473139077425,"{""policy_inference_time"": 0.006995462812483311, ""env_step_time"": 0.032947062980383635, ""replay_insert_time"": 0.0006030392833054066, ""logging_time"": 0.00011849682778120041, ""total_train_step_time"": 0.040916473139077425}",0.19574742391705513,0.022151025012135506
rollout_update,82560,154.67101453380226,7.133706447835069,187528.75139057712,0.8275629431009293,"{""policy_inference_time"": 0.007006721571087837, ""env_step_time"": 0.03301294380798936, ""replay_insert_time"": 0.0006043082103133202, ""logging_time"": 0.00011628400534391403, ""total_train_step_time"": 0.8275629431009293}",0.19620636524632573,0.022006388287991285
rollout_update,82688,2883.3875973780105,7.131714843361713,187528.75139057712,0.04439222812652588,"{""policy_inference_time"": 0.007196292281150818, ""env_step_time"": 0.03533888794481754, ""replay_insert_time"": 0.0014470531605184078, ""logging_time"": 0.00013156002387404442, ""total_train_step_time"": 0.04439222812652588}",0.19620636524632573,0.022006388287991285
rollout_update,82816,3053.19795813166,7.129835027097515,187528.75139057712,0.04192325612530112,"{""policy_inference_time"": 0.007219595834612846, ""env_step_time"": 0.033689097966998816, ""replay_insert_time"": 0.000631243921816349, ""logging_time"": 0.0001238519325852394, ""total_train_step_time"": 0.04192325612530112}",0.19620636524632573,0.022006388287991285
rollout_update,82944,2963.190272727801,7.127899147231183,187528.75139057712,0.04319668607786298,"{""policy_inference_time"": 0.007221741136163473, ""env_step_time"": 0.0349755291827023, ""replay_insert_time"": 0.0006273547187447548, ""logging_time"": 0.00011741416528820992, ""total_train_step_time"": 0.04319668607786298}",0.19620636524632573,0.022006388287991285
rollout_update,83072,134.83872511494803,7.129358836914747,187539.59835518175,0.9492821879684925,"{""policy_inference_time"": 0.007199548184871674, ""env_step_time"": 0.14652562886476517, ""replay_insert_time"": 0.0006539728492498398, ""logging_time"": 0.00012109335511922836, ""total_train_step_time"": 0.9492821879684925}",0.19590590195730329,0.022191974334418774
rollout_update,83200,2834.4648570341983,7.127347746150933,187539.59835518175,0.04515843605622649,"{""policy_inference_time"": 0.008233795873820782, ""env_step_time"": 0.03504693182185292, ""replay_insert_time"": 0.001474360004067421, ""logging_time"": 0.00012924382463097572, ""total_train_step_time"": 0.04515843605622649}",0.19590590195730329,0.022191974334418774
rollout_update,83328,2953.787551016704,7.125418962911968,187539.59835518175,0.04333419306203723,"{""policy_inference_time"": 0.007293934002518654, ""env_step_time"": 0.03499917220324278, ""replay_insert_time"": 0.0006604581139981747, ""logging_time"": 0.00012146029621362686, ""total_train_step_time"": 0.04333419306203723}",0.19590590195730329,0.022191974334418774
rollout_update,83456,824.4562426100221,7.118517253629971,187539.59835518175,0.15525384293869138,"{""policy_inference_time"": 0.007358844857662916, ""env_step_time"": 0.14684319868683815, ""replay_insert_time"": 0.000658850185573101, ""logging_time"": 0.0001230388879776001, ""total_train_step_time"": 0.15525384293869138}",0.19590590195730329,0.022191974334418774
rollout_update,83584,153.44113118047287,7.125107110990802,187560.97919077627,0.8341961442492902,"{""policy_inference_time"": 0.009360893163830042, ""env_step_time"": 0.03388727176934481, ""replay_insert_time"": 0.000638054683804512, ""logging_time"": 0.0001193382777273655, ""total_train_step_time"": 0.8341961442492902}",0.19445890979841352,0.02189583797007799
rollout_update,83712,816.5896189838331,7.118182032273404,187560.97919077627,0.1567494822666049,"{""policy_inference_time"": 0.0072523560374975204, ""env_step_time"": 0.1475646998733282, ""replay_insert_time"": 0.001518129836767912, ""logging_time"": 0.00013322383165359497, ""total_train_step_time"": 0.1567494822666049}",0.19445890979841352,0.02189583797007799
rollout_update,83840,2921.636370568307,7.116248897474336,187560.97919077627,0.043811064679175615,"{""policy_inference_time"": 0.008768698666244745, ""env_step_time"": 0.03403516812250018, ""replay_insert_time"": 0.0006366781890392303, ""logging_time"": 0.00011919019743800163, ""total_train_step_time"": 0.043811064679175615}",0.19445890979841352,0.02189583797007799
rollout_update,83968,3079.8196779634545,7.114416021075954,187560.97919077627,0.04156087478622794,"{""policy_inference_time"": 0.0072461022064089775, ""env_step_time"": 0.033322709146887064, ""replay_insert_time"": 0.0006177392788231373, ""logging_time"": 0.0001211618073284626, ""total_train_step_time"": 0.04156087478622794}",0.19445890979841352,0.02189583797007799
rollout_update,84096,147.70211070061956,7.119560486088976,187587.455253668,0.8666091458871961,"{""policy_inference_time"": 0.007094093132764101, ""env_step_time"": 0.03314337367191911, ""replay_insert_time"": 0.0006061769090592861, ""logging_time"": 0.00011731404811143875, ""total_train_step_time"": 0.8666091458871961}",0.23062916286289692,0.021948228124529123
rollout_update,84224,2836.5142419474055,7.117580652910204,187587.455253668,0.04512580903246999,"{""policy_inference_time"": 0.007214459124952555, ""env_step_time"": 0.03599454602226615, ""replay_insert_time"": 0.001501666847616434, ""logging_time"": 0.00013412581756711006, ""total_train_step_time"": 0.04512580903246999}",0.23062916286289692,0.021948228124529123
rollout_update,84352,2896.714053375925,7.1156430315699195,187587.455253668,0.04418799979612231,"{""policy_inference_time"": 0.007824802305549383, ""env_step_time"": 0.03532921802252531, ""replay_insert_time"": 0.0006470303051173687, ""logging_time"": 0.00012074597179889679, ""total_train_step_time"": 0.04418799979612231}",0.23062916286289692,0.021948228124529123
rollout_update,84480,2983.1934270006914,7.113762588923475,187587.455253668,0.04290704010054469,"{""policy_inference_time"": 0.007403120398521423, ""env_step_time"": 0.034492373932152987, ""replay_insert_time"": 0.0006260829977691174, ""logging_time"": 0.0001311199739575386, ""total_train_step_time"": 0.04290704010054469}",0.23062916286289692,0.021948228124529123
rollout_update,84608,154.10055142141482,7.120448704695798,187610.5842137403,0.8306264891289175,"{""policy_inference_time"": 0.007117986213415861, ""env_step_time"": 0.03443189989775419, ""replay_insert_time"": 0.0006164680235087872, ""logging_time"": 0.00011996133252978325, ""total_train_step_time"": 0.8306264891289175}",0.19464483903720975,0.022050247061997652
rollout_update,84736,2939.2152646518425,7.118549064755802,187610.5842137403,0.0435490389354527,"{""policy_inference_time"": 0.007154455874115229, ""env_step_time"": 0.034578540828078985, ""replay_insert_time"": 0.001414325088262558, ""logging_time"": 0.0001271907240152359, ""total_train_step_time"": 0.0435490389354527}",0.19464483903720975,0.022050247061997652
rollout_update,84864,3085.731923426297,7.1167405657883185,187610.5842137403,0.04148124437779188,"{""policy_inference_time"": 0.007178489118814468, ""env_step_time"": 0.03328600339591503, ""replay_insert_time"": 0.0006312807090580463, ""logging_time"": 0.0001296033151447773, ""total_train_step_time"": 0.04148124437779188}",0.19464483903720975,0.022050247061997652
rollout_update,84992,3080.11046376779,7.11492968735578,187610.5842137403,0.041556951124221087,"{""policy_inference_time"": 0.0071888267993927, ""env_step_time"": 0.033360701985657215, ""replay_insert_time"": 0.0006301510147750378, ""logging_time"": 0.00012146588414907455, ""total_train_step_time"": 0.041556951124221087}",0.19464483903720975,0.022050247061997652
rollout_update,85120,134.96817630086343,7.116466222961021,187640.93924539274,0.9483717088587582,"{""policy_inference_time"": 0.0071435957215726376, ""env_step_time"": 0.15349985612556338, ""replay_insert_time"": 0.000659596174955368, ""logging_time"": 0.00012147100642323494, ""total_train_step_time"": 0.9483717088587582}",0.1953899939544499,0.022043945267796516
rollout_update,85248,2872.2774644501756,7.114536121903076,187640.93924539274,0.04456393979489803,"{""policy_inference_time"": 0.008258741814643145, ""env_step_time"": 0.034473270177841187, ""replay_insert_time"": 0.001428449060767889, ""logging_time"": 0.00012844707816839218, ""total_train_step_time"": 0.04456393979489803}",0.1953899939544499,0.022043945267796516
rollout_update,85376,3128.326825238051,7.112764918721341,187640.93924539274,0.0409164410084486,"{""policy_inference_time"": 0.0071767400950193405, ""env_step_time"": 0.03272746177390218, ""replay_insert_time"": 0.0006285249255597591, ""logging_time"": 0.00011839298531413078, ""total_train_step_time"": 0.0409164410084486}",0.1953899939544499,0.022043945267796516
rollout_update,85504,3162.8314371407723,7.111013905623092,187640.93924539274,0.04047006694599986,"{""policy_inference_time"": 0.0070104701444506645, ""env_step_time"": 0.03247686102986336, ""replay_insert_time"": 0.0006175590679049492, ""logging_time"": 0.00011444184929132462, ""total_train_step_time"": 0.04047006694599986}",0.1953899939544499,0.022043945267796516
rollout_update,85632,155.35653403173018,7.117920924657173,187677.62468321738,0.8239112747833133,"{""policy_inference_time"": 0.007006844040006399, ""env_step_time"": 0.03270695311948657, ""replay_insert_time"": 0.0006252191960811615, ""logging_time"": 0.0001215171068906784, ""total_train_step_time"": 0.8239112747833133}",0.19422569312155247,0.021833983715623617
rollout_update,85760,3003.9761234098914,7.116085652410153,187677.62468321738,0.0426101922057569,"{""policy_inference_time"": 0.007139898836612701, ""env_step_time"": 0.03369517717510462, ""replay_insert_time"": 0.0013782558962702751, ""logging_time"": 0.0001254510134458542, ""total_train_step_time"": 0.0426101922057569}",0.19422569312155247,0.021833983715623617
rollout_update,85888,3138.869051936026,7.114330137060374,187677.62468321738,0.04077901877462864,"{""policy_inference_time"": 0.007061339914798737, ""env_step_time"": 0.03273481875658035, ""replay_insert_time"": 0.0006017559207975864, ""logging_time"": 0.00012645497918128967, ""total_train_step_time"": 0.04077901877462864}",0.19422569312155247,0.021833983715623617
rollout_update,86016,3173.9585954364184,7.11259488136581,187677.62468321738,0.040328188333660364,"{""policy_inference_time"": 0.006932471413165331, ""env_step_time"": 0.032421479001641273, ""replay_insert_time"": 0.0006053070537745953, ""logging_time"": 0.00011610705405473709, ""total_train_step_time"": 0.040328188333660364}",0.19422569312155247,0.021833983715623617
rollout_update,86144,155.63714289288006,7.1195183183083675,187718.62227676524,0.8224257887341082,"{""policy_inference_time"": 0.0069170449860394, ""env_step_time"": 0.032265002839267254, ""replay_insert_time"": 0.0006026690825819969, ""logging_time"": 0.0001169918105006218, ""total_train_step_time"": 0.8224257887341082}",0.19500101543962955,0.021850251127034426
rollout_update,86272,2968.8721937231508,7.11767150806209,187718.62227676524,0.0431140149012208,"{""policy_inference_time"": 0.0071334438398480415, ""env_step_time"": 0.03423709515482187, ""replay_insert_time"": 0.001353976782411337, ""logging_time"": 0.00012543005868792534, ""total_train_step_time"": 0.0431140149012208}",0.19500101543962955,0.021850251127034426
rollout_update,86400,3110.995653219672,7.115909961181394,187718.62227676524,0.04114438407123089,"{""policy_inference_time"": 0.007304168306291103, ""env_step_time"": 0.03284985804930329, ""replay_insert_time"": 0.0006199199706315994, ""logging_time"": 0.00011788308620452881, ""total_train_step_time"": 0.04114438407123089}",0.19500101543962955,0.021850251127034426
rollout_update,86528,3149.1639288066776,7.11417062040819,187718.62227676524,0.04064570879563689,"{""policy_inference_time"": 0.007115531247109175, ""env_step_time"": 0.03253766428679228, ""replay_insert_time"": 0.0006220540963113308, ""logging_time"": 0.00011934805661439896, ""total_train_step_time"": 0.04064570879563689}",0.19500101543962955,0.021850251127034426
rollout_update,86656,153.76642168802567,7.1206207113146,187757.98473654018,0.8324314150959253,"{""policy_inference_time"": 0.007024580612778664, ""env_step_time"": 0.03260099096223712, ""replay_insert_time"": 0.0006112600676715374, ""logging_time"": 0.00011999765411019325, ""total_train_step_time"": 0.8324314150959253}",0.1946921949274838,0.02175741596147418
rollout_update,86784,2978.997129409659,7.118790433629293,187757.98473654018,0.04296748014166951,"{""policy_inference_time"": 0.007187244947999716, ""env_step_time"": 0.03398442827165127, ""replay_insert_time"": 0.001384126953780651, ""logging_time"": 0.00012617185711860657, ""total_train_step_time"": 0.04296748014166951}",0.1946921949274838,0.02175741596147418
rollout_update,86912,3135.9823186202375,7.1170526496478965,187757.98473654018,0.04081655666232109,"{""policy_inference_time"": 0.007048381958156824, ""env_step_time"": 0.03276684554293752, ""replay_insert_time"": 0.0006311992183327675, ""logging_time"": 0.00011680088937282562, ""total_train_step_time"": 0.04081655666232109}",0.1946921949274838,0.02175741596147418
rollout_update,87040,3160.7740871953456,7.115329334375203,187757.98473654018,0.04049640893936157,"{""policy_inference_time"": 0.0069716982543468475, ""env_step_time"": 0.032530026976019144, ""replay_insert_time"": 0.0006130528636276722, ""logging_time"": 0.00011696293950080872, ""total_train_step_time"": 0.04049640893936157}",0.1946921949274838,0.02175741596147418
rollout_update,87168,155.02326855844726,7.122022947616279,187793.21956969635,0.8256825003772974,"{""policy_inference_time"": 0.007067346945405006, ""env_step_time"": 0.032664886210113764, ""replay_insert_time"": 0.0006078672595322132, ""logging_time"": 0.00011989707127213478, ""total_train_step_time"": 0.8256825003772974}",0.19485855707898736,0.02190156001597643
rollout_update,87296,2949.0041225220125,7.12018414533476,187793.21956969635,0.04340448323637247,"{""policy_inference_time"": 0.007205361966043711, ""env_step_time"": 0.03435602318495512, ""replay_insert_time"": 0.0014384053647518158, ""logging_time"": 0.00013022590428590775, ""total_train_step_time"": 0.04340448323637247}",0.19485855707898736,0.02190156001597643
rollout_update,87424,3111.371277539023,7.118442177352369,187793.21956969635,0.04113941686227918,"{""policy_inference_time"": 0.007282296195626259, ""env_step_time"": 0.032844952773302794, ""replay_insert_time"": 0.0006179781630635262, ""logging_time"": 0.00012000603601336479, ""total_train_step_time"": 0.04113941686227918}",0.19485855707898736,0.02190156001597643
rollout_update,87552,3142.107846928847,7.11671808924443,187793.21956969635,0.04073698492720723,"{""policy_inference_time"": 0.007086384575814009, ""env_step_time"": 0.03267153864726424, ""replay_insert_time"": 0.0006080707535147667, ""logging_time"": 0.00011658808216452599, ""total_train_step_time"": 0.04073698492720723}",0.19485855707898736,0.02190156001597643
rollout_update,87680,155.20955884138021,7.123409024880998,187830.50877550684,0.8246914749033749,"{""policy_inference_time"": 0.006954497192054987, ""env_step_time"": 0.032566098030656576, ""replay_insert_time"": 0.0005860342644155025, ""logging_time"": 0.00011529587209224701, ""total_train_step_time"": 0.8246914749033749}",0.19608020270243287,0.022067768964916468
rollout_update,87808,2977.932235470301,7.1215979600107415,187830.50877550684,0.04298284510150552,"{""policy_inference_time"": 0.007220045197755098, ""env_step_time"": 0.033942935056984425, ""replay_insert_time"": 0.0014180331490933895, ""logging_time"": 0.00012719305232167244, ""total_train_step_time"": 0.04298284510150552}",0.19608020270243287,0.022067768964916468
rollout_update,87936,3130.9265656813664,7.119876248040856,187830.50877550684,0.04088246636092663,"{""policy_inference_time"": 0.007103867828845978, ""env_step_time"": 0.032787811011075974, ""replay_insert_time"": 0.0006163441576063633, ""logging_time"": 0.00011720415204763412, ""total_train_step_time"": 0.04088246636092663}",0.19608020270243287,0.022067768964916468
rollout_update,88064,3162.896690294756,7.118172758602664,187830.50877550684,0.04046923201531172,"{""policy_inference_time"": 0.007023511920124292, ""env_step_time"": 0.03247383004054427, ""replay_insert_time"": 0.000600453931838274, ""logging_time"": 0.00011859787628054619, ""total_train_step_time"": 0.04046923201531172}",0.19608020270243287,0.022067768964916468
rollout_update,88192,154.56113335054158,7.124674251176684,187864.88841907503,0.8281512772664428,"{""policy_inference_time"": 0.00697170989587903, ""env_step_time"": 0.03237357782199979, ""replay_insert_time"": 0.0005897586233913898, ""logging_time"": 0.0001144949346780777, ""total_train_step_time"": 0.8281512772664428}",0.19779665116220713,0.022038516122847795
rollout_update,88320,2961.394393682632,7.122862956219948,187864.88841907503,0.043222881853580475,"{""policy_inference_time"": 0.007129151839762926, ""env_step_time"": 0.03416992211714387, ""replay_insert_time"": 0.0015139668248593807, ""logging_time"": 0.00012940168380737305, ""total_train_step_time"": 0.043222881853580475}",0.19779665116220713,0.022038516122847795
rollout_update,88448,3064.0901213196307,7.121113243404928,187864.88841907503,0.04177422821521759,"{""policy_inference_time"": 0.007414671592414379, ""env_step_time"": 0.03334504924714565, ""replay_insert_time"": 0.0006237728521227837, ""logging_time"": 0.00011673988774418831, ""total_train_step_time"": 0.04177422821521759}",0.19779665116220713,0.022038516122847795
rollout_update,88576,3086.6801007445797,7.119377185929913,187864.88841907503,0.04146850202232599,"{""policy_inference_time"": 0.007258059922605753, ""env_step_time"": 0.033213418908417225, ""replay_insert_time"": 0.0006224461831152439, ""logging_time"": 0.00011936621740460396, ""total_train_step_time"": 0.04146850202232599}",0.19779665116220713,0.022038516122847795
rollout_update,88704,153.9229636142735,7.125693393556461,187873.53251472802,0.8315848200581968,"{""policy_inference_time"": 0.0073393858037889, ""env_step_time"": 0.03334594797343016, ""replay_insert_time"": 0.0006391918286681175, ""logging_time"": 0.00011783093214035034, ""total_train_step_time"": 0.8315848200581968}",0.1945472708903253,0.021802982781082392
rollout_update,88832,2984.929271243103,7.12390619024745,187873.53251472802,0.04288208810612559,"{""policy_inference_time"": 0.007139089982956648, ""env_step_time"": 0.034009095281362534, ""replay_insert_time"": 0.0013386961072683334, ""logging_time"": 0.0001271902583539486, ""total_train_step_time"": 0.04288208810612559}",0.1945472708903253,0.021802982781082392
rollout_update,88960,3126.397061819513,7.122200693299065,187873.53251472802,0.04094169661402702,"{""policy_inference_time"": 0.007296272087842226, ""env_step_time"": 0.0326650682836771, ""replay_insert_time"": 0.0006101629696786404, ""logging_time"": 0.00011773500591516495, ""total_train_step_time"": 0.04094169661402702}",0.1945472708903253,0.021802982781082392
rollout_update,89088,3164.4606233074774,7.12051651258197,187873.53251472802,0.04044923139736056,"{""policy_inference_time"": 0.0070097558200359344, ""env_step_time"": 0.03248187992721796, ""replay_insert_time"": 0.0005940520204603672, ""logging_time"": 0.0001148441806435585, ""total_train_step_time"": 0.04044923139736056}",0.1945472708903253,0.021802982781082392
rollout_update,89216,154.90225976127294,7.127010069667945,187904.90908832694,0.8263275190256536,"{""policy_inference_time"": 0.00693093566223979, ""env_step_time"": 0.03245572512969375, ""replay_insert_time"": 0.0005836160853505135, ""logging_time"": 0.00011270400136709213, ""total_train_step_time"": 0.8263275190256536}",0.19475746667012572,0.022140775807201862
rollout_update,89344,2966.1550791880845,7.125221170963529,187904.90908832694,0.04315350903198123,"{""policy_inference_time"": 0.0072305649518966675, ""env_step_time"": 0.03406248614192009, ""replay_insert_time"": 0.001458055805414915, ""logging_time"": 0.00012910505756735802, ""total_train_step_time"": 0.04315350903198123}",0.19475746667012572,0.022140775807201862
rollout_update,89472,3139.571341128571,7.123531908046468,187904.90908832694,0.04076989693567157,"{""policy_inference_time"": 0.007163979113101959, ""env_step_time"": 0.032616292126476765, ""replay_insert_time"": 0.0006129080429673195, ""logging_time"": 0.0001147720031440258, ""total_train_step_time"": 0.04076989693567157}",0.19475746667012572,0.022140775807201862
rollout_update,89600,3152.17746784188,7.121850196798494,187904.90908832694,0.04060685075819492,"{""policy_inference_time"": 0.00699447700753808, ""env_step_time"": 0.03260388411581516, ""replay_insert_time"": 0.0006353282369673252, ""logging_time"": 0.00011790124699473381, ""total_train_step_time"": 0.04060685075819492}",0.19475746667012572,0.022140775807201862
rollout_update,89728,155.77422743929415,7.128492431072694,187942.61579458107,0.8217020370066166,"{""policy_inference_time"": 0.007137273903936148, ""env_step_time"": 0.032591833267360926, ""replay_insert_time"": 0.0006043375469744205, ""logging_time"": 0.00011792406439781189, ""total_train_step_time"": 0.8217020370066166}",0.19461136404424906,0.021810823120176792
rollout_update,89856,2970.7518343435295,7.126715706882633,187942.61579458107,0.043086735997349024,"{""policy_inference_time"": 0.007247630972415209, ""env_step_time"": 0.03401799313724041, ""replay_insert_time"": 0.0014150249771773815, ""logging_time"": 0.00012952880933880806, ""total_train_step_time"": 0.043086735997349024}",0.19461136404424906,0.021810823120176792
rollout_update,89984,2785.2751141687268,7.124821643122455,187942.61579458107,0.04595596296712756,"{""policy_inference_time"": 0.007114820182323456, ""env_step_time"": 0.03778381599113345, ""replay_insert_time"": 0.0006597810424864292, ""logging_time"": 0.0001326780766248703, ""total_train_step_time"": 0.04595596296712756}",0.19461136404424906,0.021810823120176792
rollout_update,90112,3082.4445701195095,7.123111046153878,187942.61579458107,0.04152548313140869,"{""policy_inference_time"": 0.007357996888458729, ""env_step_time"": 0.0331911901012063, ""replay_insert_time"": 0.0006059347651898861, ""logging_time"": 0.00011650100350379944, ""total_train_step_time"": 0.04152548313140869}",0.19461136404424906,0.021810823120176792
rollout_update,90240,151.87284878438805,7.128845012103132,187954.18293333828,0.8428102917969227,"{""policy_inference_time"": 0.006975790020078421, ""env_step_time"": 0.03255736595019698, ""replay_insert_time"": 0.0005856696516275406, ""logging_time"": 0.00011720694601535797, ""total_train_step_time"": 0.8428102917969227}",0.1997629227116704,0.02193422708660364
rollout_update,90368,2564.206797464722,7.126798099761615,187954.18293333828,0.0499179707840085,"{""policy_inference_time"": 0.007090863771736622, ""env_step_time"": 0.039727126713842154, ""replay_insert_time"": 0.0020140158012509346, ""logging_time"": 0.00019771698862314224, ""total_train_step_time"": 0.0499179707840085}",0.1997629227116704,0.02193422708660364
rollout_update,90496,2876.800187479046,7.124974595676271,187954.18293333828,0.044493879191577435,"{""policy_inference_time"": 0.009674811270087957, ""env_step_time"": 0.03381566610187292, ""replay_insert_time"": 0.0006286241114139557, ""logging_time"": 0.00011889403685927391, ""total_train_step_time"": 0.044493879191577435}",0.1997629227116704,0.02193422708660364
rollout_update,90624,2889.417082931916,7.12315998088849,187954.18293333828,0.04429959272965789,"{""policy_inference_time"": 0.007057907059788704, ""env_step_time"": 0.03624076908454299, ""replay_insert_time"": 0.0006279540248215199, ""logging_time"": 0.00011909985914826393, ""total_train_step_time"": 0.04429959272965789}",0.1997629227116704,0.02193422708660364
rollout_update,90752,152.76210366071138,7.129061623617816,187957.97538321113,0.8379041459411383,"{""policy_inference_time"": 0.0070827919989824295, ""env_step_time"": 0.032728544902056456, ""replay_insert_time"": 0.0006076740100979805, ""logging_time"": 0.00011504534631967545, ""total_train_step_time"": 0.8379041459411383}",0.19741355068981647,0.022007699124515057
rollout_update,90880,2964.3179154664517,7.1273007645292115,187957.97538321113,0.04318025382235646,"{""policy_inference_time"": 0.007233579643070698, ""env_step_time"": 0.03411085531115532, ""replay_insert_time"": 0.0014300490729510784, ""logging_time"": 0.0001309569925069809, ""total_train_step_time"": 0.04318025382235646}",0.19741355068981647,0.022007699124515057
rollout_update,91008,3129.3633174190504,7.125633576775241,187957.97538321113,0.040902888868004084,"{""policy_inference_time"": 0.007187055889517069, ""env_step_time"": 0.03271787194535136, ""replay_insert_time"": 0.0006247307173907757, ""logging_time"": 0.0001184060238301754, ""total_train_step_time"": 0.040902888868004084}",0.19741355068981647,0.022007699124515057
rollout_update,91136,3132.4159491691444,7.123968792386062,187957.97538321113,0.040863027796149254,"{""policy_inference_time"": 0.007061872165650129, ""env_step_time"": 0.03282221406698227, ""replay_insert_time"": 0.0006090919487178326, ""logging_time"": 0.00011757528409361839, ""total_train_step_time"": 0.040863027796149254}",0.19741355068981647,0.022007699124515057
rollout_update,91264,155.24240646696626,7.130377406999809,187990.75092208912,0.8245169790461659,"{""policy_inference_time"": 0.006967188790440559, ""env_step_time"": 0.03268934087827802, ""replay_insert_time"": 0.000598119106143713, ""logging_time"": 0.0001167510636150837, ""total_train_step_time"": 0.8245169790461659}",0.19463272206485271,0.02209354378283024
rollout_update,91392,2945.757356886226,7.128614702200094,187990.75092208912,0.04345232294872403,"{""policy_inference_time"": 0.0071834418922662735, ""env_step_time"": 0.03450352931395173, ""replay_insert_time"": 0.0013675028458237648, ""logging_time"": 0.00012741703540086746, ""total_train_step_time"": 0.04345232294872403}",0.19463272206485271,0.02209354378283024
rollout_update,91520,3065.7318404640246,7.126921799998795,187990.75092208912,0.04175185784697533,"{""policy_inference_time"": 0.007375297136604786, ""env_step_time"": 0.03334929374977946, ""replay_insert_time"": 0.0006452761590480804, ""logging_time"": 0.00012137414887547493, ""total_train_step_time"": 0.04175185784697533}",0.19463272206485271,0.02209354378283024
rollout_update,91648,3097.66729208739,7.125247142283183,187990.75092208912,0.04132141638547182,"{""policy_inference_time"": 0.007199936080724001, ""env_step_time"": 0.03314407169818878, ""replay_insert_time"": 0.000608780886977911, ""logging_time"": 0.00011603906750679016, ""total_train_step_time"": 0.04132141638547182}",0.19463272206485271,0.02209354378283024
rollout_update,91776,152.8637956065048,7.13109745828278,187990.1626856203,0.8373467340134084,"{""policy_inference_time"": 0.007080562878400087, ""env_step_time"": 0.03323534596711397, ""replay_insert_time"": 0.0006252862513065338, ""logging_time"": 0.00012047216296195984, ""total_train_step_time"": 0.8373467340134084}",0.1944657159037888,0.021781112998723984
rollout_update,91904,2954.4200278098942,7.12934932938201,187990.1626856203,0.043324916157871485,"{""policy_inference_time"": 0.007094479165971279, ""env_step_time"": 0.034431064035743475, ""replay_insert_time"": 0.0014019878581166267, ""logging_time"": 0.00012329872697591782, ""total_train_step_time"": 0.043324916157871485}",0.1944657159037888,0.021781112998723984
rollout_update,92032,3086.019253457877,7.127676549981054,187990.1626856203,0.04147738218307495,"{""policy_inference_time"": 0.007063434924930334, ""env_step_time"": 0.033408688846975565, ""replay_insert_time"": 0.0006321859546005726, ""logging_time"": 0.00011803675442934036, ""total_train_step_time"": 0.04147738218307495}",0.1944657159037888,0.021781112998723984
rollout_update,92160,3103.5845833049184,7.126014016139534,187990.1626856203,0.041242633014917374,"{""policy_inference_time"": 0.007118602283298969, ""env_step_time"": 0.03314358927309513, ""replay_insert_time"": 0.0006103068590164185, ""logging_time"": 0.00011488515883684158, ""total_train_step_time"": 0.041242633014917374}",0.1944657159037888,0.021781112998723984
rollout_update,92288,155.73272155228847,7.132448301726741,188027.40047498877,0.8219210370443761,"{""policy_inference_time"": 0.0070221880450844765, ""env_step_time"": 0.03300307411700487, ""replay_insert_time"": 0.0006088032387197018, ""logging_time"": 0.00011684838682413101, ""total_train_step_time"": 0.8219210370443761}",0.19435573695227504,0.021857209037989378
rollout_update,92416,2932.9279984594327,7.13069642907234,188027.40047498877,0.04364239424467087,"{""policy_inference_time"": 0.0071736969985067844, ""env_step_time"": 0.03464542422443628, ""replay_insert_time"": 0.0014215395785868168, ""logging_time"": 0.00012841075658798218, ""total_train_step_time"": 0.04364239424467087}",0.19435573695227504,0.021857209037989378
rollout_update,92544,3051.3133051482846,7.129013336795879,188027.40047498877,0.041949150152504444,"{""policy_inference_time"": 0.007260901853442192, ""env_step_time"": 0.03368928609415889, ""replay_insert_time"": 0.000627672765403986, ""logging_time"": 0.00011793198063969612, ""total_train_step_time"": 0.041949150152504444}",0.19435573695227504,0.021857209037989378
rollout_update,92672,3087.317166142035,7.1273506530160216,188027.40047498877,0.041459945030510426,"{""policy_inference_time"": 0.007064359728246927, ""env_step_time"": 0.03341634711250663, ""replay_insert_time"": 0.000609175767749548, ""logging_time"": 0.00011715199798345566, ""total_train_step_time"": 0.041459945030510426}",0.19435573695227504,0.021857209037989378
rollout_update,92800,155.73474541525567,7.133745023385666,188062.44177960657,0.8219103557057679,"{""policy_inference_time"": 0.007003000937402248, ""env_step_time"": 0.03314722701907158, ""replay_insert_time"": 0.0006147576496005058, ""logging_time"": 0.00011744024232029915, ""total_train_step_time"": 0.8219103557057679}",0.19385058246552944,0.02202359912917018
rollout_update,92928,2932.5619340555386,7.132001923064523,188062.44177960657,0.04364784201607108,"{""policy_inference_time"": 0.007192904129624367, ""env_step_time"": 0.03469572588801384, ""replay_insert_time"": 0.00135789904743433, ""logging_time"": 0.00012368476018309593, ""total_train_step_time"": 0.04364784201607108}",0.19385058246552944,0.02202359912917018
rollout_update,93056,3067.4033535896797,7.130336244811983,188062.44177960657,0.04172910610213876,"{""policy_inference_time"": 0.0072730546817183495, ""env_step_time"": 0.03345239441841841, ""replay_insert_time"": 0.0006269039586186409, ""logging_time"": 0.00011831382289528847, ""total_train_step_time"": 0.04172910610213876}",0.19385058246552944,0.02202359912917018
rollout_update,93184,3100.7528773300537,7.1286892467808425,188062.44177960657,0.041280297096818686,"{""policy_inference_time"": 0.007040638010948896, ""env_step_time"": 0.033254995942115784, ""replay_insert_time"": 0.0006181919015944004, ""logging_time"": 0.00011563394218683243, ""total_train_step_time"": 0.041280297096818686}",0.19385058246552944,0.02202359912917018
rollout_update,93312,154.97186372944685,7.134882913405481,188095.26314683518,0.8259563827887177,"{""policy_inference_time"": 0.006983264349400997, ""env_step_time"": 0.03352288994938135, ""replay_insert_time"": 0.0006110607646405697, ""logging_time"": 0.00011781323701143265, ""total_train_step_time"": 0.8259563827887177}",0.19745363481342793,0.021953457035124302
rollout_update,93440,2858.8510083808405,7.133104082242341,188095.26314683518,0.04477323219180107,"{""policy_inference_time"": 0.007312430068850517, ""env_step_time"": 0.03567163972184062, ""replay_insert_time"": 0.0013895411975681782, ""logging_time"": 0.00012956513091921806, ""total_train_step_time"": 0.04477323219180107}",0.19745363481342793,0.021953457035124302
rollout_update,93568,2995.197502286133,7.131407053639338,188095.26314683518,0.04273507837206125,"{""policy_inference_time"": 0.007413063198328018, ""env_step_time"": 0.0343138319440186, ""replay_insert_time"": 0.0006309030577540398, ""logging_time"": 0.00011942721903324127, ""total_train_step_time"": 0.04273507837206125}",0.19745363481342793,0.021953457035124302
rollout_update,93696,3029.774539586056,7.129730185746368,188095.26314683518,0.04224736802279949,"{""policy_inference_time"": 0.007218392100185156, ""env_step_time"": 0.03401121869683266, ""replay_insert_time"": 0.0006345021538436413, ""logging_time"": 0.00012163491919636726, ""total_train_step_time"": 0.04224736802279949}",0.19745363481342793,0.021953457035124302
rollout_update,93824,150.42003615216154,7.134898293760337,188104.06450133852,0.8509504669345915,"{""policy_inference_time"": 0.007211002055555582, ""env_step_time"": 0.03411707142367959, ""replay_insert_time"": 0.0006345333531498909, ""logging_time"": 0.00012018810957670212, ""total_train_step_time"": 0.8509504669345915}",0.19939475320279598,0.022053181193768978
rollout_update,93952,2769.9046334968466,7.133072323482601,188104.06450133852,0.046210977248847485,"{""policy_inference_time"": 0.007322311867028475, ""env_step_time"": 0.037123505026102066, ""replay_insert_time"": 0.0013677198439836502, ""logging_time"": 0.00012763403356075287, ""total_train_step_time"": 0.046210977248847485}",0.19939475320279598,0.022053181193768978
rollout_update,94080,2678.048722911866,7.131184706198498,188104.06450133852,0.047795993741601706,"{""policy_inference_time"": 0.008849855046719313, ""env_step_time"": 0.03787099802866578, ""replay_insert_time"": 0.0006370572373270988, ""logging_time"": 0.0001187128946185112, ""total_train_step_time"": 0.047795993741601706}",0.19939475320279598,0.022053181193768978
rollout_update,94208,2909.545943247778,7.129448159414297,188104.06450133852,0.043993118684738874,"{""policy_inference_time"": 0.007246708031743765, ""env_step_time"": 0.03575027361512184, ""replay_insert_time"": 0.0006223958916962147, ""logging_time"": 0.00011827098205685616, ""total_train_step_time"": 0.043993118684738874}",0.19939475320279598,0.022053181193768978
rollout_update,94336,152.51690062837315,7.13504932022265,188092.70866166093,0.8392512532882392,"{""policy_inference_time"": 0.0071701109409332275, ""env_step_time"": 0.03434693394228816, ""replay_insert_time"": 0.000655018724501133, ""logging_time"": 0.00012881308794021606, ""total_train_step_time"": 0.8392512532882392}",0.1973543781787157,0.022482425905764103
rollout_update,94464,2875.605312507856,7.133299882908267,188092.70866166093,0.044512367341667414,"{""policy_inference_time"": 0.007182723842561245, ""env_step_time"": 0.03553862310945988, ""replay_insert_time"": 0.0013899491168558598, ""logging_time"": 0.00012589199468493462, ""total_train_step_time"": 0.044512367341667414}",0.1973543781787157,0.022482425905764103
rollout_update,94592,2996.0008832427834,7.131621554154467,188092.70866166093,0.042723618913441896,"{""policy_inference_time"": 0.007473960984498262, ""env_step_time"": 0.03422050317749381, ""replay_insert_time"": 0.0006529092788696289, ""logging_time"": 0.00012149335816502571, ""total_train_step_time"": 0.042723618913441896}",0.1973543781787157,0.022482425905764103
rollout_update,94720,3035.0781088510435,7.129965608602739,188092.70866166093,0.04217354394495487,"{""policy_inference_time"": 0.007208630908280611, ""env_step_time"": 0.033977224957197905, ""replay_insert_time"": 0.000616799108684063, ""logging_time"": 0.00011903699487447739, ""total_train_step_time"": 0.04217354394495487}",0.1973543781787157,0.022482425905764103
rollout_update,94848,154.28122544274385,7.135909992450091,188122.49702580716,0.8296537678688765,"{""policy_inference_time"": 0.007076417561620474, ""env_step_time"": 0.033500284422189, ""replay_insert_time"": 0.0006159301847219467, ""logging_time"": 0.0001157103106379509, ""total_train_step_time"": 0.8296537678688765}",0.1948262508958578,0.022032180801033974
rollout_update,94976,2888.3026293400026,7.134177188039108,188122.49702580716,0.044316685758531094,"{""policy_inference_time"": 0.007183808833360672, ""env_step_time"": 0.03529918007552624, ""replay_insert_time"": 0.0014184368774294853, ""logging_time"": 0.0001349048689007759, ""total_train_step_time"": 0.044316685758531094}",0.1948262508958578,0.022032180801033974
rollout_update,95104,3062.554977157676,7.132543747133188,188122.49702580716,0.041795168071985245,"{""policy_inference_time"": 0.0071348147466778755, ""env_step_time"": 0.03365632425993681, ""replay_insert_time"": 0.0006259721703827381, ""logging_time"": 0.00011977925896644592, ""total_train_step_time"": 0.041795168071985245}",0.1948262508958578,0.022032180801033974
rollout_update,95232,3024.9554445584877,7.130890764727377,188122.49702580716,0.0423146728426218,"{""policy_inference_time"": 0.0071954126469790936, ""env_step_time"": 0.03411092795431614, ""replay_insert_time"": 0.0006265640258789062, ""logging_time"": 0.0001207767054438591, ""total_train_step_time"": 0.0423146728426218}",0.1948262508958578,0.022032180801033974
rollout_update,95360,155.37214056609895,7.13702658394043,188157.15961130382,0.8238285160623491,"{""policy_inference_time"": 0.007201306987553835, ""env_step_time"": 0.03357009682804346, ""replay_insert_time"": 0.0006164386868476868, ""logging_time"": 0.00011938903480768204, ""total_train_step_time"": 0.8238285160623491}",0.19472215184941888,0.021856235805898905
rollout_update,95488,2920.6595634781365,7.135321600160186,188157.15961130382,0.04382571717724204,"{""policy_inference_time"": 0.007135086227208376, ""env_step_time"": 0.03494166675955057, ""replay_insert_time"": 0.0013549993745982647, ""logging_time"": 0.00012565962970256805, ""total_train_step_time"": 0.04382571717724204}",0.19472215184941888,0.021856235805898905
rollout_update,95616,3047.1134454361395,7.133688136898412,188157.15961130382,0.04200696898624301,"{""policy_inference_time"": 0.0072814892046153545, ""env_step_time"": 0.033742508850991726, ""replay_insert_time"": 0.0006127138622105122, ""logging_time"": 0.00011584442108869553, ""total_train_step_time"": 0.04200696898624301}",0.19472215184941888,0.021856235805898905
rollout_update,95744,3083.8373153035177,7.132074860143526,188157.15961130382,0.04150672908872366,"{""policy_inference_time"": 0.006982848979532719, ""env_step_time"": 0.033484425861388445, ""replay_insert_time"": 0.0006633559241890907, ""logging_time"": 0.00011941604316234589, ""total_train_step_time"": 0.04150672908872366}",0.19472215184941888,0.021856235805898905
rollout_update,95872,152.05250292979187,7.137477410139974,188186.8932670414,0.8418144886381924,"{""policy_inference_time"": 0.007061762735247612, ""env_step_time"": 0.0336010679602623, ""replay_insert_time"": 0.0006032763049006462, ""logging_time"": 0.00011609680950641632, ""total_train_step_time"": 0.8418144886381924}",0.19738688133656979,0.0223046219907701
rollout_update,96000,2878.9960914460667,7.135756739342176,188186.8932670414,0.044459942262619734,"{""policy_inference_time"": 0.007249337155371904, ""env_step_time"": 0.03538826107978821, ""replay_insert_time"": 0.0014276267029345036, ""logging_time"": 0.0001270640641450882, ""total_train_step_time"": 0.044459942262619734}",0.19738688133656979,0.0223046219907701
rollout_update,96128,3010.0941962975253,7.134111784650332,188186.8932670414,0.04252358619123697,"{""policy_inference_time"": 0.007189576979726553, ""env_step_time"": 0.03432315029203892, ""replay_insert_time"": 0.0006339969113469124, ""logging_time"": 0.00011935597285628319, ""total_train_step_time"": 0.04252358619123697}",0.19738688133656979,0.0223046219907701
rollout_update,96256,3013.681689990133,7.132469544987602,188186.8932670414,0.0424729660153389,"{""policy_inference_time"": 0.007256159093230963, ""env_step_time"": 0.03420752799138427, ""replay_insert_time"": 0.000636490061879158, ""logging_time"": 0.00011582160368561745, ""total_train_step_time"": 0.0424729660153389}",0.19738688133656979,0.0223046219907701
rollout_update,96384,154.8927693186499,7.138436495636214,188217.08462281292,0.8263781489804387,"{""policy_inference_time"": 0.007375168614089489, ""env_step_time"": 0.03405487863346934, ""replay_insert_time"": 0.0006208270788192749, ""logging_time"": 0.00011771777644753456, ""total_train_step_time"": 0.8263781489804387}",0.19426487479358912,0.021993759088218212
rollout_update,96512,2907.618333726741,7.136741315782251,188217.08462281292,0.04402228398248553,"{""policy_inference_time"": 0.0072204177267849445, ""env_step_time"": 0.034943132661283016, ""replay_insert_time"": 0.0014556348323822021, ""logging_time"": 0.0001296340487897396, ""total_train_step_time"": 0.04402228398248553}",0.19426487479358912,0.021993759088218212
rollout_update,96640,3026.78447105476,7.135113634093836,188217.08462281292,0.04228910291567445,"{""policy_inference_time"": 0.007324435748159885, ""env_step_time"": 0.03395257703959942, ""replay_insert_time"": 0.0006312630139291286, ""logging_time"": 0.00012278230860829353, ""total_train_step_time"": 0.04228910291567445}",0.19426487479358912,0.021993759088218212
rollout_update,96768,3051.2063767324385,7.1334997137932366,188217.08462281292,0.041950620245188475,"{""policy_inference_time"": 0.00722460076212883, ""env_step_time"": 0.033728407230228186, ""replay_insert_time"": 0.0006216340698301792, ""logging_time"": 0.00011830497533082962, ""total_train_step_time"": 0.041950620245188475}",0.19426487479358912,0.021993759088218212
rollout_update,96896,150.43955293146652,7.138494150986118,188193.37475640568,0.8508400716818869,"{""policy_inference_time"": 0.007055222988128662, ""env_step_time"": 0.033594194799661636, ""replay_insert_time"": 0.0006084796041250229, ""logging_time"": 0.00011772708967328072, ""total_train_step_time"": 0.8508400716818869}",0.1998437950387597,0.02967779291793704
rollout_update,97024,2617.4805643970208,7.136620994310827,188193.37475640568,0.04890198679640889,"{""policy_inference_time"": 0.007459562737494707, ""env_step_time"": 0.039568229112774134, ""replay_insert_time"": 0.001470174640417099, ""logging_time"": 0.00013002287596464157, ""total_train_step_time"": 0.04890198679640889}",0.1998437950387597,0.02967779291793704
rollout_update,97152,2872.1023478455677,7.134914755412549,188193.37475640568,0.044566656928509474,"{""policy_inference_time"": 0.007940714713186026, ""env_step_time"": 0.0355822229757905, ""replay_insert_time"": 0.0006573367863893509, ""logging_time"": 0.00012308917939662933, ""total_train_step_time"": 0.044566656928509474}",0.1998437950387597,0.02967779291793704
rollout_update,97280,2914.5965591996783,7.133234191041062,188193.37475640568,0.04391688434407115,"{""policy_inference_time"": 0.007653465028852224, ""env_step_time"": 0.03517581894993782, ""replay_insert_time"": 0.0006879591383039951, ""logging_time"": 0.00012706732377409935, ""total_train_step_time"": 0.04391688434407115}",0.1998437950387597,0.02967779291793704
rollout_update,97408,151.95856923319184,7.138527637177405,188198.2678387096,0.8423348590731621,"{""policy_inference_time"": 0.007536920253187418, ""env_step_time"": 0.03466580109670758, ""replay_insert_time"": 0.0006344751454889774, ""logging_time"": 0.00011776713654398918, ""total_train_step_time"": 0.8423348590731621}",0.19877101434394717,0.022436497267335653
rollout_update,97536,2902.3663466539147,7.136847126129041,188198.2678387096,0.04410194465890527,"{""policy_inference_time"": 0.007155505940318108, ""env_step_time"": 0.035155631601810455, ""replay_insert_time"": 0.001389149110764265, ""logging_time"": 0.00012818491086363792, ""total_train_step_time"": 0.04410194465890527}",0.19877101434394717,0.022436497267335653
rollout_update,97664,2889.2013023871955,7.135159754060637,188198.2678387096,0.04430290125310421,"{""policy_inference_time"": 0.008297081105411053, ""env_step_time"": 0.035002395045012236, ""replay_insert_time"": 0.0006297840736806393, ""logging_time"": 0.00011942628771066666, ""total_train_step_time"": 0.04430290125310421}",0.19877101434394717,0.022436497267335653
rollout_update,97792,3037.315977686563,7.133555406982308,188198.2678387096,0.042142470832914114,"{""policy_inference_time"": 0.0070928409695625305, ""env_step_time"": 0.03405630635097623, ""replay_insert_time"": 0.0006204689852893353, ""logging_time"": 0.00011891964823007584, ""total_train_step_time"": 0.042142470832914114}",0.19877101434394717,0.022436497267335653
rollout_update,97920,151.80641515765814,7.138788048367052,188204.54319007343,0.8431791230104864,"{""policy_inference_time"": 0.007045338861644268, ""env_step_time"": 0.033797620330005884, ""replay_insert_time"": 0.0006119552999734879, ""logging_time"": 0.00011652987450361252, ""total_train_step_time"": 0.8431791230104864}",0.20378597592934966,0.0226893681101501
rollout_update,98048,2784.628149465973,7.137045493566524,188204.54319007343,0.04596664011478424,"{""policy_inference_time"": 0.00766717828810215, ""env_step_time"": 0.0364939896389842, ""replay_insert_time"": 0.0014009024016559124, ""logging_time"": 0.0001254458911716938, ""total_train_step_time"": 0.04596664011478424}",0.20378597592934966,0.0226893681101501
rollout_update,98176,2948.6228373414388,7.135400635973738,188204.54319007343,0.04341009585186839,"{""policy_inference_time"": 0.007412156090140343, ""env_step_time"": 0.03497529402375221, ""replay_insert_time"": 0.0006403601728379726, ""logging_time"": 0.00012285495176911354, ""total_train_step_time"": 0.04341009585186839}",0.20378597592934966,0.0226893681101501
rollout_update,98304,3012.2313539289644,7.133791246577581,188204.54319007343,0.042493415996432304,"{""policy_inference_time"": 0.007322750985622406, ""env_step_time"": 0.034177497029304504, ""replay_insert_time"": 0.0006179478950798512, ""logging_time"": 0.00011943792924284935, ""total_train_step_time"": 0.042493415996432304}",0.20378597592934966,0.0226893681101501
rollout_update,98432,151.47576867685459,7.138926445284757,188228.10761843136,0.8450196431949735,"{""policy_inference_time"": 0.0071500688791275024, ""env_step_time"": 0.04242573818191886, ""replay_insert_time"": 0.00064436299726367, ""logging_time"": 0.0001212581992149353, ""total_train_step_time"": 0.8450196431949735}",0.19854937121272087,0.022434659767895937
rollout_update,98560,2879.244158129067,7.13724980486793,188228.10761843136,0.04445611173287034,"{""policy_inference_time"": 0.007239640690386295, ""env_step_time"": 0.0354414083994925, ""replay_insert_time"": 0.0013685193844139576, ""logging_time"": 0.00012867199257016182, ""total_train_step_time"": 0.04445611173287034}",0.19854937121272087,0.022434659767895937
rollout_update,98688,2862.4890719575856,7.135564144813912,188228.10761843136,0.04471632791683078,"{""policy_inference_time"": 0.007301986217498779, ""env_step_time"": 0.03605169989168644, ""replay_insert_time"": 0.0008794460445642471, ""logging_time"": 0.00018308358266949654, ""total_train_step_time"": 0.04471632791683078}",0.19854937121272087,0.022434659767895937
rollout_update,98816,2880.404571495061,7.133889757837148,188228.10761843136,0.0444382019340992,"{""policy_inference_time"": 0.008152132853865623, ""env_step_time"": 0.03524704137817025, ""replay_insert_time"": 0.0006470098160207272, ""logging_time"": 0.00012144120410084724, ""total_train_step_time"": 0.0444382019340992}",0.19854937121272087,0.022434659767895937
rollout_update,98944,151.36008109085583,7.138973861067537,188248.87793392438,0.8456655088812113,"{""policy_inference_time"": 0.0072208731435239315, ""env_step_time"": 0.03412170382216573, ""replay_insert_time"": 0.0006305309943854809, ""logging_time"": 0.00012229382991790771, ""total_train_step_time"": 0.8456655088812113}",0.2022258546203375,0.021919504273682833
rollout_update,99072,2440.6077076359843,7.137006137517871,188248.87793392438,0.05244595417752862,"{""policy_inference_time"": 0.007249618414789438, ""env_step_time"": 0.04330140212550759, ""replay_insert_time"": 0.0014922711998224258, ""logging_time"": 0.0001286948099732399, ""total_train_step_time"": 0.05244595417752862}",0.2022258546203375,0.021919504273682833
rollout_update,99200,2991.774526800694,7.1354017257493405,188248.87793392438,0.042783972807228565,"{""policy_inference_time"": 0.007353418972343206, ""env_step_time"": 0.034445344004780054, ""replay_insert_time"": 0.0006130319088697433, ""logging_time"": 0.00011903094127774239, ""total_train_step_time"": 0.042783972807228565}",0.2022258546203375,0.021919504273682833
rollout_update,99328,3029.1627341029016,7.1338178247308175,188248.87793392438,0.04225590080022812,"{""policy_inference_time"": 0.00705561600625515, ""env_step_time"": 0.03420186694711447, ""replay_insert_time"": 0.0006134742870926857, ""logging_time"": 0.00012100301682949066, ""total_train_step_time"": 0.04225590080022812}",0.2022258546203375,0.021919504273682833
rollout_update,99456,153.00159841911275,7.139214867362458,188267.21793983103,0.836592567153275,"{""policy_inference_time"": 0.007195683196187019, ""env_step_time"": 0.03416536469012499, ""replay_insert_time"": 0.0006067100912332535, ""logging_time"": 0.00012035109102725983, ""total_train_step_time"": 0.836592567153275}",0.1974762436002493,0.02313140593469143
rollout_update,99584,2781.9575295243662,7.137497262620652,188267.21793983103,0.0460107671096921,"{""policy_inference_time"": 0.007138154935091734, ""env_step_time"": 0.037059502210468054, ""replay_insert_time"": 0.001406691037118435, ""logging_time"": 0.00013217376545071602, ""total_train_step_time"": 0.0460107671096921}",0.1974762436002493,0.02313140593469143
rollout_update,99712,2950.6023028720365,7.135878586171448,188267.21793983103,0.043380973394960165,"{""policy_inference_time"": 0.007489826995879412, ""env_step_time"": 0.034885344095528126, ""replay_insert_time"": 0.0006298529915511608, ""logging_time"": 0.00011971965432167053, ""total_train_step_time"": 0.043380973394960165}",0.1974762436002493,0.02313140593469143
rollout_update,99840,3005.293852573667,7.134290081152981,188267.21793983103,0.04259150894358754,"{""policy_inference_time"": 0.00708843395113945, ""env_step_time"": 0.03451836481690407, ""replay_insert_time"": 0.000611133873462677, ""logging_time"": 0.00011811871081590652, ""total_train_step_time"": 0.04259150894358754}",0.1974762436002493,0.02313140593469143
rollout_update,99968,151.48538321683878,7.139346775194202,188251.16124575815,0.8449660111218691,"{""policy_inference_time"": 0.007074398919939995, ""env_step_time"": 0.03442761395126581, ""replay_insert_time"": 0.0007268558256328106, ""logging_time"": 0.00019042706117033958, ""total_train_step_time"": 0.8449660111218691}",0.19562851497903466,0.02254136512055993
rollout_update,100096,2844.5232472057196,7.137675447365313,188251.16124575815,0.04499875335022807,"{""policy_inference_time"": 0.007180285174399614, ""env_step_time"": 0.03603551723062992, ""replay_insert_time"": 0.001383309718221426, ""logging_time"": 0.00012829480692744255, ""total_train_step_time"": 0.04499875335022807}",0.19562851497903466,0.02254136512055993
rollout_update,100224,2813.210565532396,7.135986312122441,188251.16124575815,0.04549961583688855,"{""policy_inference_time"": 0.007410641759634018, ""env_step_time"": 0.036613529082387686, ""replay_insert_time"": 0.0009233481250703335, ""logging_time"": 0.00017687492072582245, ""total_train_step_time"": 0.04549961583688855}",0.19562851497903466,0.02254136512055993
rollout_update,100352,2897.8587461269913,7.134347282132148,188251.16124575815,0.04417054494842887,"{""policy_inference_time"": 0.00902017205953598, ""env_step_time"": 0.034132227301597595, ""replay_insert_time"": 0.0006324839778244495, ""logging_time"": 0.00011980393901467323, ""total_train_step_time"": 0.04417054494842887}",0.19562851497903466,0.02254136512055993
rollout_update,100480,155.35244435843228,7.140155589496591,188281.9163040538,0.8239329643547535,"{""policy_inference_time"": 0.0072325668297708035, ""env_step_time"": 0.03415814787149429, ""replay_insert_time"": 0.00062169274315238, ""logging_time"": 0.00011910870671272278, ""total_train_step_time"": 0.8239329643547535}",0.1948807928711176,0.021794253960251808
rollout_update,100608,2916.0410866188763,7.1385331492136475,188281.9163040538,0.04389512911438942,"{""policy_inference_time"": 0.0070259408093988895, ""env_step_time"": 0.03512045741081238, ""replay_insert_time"": 0.0013511274009943008, ""logging_time"": 0.00012600189074873924, ""total_train_step_time"": 0.04389512911438942}",0.1948807928711176,0.021794253960251808
rollout_update,100736,3047.69126475006,7.136981483071583,188281.9163040538,0.041999004781246185,"{""policy_inference_time"": 0.007236931007355452, ""env_step_time"": 0.03377680107951164, ""replay_insert_time"": 0.0006147301755845547, ""logging_time"": 0.00011661788448691368, ""total_train_step_time"": 0.041999004781246185}",0.1948807928711176,0.021794253960251808
rollout_update,100864,3070.8360391762926,7.135442178582713,188281.9163040538,0.04168245987966657,"{""policy_inference_time"": 0.006977854762226343, ""env_step_time"": 0.03372301859781146, ""replay_insert_time"": 0.0006100963801145554, ""logging_time"": 0.00011778296902775764, ""total_train_step_time"": 0.04168245987966657}",0.1948807928711176,0.021794253960251808
rollout_update,100992,153.9863086485814,7.140948414204794,188297.96322555692,0.8312427327036858,"{""policy_inference_time"": 0.007067088969051838, ""env_step_time"": 0.03378271823748946, ""replay_insert_time"": 0.0006072898395359516, ""logging_time"": 0.00011614896357059479, ""total_train_step_time"": 0.8312427327036858}",0.19422880187630653,0.021901138126850128
rollout_update,101120,2920.75893413121,7.139336415203809,188297.96322555692,0.04382422612980008,"{""policy_inference_time"": 0.0070839920081198215, ""env_step_time"": 0.035013752058148384, ""replay_insert_time"": 0.0013252529315650463, ""logging_time"": 0.00012845918536186218, ""total_train_step_time"": 0.04382422612980008}",0.19422880187630653,0.021901138126850128
rollout_update,101248,3041.865418518519,7.137789279839163,188297.96322555692,0.04207944218069315,"{""policy_inference_time"": 0.007243058644235134, ""env_step_time"": 0.03385020000860095, ""replay_insert_time"": 0.0006139879114925861, ""logging_time"": 0.000117467250674963, ""total_train_step_time"": 0.04207944218069315}",0.19422880187630653,0.021901138126850128
rollout_update,101376,3042.456941529383,7.13624311547847,188297.96322555692,0.04207126097753644,"{""policy_inference_time"": 0.007038109004497528, ""env_step_time"": 0.03405258432030678, ""replay_insert_time"": 0.0006113168783485889, ""logging_time"": 0.000116787850856781, ""total_train_step_time"": 0.04207126097753644}",0.19422880187630653,0.021901138126850128
rollout_update,101504,152.86357883159852,7.1414953272443285,188303.25227209373,0.8373479214496911,"{""policy_inference_time"": 0.0068885162472724915, ""env_step_time"": 0.03388515068218112, ""replay_insert_time"": 0.0005958126857876778, ""logging_time"": 0.00011486699804663658, ""total_train_step_time"": 0.8373479214496911}",0.2020000941120088,0.021787135861814022
rollout_update,101632,2889.045978568829,7.139873576604593,188303.25227209373,0.04430528311058879,"{""policy_inference_time"": 0.007168185897171497, ""env_step_time"": 0.03538987739011645, ""replay_insert_time"": 0.0013509280979633331, ""logging_time"": 0.00012670736759901047, ""total_train_step_time"": 0.04430528311058879}",0.2020000941120088,0.021787135861814022
rollout_update,101760,3030.438676911953,7.138328178463989,188303.25227209373,0.04223810927942395,"{""policy_inference_time"": 0.0072760190814733505, ""env_step_time"": 0.03396459296345711, ""replay_insert_time"": 0.0006255949847400188, ""logging_time"": 0.0001184600405395031, ""total_train_step_time"": 0.04223810927942395}",0.2020000941120088,0.021787135861814022
rollout_update,101888,3076.754516661444,7.136806697753327,188303.25227209373,0.04160227905958891,"{""policy_inference_time"": 0.006952656898647547, ""env_step_time"": 0.033682210836559534, ""replay_insert_time"": 0.0006019952706992626, ""logging_time"": 0.00011724280193448067, ""total_train_step_time"": 0.04160227905958891}",0.2020000941120088,0.021787135861814022
rollout_update,102016,155.4039673325958,7.142529390524312,188335.99628291724,0.8236597958020866,"{""policy_inference_time"": 0.0076003121212124825, ""env_step_time"": 0.034682079683989286, ""replay_insert_time"": 0.0006001042202115059, ""logging_time"": 0.0001193089410662651, ""total_train_step_time"": 0.8236597958020866}",0.1936569269746542,0.0218359949067235
rollout_update,102144,2882.9520317829424,7.140911868410416,188335.99628291724,0.04439893504604697,"{""policy_inference_time"": 0.007128376979380846, ""env_step_time"": 0.035534019116312265, ""replay_insert_time"": 0.0013372311368584633, ""logging_time"": 0.000126758124679327, ""total_train_step_time"": 0.04439893504604697}",0.1936569269746542,0.0218359949067235
rollout_update,102272,2976.9419313532194,7.139346113866391,188335.99628291724,0.04299714369699359,"{""policy_inference_time"": 0.007334975991398096, ""env_step_time"": 0.03467814112082124, ""replay_insert_time"": 0.0006172670982778072, ""logging_time"": 0.000116690993309021, ""total_train_step_time"": 0.04299714369699359}",0.1936569269746542,0.0218359949067235
rollout_update,102400,3019.264266917647,7.13780297929867,188335.99628291724,0.0423944341018796,"{""policy_inference_time"": 0.007132824044674635, ""env_step_time"": 0.034257108345627785, ""replay_insert_time"": 0.0006312960758805275, ""logging_time"": 0.00011872686445713043, ""total_train_step_time"": 0.0423944341018796}",0.1936569269746542,0.0218359949067235
rollout_update,102528,151.19670631484684,7.142662649158356,188334.93123517718,0.8465792881324887,"{""policy_inference_time"": 0.006980746053159237, ""env_step_time"": 0.03457175614312291, ""replay_insert_time"": 0.000607609748840332, ""logging_time"": 0.00011662859469652176, ""total_train_step_time"": 0.8465792881324887}",0.19544697972014546,0.022270972840487957
rollout_update,102656,2861.74463604891,7.141041187545656,188334.93123517718,0.044727960135787725,"{""policy_inference_time"": 0.00707783829420805, ""env_step_time"": 0.03590386500582099, ""replay_insert_time"": 0.001349670346826315, ""logging_time"": 0.00012195203453302383, ""total_train_step_time"": 0.044727960135787725}",0.19544697972014546,0.022270972840487957
rollout_update,102784,3003.400222221404,7.139496887052281,188334.93123517718,0.042618362698704004,"{""policy_inference_time"": 0.0072704642079770565, ""env_step_time"": 0.03434815490618348, ""replay_insert_time"": 0.0006285021081566811, ""logging_time"": 0.00011785607784986496, ""total_train_step_time"": 0.042618362698704004}",0.19544697972014546,0.022270972840487957
rollout_update,102912,3039.527806998157,7.137971597921519,188334.93123517718,0.042111804243177176,"{""policy_inference_time"": 0.006997902411967516, ""env_step_time"": 0.03413502732291818, ""replay_insert_time"": 0.0006101378239691257, ""logging_time"": 0.00011719390749931335, ""total_train_step_time"": 0.042111804243177176}",0.19544697972014546,0.022270972840487957
rollout_update,103040,151.96875388499276,7.142961773312694,188357.2349985693,0.842278407420963,"{""policy_inference_time"": 0.007170805707573891, ""env_step_time"": 0.03494218597188592, ""replay_insert_time"": 0.0006149858236312866, ""logging_time"": 0.00013425713405013084, ""total_train_step_time"": 0.842278407420963}",0.20160707738250494,0.02206728421151638
rollout_update,103168,2857.5406974620932,7.141345828493383,188357.2349985693,0.04479376273229718,"{""policy_inference_time"": 0.007191620767116547, ""env_step_time"": 0.03579140128567815, ""replay_insert_time"": 0.001401311717927456, ""logging_time"": 0.00013705110177397728, ""total_train_step_time"": 0.04479376273229718}",0.20160707738250494,0.02206728421151638
rollout_update,103296,2972.6636251281707,7.139793153758813,188357.2349985693,0.0430590258911252,"{""policy_inference_time"": 0.007530737202614546, ""env_step_time"": 0.03453198913484812, ""replay_insert_time"": 0.0006220308132469654, ""logging_time"": 0.00011752685531973839, ""total_train_step_time"": 0.0430590258911252}",0.20160707738250494,0.02206728421151638
rollout_update,103424,3029.528071516893,7.138270278969914,188357.2349985693,0.04225080506876111,"{""policy_inference_time"": 0.007064146921038628, ""env_step_time"": 0.03419981524348259, ""replay_insert_time"": 0.0006133029237389565, ""logging_time"": 0.00011919531971216202, ""total_train_step_time"": 0.04225080506876111}",0.20160707738250494,0.02206728421151638
rollout_update,103552,153.7412112072281,7.143583502346729,188370.04727231243,0.8325679171830416,"{""policy_inference_time"": 0.007059026043862104, ""env_step_time"": 0.034043940249830484, ""replay_insert_time"": 0.0006076730787754059, ""logging_time"": 0.00011626677587628365, ""total_train_step_time"": 0.8325679171830416}",0.1963762710802257,0.021812736988067627
rollout_update,103680,2881.2671674695416,7.141988476841253,188370.04727231243,0.044424897991120815,"{""policy_inference_time"": 0.0071372827515006065, ""env_step_time"": 0.03556483518332243, ""replay_insert_time"": 0.0013285386376082897, ""logging_time"": 0.0001233336515724659, ""total_train_step_time"": 0.044424897991120815}",0.1963762710802257,0.021812736988067627
rollout_update,103808,3013.076464971881,7.140463893004887,188370.04727231243,0.04248149739578366,"{""policy_inference_time"": 0.007246043067425489, ""env_step_time"": 0.03423100523650646, ""replay_insert_time"": 0.0006320481188595295, ""logging_time"": 0.00011716317385435104, ""total_train_step_time"": 0.04248149739578366}",0.1963762710802257,0.021812736988067627
rollout_update,103936,3041.750803663837,7.138954322885081,188370.04727231243,0.04208102775737643,"{""policy_inference_time"": 0.007049246691167355, ""env_step_time"": 0.034047084860503674, ""replay_insert_time"": 0.0006146840751171112, ""logging_time"": 0.00011742115020751953, ""total_train_step_time"": 0.04208102775737643}",0.1963762710802257,0.021812736988067627
rollout_update,104064,154.06779019141467,7.144302215880525,188384.0052496541,0.8308031149208546,"{""policy_inference_time"": 0.007020959164947271, ""env_step_time"": 0.03427525423467159, ""replay_insert_time"": 0.0006126267835497856, ""logging_time"": 0.00011653266847133636, ""total_train_step_time"": 0.8308031149208546}",0.19431587914004922,0.02211695211008191
rollout_update,104192,2863.7236682312528,7.142704964829552,188384.0052496541,0.044697050005197525,"{""policy_inference_time"": 0.007150636054575443, ""env_step_time"": 0.03577319299802184, ""replay_insert_time"": 0.00137663958594203, ""logging_time"": 0.00012839119881391525, ""total_train_step_time"": 0.044697050005197525}",0.19431587914004922,0.02211695211008191
rollout_update,104320,2976.7920208804144,7.141169056501045,188384.0052496541,0.04299930902197957,"{""policy_inference_time"": 0.007400089874863625, ""env_step_time"": 0.03459387877956033, ""replay_insert_time"": 0.00062954006716609, ""logging_time"": 0.0001195310615003109, ""total_train_step_time"": 0.04299930902197957}",0.19431587914004922,0.02211695211008191
rollout_update,104448,3051.796591767405,7.139671532729305,188384.0052496541,0.04194250702857971,"{""policy_inference_time"": 0.0070640998892486095, ""env_step_time"": 0.033889735117554665, ""replay_insert_time"": 0.0006206678226590157, ""logging_time"": 0.00011461693793535233, ""total_train_step_time"": 0.04194250702857971}",0.19431587914004922,0.02211695211008191
rollout_update,104576,154.3780073024656,7.145050277351724,188400.37612467073,0.8291336456313729,"{""policy_inference_time"": 0.006991084199398756, ""env_step_time"": 0.033977551851421595, ""replay_insert_time"": 0.0006117932498455048, ""logging_time"": 0.00011866586282849312, ""total_train_step_time"": 0.8291336456313729}",0.19481073413044214,0.022139706183224916
rollout_update,104704,2881.1030321544886,7.143470071019803,188400.37612467073,0.04442742886021733,"{""policy_inference_time"": 0.007186080329120159, ""env_step_time"": 0.03551588021218777, ""replay_insert_time"": 0.0013332292437553406, ""logging_time"": 0.00012460118159651756, ""total_train_step_time"": 0.04442742886021733}",0.19481073413044214,0.022139706183224916
rollout_update,104832,3002.209766238269,7.141954266039896,188400.37612467073,0.04263526201248169,"{""policy_inference_time"": 0.007205439731478691, ""env_step_time"": 0.034421793185174465, ""replay_insert_time"": 0.00063361506909132, ""logging_time"": 0.00011901929974555969, ""total_train_step_time"": 0.04263526201248169}",0.19481073413044214,0.022139706183224916
rollout_update,104960,3027.0004254879696,7.140451510541419,188400.37612467073,0.04228608589619398,"{""policy_inference_time"": 0.007042601238936186, ""env_step_time"": 0.034244866110384464, ""replay_insert_time"": 0.0006215367466211319, ""logging_time"": 0.00011916598305106163, ""total_train_step_time"": 0.04228608589619398}",0.19481073413044214,0.022139706183224916
rollout_update,105088,151.56122987153478,7.1452558800953065,188403.43146364155,0.8445431599393487,"{""policy_inference_time"": 0.0071726529859006405, ""env_step_time"": 0.03410720080137253, ""replay_insert_time"": 0.0006015975959599018, ""logging_time"": 0.00011834828183054924, ""total_train_step_time"": 0.8445431599393487}",0.20193524146452546,0.021996624767780304
rollout_update,105216,2821.909242527391,7.143650271671013,188403.43146364155,0.0453593609854579,"{""policy_inference_time"": 0.007218363229185343, ""env_step_time"": 0.03635739674791694, ""replay_insert_time"": 0.0013852440752089024, ""logging_time"": 0.00012694578617811203, ""total_train_step_time"": 0.0453593609854579}",0.20193524146452546,0.021996624767780304
rollout_update,105344,3016.060346771019,7.142148673420469,188403.43146364155,0.0424394691362977,"{""policy_inference_time"": 0.0072468179278075695, ""env_step_time"": 0.034192477352917194, ""replay_insert_time"": 0.0006199120543897152, ""logging_time"": 0.00012596184387803078, ""total_train_step_time"": 0.0424394691362977}",0.20193524146452546,0.021996624767780304
rollout_update,105472,3026.406166772302,7.140652836316889,188403.43146364155,0.042294389102607965,"{""policy_inference_time"": 0.0070964619517326355, ""env_step_time"": 0.03421919280663133, ""replay_insert_time"": 0.0006075059063732624, ""logging_time"": 0.00011828774586319923, ""total_train_step_time"": 0.042294389102607965}",0.20193524146452546,0.021996624767780304
rollout_update,105600,153.98440536604784,7.145901601438282,188404.08662269486,0.8312530070543289,"{""policy_inference_time"": 0.007059101015329361, ""env_step_time"": 0.03410349786281586, ""replay_insert_time"": 0.0006141839548945427, ""logging_time"": 0.00011616293340921402, ""total_train_step_time"": 0.8312530070543289}",0.19405130576342344,0.02174021117389202
rollout_update,105728,2843.362264075061,7.144315514288417,188404.08662269486,0.04501712694764137,"{""policy_inference_time"": 0.007235486060380936, ""env_step_time"": 0.03602128569036722, ""replay_insert_time"": 0.0013635712675750256, ""logging_time"": 0.00012669293209910393, ""total_train_step_time"": 0.04501712694764137}",0.19405130576342344,0.02174021117389202
rollout_update,105856,3006.9811101229125,7.142816378416906,188404.08662269486,0.042567610275000334,"{""policy_inference_time"": 0.007313956040889025, ""env_step_time"": 0.03426469396799803, ""replay_insert_time"": 0.0006144829094409943, ""logging_time"": 0.00011689495295286179, ""total_train_step_time"": 0.042567610275000334}",0.19405130576342344,0.02174021117389202
rollout_update,105984,3039.581954158226,7.14133394036418,188404.08662269486,0.04211105406284332,"{""policy_inference_time"": 0.007023622281849384, ""env_step_time"": 0.03411249816417694, ""replay_insert_time"": 0.0006047249771654606, ""logging_time"": 0.00011740485206246376, ""total_train_step_time"": 0.04211105406284332}",0.19405130576342344,0.02174021117389202
rollout_update,106112,155.29580568054868,7.146801408281062,188430.427196611,0.8242334648966789,"{""policy_inference_time"": 0.006986035034060478, ""env_step_time"": 0.034173169173300266, ""replay_insert_time"": 0.00061834417283535, ""logging_time"": 0.00011922325938940048, ""total_train_step_time"": 0.8242334648966789}",0.19371206546202302,0.021945830900222063
rollout_update,106240,2806.4660922243143,7.145201794974492,188430.427196611,0.04560896009206772,"{""policy_inference_time"": 0.007181643042713404, ""env_step_time"": 0.036647969391196966, ""replay_insert_time"": 0.0013829059898853302, ""logging_time"": 0.0001248372718691826, ""total_train_step_time"": 0.04560896009206772}",0.19371206546202302,0.021945830900222063
rollout_update,106368,2978.5211959187404,7.143695238844357,188430.427196611,0.04297434585168958,"{""policy_inference_time"": 0.007410029880702496, ""env_step_time"": 0.0345717491582036, ""replay_insert_time"": 0.000620977021753788, ""logging_time"": 0.00011865189298987389, ""total_train_step_time"": 0.04297434585168958}",0.19371206546202302,0.021945830900222063
rollout_update,106496,3021.9133474920636,7.142210937165048,188430.427196611,0.04235727014020085,"{""policy_inference_time"": 0.007031813729554415, ""env_step_time"": 0.0343608190305531, ""replay_insert_time"": 0.0005986732430756092, ""logging_time"": 0.00011544302105903625, ""total_train_step_time"": 0.04235727014020085}",0.19371206546202302,0.021945830900222063
rollout_update,106624,153.5751167941846,7.147326885281323,188449.05953054657,0.8334683552384377,"{""policy_inference_time"": 0.006988450884819031, ""env_step_time"": 0.03426108090206981, ""replay_insert_time"": 0.0006128661334514618, ""logging_time"": 0.00011708913370966911, ""total_train_step_time"": 0.8334683552384377}",0.19821002194657922,0.0219535818323493
rollout_update,106752,2840.908540217672,7.145753988959847,188449.05953054657,0.045056008733808994,"{""policy_inference_time"": 0.007147090043872595, ""env_step_time"": 0.036130629014223814, ""replay_insert_time"": 0.001376626081764698, ""logging_time"": 0.00012775463983416557, ""total_train_step_time"": 0.045056008733808994}",0.19821002194657922,0.0219535818323493
rollout_update,106880,2974.876720940543,7.1442525712630065,188449.05953054657,0.0430269930511713,"{""policy_inference_time"": 0.00742139108479023, ""env_step_time"": 0.034607076086103916, ""replay_insert_time"": 0.0006205560639500618, ""logging_time"": 0.0001195790246129036, ""total_train_step_time"": 0.0430269930511713}",0.19821002194657922,0.0219535818323493
rollout_update,107008,3034.395791086132,7.142781215943043,188449.05953054657,0.042183027137070894,"{""policy_inference_time"": 0.007084378041327, ""env_step_time"": 0.034125715028494596, ""replay_insert_time"": 0.0006029768846929073, ""logging_time"": 0.00011729076504707336, ""total_train_step_time"": 0.042183027137070894}",0.19821002194657922,0.0219535818323493
rollout_update,107136,153.41613761388558,7.147840859992324,188466.22688157554,0.8343320460990071,"{""policy_inference_time"": 0.006948438938707113, ""env_step_time"": 0.03399450099095702, ""replay_insert_time"": 0.0006002131849527359, ""logging_time"": 0.00011790310963988304, ""total_train_step_time"": 0.8343320460990071}",0.19632959552109241,0.02265673503279686
rollout_update,107264,2846.573913271125,7.146278342196649,188466.22688157554,0.04496633633971214,"{""policy_inference_time"": 0.007207754999399185, ""env_step_time"": 0.03599828900769353, ""replay_insert_time"": 0.001365856733173132, ""logging_time"": 0.00012444006279110909, ""total_train_step_time"": 0.04496633633971214}",0.19632959552109241,0.02265673503279686
rollout_update,107392,2527.6355060052997,7.144519482732068,188466.22688157554,0.05064021283760667,"{""policy_inference_time"": 0.007198091130703688, ""env_step_time"": 0.04239301709458232, ""replay_insert_time"": 0.0006648814305663109, ""logging_time"": 0.00012206612154841423, ""total_train_step_time"": 0.05064021283760667}",0.19632959552109241,0.02265673503279686
rollout_update,107520,2939.7859274965285,7.143007902917586,188466.22688157554,0.043540585320442915,"{""policy_inference_time"": 0.00762003380805254, ""env_step_time"": 0.03493074281141162, ""replay_insert_time"": 0.0006132242269814014, ""logging_time"": 0.0001193690113723278, ""total_train_step_time"": 0.043540585320442915}",0.19632959552109241,0.02265673503279686
rollout_update,107648,154.49990063520204,7.148245260108386,188487.6351936423,0.8284794972278178,"{""policy_inference_time"": 0.007080316077917814, ""env_step_time"": 0.03495513089001179, ""replay_insert_time"": 0.0006284401752054691, ""logging_time"": 0.00011975178495049477, ""total_train_step_time"": 0.8284794972278178}",0.19539859844371676,0.02212352305650711
rollout_update,107776,2849.8499970322478,7.146691757563653,188487.6351936423,0.04491464467719197,"{""policy_inference_time"": 0.007223965134471655, ""env_step_time"": 0.035931806080043316, ""replay_insert_time"": 0.0013585397973656654, ""logging_time"": 0.00012530013918876648, ""total_train_step_time"": 0.04491464467719197}",0.19539859844371676,0.02212352305650711
rollout_update,107904,2993.840480760769,7.145213598791171,188487.6351936423,0.04275444895029068,"{""policy_inference_time"": 0.0073186117224395275, ""env_step_time"": 0.03444382408633828, ""replay_insert_time"": 0.0006196270696818829, ""logging_time"": 0.00011915294453501701, ""total_train_step_time"": 0.04275444895029068}",0.19539859844371676,0.02212352305650711
rollout_update,108032,2879.0379455544935,7.14367714635554,188487.6351936423,0.04445929592475295,"{""policy_inference_time"": 0.007063539233058691, ""env_step_time"": 0.03635711781680584, ""replay_insert_time"": 0.0006515211425721645, ""logging_time"": 0.00012202607467770576, ""total_train_step_time"": 0.04445929592475295}",0.19539859844371676,0.02212352305650711
rollout_update,108160,154.6706420385375,7.148919092622479,188506.96613893038,0.8275649361312389,"{""policy_inference_time"": 0.007280316203832626, ""env_step_time"": 0.03517495468258858, ""replay_insert_time"": 0.0006316723302006721, ""logging_time"": 0.0001195971854031086, ""total_train_step_time"": 0.8275649361312389}",0.19437904097139835,0.021954772993922234
rollout_update,108288,2871.442378692231,7.147384251325797,188506.96613893038,0.04457690007984638,"{""policy_inference_time"": 0.007091565988957882, ""env_step_time"": 0.03566534677520394, ""replay_insert_time"": 0.0014188969507813454, ""logging_time"": 0.0001271483488380909, ""total_train_step_time"": 0.04457690007984638}",0.19437904097139835,0.021954772993922234
rollout_update,108416,3001.9082918988825,7.145916732333713,188506.96613893038,0.042639543768018484,"{""policy_inference_time"": 0.007160156033933163, ""env_step_time"": 0.0344773861579597, ""replay_insert_time"": 0.0006291540339589119, ""logging_time"": 0.00011856807395815849, ""total_train_step_time"": 0.042639543768018484}",0.19437904097139835,0.021954772993922234
rollout_update,108544,2971.079164027852,7.1444345976812835,188506.96613893038,0.04308198904618621,"{""policy_inference_time"": 0.007043808698654175, ""env_step_time"": 0.03494700416922569, ""replay_insert_time"": 0.0007081180810928345, ""logging_time"": 0.00011617504060268402, ""total_train_step_time"": 0.04308198904618621}",0.19437904097139835,0.021954772993922234
rollout_update,108672,154.78717298730092,7.149670821088553,188532.2026824852,0.826941906940192,"{""policy_inference_time"": 0.007311472203582525, ""env_step_time"": 0.03462363686412573, ""replay_insert_time"": 0.0006135147996246815, ""logging_time"": 0.00011648004874587059, ""total_train_step_time"": 0.826941906940192}",0.19544649217277765,0.022281895857304335
rollout_update,108800,2812.1577082082413,7.148110658112579,188532.2026824852,0.04551665065810084,"{""policy_inference_time"": 0.007169733289629221, ""env_step_time"": 0.03649427788332105, ""replay_insert_time"": 0.0014479453675448895, ""logging_time"": 0.00012968992814421654, ""total_train_step_time"": 0.04551665065810084}",0.19544649217277765,0.022281895857304335
rollout_update,108928,2996.800447918672,7.146647241050589,188532.2026824852,0.04271221999078989,"{""policy_inference_time"": 0.007147673983126879, ""env_step_time"": 0.03455280512571335, ""replay_insert_time"": 0.0006389501504600048, ""logging_time"": 0.00011784117668867111, ""total_train_step_time"": 0.04271221999078989}",0.19544649217277765,0.022281895857304335
rollout_update,109056,2982.961924297693,7.145177638176976,188532.2026824852,0.04291037004441023,"{""policy_inference_time"": 0.007214393932372332, ""env_step_time"": 0.03471058188006282, ""replay_insert_time"": 0.000613856129348278, ""logging_time"": 0.00011978065595030785, ""total_train_step_time"": 0.04291037004441023}",0.19544649217277765,0.022281895857304335
rollout_update,109184,154.17444553600075,7.150274813972228,188554.3241286467,0.830228378996253,"{""policy_inference_time"": 0.007064590230584145, ""env_step_time"": 0.03438072605058551, ""replay_insert_time"": 0.0006098388694226742, ""logging_time"": 0.00011668680235743523, ""total_train_step_time"": 0.830228378996253}",0.19465363584458828,0.022168498020619154
rollout_update,109312,2826.9395085565607,7.148729796991961,188554.3241286467,0.045278648380190134,"{""policy_inference_time"": 0.007200957741588354, ""env_step_time"": 0.03621580870822072, ""replay_insert_time"": 0.0014646071940660477, ""logging_time"": 0.00012793997302651405, ""total_train_step_time"": 0.045278648380190134}",0.19465363584458828,0.022168498020619154
rollout_update,109440,2947.0701500025957,7.147248386418234,188554.3241286467,0.04343296680599451,"{""policy_inference_time"": 0.007339407689869404, ""env_step_time"": 0.03507604822516441, ""replay_insert_time"": 0.0006275488995015621, ""logging_time"": 0.0001321244053542614, ""total_train_step_time"": 0.04343296680599451}",0.19465363584458828,0.022168498020619154
rollout_update,109568,2855.3555286354253,7.1457200363621425,188554.3241286467,0.04482804285362363,"{""policy_inference_time"": 0.00714290514588356, ""env_step_time"": 0.036658904049545527, ""replay_insert_time"": 0.0006381976418197155, ""logging_time"": 0.00012721633538603783, ""total_train_step_time"": 0.04482804285362363}",0.19465363584458828,0.022168498020619154
rollout_update,109696,154.79172222347262,7.150904220084261,188579.22068455262,0.8269176036119461,"{""policy_inference_time"": 0.007275932934135199, ""env_step_time"": 0.03503550076857209, ""replay_insert_time"": 0.0006226319819688797, ""logging_time"": 0.00012041768059134483, ""total_train_step_time"": 0.8269176036119461}",0.19574738573282957,0.021990444976836443
rollout_update,109824,2856.1415443373007,7.149381839637572,188579.22068455262,0.044815706089138985,"{""policy_inference_time"": 0.007151229307055473, ""env_step_time"": 0.03583870409056544, ""replay_insert_time"": 0.0014281552284955978, ""logging_time"": 0.00012545380741357803, ""total_train_step_time"": 0.044815706089138985}",0.19574738573282957,0.021990444976836443
rollout_update,109952,3004.0046189545546,7.147934994794487,188579.22068455262,0.04260978801175952,"{""policy_inference_time"": 0.007161218207329512, ""env_step_time"": 0.03446067916229367, ""replay_insert_time"": 0.0006181150674819946, ""logging_time"": 0.00011688005179166794, ""total_train_step_time"": 0.04260978801175952}",0.19574738573282957,0.021990444976836443
rollout_update,110080,3021.0549719472115,7.146496896253985,188579.22068455262,0.04236930515617132,"{""policy_inference_time"": 0.007055057678371668, ""env_step_time"": 0.03432859526947141, ""replay_insert_time"": 0.0006120409816503525, ""logging_time"": 0.00011692428961396217, ""total_train_step_time"": 0.04236930515617132}",0.19574738573282957,0.021990444976836443
rollout_update,110208,154.9709905514672,7.151686939866699,188596.70649164272,0.8259610366076231,"{""policy_inference_time"": 0.006924937944859266, ""env_step_time"": 0.03395363222807646, ""replay_insert_time"": 0.0006013358943164349, ""logging_time"": 0.00011618295684456825, ""total_train_step_time"": 0.8259610366076231}",0.19442412676289678,0.021756988018751144
rollout_update,110336,2887.187640129529,7.150187568894844,188596.70649164272,0.044333800207823515,"{""policy_inference_time"": 0.006969562266021967, ""env_step_time"": 0.035645682364702225, ""replay_insert_time"": 0.0013243132270872593, ""logging_time"": 0.00012569734826683998, ""total_train_step_time"": 0.044333800207823515}",0.19442412676289678,0.021756988018751144
rollout_update,110464,3008.555106810539,7.148749274765145,188596.70649164272,0.04254534002393484,"{""policy_inference_time"": 0.007265402004122734, ""env_step_time"": 0.03430028818547726, ""replay_insert_time"": 0.0006097732111811638, ""logging_time"": 0.00011377595365047455, ""total_train_step_time"": 0.04254534002393484}",0.19442412676289678,0.021756988018751144
rollout_update,110592,3014.25298032311,7.147314276341547,188596.70649164272,0.04246491612866521,"{""policy_inference_time"": 0.006957947742193937, ""env_step_time"": 0.03447501501068473, ""replay_insert_time"": 0.0006501437164843082, ""logging_time"": 0.00012001395225524902, ""total_train_step_time"": 0.04246491612866521}",0.19442412676289678,0.021756988018751144
rollout_update,110720,153.21705547235132,7.152159373909795,188605.65868320724,0.8354161330498755,"{""policy_inference_time"": 0.007025187835097313, ""env_step_time"": 0.03497148770838976, ""replay_insert_time"": 0.0006178640760481358, ""logging_time"": 0.00011573126539587975, ""total_train_step_time"": 0.8354161330498755}",0.19707785127684474,0.022200362291187048
rollout_update,110848,2447.7181345620675,7.150398783883678,188605.65868320724,0.05229360284283757,"{""policy_inference_time"": 0.014440377242863178, ""env_step_time"": 0.035998479928821325, ""replay_insert_time"": 0.0013856841251254082, ""logging_time"": 0.00012562330812215805, ""total_train_step_time"": 0.05229360284283757}",0.19707785127684474,0.022200362291187048
rollout_update,110976,2990.7486060702017,7.148958509200646,188605.65868320724,0.04279864905402064,"{""policy_inference_time"": 0.00735266599804163, ""env_step_time"": 0.03445837181061506, ""replay_insert_time"": 0.0006176191382110119, ""logging_time"": 0.00011579878628253937, ""total_train_step_time"": 0.04279864905402064}",0.19707785127684474,0.022200362291187048
rollout_update,111104,3030.3097881901176,7.147537606326512,188605.65868320724,0.042239905800670385,"{""policy_inference_time"": 0.007017995696514845, ""env_step_time"": 0.03425105568021536, ""replay_insert_time"": 0.0006088721565902233, ""logging_time"": 0.00011414103209972382, ""total_train_step_time"": 0.042239905800670385}",0.19707785127684474,0.022200362291187048
rollout_update,111232,155.0273021857556,7.152686775993855,188630.9580407119,0.8256610170938075,"{""policy_inference_time"": 0.007031528744846582, ""env_step_time"": 0.034279807936400175, ""replay_insert_time"": 0.0006192820146679878, ""logging_time"": 0.00011516083031892776, ""total_train_step_time"": 0.8256610170938075}",0.19609652739018202,0.02186202211305499
rollout_update,111360,2863.6279615564185,7.151188519130235,188630.9580407119,0.04469854384660721,"{""policy_inference_time"": 0.0071159121580421925, ""env_step_time"": 0.035821154713630676, ""replay_insert_time"": 0.0013622241094708443, ""logging_time"": 0.00012600794434547424, ""total_train_step_time"": 0.04469854384660721}",0.19609652739018202,0.02186202211305499
rollout_update,111488,2947.8774128369455,7.149733682896749,188630.9580407119,0.043421072885394096,"{""policy_inference_time"": 0.007441231980919838, ""env_step_time"": 0.03496135398745537, ""replay_insert_time"": 0.0006353920325636864, ""logging_time"": 0.00011752033606171608, ""total_train_step_time"": 0.043421072885394096}",0.19609652739018202,0.02186202211305499
rollout_update,111616,3018.09354648225,7.148313264850927,188630.9580407119,0.04241087893024087,"{""policy_inference_time"": 0.007055114954710007, ""env_step_time"": 0.03439589682966471, ""replay_insert_time"": 0.0005950499325990677, ""logging_time"": 0.00011690473183989525, ""total_train_step_time"": 0.04241087893024087}",0.19609652739018202,0.02186202211305499
rollout_update,111744,155.14870616299277,7.15345803739642,188654.5402926908,0.8250149367377162,"{""policy_inference_time"": 0.006905603688210249, ""env_step_time"": 0.034186427015811205, ""replay_insert_time"": 0.0006025168113410473, ""logging_time"": 0.00011784723028540611, ""total_train_step_time"": 0.8250149367377162}",0.19435081211850047,0.021946127992123365
rollout_update,111872,2846.944594471415,7.151957558947722,188654.5402926908,0.04496048158034682,"{""policy_inference_time"": 0.007163991220295429, ""env_step_time"": 0.03603727789595723, ""replay_insert_time"": 0.0013634380884468555, ""logging_time"": 0.00012582400813698769, ""total_train_step_time"": 0.04496048158034682}",0.19435081211850047,0.021946127992123365
rollout_update,112000,2947.762405709866,7.15050899649138,188654.5402926908,0.04342276696115732,"{""policy_inference_time"": 0.007284440100193024, ""env_step_time"": 0.03513089381158352, ""replay_insert_time"": 0.0006307559087872505, ""logging_time"": 0.0001213722862303257, ""total_train_step_time"": 0.04342276696115732}",0.19435081211850047,0.021946127992123365
rollout_update,112128,2991.7213531656103,7.149082292332546,188654.5402926908,0.04278473323211074,"{""policy_inference_time"": 0.007198845036327839, ""env_step_time"": 0.03459233185276389, ""replay_insert_time"": 0.0006235763430595398, ""logging_time"": 0.00011546304449439049, ""total_train_step_time"": 0.04278473323211074}",0.19435081211850047,0.021946127992123365
rollout_update,112256,155.1404648411932,7.1541998076312865,188678.18052137646,0.8250587629154325,"{""policy_inference_time"": 0.007127496879547834, ""env_step_time"": 0.034761298913508654, ""replay_insert_time"": 0.0006294436752796173, ""logging_time"": 0.00011976202949881554, ""total_train_step_time"": 0.8250587629154325}",0.19348993664607406,0.02206782763823867
rollout_update,112384,2876.1029084738884,7.152720981292902,188678.18052137646,0.04450466623529792,"{""policy_inference_time"": 0.00713341636583209, ""env_step_time"": 0.03560185572132468, ""replay_insert_time"": 0.0013695228844881058, ""logging_time"": 0.0001268661580979824, ""total_train_step_time"": 0.04450466623529792}",0.19348993664607406,0.02206782763823867
rollout_update,112512,2986.8605273291996,7.151297569895127,188678.18052137646,0.04285436123609543,"{""policy_inference_time"": 0.007300285156816244, ""env_step_time"": 0.034559112042188644, ""replay_insert_time"": 0.0006169858388602734, ""logging_time"": 0.00011674314737319946, ""total_train_step_time"": 0.04285436123609543}",0.19348993664607406,0.02206782763823867
rollout_update,112640,3009.7375182317815,7.149885537808255,188678.18052137646,0.04252862557768822,"{""policy_inference_time"": 0.007095132023096085, ""env_step_time"": 0.03445795504376292, ""replay_insert_time"": 0.0006075669080018997, ""logging_time"": 0.00011606793850660324, ""total_train_step_time"": 0.04252862557768822}",0.19348993664607406,0.02206782763823867
rollout_update,112768,154.94967430926297,7.154943767222501,188702.5343339727,0.8260746630840003,"{""policy_inference_time"": 0.007018291857093573, ""env_step_time"": 0.0344919515773654, ""replay_insert_time"": 0.0006196792237460613, ""logging_time"": 0.00011965679004788399, ""total_train_step_time"": 0.8260746630840003}",0.19578703306615353,0.02197986701503396
rollout_update,112896,2848.993144019089,7.1534573166697895,188702.5343339727,0.04492815304547548,"{""policy_inference_time"": 0.007179467007517815, ""env_step_time"": 0.036014894023537636, ""replay_insert_time"": 0.0013393117114901543, ""logging_time"": 0.00012608477845788002, ""total_train_step_time"": 0.04492815304547548}",0.19578703306615353,0.02197986701503396
rollout_update,113024,2987.974950039522,7.152040581536799,188702.5343339727,0.04283837787806988,"{""policy_inference_time"": 0.007281615864485502, ""env_step_time"": 0.03455348964780569, ""replay_insert_time"": 0.0006300662644207478, ""logging_time"": 0.00011722883209586143, ""total_train_step_time"": 0.04283837787806988}",0.19578703306615353,0.02197986701503396
rollout_update,113152,3019.196614572607,7.150639049316451,188702.5343339727,0.042395384050905704,"{""policy_inference_time"": 0.007027753628790379, ""env_step_time"": 0.03437191713601351, ""replay_insert_time"": 0.0006255349144339561, ""logging_time"": 0.00011913478374481201, ""total_train_step_time"": 0.042395384050905704}",0.19578703306615353,0.02197986701503396
rollout_update,113280,153.905099894504,7.15548740737867,188723.21377211643,0.8316813418641686,"{""policy_inference_time"": 0.006965938955545425, ""env_step_time"": 0.03417413216084242, ""replay_insert_time"": 0.0006002029404044151, ""logging_time"": 0.00011585094034671783, ""total_train_step_time"": 0.8316813418641686}",0.19692841731011868,0.02218596125021577
rollout_update,113408,2844.4025351965415,7.154005038251269,188723.21377211643,0.04500066302716732,"{""policy_inference_time"": 0.007163365837186575, ""env_step_time"": 0.0360022708773613, ""replay_insert_time"": 0.0014182119630277157, ""logging_time"": 0.0001417570747435093, ""total_train_step_time"": 0.04500066302716732}",0.19692841731011868,0.02218596125021577
rollout_update,113536,2902.916075157458,7.152553144587676,188723.21377211643,0.0440935930237174,"{""policy_inference_time"": 0.00746157206594944, ""env_step_time"": 0.03558992175385356, ""replay_insert_time"": 0.0006608380936086178, ""logging_time"": 0.00012333597987890244, ""total_train_step_time"": 0.0440935930237174}",0.19692841731011868,0.02218596125021577
rollout_update,113664,2950.733210873251,7.151125354065379,188723.21377211643,0.04337904881685972,"{""policy_inference_time"": 0.0073715331964194775, ""env_step_time"": 0.03501420933753252, ""replay_insert_time"": 0.0006223758682608604, ""logging_time"": 0.0001189778558909893, ""total_train_step_time"": 0.04337904881685972}",0.19692841731011868,0.02218596125021577
rollout_update,113792,154.23880627986938,7.156009457539227,188743.34257746828,0.829881941433996,"{""policy_inference_time"": 0.007111131213605404, ""env_step_time"": 0.03501820284873247, ""replay_insert_time"": 0.0006200922653079033, ""logging_time"": 0.00011797389015555382, ""total_train_step_time"": 0.829881941433996}",0.19579691486433148,0.021851880941540003
rollout_update,113920,2805.9893480411524,7.154513318170676,188743.34257746828,0.04561670916154981,"{""policy_inference_time"": 0.0073504140600562096, ""env_step_time"": 0.036485247779637575, ""replay_insert_time"": 0.0013804100453853607, ""logging_time"": 0.00012706825509667397, ""total_train_step_time"": 0.04561670916154981}",0.19579691486433148,0.021851880941540003
rollout_update,114048,2926.772744076477,7.15307950946319,188743.34257746828,0.04373417794704437,"{""policy_inference_time"": 0.007408328354358673, ""env_step_time"": 0.03527718177065253, ""replay_insert_time"": 0.0006626476533710957, ""logging_time"": 0.0001254579983651638, ""total_train_step_time"": 0.04373417794704437}",0.19579691486433148,0.021851880941540003
rollout_update,114176,2922.993268110643,7.151644422506485,188743.34257746828,0.04379072692245245,"{""policy_inference_time"": 0.007507226895540953, ""env_step_time"": 0.035291909240186214, ""replay_insert_time"": 0.0006205681711435318, ""logging_time"": 0.00011773593723773956, ""total_train_step_time"": 0.04379072692245245}",0.19579691486433148,0.021851880941540003
rollout_update,114304,153.10737123222097,7.156304786827364,188754.22697086443,0.836014614906162,"{""policy_inference_time"": 0.007193453144282103, ""env_step_time"": 0.03502392815425992, ""replay_insert_time"": 0.0006089792586863041, ""logging_time"": 0.00011835386976599693, ""total_train_step_time"": 0.836014614906162}",0.1959087736904621,0.02201442001387477
rollout_update,114432,2758.556192567756,7.154789594467499,188754.22697086443,0.04640108486637473,"{""policy_inference_time"": 0.007360077928751707, ""env_step_time"": 0.03719581197947264, ""replay_insert_time"": 0.001443393062800169, ""logging_time"": 0.00012878421694040298, ""total_train_step_time"": 0.04640108486637473}",0.1959087736904621,0.02201442001387477
rollout_update,114560,2836.1811535359084,7.153316487609474,188754.22697086443,0.04513110872358084,"{""policy_inference_time"": 0.00755486311390996, ""env_step_time"": 0.03656206000596285, ""replay_insert_time"": 0.0006365096196532249, ""logging_time"": 0.00011907098814845085, ""total_train_step_time"": 0.04513110872358084}",0.1959087736904621,0.02201442001387477
rollout_update,114688,2924.32771992821,7.151888363216218,188754.22697086443,0.04377074399963021,"{""policy_inference_time"": 0.007341446354985237, ""env_step_time"": 0.035439043305814266, ""replay_insert_time"": 0.0006184601224958897, ""logging_time"": 0.00011726608499884605, ""total_train_step_time"": 0.04377074399963021}",0.1959087736904621,0.02201442001387477
rollout_update,114816,151.7225808186096,7.156279115242569,188765.7094016102,0.8436450217850506,"{""policy_inference_time"": 0.007199569139629602, ""env_step_time"": 0.03521267604082823, ""replay_insert_time"": 0.0006206557154655457, ""logging_time"": 0.00011937739327549934, ""total_train_step_time"": 0.8436450217850506}",0.19998561404645443,0.02439928101375699
rollout_update,114944,2704.956501945029,7.154740782440652,188765.7094016102,0.0473205391317606,"{""policy_inference_time"": 0.008730039931833744, ""env_step_time"": 0.03684030519798398, ""replay_insert_time"": 0.0013534072786569595, ""logging_time"": 0.0001254999078810215, ""total_train_step_time"": 0.0473205391317606}",0.19998561404645443,0.02439928101375699
rollout_update,115072,2915.929137842148,7.1533143419452845,188765.7094016102,0.043896814342588186,"{""policy_inference_time"": 0.0073889619670808315, ""env_step_time"": 0.03551657497882843, ""replay_insert_time"": 0.0006224056705832481, ""logging_time"": 0.00011711614206433296, ""total_train_step_time"": 0.043896814342588186}",0.19998561404645443,0.02439928101375699
rollout_update,115200,2930.4594684135045,7.151895538726929,188765.7094016102,0.04367915727198124,"{""policy_inference_time"": 0.007112906780093908, ""env_step_time"": 0.03555747214704752, ""replay_insert_time"": 0.0006264238618314266, ""logging_time"": 0.00012291409075260162, ""total_train_step_time"": 0.04367915727198124}",0.19998561404645443,0.02439928101375699
rollout_update,115328,151.03115495464053,7.156141802485163,188766.30961088324,0.8475072579458356,"{""policy_inference_time"": 0.007213002070784569, ""env_step_time"": 0.03510078089311719, ""replay_insert_time"": 0.0006291428580880165, ""logging_time"": 0.00012041023001074791, ""total_train_step_time"": 0.8475072579458356}",0.20002486323937774,0.022138183936476707
rollout_update,115456,2737.220689750013,7.154628381696583,188766.30961088324,0.0467627621255815,"{""policy_inference_time"": 0.00718333013355732, ""env_step_time"": 0.03773228032514453, ""replay_insert_time"": 0.0014198976568877697, ""logging_time"": 0.00013609463348984718, ""total_train_step_time"": 0.0467627621255815}",0.20002486323937774,0.022138183936476707
rollout_update,115584,2740.258591583089,7.153117277648809,188766.30961088324,0.04671092005446553,"{""policy_inference_time"": 0.007985532283782959, ""env_step_time"": 0.03772486187517643, ""replay_insert_time"": 0.0006265346892178059, ""logging_time"": 0.00011696899309754372, ""total_train_step_time"": 0.04671092005446553}",0.20002486323937774,0.022138183936476707
rollout_update,115712,2772.918601407812,7.151624598643808,188766.30961088324,0.04616074915975332,"{""policy_inference_time"": 0.007080690935254097, ""env_step_time"": 0.038037294056266546, ""replay_insert_time"": 0.0006656027399003506, ""logging_time"": 0.00011929403990507126, ""total_train_step_time"": 0.04616074915975332}",0.20002486323937774,0.022138183936476707
rollout_update,115840,148.6792863033771,7.1554210248647845,188756.14609903452,0.8609134680591524,"{""policy_inference_time"": 0.007451549172401428, ""env_step_time"": 0.03769074799492955, ""replay_insert_time"": 0.0006292532198131084, ""logging_time"": 0.00012067193165421486, ""total_train_step_time"": 0.8609134680591524}",0.20776453334838152,0.02234877785667777
rollout_update,115968,2825.6960996626326,7.153961732111836,188756.14609903452,0.04529857262969017,"{""policy_inference_time"": 0.00716269901022315, ""env_step_time"": 0.03624171670526266, ""replay_insert_time"": 0.00146890664473176, ""logging_time"": 0.00014216825366020203, ""total_train_step_time"": 0.04529857262969017}",0.20776453334838152,0.02234877785667777
rollout_update,116096,2925.898137648674,7.1525529800457095,188756.14609903452,0.04374725092202425,"{""policy_inference_time"": 0.0075643849559128284, ""env_step_time"": 0.03514515096321702, ""replay_insert_time"": 0.0006392607465386391, ""logging_time"": 0.00012362981215119362, ""total_train_step_time"": 0.04374725092202425}",0.20776453334838152,0.02234877785667777
rollout_update,116224,2918.9302258439643,7.1511414217819835,188756.14609903452,0.04385168198496103,"{""policy_inference_time"": 0.007409514859318733, ""env_step_time"": 0.03532421821728349, ""replay_insert_time"": 0.0006335210055112839, ""logging_time"": 0.00014759693294763565, ""total_train_step_time"": 0.04385168198496103}",0.20776453334838152,0.02234877785667777
rollout_update,116352,152.546954169896,7.155623002752412,188754.3679070991,0.8390859109349549,"{""policy_inference_time"": 0.007486320100724697, ""env_step_time"": 0.03541338536888361, ""replay_insert_time"": 0.000628084409981966, ""logging_time"": 0.00011845724657177925, ""total_train_step_time"": 0.8390859109349549}",0.19560963613912463,0.02190406061708927
rollout_update,116480,2860.9170325141095,7.1541879111804425,188754.3679070991,0.04474089900031686,"{""policy_inference_time"": 0.007106391247361898, ""env_step_time"": 0.035913222935050726, ""replay_insert_time"": 0.0013183779083192348, ""logging_time"": 0.00013171322643756866, ""total_train_step_time"": 0.04474089900031686}",0.19560963613912463,0.02190406061708927
rollout_update,116608,2908.3589202093567,7.152776790694797,188754.3679070991,0.044011074118316174,"{""policy_inference_time"": 0.007400566712021828, ""env_step_time"": 0.03558368096128106, ""replay_insert_time"": 0.0006347019225358963, ""logging_time"": 0.00011924281716346741, ""total_train_step_time"": 0.044011074118316174}",0.19560963613912463,0.02190406061708927
rollout_update,116736,2934.7891143862626,7.151378927577235,188754.3679070991,0.04361471813172102,"{""policy_inference_time"": 0.007244518958032131, ""env_step_time"": 0.03532462613657117, ""replay_insert_time"": 0.0006465711630880833, ""logging_time"": 0.00012466218322515488, ""total_train_step_time"": 0.04361471813172102}",0.19560963613912463,0.02190406061708927
rollout_update,116864,152.57614233121416,7.155845311730988,188756.68724097093,0.8389253919012845,"{""policy_inference_time"": 0.00718259671702981, ""env_step_time"": 0.034904466941952705, ""replay_insert_time"": 0.0006401618011295795, ""logging_time"": 0.00012629572302103043, ""total_train_step_time"": 0.8389253919012845}",0.1961077582091093,0.02214945200830698
rollout_update,116992,2761.8965868031582,7.154365177571404,188756.68724097093,0.046344964765012264,"{""policy_inference_time"": 0.007167339790612459, ""env_step_time"": 0.03735422110185027, ""replay_insert_time"": 0.001422761008143425, ""logging_time"": 0.0001272810623049736, ""total_train_step_time"": 0.046344964765012264}",0.1961077582091093,0.02214945200830698
rollout_update,117120,2923.658087240418,7.152967499275826,188756.68724097093,0.04378076922148466,"{""policy_inference_time"": 0.0074164411053061485, ""env_step_time"": 0.0353695098310709, ""replay_insert_time"": 0.0006224322132766247, ""logging_time"": 0.00011831987649202347, ""total_train_step_time"": 0.04378076922148466}",0.1961077582091093,0.02214945200830698
rollout_update,117248,2937.5398895424014,7.151576968057849,188756.68724097093,0.04357387637719512,"{""policy_inference_time"": 0.007223916240036488, ""env_step_time"": 0.035370342899113894, ""replay_insert_time"": 0.000611680094152689, ""logging_time"": 0.00011817412450909615, ""total_train_step_time"": 0.04357387637719512}",0.1961077582091093,0.02214945200830698
rollout_update,117376,153.38692575981108,7.156164353018764,188766.09232237365,0.8344909409061074,"{""policy_inference_time"": 0.007163743022829294, ""env_step_time"": 0.03523683501407504, ""replay_insert_time"": 0.0006397240795195103, ""logging_time"": 0.00011900579556822777, ""total_train_step_time"": 0.8344909409061074}",0.19635715149343014,0.022264047991484404
rollout_update,117504,2768.131770681779,7.154693840607165,188766.09232237365,0.0462405732832849,"{""policy_inference_time"": 0.007268128916621208, ""env_step_time"": 0.03714578412473202, ""replay_insert_time"": 0.0014243670739233494, ""logging_time"": 0.00012810807675123215, ""total_train_step_time"": 0.0462405732832849}",0.19635715149343014,0.022264047991484404
rollout_update,117632,2895.898716941065,7.153288771979308,188766.09232237365,0.04420044086873531,"{""policy_inference_time"": 0.007711837068200111, ""env_step_time"": 0.03546195710077882, ""replay_insert_time"": 0.0006416323594748974, ""logging_time"": 0.00011765491217374802, ""total_train_step_time"": 0.04420044086873531}",0.19635715149343014,0.022264047991484404
rollout_update,117760,2949.2787354965553,7.151909671046493,188766.09232237365,0.04340044176205993,"{""policy_inference_time"": 0.007156952749937773, ""env_step_time"": 0.03525002580136061, ""replay_insert_time"": 0.0006200890056788921, ""logging_time"": 0.00011685676872730255, ""total_train_step_time"": 0.04340044176205993}",0.19635715149343014,0.022264047991484404
rollout_update,117888,152.6757232398031,7.156353048225784,188775.39689157065,0.8383782128803432,"{""policy_inference_time"": 0.007142955902963877, ""env_step_time"": 0.03537603281438351, ""replay_insert_time"": 0.0006476389244198799, ""logging_time"": 0.00012044422328472137, ""total_train_step_time"": 0.8383782128803432}",0.1975298677571118,0.022246514912694693
rollout_update,118016,2781.474889545372,7.154895845818735,188775.39689157065,0.04601875087246299,"{""policy_inference_time"": 0.007336780894547701, ""env_step_time"": 0.03689438523724675, ""replay_insert_time"": 0.0013883388601243496, ""logging_time"": 0.0001314273104071617, ""total_train_step_time"": 0.04601875087246299}",0.1975298677571118,0.022246514912694693
rollout_update,118144,2905.806867555987,7.1535015491314216,188775.39689157065,0.04404972726479173,"{""policy_inference_time"": 0.007469276897609234, ""env_step_time"": 0.03557210275903344, ""replay_insert_time"": 0.0006337743252515793, ""logging_time"": 0.00011862209066748619, ""total_train_step_time"": 0.04404972726479173}",0.1975298677571118,0.022246514912694693
rollout_update,118272,2913.284711702433,7.152111372562904,188775.39689157065,0.043936660047620535,"{""policy_inference_time"": 0.00733192078769207, ""env_step_time"": 0.03556133760139346, ""replay_insert_time"": 0.000641068909317255, ""logging_time"": 0.00012252619490027428, ""total_train_step_time"": 0.043936660047620535}",0.1975298677571118,0.022246514912694693
rollout_update,118400,153.99030264118622,7.156760682795192,188790.96578572036,0.8312211730517447,"{""policy_inference_time"": 0.0072737340815365314, ""env_step_time"": 0.0353202847763896, ""replay_insert_time"": 0.0006206920370459557, ""logging_time"": 0.00011965865269303322, ""total_train_step_time"": 0.8312211730517447}",0.1950914659537375,0.02203140128403902
rollout_update,118528,2806.66779967546,7.155322617361261,188790.96578572036,0.04560568230226636,"{""policy_inference_time"": 0.007359638810157776, ""env_step_time"": 0.03646314796060324, ""replay_insert_time"": 0.0013865362852811813, ""logging_time"": 0.00012573925778269768, ""total_train_step_time"": 0.04560568230226636}",0.1950914659537375,0.02203140128403902
rollout_update,118656,2953.700583623572,7.153956673026023,188790.96578572036,0.04333546897396445,"{""policy_inference_time"": 0.007443700917065144, ""env_step_time"": 0.03490912634879351, ""replay_insert_time"": 0.0006124735809862614, ""logging_time"": 0.00011678086593747139, ""total_train_step_time"": 0.04333546897396445}",0.1950914659537375,0.02203140128403902
rollout_update,118784,2983.645852868386,7.152604951541747,188790.96578572036,0.04290053388103843,"{""policy_inference_time"": 0.007065216079354286, ""env_step_time"": 0.034838748164474964, ""replay_insert_time"": 0.0006205341778695583, ""logging_time"": 0.00011854711920022964, ""total_train_step_time"": 0.04290053388103843}",0.1950914659537375,0.02203140128403902
rollout_update,118912,152.7852324615915,7.157026905536868,188808.48051010328,0.8377773030661047,"{""policy_inference_time"": 0.007017847150564194, ""env_step_time"": 0.034875405952334404, ""replay_insert_time"": 0.0006068898364901543, ""logging_time"": 0.00011928193271160126, ""total_train_step_time"": 0.8377773030661047}",0.20113511150702834,0.02290119882673025
rollout_update,119040,2805.501426715709,7.155594309073876,188808.48051010328,0.04562464263290167,"{""policy_inference_time"": 0.007315161172300577, ""env_step_time"": 0.036526178009808064, ""replay_insert_time"": 0.0013868729583919048, ""logging_time"": 0.00012498116120696068, ""total_train_step_time"": 0.04562464263290167}",0.20113511150702834,0.02290119882673025
rollout_update,119168,2941.0895632575,7.15422829157435,188808.48051010328,0.043521285988390446,"{""policy_inference_time"": 0.007372979074716568, ""env_step_time"": 0.03513993788510561, ""replay_insert_time"": 0.0006306357681751251, ""logging_time"": 0.00012256111949682236, ""total_train_step_time"": 0.043521285988390446}",0.20113511150702834,0.02290119882673025
rollout_update,119296,2988.662479354255,7.152884527129648,188808.48051010328,0.042828523088246584,"{""policy_inference_time"": 0.007041141390800476, ""env_step_time"": 0.03478069882839918, ""replay_insert_time"": 0.0006321389228105545, ""logging_time"": 0.00011880695819854736, ""total_train_step_time"": 0.042828523088246584}",0.20113511150702834,0.02290119882673025
rollout_update,119424,154.15141406443436,7.157518933287877,188828.51779990806,0.830352421849966,"{""policy_inference_time"": 0.007151607424020767, ""env_step_time"": 0.0346587966196239, ""replay_insert_time"": 0.000618083868175745, ""logging_time"": 0.0001167450100183487, ""total_train_step_time"": 0.830352421849966}",0.1947524081915617,0.022093701642006636
rollout_update,119552,2819.0444862103595,7.156099114249207,188828.51779990806,0.045405455864965916,"{""policy_inference_time"": 0.007282878737896681, ""env_step_time"": 0.03630866901949048, ""replay_insert_time"": 0.0014110719785094261, ""logging_time"": 0.0001284838654100895, ""total_train_step_time"": 0.045405455864965916}",0.1947524081915617,0.022093701642006636
rollout_update,119680,2959.6712111015563,7.154747280609567,188828.51779990806,0.04324804712086916,"{""policy_inference_time"": 0.007403448689728975, ""env_step_time"": 0.03485923260450363, ""replay_insert_time"": 0.0006201202049851418, ""logging_time"": 0.00011555477976799011, ""total_train_step_time"": 0.04324804712086916}",0.1947524081915617,0.022093701642006636
rollout_update,119808,2988.209537961758,7.153408860752839,188828.51779990806,0.04283501487225294,"{""policy_inference_time"": 0.007068656850606203, ""env_step_time"": 0.0347972372546792, ""replay_insert_time"": 0.0005980548448860645, ""logging_time"": 0.00011832220479846, ""total_train_step_time"": 0.04283501487225294}",0.1947524081915617,0.022093701642006636
rollout_update,119936,153.47545051109313,7.1579080663196475,188826.69081922012,0.8340096059255302,"{""policy_inference_time"": 0.0069778128527104855, ""env_step_time"": 0.03472374239936471, ""replay_insert_time"": 0.0006018970161676407, ""logging_time"": 0.00011783000081777573, ""total_train_step_time"": 0.8340096059255302}",0.19511046912521124,0.02197095798328519
rollout_update,120064,2811.7132247935706,7.15649044819911,188826.69081922012,0.04552384605631232,"{""policy_inference_time"": 0.007209681905806065, ""env_step_time"": 0.036579069681465626, ""replay_insert_time"": 0.001342677976936102, ""logging_time"": 0.00012395111843943596, ""total_train_step_time"": 0.04552384605631232}",0.19511046912521124,0.02197095798328519
rollout_update,120192,2947.7685699654303,7.155138783905713,188826.69081922012,0.0434226761572063,"{""policy_inference_time"": 0.007359818089753389, ""env_step_time"": 0.03506277780979872, ""replay_insert_time"": 0.0006267628632485867, ""logging_time"": 0.00011771079152822495, ""total_train_step_time"": 0.0434226761572063}",0.19511046912521124,0.02197095798328519
rollout_update,120320,783.2042522205867,7.150056059765144,188826.69081922012,0.16343118622899055,"{""policy_inference_time"": 0.007096564397215843, ""env_step_time"": 0.15531182708218694, ""replay_insert_time"": 0.0006459788419306278, ""logging_time"": 0.00012086378410458565, ""total_train_step_time"": 0.16343118622899055}",0.19511046912521124,0.02197095798328519
rollout_update,120448,152.71769219217748,7.1544179860128265,188831.23582583785,0.8381478148512542,"{""policy_inference_time"": 0.008608333300799131, ""env_step_time"": 0.03422515280544758, ""replay_insert_time"": 0.0006195530295372009, ""logging_time"": 0.00011804979294538498, ""total_train_step_time"": 0.8381478148512542}",0.1998004289343953,0.022083112969994545
rollout_update,120576,2729.861592679204,7.152965473987256,188831.23582583785,0.046888824086636305,"{""policy_inference_time"": 0.0072551569901406765, ""env_step_time"": 0.037857672199606895, ""replay_insert_time"": 0.0013780253939330578, ""logging_time"": 0.000128153245896101, ""total_train_step_time"": 0.046888824086636305}",0.1998004289343953,0.022083112969994545
rollout_update,120704,2980.4047407445573,7.151635582560104,188831.23582583785,0.04294718708842993,"{""policy_inference_time"": 0.007434162311255932, ""env_step_time"": 0.03448069980368018, ""replay_insert_time"": 0.0006517041474580765, ""logging_time"": 0.0001208190806210041, ""total_train_step_time"": 0.04294718708842993}",0.1998004289343953,0.022083112969994545
rollout_update,120832,3022.069398710914,7.150324510319314,188831.23582583785,0.04235508292913437,"{""policy_inference_time"": 0.0071755582466721535, ""env_step_time"": 0.034173362888395786, ""replay_insert_time"": 0.0006316788494586945, ""logging_time"": 0.0001194411888718605, ""total_train_step_time"": 0.04235508292913437}",0.1998004289343953,0.022083112969994545
rollout_update,120960,108.05974087536775,7.1439953628970985,187724.11197720974,1.184529955033213,"{""policy_inference_time"": 0.00709322327747941, ""env_step_time"": 0.034213092643767595, ""replay_insert_time"": 0.0006181611679494381, ""logging_time"": 0.00011856621131300926, ""total_train_step_time"": 1.184529955033213}",0.20320378337055445,0.024092574138194323
rollout_update,121088,2868.0958730949733,7.142622684522621,187724.11197720974,0.04462891258299351,"{""policy_inference_time"": 0.0072029647417366505, ""env_step_time"": 0.0356560992076993, ""replay_insert_time"": 0.0013740346767008305, ""logging_time"": 0.00012661097571253777, ""total_train_step_time"": 0.04462891258299351}",0.20320378337055445,0.024092574138194323
rollout_update,121216,3011.8231497625125,7.141316002018218,187724.11197720974,0.042499175295233727,"{""policy_inference_time"": 0.0072864629328250885, ""env_step_time"": 0.034201824106276035, ""replay_insert_time"": 0.0006368118338286877, ""logging_time"": 0.00011772895231842995, ""total_train_step_time"": 0.042499175295233727}",0.20320378337055445,0.024092574138194323
rollout_update,121344,799.4127335331458,7.136397308149648,187724.11197720974,0.1601175395771861,"{""policy_inference_time"": 0.0077081648632884026, ""env_step_time"": 0.1513503291644156, ""replay_insert_time"": 0.0006676637567579746, ""logging_time"": 0.00012449966743588448, ""total_train_step_time"": 0.1601175395771861}",0.20320378337055445,0.024092574138194323
rollout_update,121472,150.2085758756319,7.140334908572252,187721.15330746965,0.8521484159864485,"{""policy_inference_time"": 0.008596125990152359, ""env_step_time"": 0.03504824684932828, ""replay_insert_time"": 0.0006207358092069626, ""logging_time"": 0.00012009730562567711, ""total_train_step_time"": 0.8521484159864485}",0.19723718333989382,0.02365952217951417
rollout_update,121600,785.8845858057356,7.135353980076339,187721.15330746965,0.16287378873676062,"{""policy_inference_time"": 0.007182714994996786, ""env_step_time"": 0.15371558396145701, ""replay_insert_time"": 0.0015464997850358486, ""logging_time"": 0.0001368899829685688, ""total_train_step_time"": 0.16287378873676062}",0.19723718333989382,0.02365952217951417
rollout_update,121728,801.4815337545929,7.130476724189623,187721.15330746965,0.15970424097031355,"{""policy_inference_time"": 0.009508820716291666, ""env_step_time"": 0.1491600382141769, ""replay_insert_time"": 0.000654769130051136, ""logging_time"": 0.00012224074453115463, ""total_train_step_time"": 0.15970424097031355}",0.19723718333989382,0.02365952217951417
rollout_update,121856,811.4488743227931,7.12566591830055,187721.15330746965,0.15774253197014332,"{""policy_inference_time"": 0.008738020900636911, ""env_step_time"": 0.1479590549133718, ""replay_insert_time"": 0.000662713311612606, ""logging_time"": 0.00012295087799429893, ""total_train_step_time"": 0.15774253197014332}",0.19723718333989382,0.02365952217951417
rollout_update,121984,135.06378549047133,7.126718115591237,187744.29322424758,0.9477003738284111,"{""policy_inference_time"": 0.008626482915133238, ""env_step_time"": 0.14765575481578708, ""replay_insert_time"": 0.000660276971757412, ""logging_time"": 0.0001228637993335724, ""total_train_step_time"": 0.9477003738284111}",0.1995798358693719,0.022055900190025568
rollout_update,122112,2842.5579264159683,7.125351329440948,187744.29322424758,0.045029865112155676,"{""policy_inference_time"": 0.008281728252768517, ""env_step_time"": 0.034984410274773836, ""replay_insert_time"": 0.0013645957224071026, ""logging_time"": 0.00012843403965234756, ""total_train_step_time"": 0.045029865112155676}",0.1995798358693719,0.022055900190025568
rollout_update,122240,3070.3841206673724,7.12408642773036,187744.29322424758,0.041688594967126846,"{""policy_inference_time"": 0.007219721097499132, ""env_step_time"": 0.03347842488437891, ""replay_insert_time"": 0.0006197500042617321, ""logging_time"": 0.00011682603508234024, ""total_train_step_time"": 0.041688594967126846}",0.1995798358693719,0.022055900190025568
rollout_update,122368,2553.309870570318,7.122565963652137,187744.29322424758,0.050131008960306644,"{""policy_inference_time"": 0.007034675683826208, ""env_step_time"": 0.0420628827996552, ""replay_insert_time"": 0.0006481730379164219, ""logging_time"": 0.0001231660135090351, ""total_train_step_time"": 0.050131008960306644}",0.1995798358693719,0.022055900190025568
rollout_update,122496,155.11761139185143,7.127328541092201,187770.03248476866,0.82518031867221,"{""policy_inference_time"": 0.007576297037303448, ""env_step_time"": 0.0340099916793406, ""replay_insert_time"": 0.0006228326819837093, ""logging_time"": 0.00011908682063221931, ""total_train_step_time"": 0.82518031867221}",0.19498356385156512,0.02216522116214037
rollout_update,122624,2930.0644419113178,7.126007864161776,187770.03248476866,0.04368504602462053,"{""policy_inference_time"": 0.007174930069595575, ""env_step_time"": 0.034714262932538986, ""replay_insert_time"": 0.0013934792950749397, ""logging_time"": 0.00013135094195604324, ""total_train_step_time"": 0.04368504602462053}",0.19498356385156512,0.02216522116214037
rollout_update,122752,3048.8989295286256,7.124739123308204,187770.03248476866,0.041982369031757116,"{""policy_inference_time"": 0.007501966319978237, ""env_step_time"": 0.033483291044831276, ""replay_insert_time"": 0.0006192410364747047, ""logging_time"": 0.0001212703064084053, ""total_train_step_time"": 0.041982369031757116}",0.19498356385156512,0.02216522116214037
rollout_update,122880,3103.513975533109,7.123493149363866,187770.03248476866,0.0412435713224113,"{""policy_inference_time"": 0.007081130053848028, ""env_step_time"": 0.033183397725224495, ""replay_insert_time"": 0.0006069657392799854, ""logging_time"": 0.00011757994070649147, ""total_train_step_time"": 0.0412435713224113}",0.19498356385156512,0.02216522116214037
rollout_update,123008,154.85639603150534,7.128191410149097,187793.81881351044,0.8265722519718111,"{""policy_inference_time"": 0.007053061854094267, ""env_step_time"": 0.03283062390983105, ""replay_insert_time"": 0.0005977917462587357, ""logging_time"": 0.00011618714779615402, ""total_train_step_time"": 0.8265722519718111}",0.1955419359728694,0.021925094071775675
rollout_update,123136,2892.2141192870013,7.126858680850113,187793.81881351044,0.044256750959903,"{""policy_inference_time"": 0.007151581346988678, ""env_step_time"": 0.035324235912412405, ""replay_insert_time"": 0.001380403060466051, ""logging_time"": 0.00012665707617998123, ""total_train_step_time"": 0.044256750959903}",0.1955419359728694,0.021925094071775675
rollout_update,123264,3004.3503182211366,7.1255761658616406,187793.81881351044,0.042604885064065456,"{""policy_inference_time"": 0.007760473061352968, ""env_step_time"": 0.033820400945842266, ""replay_insert_time"": 0.0006465716287493706, ""logging_time"": 0.00012056389823555946, ""total_train_step_time"": 0.042604885064065456}",0.1955419359728694,0.021925094071775675
rollout_update,123392,778.5836555419977,7.12063160065562,187793.81881351044,0.1644010879099369,"{""policy_inference_time"": 0.007182433735579252, ""env_step_time"": 0.15618095500394702, ""replay_insert_time"": 0.0006520161405205727, ""logging_time"": 0.00012353109195828438, ""total_train_step_time"": 0.1644010879099369}",0.1955419359728694,0.021925094071775675
rollout_update,123520,148.12887456795002,7.124193587301155,187776.32378234933,0.8641124181449413,"{""policy_inference_time"": 0.008676620200276375, ""env_step_time"": 0.04018487501889467, ""replay_insert_time"": 0.0006334981881082058, ""logging_time"": 0.0001211618073284626, ""total_train_step_time"": 0.8641124181449413}",0.20869949692860246,0.02183735091239214
rollout_update,123648,2971.6894793499414,7.122903301561102,187776.32378234933,0.043073141016066074,"{""policy_inference_time"": 0.007137165870517492, ""env_step_time"": 0.03416661825031042, ""replay_insert_time"": 0.001371507067233324, ""logging_time"": 0.00012659840285778046, ""total_train_step_time"": 0.043073141016066074}",0.20869949692860246,0.02183735091239214
rollout_update,123776,3104.6764165558266,7.121668722129519,187776.32378234933,0.0412281290628016,"{""policy_inference_time"": 0.007318160962313414, ""env_step_time"": 0.03290695883333683, ""replay_insert_time"": 0.0006265658885240555, ""logging_time"": 0.0001205001026391983, ""total_train_step_time"": 0.0412281290628016}",0.20869949692860246,0.02183735091239214
rollout_update,123904,3130.614768040499,7.120444794255925,187776.32378234933,0.04088653810322285,"{""policy_inference_time"": 0.007122624199837446, ""env_step_time"": 0.03277305793017149, ""replay_insert_time"": 0.0006154859438538551, ""logging_time"": 0.00011659692972898483, ""total_train_step_time"": 0.04088653810322285}",0.20869949692860246,0.02183735091239214
rollout_update,124032,154.9581639897395,7.125129129865696,187801.97351183993,0.8260294049978256,"{""policy_inference_time"": 0.007001432124525309, ""env_step_time"": 0.03272344172000885, ""replay_insert_time"": 0.0006026271730661392, ""logging_time"": 0.00011709192767739296, ""total_train_step_time"": 0.8260294049978256}",0.19512300984933972,0.021884617395699024
rollout_update,124160,2945.6611392056134,7.123832460330594,187801.97351183993,0.043453742284327745,"{""policy_inference_time"": 0.007176725193858147, ""env_step_time"": 0.03444584598764777, ""replay_insert_time"": 0.0014326218515634537, ""logging_time"": 0.0001268899068236351, ""total_train_step_time"": 0.043453742284327745}",0.19512300984933972,0.021884617395699024
rollout_update,124288,3105.3833785732586,7.122602919763223,187801.97351183993,0.041218743193894625,"{""policy_inference_time"": 0.007307521998882294, ""env_step_time"": 0.03291651327162981, ""replay_insert_time"": 0.0006240559741854668, ""logging_time"": 0.00011604093015193939, ""total_train_step_time"": 0.041218743193894625}",0.19512300984933972,0.021884617395699024
rollout_update,124416,3144.087340135501,7.12138893148671,187801.97351183993,0.040711337234824896,"{""policy_inference_time"": 0.0070950668305158615, ""env_step_time"": 0.032638483215123415, ""replay_insert_time"": 0.0006095441058278084, ""logging_time"": 0.00011778576299548149, ""total_train_step_time"": 0.040711337234824896}",0.19512300984933972,0.021884617395699024
rollout_update,124544,153.90644634382753,7.125883601394508,187823.15881308328,0.8316740659065545,"{""policy_inference_time"": 0.00701721990481019, ""env_step_time"": 0.0324949617497623, ""replay_insert_time"": 0.0006107399240136147, ""logging_time"": 0.00011641997843980789, ""total_train_step_time"": 0.8316740659065545}",0.1984437252394855,0.022968547884374857
rollout_update,124672,2956.5706383109077,7.124596736790954,187823.15881308328,0.04329340159893036,"{""policy_inference_time"": 0.007162666879594326, ""env_step_time"": 0.0343560460023582, ""replay_insert_time"": 0.0013800356537103653, ""logging_time"": 0.0001238570548593998, ""total_train_step_time"": 0.04329340159893036}",0.1984437252394855,0.022968547884374857
rollout_update,124800,3093.935479473268,7.123367440743927,187823.15881308328,0.04137125704437494,"{""policy_inference_time"": 0.007341833785176277, ""env_step_time"": 0.033030041959136724, ""replay_insert_time"": 0.000627435278147459, ""logging_time"": 0.0001179547980427742, ""total_train_step_time"": 0.04137125704437494}",0.1984437252394855,0.022968547884374857
rollout_update,124928,3121.6192476547335,7.122149465099708,187823.15881308328,0.04100436018779874,"{""policy_inference_time"": 0.007110072765499353, ""env_step_time"": 0.03287407895550132, ""replay_insert_time"": 0.0006442219018936157, ""logging_time"": 0.00012203212827444077, ""total_train_step_time"": 0.04100436018779874}",0.1984437252394855,0.022968547884374857
rollout_update,125056,154.5801651130509,7.126730972437197,187847.15575993052,0.8280493160709739,"{""policy_inference_time"": 0.0071535431779921055, ""env_step_time"": 0.03277237480506301, ""replay_insert_time"": 0.0006256788037717342, ""logging_time"": 0.00012003304436802864, ""total_train_step_time"": 0.8280493160709739}",0.19723712326958776,0.02219160320237279
rollout_update,125184,2965.1869210227,7.125452778949192,187847.15575993052,0.04316759901121259,"{""policy_inference_time"": 0.007246855180710554, ""env_step_time"": 0.03410727297887206, ""replay_insert_time"": 0.0014111376367509365, ""logging_time"": 0.0001282081939280033, ""total_train_step_time"": 0.04316759901121259}",0.19723712326958776,0.02219160320237279
rollout_update,125312,3083.5089520371384,7.124224065341327,187847.15575993052,0.041511149145662785,"{""policy_inference_time"": 0.007415105123072863, ""env_step_time"": 0.03309267293661833, ""replay_insert_time"": 0.0006274431943893433, ""logging_time"": 0.00012051314115524292, ""total_train_step_time"": 0.041511149145662785}",0.19723712326958776,0.02219160320237279
rollout_update,125440,3142.999816115731,7.123019020622362,187847.15575993052,0.04072542395442724,"{""policy_inference_time"": 0.0070813801139593124, ""env_step_time"": 0.032656761817634106, ""replay_insert_time"": 0.0006141392514109612, ""logging_time"": 0.00012032920494675636, ""total_train_step_time"": 0.04072542395442724}",0.19723712326958776,0.02219160320237279
rollout_update,125568,145.26956205659437,7.126014104160953,187734.3667326822,0.8811205746605992,"{""policy_inference_time"": 0.007007107138633728, ""env_step_time"": 0.037361946888267994, ""replay_insert_time"": 0.0006393762305378914, ""logging_time"": 0.00012047495692968369, ""total_train_step_time"": 0.8811205746605992}",0.1946157868951559,0.022202834021300077
rollout_update,125696,2941.494965460553,7.124731112394196,187734.3667326822,0.043515287805348635,"{""policy_inference_time"": 0.007325605023652315, ""env_step_time"": 0.034416908863931894, ""replay_insert_time"": 0.0013727261684834957, ""logging_time"": 0.00012626126408576965, ""total_train_step_time"": 0.043515287805348635}",0.1946157868951559,0.022202834021300077
rollout_update,125824,3033.2079871921906,7.1234873547355315,187734.3667326822,0.04219954600557685,"{""policy_inference_time"": 0.007347647100687027, ""env_step_time"": 0.033821853809058666, ""replay_insert_time"": 0.00064898282289505, ""logging_time"": 0.0001215469092130661, ""total_train_step_time"": 0.04219954600557685}",0.1946157868951559,0.022202834021300077
rollout_update,125952,3080.2044477065538,7.122262998089304,187734.3667326822,0.04155568312853575,"{""policy_inference_time"": 0.007392818108201027, ""env_step_time"": 0.03315437911078334, ""replay_insert_time"": 0.0006297053769230843, ""logging_time"": 0.00012035388499498367, ""total_train_step_time"": 0.04155568312853575}",0.1946157868951559,0.022202834021300077
rollout_update,126080,153.84390351028085,7.126690657693542,187758.83382662747,0.8320121699944139,"{""policy_inference_time"": 0.007334957830607891, ""env_step_time"": 0.03278545616194606, ""replay_insert_time"": 0.0006356709636747837, ""logging_time"": 0.00011825701221823692, ""total_train_step_time"": 0.8320121699944139}",0.20068456372246146,0.021945147309452295
rollout_update,126208,2948.1813808615366,7.125415514724816,187758.83382662747,0.04341659601777792,"{""policy_inference_time"": 0.007469012401998043, ""env_step_time"": 0.03414299199357629, ""replay_insert_time"": 0.001402899157255888, ""logging_time"": 0.00012869015336036682, ""total_train_step_time"": 0.04341659601777792}",0.20068456372246146,0.021945147309452295
rollout_update,126336,3094.0016819259886,7.124200893730389,187758.83382662747,0.04137037182226777,"{""policy_inference_time"": 0.007439760956913233, ""env_step_time"": 0.032926622312515974, ""replay_insert_time"": 0.0006339056417346001, ""logging_time"": 0.0001183878630399704, ""total_train_step_time"": 0.04137037182226777}",0.20068456372246146,0.021945147309452295
rollout_update,126464,2771.5805019238624,7.12284546352813,187758.83382662747,0.046183035243302584,"{""policy_inference_time"": 0.007064138073474169, ""env_step_time"": 0.03810213413089514, ""replay_insert_time"": 0.0006400030106306076, ""logging_time"": 0.00012003257870674133, ""total_train_step_time"": 0.046183035243302584}",0.20068456372246146,0.021945147309452295
rollout_update,126592,144.6850274182136,7.125712818417945,187716.4207552592,0.8846803451888263,"{""policy_inference_time"": 0.007273900788277388, ""env_step_time"": 0.03273187018930912, ""replay_insert_time"": 0.0006036842241883278, ""logging_time"": 0.00012515485286712646, ""total_train_step_time"": 0.8846803451888263}",0.20903352601453662,0.02299396926537156
rollout_update,126720,2614.0133000731335,7.124280888360976,187716.4207552592,0.04896685108542442,"{""policy_inference_time"": 0.0071844859048724174, ""env_step_time"": 0.03979675378650427, ""replay_insert_time"": 0.0014708149246871471, ""logging_time"": 0.00019607925787568092, ""total_train_step_time"": 0.04896685108542442}",0.20903352601453662,0.02299396926537156
rollout_update,126848,2815.08176118419,7.122951749756069,187716.4207552592,0.04546937206760049,"{""policy_inference_time"": 0.008263451047241688, ""env_step_time"": 0.03618321055546403, ""replay_insert_time"": 0.0006348113529384136, ""logging_time"": 0.00012022489681839943, ""total_train_step_time"": 0.04546937206760049}",0.20903352601453662,0.02299396926537156
rollout_update,126976,2594.6403103775265,7.121510247940033,187716.4207552592,0.04933246411383152,"{""policy_inference_time"": 0.00862255971878767, ""env_step_time"": 0.03966809157282114, ""replay_insert_time"": 0.000635806005448103, ""logging_time"": 0.00012376578524708748, ""total_train_step_time"": 0.04933246411383152}",0.20903352601453662,0.02299396926537156
rollout_update,127104,145.08525929561256,7.1244414456409375,187682.1494795604,0.8822398679330945,"{""policy_inference_time"": 0.007359945215284824, ""env_step_time"": 0.03299979818984866, ""replay_insert_time"": 0.0006223339587450027, ""logging_time"": 0.00012060627341270447, ""total_train_step_time"": 0.8822398679330945}",0.202780457213521,0.022182907909154892
rollout_update,127232,2659.908288435266,7.123040368179405,187682.1494795604,0.048121959902346134,"{""policy_inference_time"": 0.007397530134767294, ""env_step_time"": 0.038911690935492516, ""replay_insert_time"": 0.0014094552025198936, ""logging_time"": 0.00012793298810720444, ""total_train_step_time"": 0.048121959902346134}",0.202780457213521,0.022182907909154892
rollout_update,127360,3074.4408110608415,7.1218286451224815,187682.1494795604,0.04163358733057976,"{""policy_inference_time"": 0.007531201001256704, ""env_step_time"": 0.033085593953728676, ""replay_insert_time"": 0.0006426889449357986, ""logging_time"": 0.00011852709576487541, ""total_train_step_time"": 0.04163358733057976}",0.202780457213521,0.022182907909154892
rollout_update,127488,2837.6039912822707,7.120516252445603,187682.1494795604,0.04510847898200154,"{""policy_inference_time"": 0.0071058981120586395, ""env_step_time"": 0.03698919806629419, ""replay_insert_time"": 0.0006362879648804665, ""logging_time"": 0.0001192782074213028, ""total_train_step_time"": 0.04510847898200154}",0.202780457213521,0.022182907909154892
rollout_update,127616,142.21130836026455,7.122921942248195,187587.70702854692,0.900069069582969,"{""policy_inference_time"": 0.007242504041641951, ""env_step_time"": 0.032883059699088335, ""replay_insert_time"": 0.0006146570667624474, ""logging_time"": 0.00011923583224415779, ""total_train_step_time"": 0.900069069582969}",0.20637995610013604,0.022100037895143032
rollout_update,127744,2597.446290046812,7.121493526551677,187587.70702854692,0.0492791710421443,"{""policy_inference_time"": 0.00714491680264473, ""env_step_time"": 0.04034407390281558, ""replay_insert_time"": 0.0013908674009144306, ""logging_time"": 0.00012789200991392136, ""total_train_step_time"": 0.0492791710421443}",0.20637995610013604,0.022100037895143032
rollout_update,127872,3098.5653610242216,7.120296564378591,187587.70702854692,0.04130944004282355,"{""policy_inference_time"": 0.0074556260369718075, ""env_step_time"": 0.03285185480490327, ""replay_insert_time"": 0.0006261742673814297, ""logging_time"": 0.00011910870671272278, ""total_train_step_time"": 0.04130944004282355}",0.20637995610013604,0.022100037895143032
rollout_update,128000,2724.5638542896754,7.118935783843857,187587.70702854692,0.046979996375739574,"{""policy_inference_time"": 0.007020580116659403, ""env_step_time"": 0.038949333131313324, ""replay_insert_time"": 0.0006271237507462502, ""logging_time"": 0.0001222989521920681, ""total_train_step_time"": 0.046979996375739574}",0.20637995610013604,0.022100037895143032
rollout_update,128128,150.7853042391283,7.122814669527704,187565.37835734585,0.8488890919834375,"{""policy_inference_time"": 0.007193839177489281, ""env_step_time"": 0.03343747602775693, ""replay_insert_time"": 0.0006201751530170441, ""logging_time"": 0.00011616293340921402, ""total_train_step_time"": 0.8488890919834375}",0.19729791255667806,0.021951813250780106
rollout_update,128256,2900.327045216462,7.121540530464984,187565.37835734585,0.044132953975349665,"{""policy_inference_time"": 0.007136333268135786, ""env_step_time"": 0.03516782121732831, ""replay_insert_time"": 0.0014296690933406353, ""logging_time"": 0.000127467792481184, ""total_train_step_time"": 0.044132953975349665}",0.19729791255667806,0.021951813250780106
rollout_update,128384,2691.563850690547,7.120168076718017,187565.37835734585,0.04755599610507488,"{""policy_inference_time"": 0.012845742981880903, ""env_step_time"": 0.03359592892229557, ""replay_insert_time"": 0.0007304116152226925, ""logging_time"": 0.00012237997725605965, ""total_train_step_time"": 0.04755599610507488}",0.19729791255667806,0.021951813250780106
rollout_update,128512,3115.9336790321513,7.118982967974535,187565.37835734585,0.04107917984947562,"{""policy_inference_time"": 0.007060554344207048, ""env_step_time"": 0.03304163785651326, ""replay_insert_time"": 0.0006066360510885715, ""logging_time"": 0.00011746492236852646, ""total_train_step_time"": 0.04107917984947562}",0.19729791255667806,0.021951813250780106
rollout_update,128640,151.1016744611713,7.12289743646447,187529.19246241936,0.8471117243170738,"{""policy_inference_time"": 0.006970488000661135, ""env_step_time"": 0.032903234008699656, ""replay_insert_time"": 0.0005999160930514336, ""logging_time"": 0.00011740485206246376, ""total_train_step_time"": 0.8471117243170738}",0.19689283892512321,0.03391159512102604
rollout_update,128768,2950.8571613338795,7.121650051452795,187529.19246241936,0.04337722668424249,"{""policy_inference_time"": 0.007108317222446203, ""env_step_time"": 0.03447504201903939, ""replay_insert_time"": 0.0013898927718400955, ""logging_time"": 0.00012586405500769615, ""total_train_step_time"": 0.04337722668424249}",0.19689283892512321,0.03391159512102604
rollout_update,128896,2890.0378176860518,7.1203768665716,187529.19246241936,0.04429007787257433,"{""policy_inference_time"": 0.007285872008651495, ""env_step_time"": 0.03599844500422478, ""replay_insert_time"": 0.0006304350681602955, ""logging_time"": 0.00011999299749732018, ""total_train_step_time"": 0.04429007787257433}",0.19689283892512321,0.03391159512102604
rollout_update,129024,3110.9673803056994,7.119194506457788,187529.19246241936,0.041144757997244596,"{""policy_inference_time"": 0.007139287889003754, ""env_step_time"": 0.03301008278504014, ""replay_insert_time"": 0.0006207972764968872, ""logging_time"": 0.00011971592903137207, ""total_train_step_time"": 0.041144757997244596}",0.19689283892512321,0.03391159512102604
rollout_update,129152,148.67543897559457,7.122696858224483,187511.34419257392,0.8609357462264597,"{""policy_inference_time"": 0.007010522298514843, ""env_step_time"": 0.032674073707312346, ""replay_insert_time"": 0.0006117983721196651, ""logging_time"": 0.00011780206114053726, ""total_train_step_time"": 0.8609357462264597}",0.20466412417590618,0.03145141573622823
rollout_update,129280,2951.995692768365,7.1214549517775705,187511.34419257392,0.04336049687117338,"{""policy_inference_time"": 0.007153878919780254, ""env_step_time"": 0.03446512809023261, ""replay_insert_time"": 0.0013455371372401714, ""logging_time"": 0.00012616021558642387, ""total_train_step_time"": 0.04336049687117338}",0.20466412417590618,0.03145141573622823
rollout_update,129408,3086.1831047231703,7.120267448663383,187511.34419257392,0.04147518007084727,"{""policy_inference_time"": 0.00721884798258543, ""env_step_time"": 0.03325589280575514, ""replay_insert_time"": 0.0006295982748270035, ""logging_time"": 0.00011825794354081154, ""total_train_step_time"": 0.04147518007084727}",0.20466412417590618,0.03145141573622823
rollout_update,129536,3103.2670663207136,7.119086875639144,187511.34419257392,0.041246852837502956,"{""policy_inference_time"": 0.007038827985525131, ""env_step_time"": 0.033221432007849216, ""replay_insert_time"": 0.0006159739568829536, ""logging_time"": 0.0001185382716357708, ""total_train_step_time"": 0.041246852837502956}",0.20466412417590618,0.03145141573622823
rollout_update,129664,154.31215633312937,7.1234731668443185,187527.43161181282,0.829487469047308,"{""policy_inference_time"": 0.007024174090474844, ""env_step_time"": 0.03315061191096902, ""replay_insert_time"": 0.0006056018173694611, ""logging_time"": 0.00011715386062860489, ""total_train_step_time"": 0.829487469047308}",0.1941045825369656,0.02185153402388096
rollout_update,129792,2833.031733371426,7.122183932839778,187527.43161181282,0.04518128000199795,"{""policy_inference_time"": 0.007669597864151001, ""env_step_time"": 0.03570358129218221, ""replay_insert_time"": 0.0014044968411326408, ""logging_time"": 0.00012894300743937492, ""total_train_step_time"": 0.04518128000199795}",0.1941045825369656,0.02185153402388096
rollout_update,129920,3038.4070815585947,7.120982262497599,187527.43161181282,0.0421273373067379,"{""policy_inference_time"": 0.007467508316040039, ""env_step_time"": 0.03364975517615676, ""replay_insert_time"": 0.000632869079709053, ""logging_time"": 0.00011800602078437805, ""total_train_step_time"": 0.0421273373067379}",0.1941045825369656,0.02185153402388096
rollout_update,130048,3061.4494307473883,7.119790037527845,187527.43161181282,0.04181026108562946,"{""policy_inference_time"": 0.007200377061963081, ""env_step_time"": 0.03359630424529314, ""replay_insert_time"": 0.0006412346847355366, ""logging_time"": 0.00011722743511199951, ""total_train_step_time"": 0.04181026108562946}",0.1941045825369656,0.02185153402388096
rollout_update,130176,155.21685714162194,7.124294690893576,187555.55123627803,0.8246526978909969,"{""policy_inference_time"": 0.007047212217003107, ""env_step_time"": 0.03301190119236708, ""replay_insert_time"": 0.000612364150583744, ""logging_time"": 0.00011817691847681999, ""total_train_step_time"": 0.8246526978909969}",0.19487839145585895,0.022026693914085627
rollout_update,130304,2938.516462119398,7.1230563167531145,187555.55123627803,0.043559395242482424,"{""policy_inference_time"": 0.0070938668213784695, ""env_step_time"": 0.0347188962623477, ""replay_insert_time"": 0.0013503781519830227, ""logging_time"": 0.00012430408969521523, ""total_train_step_time"": 0.043559395242482424}",0.19487839145585895,0.022026693914085627
rollout_update,130432,3089.3370166195414,7.121878799124838,187555.55123627803,0.04143283795565367,"{""policy_inference_time"": 0.007191076874732971, ""env_step_time"": 0.03327634371817112, ""replay_insert_time"": 0.0005986080504953861, ""logging_time"": 0.00011552590876817703, ""total_train_step_time"": 0.04143283795565367}",0.19487839145585895,0.022026693914085627
rollout_update,130560,3119.6884716747936,7.12071312115459,187555.55123627803,0.041029737796634436,"{""policy_inference_time"": 0.006890732329338789, ""env_step_time"": 0.03315629390999675, ""replay_insert_time"": 0.0005992529913783073, ""logging_time"": 0.00011783884838223457, ""total_train_step_time"": 0.041029737796634436}",0.19487839145585895,0.022026693914085627
rollout_update,130688,154.70573026306187,7.125120533190499,187580.76644052597,0.8273772392421961,"{""policy_inference_time"": 0.00699331471696496, ""env_step_time"": 0.03300094325095415, ""replay_insert_time"": 0.0005990117788314819, ""logging_time"": 0.00011577596887946129, ""total_train_step_time"": 0.8273772392421961}",0.19577240897342563,0.02206343598663807
rollout_update,130816,2944.9745396077183,7.123889414840452,187580.76644052597,0.04346387321129441,"{""policy_inference_time"": 0.007145043928176165, ""env_step_time"": 0.03455679025501013, ""replay_insert_time"": 0.001365759875625372, ""logging_time"": 0.00012702308595180511, ""total_train_step_time"": 0.04346387321129441}",0.19577240897342563,0.02206343598663807
rollout_update,130944,3020.5962092657473,7.12268952749053,187580.76644052597,0.04237574012950063,"{""policy_inference_time"": 0.007377399131655693, ""env_step_time"": 0.03398803388699889, ""replay_insert_time"": 0.000636679120361805, ""logging_time"": 0.00011751241981983185, ""total_train_step_time"": 0.04237574012950063}",0.19577240897342563,0.02206343598663807
rollout_update,131072,3064.0904970324145,7.121507067921211,187580.76644052597,0.04177422309294343,"{""policy_inference_time"": 0.007228536065667868, ""env_step_time"": 0.03354739723727107, ""replay_insert_time"": 0.0006255917251110077, ""logging_time"": 0.00011877808719873428, ""total_train_step_time"": 0.04177422309294343}",0.19577240897342563,0.02206343598663807
